pdf_stem,pdf_path,collection,year,month,model_tier,decade,failure_domain,failure_stage,failure_error_type,failure_detail,grid_status,grid_error_type,grid_confidence,location_status,location_error_type,location_section,location_township,location_range,county_status,county_error_type,county_name,dot_status,dot_error_type,dot_confidence,latlong_status,latlong_error_type,resolution_source,flags
01500395_MCKENNA HEIRS 1_782013,s3://osu-well-records-225989338968/pdfs/ExportedFolderContents_1/1922/10 - October/01500395_MCKENNA HEIRS 1_782013.pdf,1,1922,10 - October,early,1920s,unknown,unknown,,Unclassified failure,pending,,,pending,,,,,pending,,,pending,,,pending,,,
01535964_JOEL S ESTUS 1_782016,s3://osu-well-records-225989338968/pdfs/ExportedFolderContents_1/1922/10 - October/01535964_JOEL S ESTUS 1_782016.pdf,1,1922,10 - October,early,1920s,unknown,unknown,,Unclassified failure,pending,,,pending,,,,,pending,,,pending,,,pending,,,
01535999_COLEMAN 1_782033,s3://osu-well-records-225989338968/pdfs/ExportedFolderContents_1/1922/10 - October/01535999_COLEMAN 1_782033.pdf,1,1922,10 - October,early,1920s,unknown,unknown,,Unclassified failure,pending,,,pending,,,,,pending,,,pending,,,pending,,,
01900686_J B CHAMPION 1_516331,s3://osu-well-records-225989338968/pdfs/ExportedFolderContents_1/1922/10 - October/01900686_J B CHAMPION 1_516331.pdf,1,1922,10 - October,early,1920s,unknown,unknown,,Unclassified failure,pending,,,pending,,,,,pending,,,pending,,,pending,,,
01900691_S BAPTISTE 5_516320,s3://osu-well-records-225989338968/pdfs/ExportedFolderContents_1/1922/10 - October/01900691_S BAPTISTE 5_516320.pdf,1,1922,10 - October,early,1920s,unknown,unknown,,Unclassified failure,pending,,,pending,,,,,pending,,,pending,,,pending,,,
01908354_JACKSON 6_920117,s3://osu-well-records-225989338968/pdfs/ExportedFolderContents_1/1922/10 - October/01908354_JACKSON 6_920117.pdf,1,1922,10 - October,early,1920s,unknown,unknown,,Unclassified failure,pending,,,pending,,,,,pending,,,pending,,,pending,,,
01909213_HEFNER-MILLS 6_920042,s3://osu-well-records-225989338968/pdfs/ExportedFolderContents_1/1922/10 - October/01909213_HEFNER-MILLS 6_920042.pdf,1,1922,10 - October,early,1920s,unknown,unknown,,Unclassified failure,pending,,,pending,,,,,pending,,,pending,,,pending,,,
01909215_HEFNER-MILLS 1-DD_920094,s3://osu-well-records-225989338968/pdfs/ExportedFolderContents_1/1922/10 - October/01909215_HEFNER-MILLS 1-DD_920094.pdf,1,1922,10 - October,early,1920s,unknown,unknown,,Unclassified failure,pending,,,pending,,,,,pending,,,pending,,,pending,,,
01909541_RINGLING 4_920095,s3://osu-well-records-225989338968/pdfs/ExportedFolderContents_1/1922/10 - October/01909541_RINGLING 4_920095.pdf,1,1922,10 - October,early,1920s,unknown,unknown,,Unclassified failure,pending,,,pending,,,,,pending,,,pending,,,pending,,,
01909551_WESLEY LESTER 4_920097,s3://osu-well-records-225989338968/pdfs/ExportedFolderContents_1/1922/10 - October/01909551_WESLEY LESTER 4_920097.pdf,1,1922,10 - October,early,1920s,unknown,unknown,,Unclassified failure,pending,,,pending,,,,,pending,,,pending,,,pending,,,
01909662_JOHNSON 4_920033,s3://osu-well-records-225989338968/pdfs/ExportedFolderContents_1/1922/10 - October/01909662_JOHNSON 4_920033.pdf,1,1922,10 - October,early,1920s,unknown,unknown,,Unclassified failure,pending,,,pending,,,,,pending,,,pending,,,pending,,,
01910335_C R SMITH 4_920119,s3://osu-well-records-225989338968/pdfs/ExportedFolderContents_1/1922/10 - October/01910335_C R SMITH 4_920119.pdf,1,1922,10 - October,early,1920s,unknown,unknown,,Unclassified failure,pending,,,pending,,,,,pending,,,pending,,,pending,,,
01910335_C R SMITH 4_920121,s3://osu-well-records-225989338968/pdfs/ExportedFolderContents_1/1922/10 - October/01910335_C R SMITH 4_920121.pdf,1,1922,10 - October,early,1920s,unknown,unknown,,Unclassified failure,pending,,,pending,,,,,pending,,,pending,,,pending,,,
01911311_J H DILLARD 7_920079,s3://osu-well-records-225989338968/pdfs/ExportedFolderContents_1/1922/10 - October/01911311_J H DILLARD 7_920079.pdf,1,1922,10 - October,early,1920s,unknown,unknown,,Unclassified failure,pending,,,pending,,,,,pending,,,pending,,,pending,,,
01911370_J H DILLARD 31_920106,s3://osu-well-records-225989338968/pdfs/ExportedFolderContents_1/1922/10 - October/01911370_J H DILLARD 31_920106.pdf,1,1922,10 - October,early,1920s,unknown,unknown,,Unclassified failure,pending,,,pending,,,,,pending,,,pending,,,pending,,,
01911432_J H DILLARD 25_920047,s3://osu-well-records-225989338968/pdfs/ExportedFolderContents_1/1922/10 - October/01911432_J H DILLARD 25_920047.pdf,1,1922,10 - October,early,1920s,unknown,unknown,,Unclassified failure,pending,,,pending,,,,,pending,,,pending,,,pending,,,
01912000_HERNSTADT 5_920054,s3://osu-well-records-225989338968/pdfs/ExportedFolderContents_1/1922/10 - October/01912000_HERNSTADT 5_920054.pdf,1,1922,10 - October,early,1920s,unknown,unknown,,Unclassified failure,pending,,,pending,,,,,pending,,,pending,,,pending,,,
01912538_SAMMY BAPTISTE 9_516309,s3://osu-well-records-225989338968/pdfs/ExportedFolderContents_1/1922/10 - October/01912538_SAMMY BAPTISTE 9_516309.pdf,1,1922,10 - October,early,1920s,unknown,unknown,,Unclassified failure,pending,,,pending,,,,,pending,,,pending,,,pending,,,
01912567_MADELINE FARVE 3_516325,s3://osu-well-records-225989338968/pdfs/ExportedFolderContents_1/1922/10 - October/01912567_MADELINE FARVE 3_516325.pdf,1,1922,10 - October,early,1920s,unknown,unknown,,Unclassified failure,pending,,,pending,,,,,pending,,,pending,,,pending,,,
01914110_CARNEY 8_920039,s3://osu-well-records-225989338968/pdfs/ExportedFolderContents_1/1922/10 - October/01914110_CARNEY 8_920039.pdf,1,1922,10 - October,early,1920s,unknown,unknown,,Unclassified failure,pending,,,pending,,,,,pending,,,pending,,,pending,,,
01976036_J H BENNETT 2_920090,s3://osu-well-records-225989338968/pdfs/ExportedFolderContents_1/1922/10 - October/01976036_J H BENNETT 2_920090.pdf,1,1922,10 - October,early,1920s,unknown,unknown,,Unclassified failure,pending,,,pending,,,,,pending,,,pending,,,pending,,,
03303358_A E HARP 2_920092,s3://osu-well-records-225989338968/pdfs/ExportedFolderContents_1/1922/10 - October/03303358_A E HARP 2_920092.pdf,1,1922,10 - October,early,1920s,unknown,unknown,,Unclassified failure,pending,,,pending,,,,,pending,,,pending,,,pending,,,
03700526_HENRY KING 1_1052319,s3://osu-well-records-225989338968/pdfs/ExportedFolderContents_1/1922/10 - October/03700526_HENRY KING 1_1052319.pdf,1,1922,10 - October,early,1920s,unknown,unknown,,Unclassified failure,pending,,,pending,,,,,pending,,,pending,,,pending,,,
03700631_TOM BRUNER 1_1052095,s3://osu-well-records-225989338968/pdfs/ExportedFolderContents_1/1922/10 - October/03700631_TOM BRUNER 1_1052095.pdf,1,1922,10 - October,early,1920s,unknown,unknown,,Unclassified failure,pending,,,pending,,,,,pending,,,pending,,,pending,,,
03700632_BRUNER 2_1052235,s3://osu-well-records-225989338968/pdfs/ExportedFolderContents_1/1922/10 - October/03700632_BRUNER 2_1052235.pdf,1,1922,10 - October,early,1920s,unknown,unknown,,Unclassified failure,pending,,,pending,,,,,pending,,,pending,,,pending,,,
03701193_ORCUTT 13_1793396,s3://osu-well-records-225989338968/pdfs/ExportedFolderContents_1/1922/10 - October/03701193_ORCUTT 13_1793396.pdf,1,1922,10 - October,early,1920s,unknown,unknown,,Unclassified failure,pending,,,pending,,,,,pending,,,pending,,,pending,,,
03701742_LENA YAHOLA 1_1052233,s3://osu-well-records-225989338968/pdfs/ExportedFolderContents_1/1922/10 - October/03701742_LENA YAHOLA 1_1052233.pdf,1,1922,10 - October,early,1920s,unknown,unknown,,Unclassified failure,pending,,,pending,,,,,pending,,,pending,,,pending,,,
03702461_EXIE FIFE 7_1052062,s3://osu-well-records-225989338968/pdfs/ExportedFolderContents_1/1922/10 - October/03702461_EXIE FIFE 7_1052062.pdf,1,1922,10 - October,early,1920s,unknown,unknown,,Unclassified failure,pending,,,pending,,,,,pending,,,pending,,,pending,,,
03702462_EXIE FIFE 8_1052218,s3://osu-well-records-225989338968/pdfs/ExportedFolderContents_1/1922/10 - October/03702462_EXIE FIFE 8_1052218.pdf,1,1922,10 - October,early,1920s,unknown,unknown,,Unclassified failure,pending,,,pending,,,,,pending,,,pending,,,pending,,,
03702465_EXIE FIFE 12_1052313,s3://osu-well-records-225989338968/pdfs/ExportedFolderContents_1/1922/10 - October/03702465_EXIE FIFE 12_1052313.pdf,1,1922,10 - October,early,1920s,unknown,unknown,,Unclassified failure,pending,,,pending,,,,,pending,,,pending,,,pending,,,
03702764_TAYLOR BEAR 5_1052049,s3://osu-well-records-225989338968/pdfs/ExportedFolderContents_1/1922/10 - October/03702764_TAYLOR BEAR 5_1052049.pdf,1,1922,10 - October,early,1920s,unknown,unknown,,Unclassified failure,pending,,,pending,,,,,pending,,,pending,,,pending,,,
03703051_ELIZABETH WATSON B 4_1052276,s3://osu-well-records-225989338968/pdfs/ExportedFolderContents_1/1922/10 - October/03703051_ELIZABETH WATSON B 4_1052276.pdf,1,1922,10 - October,early,1920s,unknown,unknown,,Unclassified failure,pending,,,pending,,,,,pending,,,pending,,,pending,,,
03703095_A SULPHUR 4_1052022,s3://osu-well-records-225989338968/pdfs/ExportedFolderContents_1/1922/10 - October/03703095_A SULPHUR 4_1052022.pdf,1,1922,10 - October,early,1920s,unknown,unknown,,Unclassified failure,pending,,,pending,,,,,pending,,,pending,,,pending,,,
03703803_A STARR 1_1052078,s3://osu-well-records-225989338968/pdfs/ExportedFolderContents_1/1922/10 - October/03703803_A STARR 1_1052078.pdf,1,1922,10 - October,early,1920s,unknown,unknown,,Unclassified failure,pending,,,pending,,,,,pending,,,pending,,,pending,,,
03703926_BRUNER 1_1052150,s3://osu-well-records-225989338968/pdfs/ExportedFolderContents_1/1922/10 - October/03703926_BRUNER 1_1052150.pdf,1,1922,10 - October,early,1920s,unknown,unknown,,Unclassified failure,pending,,,pending,,,,,pending,,,pending,,,pending,,,
03704182_TAYLOR HAWKINS 1_1052094,s3://osu-well-records-225989338968/pdfs/ExportedFolderContents_1/1922/10 - October/03704182_TAYLOR HAWKINS 1_1052094.pdf,1,1922,10 - October,early,1920s,unknown,unknown,,Unclassified failure,pending,,,pending,,,,,pending,,,pending,,,pending,,,
03704191_PORTER TIGER 1_51011902,s3://osu-well-records-225989338968/pdfs/ExportedFolderContents_1/1922/10 - October/03704191_PORTER TIGER 1_51011902.pdf,1,1922,10 - October,early,1920s,unknown,unknown,,Unclassified failure,pending,,,pending,,,,,pending,,,pending,,,pending,,,
03704214_HAGER JACKSON 1_1052082,s3://osu-well-records-225989338968/pdfs/ExportedFolderContents_1/1922/10 - October/03704214_HAGER JACKSON 1_1052082.pdf,1,1922,10 - October,early,1920s,unknown,unknown,,Unclassified failure,pending,,,pending,,,,,pending,,,pending,,,pending,,,
03704842_EMMA ROGERS 4_1052041,s3://osu-well-records-225989338968/pdfs/ExportedFolderContents_1/1922/10 - October/03704842_EMMA ROGERS 4_1052041.pdf,1,1922,10 - October,early,1920s,unknown,unknown,,Unclassified failure,pending,,,pending,,,,,pending,,,pending,,,pending,,,
03705313_GOODEN 2_1052080,s3://osu-well-records-225989338968/pdfs/ExportedFolderContents_1/1922/10 - October/03705313_GOODEN 2_1052080.pdf,1,1922,10 - October,early,1920s,unknown,unknown,,Unclassified failure,pending,,,pending,,,,,pending,,,pending,,,pending,,,
03705313_GOODEN 2_1052081,s3://osu-well-records-225989338968/pdfs/ExportedFolderContents_1/1922/10 - October/03705313_GOODEN 2_1052081.pdf,1,1922,10 - October,early,1920s,unknown,unknown,,Unclassified failure,pending,,,pending,,,,,pending,,,pending,,,pending,,,
03706722_UNALOTTED 6_1052249,s3://osu-well-records-225989338968/pdfs/ExportedFolderContents_1/1922/10 - October/03706722_UNALOTTED 6_1052249.pdf,1,1922,10 - October,early,1920s,unknown,unknown,,Unclassified failure,pending,,,pending,,,,,pending,,,pending,,,pending,,,
03706734_ABRAHAM 3_1052107,s3://osu-well-records-225989338968/pdfs/ExportedFolderContents_1/1922/10 - October/03706734_ABRAHAM 3_1052107.pdf,1,1922,10 - October,early,1920s,unknown,unknown,,Unclassified failure,pending,,,pending,,,,,pending,,,pending,,,pending,,,
03706735_ABRAHAM 2_1052106,s3://osu-well-records-225989338968/pdfs/ExportedFolderContents_1/1922/10 - October/03706735_ABRAHAM 2_1052106.pdf,1,1922,10 - October,early,1920s,unknown,unknown,,Unclassified failure,pending,,,pending,,,,,pending,,,pending,,,pending,,,
03706883_RUTHIE PONDS A-1_1052317,s3://osu-well-records-225989338968/pdfs/ExportedFolderContents_1/1922/10 - October/03706883_RUTHIE PONDS A-1_1052317.pdf,1,1922,10 - October,early,1920s,unknown,unknown,,Unclassified failure,pending,,,pending,,,,,pending,,,pending,,,pending,,,
03706912_No Data_1052298,s3://osu-well-records-225989338968/pdfs/ExportedFolderContents_1/1922/10 - October/03706912_No Data_1052298.pdf,1,1922,10 - October,early,1920s,unknown,unknown,,Unclassified failure,pending,,,pending,,,,,pending,,,pending,,,pending,,,
03707093_B DURANT 1_1052284,s3://osu-well-records-225989338968/pdfs/ExportedFolderContents_1/1922/10 - October/03707093_B DURANT 1_1052284.pdf,1,1922,10 - October,early,1920s,unknown,unknown,,Unclassified failure,pending,,,pending,,,,,pending,,,pending,,,pending,,,
03707093_B DURANT 1_1052293,s3://osu-well-records-225989338968/pdfs/ExportedFolderContents_1/1922/10 - October/03707093_B DURANT 1_1052293.pdf,1,1922,10 - October,early,1920s,unknown,unknown,,Unclassified failure,pending,,,pending,,,,,pending,,,pending,,,pending,,,
03707296_IRELAN 1_1052253,s3://osu-well-records-225989338968/pdfs/ExportedFolderContents_1/1922/10 - October/03707296_IRELAN 1_1052253.pdf,1,1922,10 - October,early,1920s,unknown,unknown,,Unclassified failure,pending,,,pending,,,,,pending,,,pending,,,pending,,,
03707312_TAYLOR 2_1052258,s3://osu-well-records-225989338968/pdfs/ExportedFolderContents_1/1922/10 - October/03707312_TAYLOR 2_1052258.pdf,1,1922,10 - October,early,1920s,unknown,unknown,,Unclassified failure,pending,,,pending,,,,,pending,,,pending,,,pending,,,
03707639_No Data_1052215,s3://osu-well-records-225989338968/pdfs/ExportedFolderContents_1/1922/10 - October/03707639_No Data_1052215.pdf,1,1922,10 - October,early,1920s,unknown,unknown,,Unclassified failure,pending,,,pending,,,,,pending,,,pending,,,pending,,,
03710108_M JACKSON 3_1052177,s3://osu-well-records-225989338968/pdfs/ExportedFolderContents_1/1922/10 - October/03710108_M JACKSON 3_1052177.pdf,1,1922,10 - October,early,1920s,unknown,unknown,,Unclassified failure,pending,,,pending,,,,,pending,,,pending,,,pending,,,
03711391_A D JONES 2_1052057,s3://osu-well-records-225989338968/pdfs/ExportedFolderContents_1/1922/10 - October/03711391_A D JONES 2_1052057.pdf,1,1922,10 - October,early,1920s,unknown,unknown,,Unclassified failure,pending,,,pending,,,,,pending,,,pending,,,pending,,,
03715512_M E DREW 1_1052195,s3://osu-well-records-225989338968/pdfs/ExportedFolderContents_1/1922/10 - October/03715512_M E DREW 1_1052195.pdf,1,1922,10 - October,early,1920s,unknown,unknown,,Unclassified failure,pending,,,pending,,,,,pending,,,pending,,,pending,,,
03717042_EXIE FIFE 4_1052046,s3://osu-well-records-225989338968/pdfs/ExportedFolderContents_1/1922/10 - October/03717042_EXIE FIFE 4_1052046.pdf,1,1922,10 - October,early,1920s,unknown,unknown,,Unclassified failure,pending,,,pending,,,,,pending,,,pending,,,pending,,,
04700484_TRAMMELL 1_1254924,s3://osu-well-records-225989338968/pdfs/ExportedFolderContents_1/1922/10 - October/04700484_TRAMMELL 1_1254924.pdf,1,1922,10 - October,early,1920s,unknown,unknown,,Unclassified failure,pending,,,pending,,,,,pending,,,pending,,,pending,,,
04700509_DEVORE 1_1539049,s3://osu-well-records-225989338968/pdfs/ExportedFolderContents_1/1922/10 - October/04700509_DEVORE 1_1539049.pdf,1,1922,10 - October,early,1920s,unknown,unknown,,Unclassified failure,pending,,,pending,,,,,pending,,,pending,,,pending,,,
04700578_REIGER 1_1539070,s3://osu-well-records-225989338968/pdfs/ExportedFolderContents_1/1922/10 - October/04700578_REIGER 1_1539070.pdf,1,1922,10 - October,early,1920s,unknown,unknown,,Unclassified failure,pending,,,pending,,,,,pending,,,pending,,,pending,,,
04702091_LAURA CREWS NORTH 7_1539071,s3://osu-well-records-225989338968/pdfs/ExportedFolderContents_1/1922/10 - October/04702091_LAURA CREWS NORTH 7_1539071.pdf,1,1922,10 - October,early,1920s,unknown,unknown,,Unclassified failure,pending,,,pending,,,,,pending,,,pending,,,pending,,,
04702219_L E CREWS 4_1539042,s3://osu-well-records-225989338968/pdfs/ExportedFolderContents_1/1922/10 - October/04702219_L E CREWS 4_1539042.pdf,1,1922,10 - October,early,1920s,unknown,unknown,,Unclassified failure,pending,,,pending,,,,,pending,,,pending,,,pending,,,
04702306_LYNDS 2_1539041,s3://osu-well-records-225989338968/pdfs/ExportedFolderContents_1/1922/10 - October/04702306_LYNDS 2_1539041.pdf,1,1922,10 - October,early,1920s,unknown,unknown,,Unclassified failure,pending,,,pending,,,,,pending,,,pending,,,pending,,,
04702457_CAMPBELL 9_1539047,s3://osu-well-records-225989338968/pdfs/ExportedFolderContents_1/1922/10 - October/04702457_CAMPBELL 9_1539047.pdf,1,1922,10 - October,early,1920s,unknown,unknown,,Unclassified failure,pending,,,pending,,,,,pending,,,pending,,,pending,,,
04703015_W C HEIM 6_1539069,s3://osu-well-records-225989338968/pdfs/ExportedFolderContents_1/1922/10 - October/04703015_W C HEIM 6_1539069.pdf,1,1922,10 - October,early,1920s,unknown,unknown,,Unclassified failure,pending,,,pending,,,,,pending,,,pending,,,pending,,,
04703022_HEIM 5_1539045,s3://osu-well-records-225989338968/pdfs/ExportedFolderContents_1/1922/10 - October/04703022_HEIM 5_1539045.pdf,1,1922,10 - October,early,1920s,unknown,unknown,,Unclassified failure,pending,,,pending,,,,,pending,,,pending,,,pending,,,
04703074_BARNES 6_1539063,s3://osu-well-records-225989338968/pdfs/ExportedFolderContents_1/1922/10 - October/04703074_BARNES 6_1539063.pdf,1,1922,10 - October,early,1920s,unknown,unknown,,Unclassified failure,pending,,,pending,,,,,pending,,,pending,,,pending,,,
04703080_REIGER 1_1539077,s3://osu-well-records-225989338968/pdfs/ExportedFolderContents_1/1922/10 - October/04703080_REIGER 1_1539077.pdf,1,1922,10 - October,early,1920s,unknown,unknown,,Unclassified failure,pending,,,pending,,,,,pending,,,pending,,,pending,,,
04708191_L E CREWS 6-C_4070301,s3://osu-well-records-225989338968/pdfs/ExportedFolderContents_1/1922/10 - October/04708191_L E CREWS 6-C_4070301.pdf,1,1922,10 - October,early,1920s,unknown,unknown,,Unclassified failure,pending,,,pending,,,,,pending,,,pending,,,pending,,,
04900745_GEO. 1_782031,s3://osu-well-records-225989338968/pdfs/ExportedFolderContents_1/1922/10 - October/04900745_GEO. 1_782031.pdf,1,1922,10 - October,early,1920s,unknown,unknown,,Unclassified failure,pending,,,pending,,,,,pending,,,pending,,,pending,,,
04901064_R NEWBERRY 1_782042,s3://osu-well-records-225989338968/pdfs/ExportedFolderContents_1/1922/10 - October/04901064_R NEWBERRY 1_782042.pdf,1,1922,10 - October,early,1920s,unknown,unknown,,Unclassified failure,pending,,,pending,,,,,pending,,,pending,,,pending,,,
04901168_HARKREADER 4_782030,s3://osu-well-records-225989338968/pdfs/ExportedFolderContents_1/1922/10 - October/04901168_HARKREADER 4_782030.pdf,1,1922,10 - October,early,1920s,unknown,unknown,,Unclassified failure,pending,,,pending,,,,,pending,,,pending,,,pending,,,
04935547_NEWBERRY 2_782015,s3://osu-well-records-225989338968/pdfs/ExportedFolderContents_1/1922/10 - October/04935547_NEWBERRY 2_782015.pdf,1,1922,10 - October,early,1920s,unknown,unknown,,Unclassified failure,pending,,,pending,,,,,pending,,,pending,,,pending,,,
04935556_WILLIE NEWBERRY 3_782035,s3://osu-well-records-225989338968/pdfs/ExportedFolderContents_1/1922/10 - October/04935556_WILLIE NEWBERRY 3_782035.pdf,1,1922,10 - October,early,1920s,unknown,unknown,,Unclassified failure,pending,,,pending,,,,,pending,,,pending,,,pending,,,
04935655_ADA SELBY 1_782023,s3://osu-well-records-225989338968/pdfs/ExportedFolderContents_1/1922/10 - October/04935655_ADA SELBY 1_782023.pdf,1,1922,10 - October,early,1920s,unknown,unknown,,Unclassified failure,pending,,,pending,,,,,pending,,,pending,,,pending,,,
04937351_HECTOR DERDEYN 3_782041,s3://osu-well-records-225989338968/pdfs/ExportedFolderContents_1/1922/10 - October/04937351_HECTOR DERDEYN 3_782041.pdf,1,1922,10 - October,early,1920s,unknown,unknown,,Unclassified failure,pending,,,pending,,,,,pending,,,pending,,,pending,,,
05100559_FARWELL 1_782036,s3://osu-well-records-225989338968/pdfs/ExportedFolderContents_1/1922/10 - October/05100559_FARWELL 1_782036.pdf,1,1922,10 - October,early,1920s,unknown,unknown,,Unclassified failure,pending,,,pending,,,,,pending,,,pending,,,pending,,,
05136653_H E SMITH 1_782043,s3://osu-well-records-225989338968/pdfs/ExportedFolderContents_1/1922/10 - October/05136653_H E SMITH 1_782043.pdf,1,1922,10 - October,early,1920s,unknown,unknown,,Unclassified failure,pending,,,pending,,,,,pending,,,pending,,,pending,,,
05136765_FLOYD MCCAUGHTRY 1_782020,s3://osu-well-records-225989338968/pdfs/ExportedFolderContents_1/1922/10 - October/05136765_FLOYD MCCAUGHTRY 1_782020.pdf,1,1922,10 - October,early,1920s,unknown,unknown,,Unclassified failure,pending,,,pending,,,,,pending,,,pending,,,pending,,,
05300311_HOLTZCLAW 1_1539073,s3://osu-well-records-225989338968/pdfs/ExportedFolderContents_1/1922/10 - October/05300311_HOLTZCLAW 1_1539073.pdf,1,1922,10 - October,early,1920s,unknown,unknown,,Unclassified failure,pending,,,pending,,,,,pending,,,pending,,,pending,,,
06304054_MARTHA GREGORY B 1_588806,s3://osu-well-records-225989338968/pdfs/ExportedFolderContents_1/1922/10 - October/06304054_MARTHA GREGORY B 1_588806.pdf,1,1922,10 - October,early,1920s,unknown,unknown,,Unclassified failure,pending,,,pending,,,,,pending,,,pending,,,pending,,,
06702100_WARD 5_920040,s3://osu-well-records-225989338968/pdfs/ExportedFolderContents_1/1922/10 - October/06702100_WARD 5_920040.pdf,1,1922,10 - October,early,1920s,unknown,unknown,,Unclassified failure,pending,,,pending,,,,,pending,,,pending,,,pending,,,
07102882_ANNIS 1_1413927,s3://osu-well-records-225989338968/pdfs/ExportedFolderContents_1/1922/10 - October/07102882_ANNIS 1_1413927.pdf,1,1922,10 - October,early,1920s,unknown,unknown,,Unclassified failure,pending,,,pending,,,,,pending,,,pending,,,pending,,,
07102983_No Data_1413948,s3://osu-well-records-225989338968/pdfs/ExportedFolderContents_1/1922/10 - October/07102983_No Data_1413948.pdf,1,1922,10 - October,early,1920s,unknown,unknown,,Unclassified failure,pending,,,pending,,,,,pending,,,pending,,,pending,,,
07103473_LONG 3_1413921,s3://osu-well-records-225989338968/pdfs/ExportedFolderContents_1/1922/10 - October/07103473_LONG 3_1413921.pdf,1,1922,10 - October,early,1920s,unknown,unknown,,Unclassified failure,pending,,,pending,,,,,pending,,,pending,,,pending,,,
07103685_BEAVER 11_1413919,s3://osu-well-records-225989338968/pdfs/ExportedFolderContents_1/1922/10 - October/07103685_BEAVER 11_1413919.pdf,1,1922,10 - October,early,1920s,unknown,unknown,,Unclassified failure,pending,,,pending,,,,,pending,,,pending,,,pending,,,
07104211_L ENDICOTT 1 1_2_1539044,s3://osu-well-records-225989338968/pdfs/ExportedFolderContents_1/1922/10 - October/07104211_L ENDICOTT 1 1_2_1539044.pdf,1,1922,10 - October,early,1920s,unknown,unknown,,Unclassified failure,pending,,,pending,,,,,pending,,,pending,,,pending,,,
07104588_LEWIS 2_1539061,s3://osu-well-records-225989338968/pdfs/ExportedFolderContents_1/1922/10 - October/07104588_LEWIS 2_1539061.pdf,1,1922,10 - October,early,1920s,unknown,unknown,,Unclassified failure,pending,,,pending,,,,,pending,,,pending,,,pending,,,
07104592_SODOWSKY 2_1539040,s3://osu-well-records-225989338968/pdfs/ExportedFolderContents_1/1922/10 - October/07104592_SODOWSKY 2_1539040.pdf,1,1922,10 - October,early,1920s,unknown,unknown,,Unclassified failure,pending,,,pending,,,,,pending,,,pending,,,pending,,,
07104601_GILLESPIE 1_1539074,s3://osu-well-records-225989338968/pdfs/ExportedFolderContents_1/1922/10 - October/07104601_GILLESPIE 1_1539074.pdf,1,1922,10 - October,early,1920s,unknown,unknown,,Unclassified failure,pending,,,pending,,,,,pending,,,pending,,,pending,,,
07900088_LITTMAN 26_1017379,s3://osu-well-records-225989338968/pdfs/ExportedFolderContents_1/1922/10 - October/07900088_LITTMAN 26_1017379.pdf,1,1922,10 - October,early,1920s,unknown,unknown,,Unclassified failure,pending,,,pending,,,,,pending,,,pending,,,pending,,,
07900088_LITTMAN 26_555825,s3://osu-well-records-225989338968/pdfs/ExportedFolderContents_1/1922/10 - October/07900088_LITTMAN 26_555825.pdf,1,1922,10 - October,early,1920s,unknown,unknown,,Unclassified failure,pending,,,pending,,,,,pending,,,pending,,,pending,,,
08500150_WILSON 1_516306,s3://osu-well-records-225989338968/pdfs/ExportedFolderContents_1/1922/10 - October/08500150_WILSON 1_516306.pdf,1,1922,10 - October,early,1920s,unknown,unknown,,Unclassified failure,pending,,,pending,,,,,pending,,,pending,,,pending,,,
09100924_BARNWELL 1_1052007,s3://osu-well-records-225989338968/pdfs/ExportedFolderContents_1/1922/10 - October/09100924_BARNWELL 1_1052007.pdf,1,1922,10 - October,early,1920s,unknown,unknown,,Unclassified failure,pending,,,pending,,,,,pending,,,pending,,,pending,,,
09101022_PIERCE 1_1364210,s3://osu-well-records-225989338968/pdfs/ExportedFolderContents_1/1922/10 - October/09101022_PIERCE 1_1364210.pdf,1,1922,10 - October,early,1920s,unknown,unknown,,Unclassified failure,pending,,,pending,,,,,pending,,,pending,,,pending,,,
10101889_ROSA A BUXTON 1_1364198,s3://osu-well-records-225989338968/pdfs/ExportedFolderContents_1/1922/10 - October/10101889_ROSA A BUXTON 1_1364198.pdf,1,1922,10 - October,early,1920s,unknown,unknown,,Unclassified failure,pending,,,pending,,,,,pending,,,pending,,,pending,,,
10102323_HANNAH BROWN 3_1364209,s3://osu-well-records-225989338968/pdfs/ExportedFolderContents_1/1922/10 - October/10102323_HANNAH BROWN 3_1364209.pdf,1,1922,10 - October,early,1920s,unknown,unknown,,Unclassified failure,pending,,,pending,,,,,pending,,,pending,,,pending,,,
10303103_RUZEK 4_1539046,s3://osu-well-records-225989338968/pdfs/ExportedFolderContents_1/1922/10 - October/10303103_RUZEK 4_1539046.pdf,1,1922,10 - October,early,1920s,unknown,unknown,,Unclassified failure,pending,,,pending,,,,,pending,,,pending,,,pending,,,
10303103_RUZEK 4_50971344,s3://osu-well-records-225989338968/pdfs/ExportedFolderContents_1/1922/10 - October/10303103_RUZEK 4_50971344.pdf,1,1922,10 - October,early,1920s,unknown,unknown,,Unclassified failure,pending,,,pending,,,,,pending,,,pending,,,pending,,,
10303103_RUZEK 4_50980044,s3://osu-well-records-225989338968/pdfs/ExportedFolderContents_1/1922/10 - October/10303103_RUZEK 4_50980044.pdf,1,1922,10 - October,early,1920s,unknown,unknown,,Unclassified failure,pending,,,pending,,,,,pending,,,pending,,,pending,,,
10303124_J CARMICHAEL 2_1539072,s3://osu-well-records-225989338968/pdfs/ExportedFolderContents_1/1922/10 - October/10303124_J CARMICHAEL 2_1539072.pdf,1,1922,10 - October,early,1920s,unknown,unknown,,Unclassified failure,pending,,,pending,,,,,pending,,,pending,,,pending,,,
10303124_J CARMICHAEL 2_50980595,s3://osu-well-records-225989338968/pdfs/ExportedFolderContents_1/1922/10 - October/10303124_J CARMICHAEL 2_50980595.pdf,1,1922,10 - October,early,1920s,unknown,unknown,,Unclassified failure,pending,,,pending,,,,,pending,,,pending,,,pending,,,
10303128_J CARMICHAEL 3_1539043,s3://osu-well-records-225989338968/pdfs/ExportedFolderContents_1/1922/10 - October/10303128_J CARMICHAEL 3_1539043.pdf,1,1922,10 - October,early,1920s,unknown,unknown,,Unclassified failure,pending,,,pending,,,,,pending,,,pending,,,pending,,,
10303128_J CARMICHAEL 3_50980933,s3://osu-well-records-225989338968/pdfs/ExportedFolderContents_1/1922/10 - October/10303128_J CARMICHAEL 3_50980933.pdf,1,1922,10 - October,early,1920s,unknown,unknown,,Unclassified failure,pending,,,pending,,,,,pending,,,pending,,,pending,,,
OSAGE_OSAGE_2288040,s3://osu-well-records-225989338968/pdfs/ExportedFolderContents_1/1922/10 - October/OSAGE_OSAGE_2288040.pdf,1,1922,10 - October,early,1920s,unknown,unknown,,Unclassified failure,done,,99,done,,23,49,,done,,Osage County,done,,99,skipped,,,
00000000_No Data_1052514,s3://osu-well-records-225989338968/pdfs/ExportedFolderContents_1/1922/11 - November/00000000_No Data_1052514.pdf,1,1922,11 - November,early,1920s,unknown,unknown,,Unclassified failure,pending,,,pending,,,,,pending,,,pending,,,pending,,,
00000000_No Data_1052572,s3://osu-well-records-225989338968/pdfs/ExportedFolderContents_1/1922/11 - November/00000000_No Data_1052572.pdf,1,1922,11 - November,early,1920s,unknown,unknown,,Unclassified failure,pending,,,pending,,,,,pending,,,pending,,,pending,,,
00000000_No Data_1052584,s3://osu-well-records-225989338968/pdfs/ExportedFolderContents_1/1922/11 - November/00000000_No Data_1052584.pdf,1,1922,11 - November,early,1920s,unknown,unknown,,Unclassified failure,pending,,,pending,,,,,pending,,,pending,,,pending,,,
00000000_No Data_1413990,s3://osu-well-records-225989338968/pdfs/ExportedFolderContents_1/1922/11 - November/00000000_No Data_1413990.pdf,1,1922,11 - November,early,1920s,unknown,unknown,,Unclassified failure,pending,,,pending,,,,,pending,,,pending,,,pending,,,
00000000_No Data_1413998,s3://osu-well-records-225989338968/pdfs/ExportedFolderContents_1/1922/11 - November/00000000_No Data_1413998.pdf,1,1922,11 - November,early,1920s,unknown,unknown,,Unclassified failure,pending,,,pending,,,,,pending,,,pending,,,pending,,,
00000000_No Data_1414084,s3://osu-well-records-225989338968/pdfs/ExportedFolderContents_1/1922/11 - November/00000000_No Data_1414084.pdf,1,1922,11 - November,early,1920s,unknown,unknown,,Unclassified failure,pending,,,pending,,,,,pending,,,pending,,,pending,,,
00000000_No Data_1618122,s3://osu-well-records-225989338968/pdfs/ExportedFolderContents_1/1922/11 - November/00000000_No Data_1618122.pdf,1,1922,11 - November,early,1920s,unknown,unknown,,Unclassified failure,pending,,,pending,,,,,pending,,,pending,,,pending,,,
00000000_No Data_1618136,s3://osu-well-records-225989338968/pdfs/ExportedFolderContents_1/1922/11 - November/00000000_No Data_1618136.pdf,1,1922,11 - November,early,1920s,unknown,unknown,,Unclassified failure,pending,,,pending,,,,,pending,,,pending,,,pending,,,
01500388_BELL 1_782054,s3://osu-well-records-225989338968/pdfs/ExportedFolderContents_1/1922/11 - November/01500388_BELL 1_782054.pdf,1,1922,11 - November,early,1920s,unknown,unknown,,Unclassified failure,pending,,,pending,,,,,pending,,,pending,,,pending,,,
01536708_KLA-DA-ING 1_782047,s3://osu-well-records-225989338968/pdfs/ExportedFolderContents_1/1922/11 - November/01536708_KLA-DA-ING 1_782047.pdf,1,1922,11 - November,early,1920s,unknown,unknown,,Unclassified failure,pending,,,pending,,,,,pending,,,pending,,,pending,,,
01536948_C W DUNCAN 1_782066,s3://osu-well-records-225989338968/pdfs/ExportedFolderContents_1/1922/11 - November/01536948_C W DUNCAN 1_782066.pdf,1,1922,11 - November,early,1920s,unknown,unknown,,Unclassified failure,pending,,,pending,,,,,pending,,,pending,,,pending,,,
01900655_WESTHEIMER C 1_920153,s3://osu-well-records-225989338968/pdfs/ExportedFolderContents_1/1922/11 - November/01900655_WESTHEIMER C 1_920153.pdf,1,1922,11 - November,early,1920s,unknown,unknown,,Unclassified failure,pending,,,pending,,,,,pending,,,pending,,,pending,,,
01900683_JAMES GARDNER 1_516342,s3://osu-well-records-225989338968/pdfs/ExportedFolderContents_1/1922/11 - November/01900683_JAMES GARDNER 1_516342.pdf,1,1922,11 - November,early,1920s,unknown,unknown,,Unclassified failure,pending,,,pending,,,,,pending,,,pending,,,pending,,,
01900694_M FARVE 4_516368,s3://osu-well-records-225989338968/pdfs/ExportedFolderContents_1/1922/11 - November/01900694_M FARVE 4_516368.pdf,1,1922,11 - November,early,1920s,unknown,unknown,,Unclassified failure,pending,,,pending,,,,,pending,,,pending,,,pending,,,
01900755_EVERETT NOBLE 10_920218,s3://osu-well-records-225989338968/pdfs/ExportedFolderContents_1/1922/11 - November/01900755_EVERETT NOBLE 10_920218.pdf,1,1922,11 - November,early,1920s,unknown,unknown,,Unclassified failure,pending,,,pending,,,,,pending,,,pending,,,pending,,,
01908279_R WESLEY 24_920221,s3://osu-well-records-225989338968/pdfs/ExportedFolderContents_1/1922/11 - November/01908279_R WESLEY 24_920221.pdf,1,1922,11 - November,early,1920s,unknown,unknown,,Unclassified failure,pending,,,pending,,,,,pending,,,pending,,,pending,,,
01909022_J H DILLARD 48_920181,s3://osu-well-records-225989338968/pdfs/ExportedFolderContents_1/1922/11 - November/01909022_J H DILLARD 48_920181.pdf,1,1922,11 - November,early,1920s,unknown,unknown,,Unclassified failure,pending,,,pending,,,,,pending,,,pending,,,pending,,,
01910123_JULIA A MORRIS 1_920137,s3://osu-well-records-225989338968/pdfs/ExportedFolderContents_1/1922/11 - November/01910123_JULIA A MORRIS 1_920137.pdf,1,1922,11 - November,early,1920s,unknown,unknown,,Unclassified failure,pending,,,pending,,,,,pending,,,pending,,,pending,,,
01911375_J H DILLARD 39_920175,s3://osu-well-records-225989338968/pdfs/ExportedFolderContents_1/1922/11 - November/01911375_J H DILLARD 39_920175.pdf,1,1922,11 - November,early,1920s,unknown,unknown,,Unclassified failure,pending,,,pending,,,,,pending,,,pending,,,pending,,,
01911449_R A HEFNER 8_920124,s3://osu-well-records-225989338968/pdfs/ExportedFolderContents_1/1922/11 - November/01911449_R A HEFNER 8_920124.pdf,1,1922,11 - November,early,1920s,unknown,unknown,,Unclassified failure,pending,,,pending,,,,,pending,,,pending,,,pending,,,
01911657_E E NOBLE 20_920128,s3://osu-well-records-225989338968/pdfs/ExportedFolderContents_1/1922/11 - November/01911657_E E NOBLE 20_920128.pdf,1,1922,11 - November,early,1920s,unknown,unknown,,Unclassified failure,pending,,,pending,,,,,pending,,,pending,,,pending,,,
01911852_WESTHEIMER A 8_920195,s3://osu-well-records-225989338968/pdfs/ExportedFolderContents_1/1922/11 - November/01911852_WESTHEIMER A 8_920195.pdf,1,1922,11 - November,early,1920s,unknown,unknown,,Unclassified failure,pending,,,pending,,,,,pending,,,pending,,,pending,,,
01911864_A E DENNY B10_920164,s3://osu-well-records-225989338968/pdfs/ExportedFolderContents_1/1922/11 - November/01911864_A E DENNY B10_920164.pdf,1,1922,11 - November,early,1920s,unknown,unknown,,Unclassified failure,pending,,,pending,,,,,pending,,,pending,,,pending,,,
01911869A_WEST B-3_920217,s3://osu-well-records-225989338968/pdfs/ExportedFolderContents_1/1922/11 - November/01911869A_WEST B-3_920217.pdf,1,1922,11 - November,early,1920s,unknown,unknown,,Unclassified failure,pending,,,pending,,,,,pending,,,pending,,,pending,,,
01911869_WESTHEIMER B 3_920214,s3://osu-well-records-225989338968/pdfs/ExportedFolderContents_1/1922/11 - November/01911869_WESTHEIMER B 3_920214.pdf,1,1922,11 - November,early,1920s,unknown,unknown,,Unclassified failure,pending,,,pending,,,,,pending,,,pending,,,pending,,,
01912111_JOHNSON 3_920132,s3://osu-well-records-225989338968/pdfs/ExportedFolderContents_1/1922/11 - November/01912111_JOHNSON 3_920132.pdf,1,1922,11 - November,early,1920s,unknown,unknown,,Unclassified failure,pending,,,pending,,,,,pending,,,pending,,,pending,,,
01912539_SAMMY BAPTISTE 11_516375,s3://osu-well-records-225989338968/pdfs/ExportedFolderContents_1/1922/11 - November/01912539_SAMMY BAPTISTE 11_516375.pdf,1,1922,11 - November,early,1920s,unknown,unknown,,Unclassified failure,pending,,,pending,,,,,pending,,,pending,,,pending,,,
01913598_MORRIS LESTER 1_920188,s3://osu-well-records-225989338968/pdfs/ExportedFolderContents_1/1922/11 - November/01913598_MORRIS LESTER 1_920188.pdf,1,1922,11 - November,early,1920s,unknown,unknown,,Unclassified failure,pending,,,pending,,,,,pending,,,pending,,,pending,,,
01913598_MORRIS LUSTER 1_920184,s3://osu-well-records-225989338968/pdfs/ExportedFolderContents_1/1922/11 - November/01913598_MORRIS LUSTER 1_920184.pdf,1,1922,11 - November,early,1920s,unknown,unknown,,Unclassified failure,pending,,,pending,,,,,pending,,,pending,,,pending,,,
01913725_ELIZABETH AMBRISTER 3_920156,s3://osu-well-records-225989338968/pdfs/ExportedFolderContents_1/1922/11 - November/01913725_ELIZABETH AMBRISTER 3_920156.pdf,1,1922,11 - November,early,1920s,unknown,unknown,,Unclassified failure,pending,,,pending,,,,,pending,,,pending,,,pending,,,
01930408_HIGGINS 1_920139,s3://osu-well-records-225989338968/pdfs/ExportedFolderContents_1/1922/11 - November/01930408_HIGGINS 1_920139.pdf,1,1922,11 - November,early,1920s,unknown,unknown,,Unclassified failure,pending,,,pending,,,,,pending,,,pending,,,pending,,,
03303357_HARP 1_920145,s3://osu-well-records-225989338968/pdfs/ExportedFolderContents_1/1922/11 - November/03303357_HARP 1_920145.pdf,1,1922,11 - November,early,1920s,unknown,unknown,,Unclassified failure,pending,,,pending,,,,,pending,,,pending,,,pending,,,
03700581_B ARBUCKLE 1_1052429,s3://osu-well-records-225989338968/pdfs/ExportedFolderContents_1/1922/11 - November/03700581_B ARBUCKLE 1_1052429.pdf,1,1922,11 - November,early,1920s,unknown,unknown,,Unclassified failure,pending,,,pending,,,,,pending,,,pending,,,pending,,,
03702279_C BEAR 7_1052494,s3://osu-well-records-225989338968/pdfs/ExportedFolderContents_1/1922/11 - November/03702279_C BEAR 7_1052494.pdf,1,1922,11 - November,early,1920s,unknown,unknown,,Unclassified failure,pending,,,pending,,,,,pending,,,pending,,,pending,,,
03702338_KIZZIE BEAR 6_1052408,s3://osu-well-records-225989338968/pdfs/ExportedFolderContents_1/1922/11 - November/03702338_KIZZIE BEAR 6_1052408.pdf,1,1922,11 - November,early,1920s,unknown,unknown,,Unclassified failure,pending,,,pending,,,,,pending,,,pending,,,pending,,,
03702348_KIZZIE BEAR 3_1052483,s3://osu-well-records-225989338968/pdfs/ExportedFolderContents_1/1922/11 - November/03702348_KIZZIE BEAR 3_1052483.pdf,1,1922,11 - November,early,1920s,unknown,unknown,,Unclassified failure,pending,,,pending,,,,,pending,,,pending,,,pending,,,
03702463_EXIE FIFE 9_1052360,s3://osu-well-records-225989338968/pdfs/ExportedFolderContents_1/1922/11 - November/03702463_EXIE FIFE 9_1052360.pdf,1,1922,11 - November,early,1920s,unknown,unknown,,Unclassified failure,pending,,,pending,,,,,pending,,,pending,,,pending,,,
03702464_EXIE FIFE 10_1052362,s3://osu-well-records-225989338968/pdfs/ExportedFolderContents_1/1922/11 - November/03702464_EXIE FIFE 10_1052362.pdf,1,1922,11 - November,early,1920s,unknown,unknown,,Unclassified failure,pending,,,pending,,,,,pending,,,pending,,,pending,,,
03702606_WYLIE BEARHEAD 2_1052625,s3://osu-well-records-225989338968/pdfs/ExportedFolderContents_1/1922/11 - November/03702606_WYLIE BEARHEAD 2_1052625.pdf,1,1922,11 - November,early,1920s,unknown,unknown,,Unclassified failure,pending,,,pending,,,,,pending,,,pending,,,pending,,,
03703311_DICK 2_1052482,s3://osu-well-records-225989338968/pdfs/ExportedFolderContents_1/1922/11 - November/03703311_DICK 2_1052482.pdf,1,1922,11 - November,early,1920s,unknown,unknown,,Unclassified failure,pending,,,pending,,,,,pending,,,pending,,,pending,,,
03703312_JOE DICK 1_1052561,s3://osu-well-records-225989338968/pdfs/ExportedFolderContents_1/1922/11 - November/03703312_JOE DICK 1_1052561.pdf,1,1922,11 - November,early,1920s,unknown,unknown,,Unclassified failure,pending,,,pending,,,,,pending,,,pending,,,pending,,,
03704004_WILSON 1_1052605,s3://osu-well-records-225989338968/pdfs/ExportedFolderContents_1/1922/11 - November/03704004_WILSON 1_1052605.pdf,1,1922,11 - November,early,1920s,unknown,unknown,,Unclassified failure,pending,,,pending,,,,,pending,,,pending,,,pending,,,
03704177_TAYLOR HAWKINS 7_1052590,s3://osu-well-records-225989338968/pdfs/ExportedFolderContents_1/1922/11 - November/03704177_TAYLOR HAWKINS 7_1052590.pdf,1,1922,11 - November,early,1920s,unknown,unknown,,Unclassified failure,pending,,,pending,,,,,pending,,,pending,,,pending,,,
03704191_PORTER TIGER 1_1052506,s3://osu-well-records-225989338968/pdfs/ExportedFolderContents_1/1922/11 - November/03704191_PORTER TIGER 1_1052506.pdf,1,1922,11 - November,early,1920s,unknown,unknown,,Unclassified failure,pending,,,pending,,,,,pending,,,pending,,,pending,,,
03704349_ELIZA BIGPOND 1_1052530,s3://osu-well-records-225989338968/pdfs/ExportedFolderContents_1/1922/11 - November/03704349_ELIZA BIGPOND 1_1052530.pdf,1,1922,11 - November,early,1920s,unknown,unknown,,Unclassified failure,pending,,,pending,,,,,pending,,,pending,,,pending,,,
03704595_SLICK UNIT DUTCHER SAND EAST W-23_1052331,s3://osu-well-records-225989338968/pdfs/ExportedFolderContents_1/1922/11 - November/03704595_SLICK UNIT DUTCHER SAND EAST W-23_1052331.pdf,1,1922,11 - November,early,1920s,unknown,unknown,,Unclassified failure,pending,,,pending,,,,,pending,,,pending,,,pending,,,
03705317_HARRY 1_1052411,s3://osu-well-records-225989338968/pdfs/ExportedFolderContents_1/1922/11 - November/03705317_HARRY 1_1052411.pdf,1,1922,11 - November,early,1920s,unknown,unknown,,Unclassified failure,pending,,,pending,,,,,pending,,,pending,,,pending,,,
03705317_HARRY 1_1052413,s3://osu-well-records-225989338968/pdfs/ExportedFolderContents_1/1922/11 - November/03705317_HARRY 1_1052413.pdf,1,1922,11 - November,early,1920s,unknown,unknown,,Unclassified failure,pending,,,pending,,,,,pending,,,pending,,,pending,,,
03705330_H W FISHER 1_1052507,s3://osu-well-records-225989338968/pdfs/ExportedFolderContents_1/1922/11 - November/03705330_H W FISHER 1_1052507.pdf,1,1922,11 - November,early,1920s,unknown,unknown,,Unclassified failure,pending,,,pending,,,,,pending,,,pending,,,pending,,,
03705331_R E BONEHAM 1_1052512,s3://osu-well-records-225989338968/pdfs/ExportedFolderContents_1/1922/11 - November/03705331_R E BONEHAM 1_1052512.pdf,1,1922,11 - November,early,1920s,unknown,unknown,,Unclassified failure,pending,,,pending,,,,,pending,,,pending,,,pending,,,
03705339_FISHER 1_1052480,s3://osu-well-records-225989338968/pdfs/ExportedFolderContents_1/1922/11 - November/03705339_FISHER 1_1052480.pdf,1,1922,11 - November,early,1920s,unknown,unknown,,Unclassified failure,pending,,,pending,,,,,pending,,,pending,,,pending,,,
03705361_MINNIE MCINTOSH 1_1052511,s3://osu-well-records-225989338968/pdfs/ExportedFolderContents_1/1922/11 - November/03705361_MINNIE MCINTOSH 1_1052511.pdf,1,1922,11 - November,early,1920s,unknown,unknown,,Unclassified failure,pending,,,pending,,,,,pending,,,pending,,,pending,,,
03705936_WILLIAM THOMPSON 4_1052368,s3://osu-well-records-225989338968/pdfs/ExportedFolderContents_1/1922/11 - November/03705936_WILLIAM THOMPSON 4_1052368.pdf,1,1922,11 - November,early,1920s,unknown,unknown,,Unclassified failure,pending,,,pending,,,,,pending,,,pending,,,pending,,,
03706721_UNALOTTED 7_1052505,s3://osu-well-records-225989338968/pdfs/ExportedFolderContents_1/1922/11 - November/03706721_UNALOTTED 7_1052505.pdf,1,1922,11 - November,early,1920s,unknown,unknown,,Unclassified failure,pending,,,pending,,,,,pending,,,pending,,,pending,,,
03706775_ELLA RALSTON 1_1052474,s3://osu-well-records-225989338968/pdfs/ExportedFolderContents_1/1922/11 - November/03706775_ELLA RALSTON 1_1052474.pdf,1,1922,11 - November,early,1920s,unknown,unknown,,Unclassified failure,pending,,,pending,,,,,pending,,,pending,,,pending,,,
03707045_W R NIPP 7_1052442,s3://osu-well-records-225989338968/pdfs/ExportedFolderContents_1/1922/11 - November/03707045_W R NIPP 7_1052442.pdf,1,1922,11 - November,early,1920s,unknown,unknown,,Unclassified failure,pending,,,pending,,,,,pending,,,pending,,,pending,,,
03707096_D M LADD 2_1052451,s3://osu-well-records-225989338968/pdfs/ExportedFolderContents_1/1922/11 - November/03707096_D M LADD 2_1052451.pdf,1,1922,11 - November,early,1920s,unknown,unknown,,Unclassified failure,pending,,,pending,,,,,pending,,,pending,,,pending,,,
03707624_ALLEN 1_1052491,s3://osu-well-records-225989338968/pdfs/ExportedFolderContents_1/1922/11 - November/03707624_ALLEN 1_1052491.pdf,1,1922,11 - November,early,1920s,unknown,unknown,,Unclassified failure,pending,,,pending,,,,,pending,,,pending,,,pending,,,
03707782_GEO WILLIAMS 1_1052618,s3://osu-well-records-225989338968/pdfs/ExportedFolderContents_1/1922/11 - November/03707782_GEO WILLIAMS 1_1052618.pdf,1,1922,11 - November,early,1920s,unknown,unknown,,Unclassified failure,pending,,,pending,,,,,pending,,,pending,,,pending,,,
03709728_SALLY PERRY (NEE JOHNSON) 1_1052539,s3://osu-well-records-225989338968/pdfs/ExportedFolderContents_1/1922/11 - November/03709728_SALLY PERRY (NEE JOHNSON) 1_1052539.pdf,1,1922,11 - November,early,1920s,unknown,unknown,,Unclassified failure,pending,,,pending,,,,,pending,,,pending,,,pending,,,
03714881_ESTHER RICHARDS 3_1052374,s3://osu-well-records-225989338968/pdfs/ExportedFolderContents_1/1922/11 - November/03714881_ESTHER RICHARDS 3_1052374.pdf,1,1922,11 - November,early,1920s,unknown,unknown,,Unclassified failure,pending,,,pending,,,,,pending,,,pending,,,pending,,,
03717374_HARRY 1_1052472,s3://osu-well-records-225989338968/pdfs/ExportedFolderContents_1/1922/11 - November/03717374_HARRY 1_1052472.pdf,1,1922,11 - November,early,1920s,unknown,unknown,,Unclassified failure,pending,,,pending,,,,,pending,,,pending,,,pending,,,
03717535_CLARENCE JOHNSON 1_1052415,s3://osu-well-records-225989338968/pdfs/ExportedFolderContents_1/1922/11 - November/03717535_CLARENCE JOHNSON 1_1052415.pdf,1,1922,11 - November,early,1920s,unknown,unknown,,Unclassified failure,pending,,,pending,,,,,pending,,,pending,,,pending,,,
03739650_WILSON 120A 9_1221362,s3://osu-well-records-225989338968/pdfs/ExportedFolderContents_1/1922/11 - November/03739650_WILSON 120A 9_1221362.pdf,1,1922,11 - November,early,1920s,unknown,unknown,,Unclassified failure,pending,,,pending,,,,,pending,,,pending,,,pending,,,
04701777_D METCHNER 10_1539078,s3://osu-well-records-225989338968/pdfs/ExportedFolderContents_1/1922/11 - November/04701777_D METCHNER 10_1539078.pdf,1,1922,11 - November,early,1920s,unknown,unknown,,Unclassified failure,pending,,,pending,,,,,pending,,,pending,,,pending,,,
04702458_THOMAS CAMPBELL 10_1539082,s3://osu-well-records-225989338968/pdfs/ExportedFolderContents_1/1922/11 - November/04702458_THOMAS CAMPBELL 10_1539082.pdf,1,1922,11 - November,early,1920s,unknown,unknown,,Unclassified failure,pending,,,pending,,,,,pending,,,pending,,,pending,,,
04703016_W C HEIM 7_1539106,s3://osu-well-records-225989338968/pdfs/ExportedFolderContents_1/1922/11 - November/04703016_W C HEIM 7_1539106.pdf,1,1922,11 - November,early,1920s,unknown,unknown,,Unclassified failure,pending,,,pending,,,,,pending,,,pending,,,pending,,,
04703027_HEIM 5_1539096,s3://osu-well-records-225989338968/pdfs/ExportedFolderContents_1/1922/11 - November/04703027_HEIM 5_1539096.pdf,1,1922,11 - November,early,1920s,unknown,unknown,,Unclassified failure,pending,,,pending,,,,,pending,,,pending,,,pending,,,
04900774_S H COWAN 12_782071,s3://osu-well-records-225989338968/pdfs/ExportedFolderContents_1/1922/11 - November/04900774_S H COWAN 12_782071.pdf,1,1922,11 - November,early,1920s,unknown,unknown,,Unclassified failure,pending,,,pending,,,,,pending,,,pending,,,pending,,,
04935339_F H HARRIS 4_782057,s3://osu-well-records-225989338968/pdfs/ExportedFolderContents_1/1922/11 - November/04935339_F H HARRIS 4_782057.pdf,1,1922,11 - November,early,1920s,unknown,unknown,,Unclassified failure,pending,,,pending,,,,,pending,,,pending,,,pending,,,
04935380_P W RICHARDSON 7_782063,s3://osu-well-records-225989338968/pdfs/ExportedFolderContents_1/1922/11 - November/04935380_P W RICHARDSON 7_782063.pdf,1,1922,11 - November,early,1920s,unknown,unknown,,Unclassified failure,pending,,,pending,,,,,pending,,,pending,,,pending,,,
04935484_WILLIE NEWBERRY 2_782056,s3://osu-well-records-225989338968/pdfs/ExportedFolderContents_1/1922/11 - November/04935484_WILLIE NEWBERRY 2_782056.pdf,1,1922,11 - November,early,1920s,unknown,unknown,,Unclassified failure,pending,,,pending,,,,,pending,,,pending,,,pending,,,
04935543_WYATT 1_782055,s3://osu-well-records-225989338968/pdfs/ExportedFolderContents_1/1922/11 - November/04935543_WYATT 1_782055.pdf,1,1922,11 - November,early,1920s,unknown,unknown,,Unclassified failure,pending,,,pending,,,,,pending,,,pending,,,pending,,,
04935552_WYATT 5_782044,s3://osu-well-records-225989338968/pdfs/ExportedFolderContents_1/1922/11 - November/04935552_WYATT 5_782044.pdf,1,1922,11 - November,early,1920s,unknown,unknown,,Unclassified failure,pending,,,pending,,,,,pending,,,pending,,,pending,,,
04935558_WYATT 4_782049,s3://osu-well-records-225989338968/pdfs/ExportedFolderContents_1/1922/11 - November/04935558_WYATT 4_782049.pdf,1,1922,11 - November,early,1920s,unknown,unknown,,Unclassified failure,pending,,,pending,,,,,pending,,,pending,,,pending,,,
04935575_O WATTS 1_782068,s3://osu-well-records-225989338968/pdfs/ExportedFolderContents_1/1922/11 - November/04935575_O WATTS 1_782068.pdf,1,1922,11 - November,early,1920s,unknown,unknown,,Unclassified failure,pending,,,pending,,,,,pending,,,pending,,,pending,,,
04937352_DERDEYN PONTOTOC SAND UNIT 1-4 (DERDYNE 4)_782062,s3://osu-well-records-225989338968/pdfs/ExportedFolderContents_1/1922/11 - November/04937352_DERDEYN PONTOTOC SAND UNIT 1-4 (DERDYNE 4)_782062.pdf,1,1922,11 - November,early,1920s,unknown,unknown,,Unclassified failure,pending,,,pending,,,,,pending,,,pending,,,pending,,,
04937352_HECTOR DERDEYN 4_782061,s3://osu-well-records-225989338968/pdfs/ExportedFolderContents_1/1922/11 - November/04937352_HECTOR DERDEYN 4_782061.pdf,1,1922,11 - November,early,1920s,unknown,unknown,,Unclassified failure,pending,,,pending,,,,,pending,,,pending,,,pending,,,
05100204_FORMAN 1_782048,s3://osu-well-records-225989338968/pdfs/ExportedFolderContents_1/1922/11 - November/05100204_FORMAN 1_782048.pdf,1,1922,11 - November,early,1920s,unknown,unknown,,Unclassified failure,pending,,,pending,,,,,pending,,,pending,,,pending,,,
05100205_DOSS 1_782074,s3://osu-well-records-225989338968/pdfs/ExportedFolderContents_1/1922/11 - November/05100205_DOSS 1_782074.pdf,1,1922,11 - November,early,1920s,unknown,unknown,,Unclassified failure,pending,,,pending,,,,,pending,,,pending,,,pending,,,
05100490_J M PENDLEY 1_782051,s3://osu-well-records-225989338968/pdfs/ExportedFolderContents_1/1922/11 - November/05100490_J M PENDLEY 1_782051.pdf,1,1922,11 - November,early,1920s,unknown,unknown,,Unclassified failure,pending,,,pending,,,,,pending,,,pending,,,pending,,,
05100498_KIT C FARWELL 2_782046,s3://osu-well-records-225989338968/pdfs/ExportedFolderContents_1/1922/11 - November/05100498_KIT C FARWELL 2_782046.pdf,1,1922,11 - November,early,1920s,unknown,unknown,,Unclassified failure,pending,,,pending,,,,,pending,,,pending,,,pending,,,
05100500_K C FARWELL 3_782059,s3://osu-well-records-225989338968/pdfs/ExportedFolderContents_1/1922/11 - November/05100500_K C FARWELL 3_782059.pdf,1,1922,11 - November,early,1920s,unknown,unknown,,Unclassified failure,pending,,,pending,,,,,pending,,,pending,,,pending,,,
05100554_STANFORD 1_782064,s3://osu-well-records-225989338968/pdfs/ExportedFolderContents_1/1922/11 - November/05100554_STANFORD 1_782064.pdf,1,1922,11 - November,early,1920s,unknown,unknown,,Unclassified failure,pending,,,pending,,,,,pending,,,pending,,,pending,,,
05135105_FARWELL 1 (SANFORD 1)_782065,s3://osu-well-records-225989338968/pdfs/ExportedFolderContents_1/1922/11 - November/05135105_FARWELL 1 (SANFORD 1)_782065.pdf,1,1922,11 - November,early,1920s,unknown,unknown,,Unclassified failure,pending,,,pending,,,,,pending,,,pending,,,pending,,,
05300367_MARTIN 3_1539083,s3://osu-well-records-225989338968/pdfs/ExportedFolderContents_1/1922/11 - November/05300367_MARTIN 3_1539083.pdf,1,1922,11 - November,early,1920s,unknown,unknown,,Unclassified failure,pending,,,pending,,,,,pending,,,pending,,,pending,,,
05301444_ED CHANEY 1_1539101,s3://osu-well-records-225989338968/pdfs/ExportedFolderContents_1/1922/11 - November/05301444_ED CHANEY 1_1539101.pdf,1,1922,11 - November,early,1920s,unknown,unknown,,Unclassified failure,pending,,,pending,,,,,pending,,,pending,,,pending,,,
06700553_HEADRICK 1_920125,s3://osu-well-records-225989338968/pdfs/ExportedFolderContents_1/1922/11 - November/06700553_HEADRICK 1_920125.pdf,1,1922,11 - November,early,1920s,unknown,unknown,,Unclassified failure,pending,,,pending,,,,,pending,,,pending,,,pending,,,
07102565_ENDICOTT 6 1_2_1539079,s3://osu-well-records-225989338968/pdfs/ExportedFolderContents_1/1922/11 - November/07102565_ENDICOTT 6 1_2_1539079.pdf,1,1922,11 - November,early,1920s,unknown,unknown,,Unclassified failure,pending,,,pending,,,,,pending,,,pending,,,pending,,,
07104083_C C ENDICOTT 2-B_1539088,s3://osu-well-records-225989338968/pdfs/ExportedFolderContents_1/1922/11 - November/07104083_C C ENDICOTT 2-B_1539088.pdf,1,1922,11 - November,early,1920s,unknown,unknown,,Unclassified failure,pending,,,pending,,,,,pending,,,pending,,,pending,,,
07104549_DEFFNER 1_1539090,s3://osu-well-records-225989338968/pdfs/ExportedFolderContents_1/1922/11 - November/07104549_DEFFNER 1_1539090.pdf,1,1922,11 - November,early,1920s,unknown,unknown,,Unclassified failure,pending,,,pending,,,,,pending,,,pending,,,pending,,,
07104602_GILLESPIE 2_1539092,s3://osu-well-records-225989338968/pdfs/ExportedFolderContents_1/1922/11 - November/07104602_GILLESPIE 2_1539092.pdf,1,1922,11 - November,early,1920s,unknown,unknown,,Unclassified failure,pending,,,pending,,,,,pending,,,pending,,,pending,,,
07900183_BRADLEY 12_1017380,s3://osu-well-records-225989338968/pdfs/ExportedFolderContents_1/1922/11 - November/07900183_BRADLEY 12_1017380.pdf,1,1922,11 - November,early,1920s,unknown,unknown,,Unclassified failure,pending,,,pending,,,,,pending,,,pending,,,pending,,,
10100366_FRED LEE 1_1364263,s3://osu-well-records-225989338968/pdfs/ExportedFolderContents_1/1922/11 - November/10100366_FRED LEE 1_1364263.pdf,1,1922,11 - November,early,1920s,unknown,unknown,,Unclassified failure,pending,,,pending,,,,,pending,,,pending,,,pending,,,
10100601_MANUEL 9_1364229,s3://osu-well-records-225989338968/pdfs/ExportedFolderContents_1/1922/11 - November/10100601_MANUEL 9_1364229.pdf,1,1922,11 - November,early,1920s,unknown,unknown,,Unclassified failure,pending,,,pending,,,,,pending,,,pending,,,pending,,,
10102792_No Data_1364239,s3://osu-well-records-225989338968/pdfs/ExportedFolderContents_1/1922/11 - November/10102792_No Data_1364239.pdf,1,1922,11 - November,early,1920s,unknown,unknown,,Unclassified failure,pending,,,pending,,,,,pending,,,pending,,,pending,,,
10103247_HOPKINS 1_1364262,s3://osu-well-records-225989338968/pdfs/ExportedFolderContents_1/1922/11 - November/10103247_HOPKINS 1_1364262.pdf,1,1922,11 - November,early,1920s,unknown,unknown,,Unclassified failure,pending,,,pending,,,,,pending,,,pending,,,pending,,,
10103251_J H HOPKINS 14_1364260,s3://osu-well-records-225989338968/pdfs/ExportedFolderContents_1/1922/11 - November/10103251_J H HOPKINS 14_1364260.pdf,1,1922,11 - November,early,1920s,unknown,unknown,,Unclassified failure,pending,,,pending,,,,,pending,,,pending,,,pending,,,
10303307_F H MURRAY 22_1539105,s3://osu-well-records-225989338968/pdfs/ExportedFolderContents_1/1922/11 - November/10303307_F H MURRAY 22_1539105.pdf,1,1922,11 - November,early,1920s,unknown,unknown,,Unclassified failure,pending,,,pending,,,,,pending,,,pending,,,pending,,,
10303353_J SMITH 2-A_1539081,s3://osu-well-records-225989338968/pdfs/ExportedFolderContents_1/1922/11 - November/10303353_J SMITH 2-A_1539081.pdf,1,1922,11 - November,early,1920s,unknown,unknown,,Unclassified failure,pending,,,pending,,,,,pending,,,pending,,,pending,,,
35037073540000_ELLIS_2003251,s3://osu-well-records-225989338968/pdfs/ExportedFolderContents_1/1922/11 - November/35037073540000_ELLIS_2003251.pdf,1,1922,11 - November,early,1920s,unknown,unknown,,Unclassified failure,pending,,,pending,,,,,pending,,,pending,,,pending,,,
35037073590000_P L SHOALS 'C'_2003303,s3://osu-well-records-225989338968/pdfs/ExportedFolderContents_1/1922/11 - November/35037073590000_P L SHOALS 'C'_2003303.pdf,1,1922,11 - November,early,1920s,unknown,unknown,,Unclassified failure,pending,,,pending,,,,,pending,,,pending,,,pending,,,
35037073600000_P L SHOALS 'C'_2003525,s3://osu-well-records-225989338968/pdfs/ExportedFolderContents_1/1922/11 - November/35037073600000_P L SHOALS 'C'_2003525.pdf,1,1922,11 - November,early,1920s,unknown,unknown,,Unclassified failure,pending,,,pending,,,,,pending,,,pending,,,pending,,,
35037074080000_HATTIE VAUGHN_2003512,s3://osu-well-records-225989338968/pdfs/ExportedFolderContents_1/1922/11 - November/35037074080000_HATTIE VAUGHN_2003512.pdf,1,1922,11 - November,early,1920s,unknown,unknown,,Unclassified failure,pending,,,pending,,,,,pending,,,pending,,,pending,,,
35037074290000_JANE ROBERT 1_2003439,s3://osu-well-records-225989338968/pdfs/ExportedFolderContents_1/1922/11 - November/35037074290000_JANE ROBERT 1_2003439.pdf,1,1922,11 - November,early,1920s,unknown,unknown,,Unclassified failure,pending,,,pending,,,,,pending,,,pending,,,pending,,,
35037074410000_DAVIS SEWELL 3_2003417,s3://osu-well-records-225989338968/pdfs/ExportedFolderContents_1/1922/11 - November/35037074410000_DAVIS SEWELL 3_2003417.pdf,1,1922,11 - November,early,1920s,unknown,unknown,,Unclassified failure,pending,,,pending,,,,,pending,,,pending,,,pending,,,
35037075550000_HOUSTON_2003501,s3://osu-well-records-225989338968/pdfs/ExportedFolderContents_1/1922/11 - November/35037075550000_HOUSTON_2003501.pdf,1,1922,11 - November,early,1920s,unknown,unknown,,Unclassified failure,pending,,,pending,,,,,pending,,,pending,,,pending,,,
35037076110000_CUPP L N 1_2003391,s3://osu-well-records-225989338968/pdfs/ExportedFolderContents_1/1922/11 - November/35037076110000_CUPP L N 1_2003391.pdf,1,1922,11 - November,early,1920s,unknown,unknown,,Unclassified failure,pending,,,pending,,,,,pending,,,pending,,,pending,,,
35037077350000_D BENTON_2003503,s3://osu-well-records-225989338968/pdfs/ExportedFolderContents_1/1922/11 - November/35037077350000_D BENTON_2003503.pdf,1,1922,11 - November,early,1920s,unknown,unknown,,Unclassified failure,pending,,,pending,,,,,pending,,,pending,,,pending,,,
35037077350000_D BENTON_2003506,s3://osu-well-records-225989338968/pdfs/ExportedFolderContents_1/1922/11 - November/35037077350000_D BENTON_2003506.pdf,1,1922,11 - November,early,1920s,unknown,unknown,,Unclassified failure,pending,,,pending,,,,,pending,,,pending,,,pending,,,
35037079470000_C B WALKER 5_2003317,s3://osu-well-records-225989338968/pdfs/ExportedFolderContents_1/1922/11 - November/35037079470000_C B WALKER 5_2003317.pdf,1,1922,11 - November,early,1920s,unknown,unknown,,Unclassified failure,pending,,,pending,,,,,pending,,,pending,,,pending,,,
35037081280000_BROWN ROBELLA 5_2003465,s3://osu-well-records-225989338968/pdfs/ExportedFolderContents_1/1922/11 - November/35037081280000_BROWN ROBELLA 5_2003465.pdf,1,1922,11 - November,early,1920s,unknown,unknown,,Unclassified failure,pending,,,pending,,,,,pending,,,pending,,,pending,,,
35037081280000_BROWN ROBELLA 5_2003477,s3://osu-well-records-225989338968/pdfs/ExportedFolderContents_1/1922/11 - November/35037081280000_BROWN ROBELLA 5_2003477.pdf,1,1922,11 - November,early,1920s,unknown,unknown,,Unclassified failure,pending,,,pending,,,,,pending,,,pending,,,pending,,,
35037111570000_R PITMAN 29_2003275,s3://osu-well-records-225989338968/pdfs/ExportedFolderContents_1/1922/11 - November/35037111570000_R PITMAN 29_2003275.pdf,1,1922,11 - November,early,1920s,unknown,unknown,,Unclassified failure,pending,,,pending,,,,,pending,,,pending,,,pending,,,
35037159400000_LAURA PARKS 1_2003300,s3://osu-well-records-225989338968/pdfs/ExportedFolderContents_1/1922/11 - November/35037159400000_LAURA PARKS 1_2003300.pdf,1,1922,11 - November,early,1920s,unknown,unknown,,Unclassified failure,pending,,,pending,,,,,pending,,,pending,,,pending,,,
35037166410000_N BERRYHILL 23_2003447,s3://osu-well-records-225989338968/pdfs/ExportedFolderContents_1/1922/11 - November/35037166410000_N BERRYHILL 23_2003447.pdf,1,1922,11 - November,early,1920s,unknown,unknown,,Unclassified failure,pending,,,pending,,,,,pending,,,pending,,,pending,,,
35037180910000_HATTIE VAUGHN_2003241,s3://osu-well-records-225989338968/pdfs/ExportedFolderContents_1/1922/11 - November/35037180910000_HATTIE VAUGHN_2003241.pdf,1,1922,11 - November,early,1920s,unknown,unknown,,Unclassified failure,pending,,,pending,,,,,pending,,,pending,,,pending,,,
35037239120000_HARRIOTT 1_2003500,s3://osu-well-records-225989338968/pdfs/ExportedFolderContents_1/1922/11 - November/35037239120000_HARRIOTT 1_2003500.pdf,1,1922,11 - November,early,1920s,unknown,unknown,,Unclassified failure,pending,,,pending,,,,,pending,,,pending,,,pending,,,
35037761050000_HENRY HOGAN 1_2003518,s3://osu-well-records-225989338968/pdfs/ExportedFolderContents_1/1922/11 - November/35037761050000_HENRY HOGAN 1_2003518.pdf,1,1922,11 - November,early,1920s,unknown,unknown,,Unclassified failure,pending,,,pending,,,,,pending,,,pending,,,pending,,,
35071045840000_OSBORNE 1_8001185,s3://osu-well-records-225989338968/pdfs/ExportedFolderContents_1/1922/11 - November/35071045840000_OSBORNE 1_8001185.pdf,1,1922,11 - November,early,1920s,unknown,unknown,,Unclassified failure,pending,,,pending,,,,,pending,,,pending,,,pending,,,
35071045840000_OSBORNE 1_8001187,s3://osu-well-records-225989338968/pdfs/ExportedFolderContents_1/1922/11 - November/35071045840000_OSBORNE 1_8001187.pdf,1,1922,11 - November,early,1920s,unknown,unknown,,Unclassified failure,pending,,,pending,,,,,pending,,,pending,,,pending,,,
35079001830000_BRADLEY 12_1443108,s3://osu-well-records-225989338968/pdfs/ExportedFolderContents_1/1922/11 - November/35079001830000_BRADLEY 12_1443108.pdf,1,1922,11 - November,early,1920s,unknown,unknown,,Unclassified failure,pending,,,pending,,,,,pending,,,pending,,,pending,,,
3509100966_JACKSON TIGER_2003264,s3://osu-well-records-225989338968/pdfs/ExportedFolderContents_1/1922/11 - November/3509100966_JACKSON TIGER_2003264.pdf,1,1922,11 - November,early,1920s,unknown,unknown,,Unclassified failure,pending,,,pending,,,,,pending,,,pending,,,pending,,,
35103028610000_B F BLUBAUGH 1_8001130,s3://osu-well-records-225989338968/pdfs/ExportedFolderContents_1/1922/11 - November/35103028610000_B F BLUBAUGH 1_8001130.pdf,1,1922,11 - November,early,1920s,unknown,unknown,,Unclassified failure,pending,,,pending,,,,,pending,,,pending,,,pending,,,
35103031420000_J CARMICHAEL 8_3166633,s3://osu-well-records-225989338968/pdfs/ExportedFolderContents_1/1922/11 - November/35103031420000_J CARMICHAEL 8_3166633.pdf,1,1922,11 - November,early,1920s,unknown,unknown,,Unclassified failure,pending,,,pending,,,,,pending,,,pending,,,pending,,,
35103031420000_J CARMICHAEL 8_8001159,s3://osu-well-records-225989338968/pdfs/ExportedFolderContents_1/1922/11 - November/35103031420000_J CARMICHAEL 8_8001159.pdf,1,1922,11 - November,early,1920s,unknown,unknown,,Unclassified failure,pending,,,pending,,,,,pending,,,pending,,,pending,,,
35105045440000_SMITH ANNA 2_2288150,s3://osu-well-records-225989338968/pdfs/ExportedFolderContents_1/1922/11 - November/35105045440000_SMITH ANNA 2_2288150.pdf,1,1922,11 - November,early,1920s,unknown,unknown,,Unclassified failure,pending,,,pending,,,,,pending,,,pending,,,pending,,,
35107028780000_J W FLEMMING 1_2003432,s3://osu-well-records-225989338968/pdfs/ExportedFolderContents_1/1922/11 - November/35107028780000_J W FLEMMING 1_2003432.pdf,1,1922,11 - November,early,1920s,unknown,unknown,,Unclassified failure,pending,,,pending,,,,,pending,,,pending,,,pending,,,
35107030390000_JOHN C CHATMAN 1_2003310,s3://osu-well-records-225989338968/pdfs/ExportedFolderContents_1/1922/11 - November/35107030390000_JOHN C CHATMAN 1_2003310.pdf,1,1922,11 - November,early,1920s,unknown,unknown,,Unclassified failure,pending,,,pending,,,,,pending,,,pending,,,pending,,,
35107033580000_LAKE MOORE 2_1495815,s3://osu-well-records-225989338968/pdfs/ExportedFolderContents_1/1922/11 - November/35107033580000_LAKE MOORE 2_1495815.pdf,1,1922,11 - November,early,1920s,unknown,unknown,,Unclassified failure,pending,,,pending,,,,,pending,,,pending,,,pending,,,
35107033580000_LAKE MOORE 2_2003243,s3://osu-well-records-225989338968/pdfs/ExportedFolderContents_1/1922/11 - November/35107033580000_LAKE MOORE 2_2003243.pdf,1,1922,11 - November,early,1920s,unknown,unknown,,Unclassified failure,pending,,,pending,,,,,pending,,,pending,,,pending,,,
35107041990000_SUGAR_2003371,s3://osu-well-records-225989338968/pdfs/ExportedFolderContents_1/1922/11 - November/35107041990000_SUGAR_2003371.pdf,1,1922,11 - November,early,1920s,unknown,unknown,,Unclassified failure,pending,,,pending,,,,,pending,,,pending,,,pending,,,
35107052090000_OSCAR C GASTON 1_1495831,s3://osu-well-records-225989338968/pdfs/ExportedFolderContents_1/1922/11 - November/35107052090000_OSCAR C GASTON 1_1495831.pdf,1,1922,11 - November,early,1920s,unknown,unknown,,Unclassified failure,pending,,,pending,,,,,pending,,,pending,,,pending,,,
35107052090000_OSCAR C GASTON 1_2003526,s3://osu-well-records-225989338968/pdfs/ExportedFolderContents_1/1922/11 - November/35107052090000_OSCAR C GASTON 1_2003526.pdf,1,1922,11 - November,early,1920s,unknown,unknown,,Unclassified failure,pending,,,pending,,,,,pending,,,pending,,,pending,,,
35111055850000_N M SHANTZ 1_2003348,s3://osu-well-records-225989338968/pdfs/ExportedFolderContents_1/1922/11 - November/35111055850000_N M SHANTZ 1_2003348.pdf,1,1922,11 - November,early,1920s,unknown,unknown,,Unclassified failure,pending,,,pending,,,,,pending,,,pending,,,pending,,,
35111056190000_LEE FARM_2003434,s3://osu-well-records-225989338968/pdfs/ExportedFolderContents_1/1922/11 - November/35111056190000_LEE FARM_2003434.pdf,1,1922,11 - November,early,1920s,unknown,unknown,,Unclassified failure,pending,,,pending,,,,,pending,,,pending,,,pending,,,
35111056920000_SAMUEL FIFE 1_1384686,s3://osu-well-records-225989338968/pdfs/ExportedFolderContents_1/1922/11 - November/35111056920000_SAMUEL FIFE 1_1384686.pdf,1,1922,11 - November,early,1920s,unknown,unknown,,Unclassified failure,pending,,,pending,,,,,pending,,,pending,,,pending,,,
35111066990000_BROWN & STEWART 3_2003499,s3://osu-well-records-225989338968/pdfs/ExportedFolderContents_1/1922/11 - November/35111066990000_BROWN & STEWART 3_2003499.pdf,1,1922,11 - November,early,1920s,unknown,unknown,,Unclassified failure,pending,,,pending,,,,,pending,,,pending,,,pending,,,
35111075350000_MOORE 2_2003368,s3://osu-well-records-225989338968/pdfs/ExportedFolderContents_1/1922/11 - November/35111075350000_MOORE 2_2003368.pdf,1,1922,11 - November,early,1920s,unknown,unknown,,Unclassified failure,pending,,,pending,,,,,pending,,,pending,,,pending,,,
35111092470000_CAMPBELL 2_2003532,s3://osu-well-records-225989338968/pdfs/ExportedFolderContents_1/1922/11 - November/35111092470000_CAMPBELL 2_2003532.pdf,1,1922,11 - November,early,1920s,unknown,unknown,,Unclassified failure,pending,,,pending,,,,,pending,,,pending,,,pending,,,
35111100110000_RITTERHOFF_2003295,s3://osu-well-records-225989338968/pdfs/ExportedFolderContents_1/1922/11 - November/35111100110000_RITTERHOFF_2003295.pdf,1,1922,11 - November,early,1920s,unknown,unknown,,Unclassified failure,pending,,,pending,,,,,pending,,,pending,,,pending,,,
35111100140000_RITTERHOFF_2003373,s3://osu-well-records-225989338968/pdfs/ExportedFolderContents_1/1922/11 - November/35111100140000_RITTERHOFF_2003373.pdf,1,1922,11 - November,early,1920s,unknown,unknown,,Unclassified failure,pending,,,pending,,,,,pending,,,pending,,,pending,,,
35111100150000_RITTERHOFF_2003469,s3://osu-well-records-225989338968/pdfs/ExportedFolderContents_1/1922/11 - November/35111100150000_RITTERHOFF_2003469.pdf,1,1922,11 - November,early,1920s,unknown,unknown,,Unclassified failure,pending,,,pending,,,,,pending,,,pending,,,pending,,,
35111100530000_H RENTIE 1_2003424,s3://osu-well-records-225989338968/pdfs/ExportedFolderContents_1/1922/11 - November/35111100530000_H RENTIE 1_2003424.pdf,1,1922,11 - November,early,1920s,unknown,unknown,,Unclassified failure,pending,,,pending,,,,,pending,,,pending,,,pending,,,
35111110510000_JAMES HAWKINS 2_2003239,s3://osu-well-records-225989338968/pdfs/ExportedFolderContents_1/1922/11 - November/35111110510000_JAMES HAWKINS 2_2003239.pdf,1,1922,11 - November,early,1920s,unknown,unknown,,Unclassified failure,pending,,,pending,,,,,pending,,,pending,,,pending,,,
35117022930000_S & S FEE 1_2003289,s3://osu-well-records-225989338968/pdfs/ExportedFolderContents_1/1922/11 - November/35117022930000_S & S FEE 1_2003289.pdf,1,1922,11 - November,early,1920s,unknown,unknown,,Unclassified failure,pending,,,pending,,,,,pending,,,pending,,,pending,,,
35119026480000_ARMY CLARK_2288175,s3://osu-well-records-225989338968/pdfs/ExportedFolderContents_1/1922/11 - November/35119026480000_ARMY CLARK_2288175.pdf,1,1922,11 - November,early,1920s,unknown,unknown,,Unclassified failure,pending,,,pending,,,,,pending,,,pending,,,pending,,,
35119027080000_W M WAGNER 3_2288198,s3://osu-well-records-225989338968/pdfs/ExportedFolderContents_1/1922/11 - November/35119027080000_W M WAGNER 3_2288198.pdf,1,1922,11 - November,early,1920s,unknown,unknown,,Unclassified failure,pending,,,pending,,,,,pending,,,pending,,,pending,,,
35131007620000_MINUS V 1_2364003,s3://osu-well-records-225989338968/pdfs/ExportedFolderContents_1/1922/11 - November/35131007620000_MINUS V 1_2364003.pdf,1,1922,11 - November,early,1920s,unknown,unknown,,Unclassified failure,pending,,,pending,,,,,pending,,,pending,,,pending,,,
35131007840000_KONIG 7_2364040,s3://osu-well-records-225989338968/pdfs/ExportedFolderContents_1/1922/11 - November/35131007840000_KONIG 7_2364040.pdf,1,1922,11 - November,early,1920s,unknown,unknown,,Unclassified failure,pending,,,pending,,,,,pending,,,pending,,,pending,,,
35133080580000_ED BETHELL 1_1495823,s3://osu-well-records-225989338968/pdfs/ExportedFolderContents_1/1922/11 - November/35133080580000_ED BETHELL 1_1495823.pdf,1,1922,11 - November,early,1920s,unknown,unknown,,Unclassified failure,pending,,,pending,,,,,pending,,,pending,,,pending,,,
35137015050000_BEULAH A WARDEN 1_1696277,s3://osu-well-records-225989338968/pdfs/ExportedFolderContents_1/1922/11 - November/35137015050000_BEULAH A WARDEN 1_1696277.pdf,1,1922,11 - November,early,1920s,unknown,unknown,,Unclassified failure,pending,,,pending,,,,,pending,,,pending,,,pending,,,
35137015120000_NICHOLS FRENSLEY 9_1696286,s3://osu-well-records-225989338968/pdfs/ExportedFolderContents_1/1922/11 - November/35137015120000_NICHOLS FRENSLEY 9_1696286.pdf,1,1922,11 - November,early,1920s,unknown,unknown,,Unclassified failure,pending,,,pending,,,,,pending,,,pending,,,pending,,,
35137015120000_NICHOLS FRENSLEY 9_1696288,s3://osu-well-records-225989338968/pdfs/ExportedFolderContents_1/1922/11 - November/35137015120000_NICHOLS FRENSLEY 9_1696288.pdf,1,1922,11 - November,early,1920s,unknown,unknown,,Unclassified failure,pending,,,pending,,,,,pending,,,pending,,,pending,,,
35137015500000_RUSSELL RANCH 1_1696346,s3://osu-well-records-225989338968/pdfs/ExportedFolderContents_1/1922/11 - November/35137015500000_RUSSELL RANCH 1_1696346.pdf,1,1922,11 - November,early,1920s,unknown,unknown,,Unclassified failure,pending,,,pending,,,,,pending,,,pending,,,pending,,,
01900758_MCFARLAND 1_920227,s3://osu-well-records-225989338968/pdfs/ExportedFolderContents_1/1922/12 - December/01900758_MCFARLAND 1_920227.pdf,1,1922,12 - December,early,1920s,unknown,unknown,,Unclassified failure,pending,,,pending,,,,,pending,,,pending,,,pending,,,
03300700_ADAMS 1_920248,s3://osu-well-records-225989338968/pdfs/ExportedFolderContents_1/1922/12 - December/03300700_ADAMS 1_920248.pdf,1,1922,12 - December,early,1920s,unknown,unknown,,Unclassified failure,pending,,,pending,,,,,pending,,,pending,,,pending,,,
03704180_TAYLOR HAWKINS 3_1052826,s3://osu-well-records-225989338968/pdfs/ExportedFolderContents_1/1922/12 - December/03704180_TAYLOR HAWKINS 3_1052826.pdf,1,1922,12 - December,early,1920s,unknown,unknown,,Unclassified failure,pending,,,pending,,,,,pending,,,pending,,,pending,,,
03706957_S C RICHARDS 1_1052790,s3://osu-well-records-225989338968/pdfs/ExportedFolderContents_1/1922/12 - December/03706957_S C RICHARDS 1_1052790.pdf,1,1922,12 - December,early,1920s,unknown,unknown,,Unclassified failure,pending,,,pending,,,,,pending,,,pending,,,pending,,,
03707177_MURRELL 3_1052845,s3://osu-well-records-225989338968/pdfs/ExportedFolderContents_1/1922/12 - December/03707177_MURRELL 3_1052845.pdf,1,1922,12 - December,early,1920s,unknown,unknown,,Unclassified failure,pending,,,pending,,,,,pending,,,pending,,,pending,,,
03707196_L DEERE 2_1052712,s3://osu-well-records-225989338968/pdfs/ExportedFolderContents_1/1922/12 - December/03707196_L DEERE 2_1052712.pdf,1,1922,12 - December,early,1920s,unknown,unknown,,Unclassified failure,pending,,,pending,,,,,pending,,,pending,,,pending,,,
03707291_J A HELTON 1_1052878,s3://osu-well-records-225989338968/pdfs/ExportedFolderContents_1/1922/12 - December/03707291_J A HELTON 1_1052878.pdf,1,1922,12 - December,early,1920s,unknown,unknown,,Unclassified failure,pending,,,pending,,,,,pending,,,pending,,,pending,,,
03709949_S S MUSSELLEM 10_1052672,s3://osu-well-records-225989338968/pdfs/ExportedFolderContents_1/1922/12 - December/03709949_S S MUSSELLEM 10_1052672.pdf,1,1922,12 - December,early,1920s,unknown,unknown,,Unclassified failure,pending,,,pending,,,,,pending,,,pending,,,pending,,,
03716439_RIVERBED 11-A_1052821,s3://osu-well-records-225989338968/pdfs/ExportedFolderContents_1/1922/12 - December/03716439_RIVERBED 11-A_1052821.pdf,1,1922,12 - December,early,1920s,unknown,unknown,,Unclassified failure,pending,,,pending,,,,,pending,,,pending,,,pending,,,
03717043_EXIE FIFE 14_1052734,s3://osu-well-records-225989338968/pdfs/ExportedFolderContents_1/1922/12 - December/03717043_EXIE FIFE 14_1052734.pdf,1,1922,12 - December,early,1920s,unknown,unknown,,Unclassified failure,pending,,,pending,,,,,pending,,,pending,,,pending,,,
03750290_MARY NERO 1_1052718,s3://osu-well-records-225989338968/pdfs/ExportedFolderContents_1/1922/12 - December/03750290_MARY NERO 1_1052718.pdf,1,1922,12 - December,early,1920s,unknown,unknown,,Unclassified failure,pending,,,pending,,,,,pending,,,pending,,,pending,,,
03900017_STONE 1_1254928,s3://osu-well-records-225989338968/pdfs/ExportedFolderContents_1/1922/12 - December/03900017_STONE 1_1254928.pdf,1,1922,12 - December,early,1920s,unknown,unknown,,Unclassified failure,pending,,,pending,,,,,pending,,,pending,,,pending,,,
04702221_L E CREWS 7_1539118,s3://osu-well-records-225989338968/pdfs/ExportedFolderContents_1/1922/12 - December/04702221_L E CREWS 7_1539118.pdf,1,1922,12 - December,early,1920s,unknown,unknown,,Unclassified failure,pending,,,pending,,,,,pending,,,pending,,,pending,,,
04702234_LAURA CREWS NORTH 3_1539144,s3://osu-well-records-225989338968/pdfs/ExportedFolderContents_1/1922/12 - December/04702234_LAURA CREWS NORTH 3_1539144.pdf,1,1922,12 - December,early,1920s,unknown,unknown,,Unclassified failure,pending,,,pending,,,,,pending,,,pending,,,pending,,,
04702270_R R KISNER EAST 6_1539110,s3://osu-well-records-225989338968/pdfs/ExportedFolderContents_1/1922/12 - December/04702270_R R KISNER EAST 6_1539110.pdf,1,1922,12 - December,early,1920s,unknown,unknown,,Unclassified failure,pending,,,pending,,,,,pending,,,pending,,,pending,,,
04702459_THOMAS CAMPBELL 11_1539142,s3://osu-well-records-225989338968/pdfs/ExportedFolderContents_1/1922/12 - December/04702459_THOMAS CAMPBELL 11_1539142.pdf,1,1922,12 - December,early,1920s,unknown,unknown,,Unclassified failure,pending,,,pending,,,,,pending,,,pending,,,pending,,,
04702460_THOMAS CAMPBELL 12_1539115,s3://osu-well-records-225989338968/pdfs/ExportedFolderContents_1/1922/12 - December/04702460_THOMAS CAMPBELL 12_1539115.pdf,1,1922,12 - December,early,1920s,unknown,unknown,,Unclassified failure,pending,,,pending,,,,,pending,,,pending,,,pending,,,
04702964_FRICKENSCHMIDT 8_1539119,s3://osu-well-records-225989338968/pdfs/ExportedFolderContents_1/1922/12 - December/04702964_FRICKENSCHMIDT 8_1539119.pdf,1,1922,12 - December,early,1920s,unknown,unknown,,Unclassified failure,pending,,,pending,,,,,pending,,,pending,,,pending,,,
04702973_LOUIS WINDLER 5_1539121,s3://osu-well-records-225989338968/pdfs/ExportedFolderContents_1/1922/12 - December/04702973_LOUIS WINDLER 5_1539121.pdf,1,1922,12 - December,early,1920s,unknown,unknown,,Unclassified failure,pending,,,pending,,,,,pending,,,pending,,,pending,,,
04703017_W C HEIM 8_1539141,s3://osu-well-records-225989338968/pdfs/ExportedFolderContents_1/1922/12 - December/04703017_W C HEIM 8_1539141.pdf,1,1922,12 - December,early,1920s,unknown,unknown,,Unclassified failure,pending,,,pending,,,,,pending,,,pending,,,pending,,,
04703023_HEIM 6_1539137,s3://osu-well-records-225989338968/pdfs/ExportedFolderContents_1/1922/12 - December/04703023_HEIM 6_1539137.pdf,1,1922,12 - December,early,1920s,unknown,unknown,,Unclassified failure,pending,,,pending,,,,,pending,,,pending,,,pending,,,
04703057_ED KESSNER 4_1539134,s3://osu-well-records-225989338968/pdfs/ExportedFolderContents_1/1922/12 - December/04703057_ED KESSNER 4_1539134.pdf,1,1922,12 - December,early,1920s,unknown,unknown,,Unclassified failure,pending,,,pending,,,,,pending,,,pending,,,pending,,,
04703076_J REIGER 1_1539138,s3://osu-well-records-225989338968/pdfs/ExportedFolderContents_1/1922/12 - December/04703076_J REIGER 1_1539138.pdf,1,1922,12 - December,early,1920s,unknown,unknown,,Unclassified failure,pending,,,pending,,,,,pending,,,pending,,,pending,,,
04900696_E NEWBERRY 1_782086,s3://osu-well-records-225989338968/pdfs/ExportedFolderContents_1/1922/12 - December/04900696_E NEWBERRY 1_782086.pdf,1,1922,12 - December,early,1920s,unknown,unknown,,Unclassified failure,pending,,,pending,,,,,pending,,,pending,,,pending,,,
04901033_WALTER ORR 1-DD_782092,s3://osu-well-records-225989338968/pdfs/ExportedFolderContents_1/1922/12 - December/04901033_WALTER ORR 1-DD_782092.pdf,1,1922,12 - December,early,1920s,unknown,unknown,,Unclassified failure,pending,,,pending,,,,,pending,,,pending,,,pending,,,
04901103_R J MAULDIN B-8_782080,s3://osu-well-records-225989338968/pdfs/ExportedFolderContents_1/1922/12 - December/04901103_R J MAULDIN B-8_782080.pdf,1,1922,12 - December,early,1920s,unknown,unknown,,Unclassified failure,pending,,,pending,,,,,pending,,,pending,,,pending,,,
04901919_W E GUEST 1_588861,s3://osu-well-records-225989338968/pdfs/ExportedFolderContents_1/1922/12 - December/04901919_W E GUEST 1_588861.pdf,1,1922,12 - December,early,1920s,unknown,unknown,,Unclassified failure,pending,,,pending,,,,,pending,,,pending,,,pending,,,
04935377_P W RICHARDSON 4_782101,s3://osu-well-records-225989338968/pdfs/ExportedFolderContents_1/1922/12 - December/04935377_P W RICHARDSON 4_782101.pdf,1,1922,12 - December,early,1920s,unknown,unknown,,Unclassified failure,pending,,,pending,,,,,pending,,,pending,,,pending,,,
04935405_S H COWAN 14_782108,s3://osu-well-records-225989338968/pdfs/ExportedFolderContents_1/1922/12 - December/04935405_S H COWAN 14_782108.pdf,1,1922,12 - December,early,1920s,unknown,unknown,,Unclassified failure,pending,,,pending,,,,,pending,,,pending,,,pending,,,
04935544_WYATT 2_782097,s3://osu-well-records-225989338968/pdfs/ExportedFolderContents_1/1922/12 - December/04935544_WYATT 2_782097.pdf,1,1922,12 - December,early,1920s,unknown,unknown,,Unclassified failure,pending,,,pending,,,,,pending,,,pending,,,pending,,,
04935548_NEWBERRY 3_782089,s3://osu-well-records-225989338968/pdfs/ExportedFolderContents_1/1922/12 - December/04935548_NEWBERRY 3_782089.pdf,1,1922,12 - December,early,1920s,unknown,unknown,,Unclassified failure,pending,,,pending,,,,,pending,,,pending,,,pending,,,
04935551_WILLIE NEWBERRY 4_782112,s3://osu-well-records-225989338968/pdfs/ExportedFolderContents_1/1922/12 - December/04935551_WILLIE NEWBERRY 4_782112.pdf,1,1922,12 - December,early,1920s,unknown,unknown,,Unclassified failure,pending,,,pending,,,,,pending,,,pending,,,pending,,,
04935613_HARKREADER 5_782081,s3://osu-well-records-225989338968/pdfs/ExportedFolderContents_1/1922/12 - December/04935613_HARKREADER 5_782081.pdf,1,1922,12 - December,early,1920s,unknown,unknown,,Unclassified failure,pending,,,pending,,,,,pending,,,pending,,,pending,,,
04935613_HARKREADER 5_782082,s3://osu-well-records-225989338968/pdfs/ExportedFolderContents_1/1922/12 - December/04935613_HARKREADER 5_782082.pdf,1,1922,12 - December,early,1920s,unknown,unknown,,Unclassified failure,pending,,,pending,,,,,pending,,,pending,,,pending,,,
04935614_HARKREADER 6_782109,s3://osu-well-records-225989338968/pdfs/ExportedFolderContents_1/1922/12 - December/04935614_HARKREADER 6_782109.pdf,1,1922,12 - December,early,1920s,unknown,unknown,,Unclassified failure,pending,,,pending,,,,,pending,,,pending,,,pending,,,
05100369_BRISCOE 1_782083,s3://osu-well-records-225989338968/pdfs/ExportedFolderContents_1/1922/12 - December/05100369_BRISCOE 1_782083.pdf,1,1922,12 - December,early,1920s,unknown,unknown,,Unclassified failure,pending,,,pending,,,,,pending,,,pending,,,pending,,,
05100493_MCCAUGHTRY 1_782110,s3://osu-well-records-225989338968/pdfs/ExportedFolderContents_1/1922/12 - December/05100493_MCCAUGHTRY 1_782110.pdf,1,1922,12 - December,early,1920s,unknown,unknown,,Unclassified failure,pending,,,pending,,,,,pending,,,pending,,,pending,,,
05100603_CHANDLER 1_782107,s3://osu-well-records-225989338968/pdfs/ExportedFolderContents_1/1922/12 - December/05100603_CHANDLER 1_782107.pdf,1,1922,12 - December,early,1920s,unknown,unknown,,Unclassified failure,pending,,,pending,,,,,pending,,,pending,,,pending,,,
05135060_SERRATO 1_782104,s3://osu-well-records-225989338968/pdfs/ExportedFolderContents_1/1922/12 - December/05135060_SERRATO 1_782104.pdf,1,1922,12 - December,early,1920s,unknown,unknown,,Unclassified failure,pending,,,pending,,,,,pending,,,pending,,,pending,,,
05135142_SKIRVIN-FARWELL 1_782093,s3://osu-well-records-225989338968/pdfs/ExportedFolderContents_1/1922/12 - December/05135142_SKIRVIN-FARWELL 1_782093.pdf,1,1922,12 - December,early,1920s,unknown,unknown,,Unclassified failure,pending,,,pending,,,,,pending,,,pending,,,pending,,,
05136654_HOMER E SMITH 1_782096,s3://osu-well-records-225989338968/pdfs/ExportedFolderContents_1/1922/12 - December/05136654_HOMER E SMITH 1_782096.pdf,1,1922,12 - December,early,1920s,unknown,unknown,,Unclassified failure,pending,,,pending,,,,,pending,,,pending,,,pending,,,
06700340_MARTIN 1_920236,s3://osu-well-records-225989338968/pdfs/ExportedFolderContents_1/1922/12 - December/06700340_MARTIN 1_920236.pdf,1,1922,12 - December,early,1920s,unknown,unknown,,Unclassified failure,pending,,,pending,,,,,pending,,,pending,,,pending,,,
13714037_STEIFEL 5_920313,s3://osu-well-records-225989338968/pdfs/ExportedFolderContents_1/1922/12 - December/13714037_STEIFEL 5_920313.pdf,1,1922,12 - December,early,1920s,unknown,unknown,,Unclassified failure,pending,,,pending,,,,,pending,,,pending,,,pending,,,
13714410_J S DAMRON 1_920287,s3://osu-well-records-225989338968/pdfs/ExportedFolderContents_1/1922/12 - December/13714410_J S DAMRON 1_920287.pdf,1,1922,12 - December,early,1920s,unknown,unknown,,Unclassified failure,pending,,,pending,,,,,pending,,,pending,,,pending,,,
13901774_ALLISON 1_648552,s3://osu-well-records-225989338968/pdfs/ExportedFolderContents_1/1922/12 - December/13901774_ALLISON 1_648552.pdf,1,1922,12 - December,early,1920s,unknown,unknown,,Unclassified failure,pending,,,pending,,,,,pending,,,pending,,,pending,,,
14301255_ALLEN 1_516424,s3://osu-well-records-225989338968/pdfs/ExportedFolderContents_1/1922/12 - December/14301255_ALLEN 1_516424.pdf,1,1922,12 - December,early,1920s,unknown,unknown,,Unclassified failure,pending,,,pending,,,,,pending,,,pending,,,pending,,,
14302111_COSAR 4_1052862,s3://osu-well-records-225989338968/pdfs/ExportedFolderContents_1/1922/12 - December/14302111_COSAR 4_1052862.pdf,1,1922,12 - December,early,1920s,unknown,unknown,,Unclassified failure,pending,,,pending,,,,,pending,,,pending,,,pending,,,
14302306_HINES 1_1052709,s3://osu-well-records-225989338968/pdfs/ExportedFolderContents_1/1922/12 - December/14302306_HINES 1_1052709.pdf,1,1922,12 - December,early,1920s,unknown,unknown,,Unclassified failure,pending,,,pending,,,,,pending,,,pending,,,pending,,,
14302306_HINES 1_1052711,s3://osu-well-records-225989338968/pdfs/ExportedFolderContents_1/1922/12 - December/14302306_HINES 1_1052711.pdf,1,1922,12 - December,early,1920s,unknown,unknown,,Unclassified failure,pending,,,pending,,,,,pending,,,pending,,,pending,,,
14302306_HINES 1_516390,s3://osu-well-records-225989338968/pdfs/ExportedFolderContents_1/1922/12 - December/14302306_HINES 1_516390.pdf,1,1922,12 - December,early,1920s,unknown,unknown,,Unclassified failure,pending,,,pending,,,,,pending,,,pending,,,pending,,,
14302306_HINES 1_516391,s3://osu-well-records-225989338968/pdfs/ExportedFolderContents_1/1922/12 - December/14302306_HINES 1_516391.pdf,1,1922,12 - December,early,1920s,unknown,unknown,,Unclassified failure,pending,,,pending,,,,,pending,,,pending,,,pending,,,
14305416_W P JOHNSON 13_1414193,s3://osu-well-records-225989338968/pdfs/ExportedFolderContents_1/1922/12 - December/14305416_W P JOHNSON 13_1414193.pdf,1,1922,12 - December,early,1920s,unknown,unknown,,Unclassified failure,pending,,,pending,,,,,pending,,,pending,,,pending,,,
14305437_WILLIAM ELLIS 16_1414221,s3://osu-well-records-225989338968/pdfs/ExportedFolderContents_1/1922/12 - December/14305437_WILLIAM ELLIS 16_1414221.pdf,1,1922,12 - December,early,1920s,unknown,unknown,,Unclassified failure,pending,,,pending,,,,,pending,,,pending,,,pending,,,
14305759_BLAKEMORE 2_1414165,s3://osu-well-records-225989338968/pdfs/ExportedFolderContents_1/1922/12 - December/14305759_BLAKEMORE 2_1414165.pdf,1,1922,12 - December,early,1920s,unknown,unknown,,Unclassified failure,pending,,,pending,,,,,pending,,,pending,,,pending,,,
14305807_MCLANE 1_1414131,s3://osu-well-records-225989338968/pdfs/ExportedFolderContents_1/1922/12 - December/14305807_MCLANE 1_1414131.pdf,1,1922,12 - December,early,1920s,unknown,unknown,,Unclassified failure,pending,,,pending,,,,,pending,,,pending,,,pending,,,
14305889_A H COLLINS 3_1414173,s3://osu-well-records-225989338968/pdfs/ExportedFolderContents_1/1922/12 - December/14305889_A H COLLINS 3_1414173.pdf,1,1922,12 - December,early,1920s,unknown,unknown,,Unclassified failure,pending,,,pending,,,,,pending,,,pending,,,pending,,,
14305925_M ADKISSON 1-A_1414166,s3://osu-well-records-225989338968/pdfs/ExportedFolderContents_1/1922/12 - December/14305925_M ADKISSON 1-A_1414166.pdf,1,1922,12 - December,early,1920s,unknown,unknown,,Unclassified failure,pending,,,pending,,,,,pending,,,pending,,,pending,,,
14305928_M ADKISSON 23_1414168,s3://osu-well-records-225989338968/pdfs/ExportedFolderContents_1/1922/12 - December/14305928_M ADKISSON 23_1414168.pdf,1,1922,12 - December,early,1920s,unknown,unknown,,Unclassified failure,pending,,,pending,,,,,pending,,,pending,,,pending,,,
14501618_EDWIN LEE OLIVER 3_1364273,s3://osu-well-records-225989338968/pdfs/ExportedFolderContents_1/1922/12 - December/14501618_EDWIN LEE OLIVER 3_1364273.pdf,1,1922,12 - December,early,1920s,unknown,unknown,,Unclassified failure,pending,,,pending,,,,,pending,,,pending,,,pending,,,
14502041_HARRIS 3_1364283,s3://osu-well-records-225989338968/pdfs/ExportedFolderContents_1/1922/12 - December/14502041_HARRIS 3_1364283.pdf,1,1922,12 - December,early,1920s,unknown,unknown,,Unclassified failure,pending,,,pending,,,,,pending,,,pending,,,pending,,,
14502049_JOE COLBERT 4_1364289,s3://osu-well-records-225989338968/pdfs/ExportedFolderContents_1/1922/12 - December/14502049_JOE COLBERT 4_1364289.pdf,1,1922,12 - December,early,1920s,unknown,unknown,,Unclassified failure,pending,,,pending,,,,,pending,,,pending,,,pending,,,
14502626_BETHEL 2_1364269,s3://osu-well-records-225989338968/pdfs/ExportedFolderContents_1/1922/12 - December/14502626_BETHEL 2_1364269.pdf,1,1922,12 - December,early,1920s,unknown,unknown,,Unclassified failure,pending,,,pending,,,,,pending,,,pending,,,pending,,,
14505052_WEAVER 1_1364274,s3://osu-well-records-225989338968/pdfs/ExportedFolderContents_1/1922/12 - December/14505052_WEAVER 1_1364274.pdf,1,1922,12 - December,early,1920s,unknown,unknown,,Unclassified failure,pending,,,pending,,,,,pending,,,pending,,,pending,,,
14506144_VERNON 1 _1364298,s3://osu-well-records-225989338968/pdfs/ExportedFolderContents_1/1922/12 - December/14506144_VERNON 1 _1364298.pdf,1,1922,12 - December,early,1920s,unknown,unknown,,Unclassified failure,pending,,,pending,,,,,pending,,,pending,,,pending,,,
14702265_CLEMENTS 2_516416,s3://osu-well-records-225989338968/pdfs/ExportedFolderContents_1/1922/12 - December/14702265_CLEMENTS 2_516416.pdf,1,1922,12 - December,early,1920s,unknown,unknown,,Unclassified failure,pending,,,pending,,,,,pending,,,pending,,,pending,,,
14703130_ELLA COLEMAN 5_1414187,s3://osu-well-records-225989338968/pdfs/ExportedFolderContents_1/1922/12 - December/14703130_ELLA COLEMAN 5_1414187.pdf,1,1922,12 - December,early,1920s,unknown,unknown,,Unclassified failure,pending,,,pending,,,,,pending,,,pending,,,pending,,,
14703240_HILDEBRAND 25_516383,s3://osu-well-records-225989338968/pdfs/ExportedFolderContents_1/1922/12 - December/14703240_HILDEBRAND 25_516383.pdf,1,1922,12 - December,early,1920s,unknown,unknown,,Unclassified failure,pending,,,pending,,,,,pending,,,pending,,,pending,,,
14705055_WILNER 8-OLD_516415,s3://osu-well-records-225989338968/pdfs/ExportedFolderContents_1/1922/12 - December/14705055_WILNER 8-OLD_516415.pdf,1,1922,12 - December,early,1920s,unknown,unknown,,Unclassified failure,pending,,,pending,,,,,pending,,,pending,,,pending,,,
14707698_JT MACKEL 2_1414236,s3://osu-well-records-225989338968/pdfs/ExportedFolderContents_1/1922/12 - December/14707698_JT MACKEL 2_1414236.pdf,1,1922,12 - December,early,1920s,unknown,unknown,,Unclassified failure,pending,,,pending,,,,,pending,,,pending,,,pending,,,
35019007120000_CARNEY 14_1696426,s3://osu-well-records-225989338968/pdfs/ExportedFolderContents_1/1922/12 - December/35019007120000_CARNEY 14_1696426.pdf,1,1922,12 - December,early,1920s,unknown,unknown,,Unclassified failure,pending,,,pending,,,,,pending,,,pending,,,pending,,,
35019115530000_CRUCE 17 2ND HOLE_1696403,s3://osu-well-records-225989338968/pdfs/ExportedFolderContents_1/1922/12 - December/35019115530000_CRUCE 17 2ND HOLE_1696403.pdf,1,1922,12 - December,early,1920s,unknown,unknown,,Unclassified failure,pending,,,pending,,,,,pending,,,pending,,,pending,,,
35019760530000_SPARKS 1_1696446,s3://osu-well-records-225989338968/pdfs/ExportedFolderContents_1/1922/12 - December/35019760530000_SPARKS 1_1696446.pdf,1,1922,12 - December,early,1920s,unknown,unknown,,Unclassified failure,pending,,,pending,,,,,pending,,,pending,,,pending,,,
35019760850000_W CARNEY (10A) 2_1696407,s3://osu-well-records-225989338968/pdfs/ExportedFolderContents_1/1922/12 - December/35019760850000_W CARNEY (10A) 2_1696407.pdf,1,1922,12 - December,early,1920s,unknown,unknown,,Unclassified failure,pending,,,pending,,,,,pending,,,pending,,,pending,,,
35031025220000_GOVT RESERVE 1_1843810,s3://osu-well-records-225989338968/pdfs/ExportedFolderContents_1/1922/12 - December/35031025220000_GOVT RESERVE 1_1843810.pdf,1,1922,12 - December,early,1920s,unknown,unknown,,Unclassified failure,pending,,,pending,,,,,pending,,,pending,,,pending,,,
35037023560000_ALVA HICKMAN 1_2003562,s3://osu-well-records-225989338968/pdfs/ExportedFolderContents_1/1922/12 - December/35037023560000_ALVA HICKMAN 1_2003562.pdf,1,1922,12 - December,early,1920s,unknown,unknown,,Unclassified failure,pending,,,pending,,,,,pending,,,pending,,,pending,,,
35037024550000_UNGLESBE 1_2003816,s3://osu-well-records-225989338968/pdfs/ExportedFolderContents_1/1922/12 - December/35037024550000_UNGLESBE 1_2003816.pdf,1,1922,12 - December,early,1920s,unknown,unknown,,Unclassified failure,pending,,,pending,,,,,pending,,,pending,,,pending,,,
35037035260000_ALBERT KELLY & J HENEHA 8_2003639,s3://osu-well-records-225989338968/pdfs/ExportedFolderContents_1/1922/12 - December/35037035260000_ALBERT KELLY & J HENEHA 8_2003639.pdf,1,1922,12 - December,early,1920s,unknown,unknown,,Unclassified failure,pending,,,pending,,,,,pending,,,pending,,,pending,,,
35037035260000_ALBERT KELLY & J HENEHA 8_2003644,s3://osu-well-records-225989338968/pdfs/ExportedFolderContents_1/1922/12 - December/35037035260000_ALBERT KELLY & J HENEHA 8_2003644.pdf,1,1922,12 - December,early,1920s,unknown,unknown,,Unclassified failure,pending,,,pending,,,,,pending,,,pending,,,pending,,,
35037037580000_SCOTT N 2_2003666,s3://osu-well-records-225989338968/pdfs/ExportedFolderContents_1/1922/12 - December/35037037580000_SCOTT N 2_2003666.pdf,1,1922,12 - December,early,1920s,unknown,unknown,,Unclassified failure,pending,,,pending,,,,,pending,,,pending,,,pending,,,
35037041370000_L BEAVER 1_2003749,s3://osu-well-records-225989338968/pdfs/ExportedFolderContents_1/1922/12 - December/35037041370000_L BEAVER 1_2003749.pdf,1,1922,12 - December,early,1920s,unknown,unknown,,Unclassified failure,pending,,,pending,,,,,pending,,,pending,,,pending,,,
35037041790000_TAYLOR HAWKINS 4_2003575,s3://osu-well-records-225989338968/pdfs/ExportedFolderContents_1/1922/12 - December/35037041790000_TAYLOR HAWKINS 4_2003575.pdf,1,1922,12 - December,early,1920s,unknown,unknown,,Unclassified failure,pending,,,pending,,,,,pending,,,pending,,,pending,,,
35037041810000_TAYLOR HAWKINS 2_2003732,s3://osu-well-records-225989338968/pdfs/ExportedFolderContents_1/1922/12 - December/35037041810000_TAYLOR HAWKINS 2_2003732.pdf,1,1922,12 - December,early,1920s,unknown,unknown,,Unclassified failure,pending,,,pending,,,,,pending,,,pending,,,pending,,,
35037042080000_HAGER JACKSON 7_2003660,s3://osu-well-records-225989338968/pdfs/ExportedFolderContents_1/1922/12 - December/35037042080000_HAGER JACKSON 7_2003660.pdf,1,1922,12 - December,early,1920s,unknown,unknown,,Unclassified failure,pending,,,pending,,,,,pending,,,pending,,,pending,,,
35037043920000_NARCHUBBY ELLIS_2003743,s3://osu-well-records-225989338968/pdfs/ExportedFolderContents_1/1922/12 - December/35037043920000_NARCHUBBY ELLIS_2003743.pdf,1,1922,12 - December,early,1920s,unknown,unknown,,Unclassified failure,pending,,,pending,,,,,pending,,,pending,,,pending,,,
35037043920000_NARCHUBBY ELLIS_2003748,s3://osu-well-records-225989338968/pdfs/ExportedFolderContents_1/1922/12 - December/35037043920000_NARCHUBBY ELLIS_2003748.pdf,1,1922,12 - December,early,1920s,unknown,unknown,,Unclassified failure,pending,,,pending,,,,,pending,,,pending,,,pending,,,
35037069900000_ORCUTT 14_2003627,s3://osu-well-records-225989338968/pdfs/ExportedFolderContents_1/1922/12 - December/35037069900000_ORCUTT 14_2003627.pdf,1,1922,12 - December,early,1920s,unknown,unknown,,Unclassified failure,pending,,,pending,,,,,pending,,,pending,,,pending,,,
35037071740000_BARNEY 2_2003552,s3://osu-well-records-225989338968/pdfs/ExportedFolderContents_1/1922/12 - December/35037071740000_BARNEY 2_2003552.pdf,1,1922,12 - December,early,1920s,unknown,unknown,,Unclassified failure,pending,,,pending,,,,,pending,,,pending,,,pending,,,
35037071780000_MURRELL EDNA _B_ 1_2003557,s3://osu-well-records-225989338968/pdfs/ExportedFolderContents_1/1922/12 - December/35037071780000_MURRELL EDNA _B_ 1_2003557.pdf,1,1922,12 - December,early,1920s,unknown,unknown,,Unclassified failure,pending,,,pending,,,,,pending,,,pending,,,pending,,,
35037072490000_PANOSKE 3_2003611,s3://osu-well-records-225989338968/pdfs/ExportedFolderContents_1/1922/12 - December/35037072490000_PANOSKE 3_2003611.pdf,1,1922,12 - December,early,1920s,unknown,unknown,,Unclassified failure,pending,,,pending,,,,,pending,,,pending,,,pending,,,
35037073610000_P L SHOALS _C__2003776,s3://osu-well-records-225989338968/pdfs/ExportedFolderContents_1/1922/12 - December/35037073610000_P L SHOALS _C__2003776.pdf,1,1922,12 - December,early,1920s,unknown,unknown,,Unclassified failure,pending,,,pending,,,,,pending,,,pending,,,pending,,,
35037073700000_P L SHOALS _C__2003792,s3://osu-well-records-225989338968/pdfs/ExportedFolderContents_1/1922/12 - December/35037073700000_P L SHOALS _C__2003792.pdf,1,1922,12 - December,early,1920s,unknown,unknown,,Unclassified failure,pending,,,pending,,,,,pending,,,pending,,,pending,,,
35037073830000_C. WHITTAKER_2003641,s3://osu-well-records-225989338968/pdfs/ExportedFolderContents_1/1922/12 - December/35037073830000_C. WHITTAKER_2003641.pdf,1,1922,12 - December,early,1920s,unknown,unknown,,Unclassified failure,pending,,,pending,,,,,pending,,,pending,,,pending,,,
35037074020000_H. VAUGHN_2003571,s3://osu-well-records-225989338968/pdfs/ExportedFolderContents_1/1922/12 - December/35037074020000_H. VAUGHN_2003571.pdf,1,1922,12 - December,early,1920s,unknown,unknown,,Unclassified failure,pending,,,pending,,,,,pending,,,pending,,,pending,,,
35037075760000_HAMILTON J H_2003750,s3://osu-well-records-225989338968/pdfs/ExportedFolderContents_1/1922/12 - December/35037075760000_HAMILTON J H_2003750.pdf,1,1922,12 - December,early,1920s,unknown,unknown,,Unclassified failure,pending,,,pending,,,,,pending,,,pending,,,pending,,,
35037075950000_COLAW A L_2003623,s3://osu-well-records-225989338968/pdfs/ExportedFolderContents_1/1922/12 - December/35037075950000_COLAW A L_2003623.pdf,1,1922,12 - December,early,1920s,unknown,unknown,,Unclassified failure,pending,,,pending,,,,,pending,,,pending,,,pending,,,
35037077260000_JOHNNIE ADAMS_2003735,s3://osu-well-records-225989338968/pdfs/ExportedFolderContents_1/1922/12 - December/35037077260000_JOHNNIE ADAMS_2003735.pdf,1,1922,12 - December,early,1920s,unknown,unknown,,Unclassified failure,pending,,,pending,,,,,pending,,,pending,,,pending,,,
35037077260000_JOHNNIE ADAMS_2003736,s3://osu-well-records-225989338968/pdfs/ExportedFolderContents_1/1922/12 - December/35037077260000_JOHNNIE ADAMS_2003736.pdf,1,1922,12 - December,early,1920s,unknown,unknown,,Unclassified failure,pending,,,pending,,,,,pending,,,pending,,,pending,,,
35037077360000_FRANK JACOBS_2003771,s3://osu-well-records-225989338968/pdfs/ExportedFolderContents_1/1922/12 - December/35037077360000_FRANK JACOBS_2003771.pdf,1,1922,12 - December,early,1920s,unknown,unknown,,Unclassified failure,pending,,,pending,,,,,pending,,,pending,,,pending,,,
35037077360000_FRANK JACOBS_2003772,s3://osu-well-records-225989338968/pdfs/ExportedFolderContents_1/1922/12 - December/35037077360000_FRANK JACOBS_2003772.pdf,1,1922,12 - December,early,1920s,unknown,unknown,,Unclassified failure,pending,,,pending,,,,,pending,,,pending,,,pending,,,
35037081220000_PAGE R B 2_2003551,s3://osu-well-records-225989338968/pdfs/ExportedFolderContents_1/1922/12 - December/35037081220000_PAGE R B 2_2003551.pdf,1,1922,12 - December,early,1920s,unknown,unknown,,Unclassified failure,pending,,,pending,,,,,pending,,,pending,,,pending,,,
35037081220000_PAGE R B 2_2003554,s3://osu-well-records-225989338968/pdfs/ExportedFolderContents_1/1922/12 - December/35037081220000_PAGE R B 2_2003554.pdf,1,1922,12 - December,early,1920s,unknown,unknown,,Unclassified failure,pending,,,pending,,,,,pending,,,pending,,,pending,,,
35037082210000_CUMSEY 6_2003637,s3://osu-well-records-225989338968/pdfs/ExportedFolderContents_1/1922/12 - December/35037082210000_CUMSEY 6_2003637.pdf,1,1922,12 - December,early,1920s,unknown,unknown,,Unclassified failure,pending,,,pending,,,,,pending,,,pending,,,pending,,,
35037131800000_MCCLAIN 1_2003691,s3://osu-well-records-225989338968/pdfs/ExportedFolderContents_1/1922/12 - December/35037131800000_MCCLAIN 1_2003691.pdf,1,1922,12 - December,early,1920s,unknown,unknown,,Unclassified failure,pending,,,pending,,,,,pending,,,pending,,,pending,,,
35037140890000_SANDY FRY 1_2003753,s3://osu-well-records-225989338968/pdfs/ExportedFolderContents_1/1922/12 - December/35037140890000_SANDY FRY 1_2003753.pdf,1,1922,12 - December,early,1920s,unknown,unknown,,Unclassified failure,pending,,,pending,,,,,pending,,,pending,,,pending,,,
35037166270000_SELLS BIRDIE 22_2003650,s3://osu-well-records-225989338968/pdfs/ExportedFolderContents_1/1922/12 - December/35037166270000_SELLS BIRDIE 22_2003650.pdf,1,1922,12 - December,early,1920s,unknown,unknown,,Unclassified failure,pending,,,pending,,,,,pending,,,pending,,,pending,,,
35037175030000_TAYLOR HAWKINS 6_2003698,s3://osu-well-records-225989338968/pdfs/ExportedFolderContents_1/1922/12 - December/35037175030000_TAYLOR HAWKINS 6_2003698.pdf,1,1922,12 - December,early,1920s,unknown,unknown,,Unclassified failure,pending,,,pending,,,,,pending,,,pending,,,pending,,,
35037180600000_HOUSTON_2003566,s3://osu-well-records-225989338968/pdfs/ExportedFolderContents_1/1922/12 - December/35037180600000_HOUSTON_2003566.pdf,1,1922,12 - December,early,1920s,unknown,unknown,,Unclassified failure,pending,,,pending,,,,,pending,,,pending,,,pending,,,
35037750360000_ESSIE KING 1_2003766,s3://osu-well-records-225989338968/pdfs/ExportedFolderContents_1/1922/12 - December/35037750360000_ESSIE KING 1_2003766.pdf,1,1922,12 - December,early,1920s,unknown,unknown,,Unclassified failure,pending,,,pending,,,,,pending,,,pending,,,pending,,,
00000000_No Data_1053103,s3://osu-well-records-225989338968/pdfs/ExportedFolderContents_1/1923/01 - January/00000000_No Data_1053103.pdf,1,1923,01 - January,early,1920s,unknown,unknown,,Unclassified failure,pending,,,pending,,,,,pending,,,pending,,,pending,,,
00000000_No Data_1053125,s3://osu-well-records-225989338968/pdfs/ExportedFolderContents_1/1923/01 - January/00000000_No Data_1053125.pdf,1,1923,01 - January,early,1920s,unknown,unknown,,Unclassified failure,pending,,,pending,,,,,pending,,,pending,,,pending,,,
00000000_No Data_1053213,s3://osu-well-records-225989338968/pdfs/ExportedFolderContents_1/1923/01 - January/00000000_No Data_1053213.pdf,1,1923,01 - January,early,1920s,unknown,unknown,,Unclassified failure,pending,,,pending,,,,,pending,,,pending,,,pending,,,
00000000_No Data_1053249,s3://osu-well-records-225989338968/pdfs/ExportedFolderContents_1/1923/01 - January/00000000_No Data_1053249.pdf,1,1923,01 - January,early,1920s,unknown,unknown,,Unclassified failure,pending,,,pending,,,,,pending,,,pending,,,pending,,,
00000000_No Data_1053275,s3://osu-well-records-225989338968/pdfs/ExportedFolderContents_1/1923/01 - January/00000000_No Data_1053275.pdf,1,1923,01 - January,early,1920s,unknown,unknown,,Unclassified failure,pending,,,pending,,,,,pending,,,pending,,,pending,,,
00000000_No Data_1414357,s3://osu-well-records-225989338968/pdfs/ExportedFolderContents_1/1923/01 - January/00000000_No Data_1414357.pdf,1,1923,01 - January,early,1920s,unknown,unknown,,Unclassified failure,pending,,,pending,,,,,pending,,,pending,,,pending,,,
00000000_No Data_1618177,s3://osu-well-records-225989338968/pdfs/ExportedFolderContents_1/1923/01 - January/00000000_No Data_1618177.pdf,1,1923,01 - January,early,1920s,unknown,unknown,,Unclassified failure,pending,,,pending,,,,,pending,,,pending,,,pending,,,
00000000_No Data_555829,s3://osu-well-records-225989338968/pdfs/ExportedFolderContents_1/1923/01 - January/00000000_No Data_555829.pdf,1,1923,01 - January,early,1920s,unknown,unknown,,Unclassified failure,pending,,,pending,,,,,pending,,,pending,,,pending,,,
00000000_WALTERS_782144,s3://osu-well-records-225989338968/pdfs/ExportedFolderContents_1/1923/01 - January/00000000_WALTERS_782144.pdf,1,1923,01 - January,early,1920s,unknown,unknown,,Unclassified failure,pending,,,pending,,,,,pending,,,pending,,,pending,,,
01900713_FRAZIER OR WALL 1_920420,s3://osu-well-records-225989338968/pdfs/ExportedFolderContents_1/1923/01 - January/01900713_FRAZIER OR WALL 1_920420.pdf,1,1923,01 - January,early,1920s,unknown,unknown,,Unclassified failure,pending,,,pending,,,,,pending,,,pending,,,pending,,,
01900730_A. BLACKWELL 2_920382,s3://osu-well-records-225989338968/pdfs/ExportedFolderContents_1/1923/01 - January/01900730_A. BLACKWELL 2_920382.pdf,1,1923,01 - January,early,1920s,unknown,unknown,,Unclassified failure,pending,,,pending,,,,,pending,,,pending,,,pending,,,
01901074_WATCHHORN 1_920368,s3://osu-well-records-225989338968/pdfs/ExportedFolderContents_1/1923/01 - January/01901074_WATCHHORN 1_920368.pdf,1,1923,01 - January,early,1920s,unknown,unknown,,Unclassified failure,pending,,,pending,,,,,pending,,,pending,,,pending,,,
01909000_EVA NOBLE 1_920366,s3://osu-well-records-225989338968/pdfs/ExportedFolderContents_1/1923/01 - January/01909000_EVA NOBLE 1_920366.pdf,1,1923,01 - January,early,1920s,unknown,unknown,,Unclassified failure,pending,,,pending,,,,,pending,,,pending,,,pending,,,
01909005_DILLARD 8_920385,s3://osu-well-records-225989338968/pdfs/ExportedFolderContents_1/1923/01 - January/01909005_DILLARD 8_920385.pdf,1,1923,01 - January,early,1920s,unknown,unknown,,Unclassified failure,pending,,,pending,,,,,pending,,,pending,,,pending,,,
01909535_R CHOATE 2_920389,s3://osu-well-records-225989338968/pdfs/ExportedFolderContents_1/1923/01 - January/01909535_R CHOATE 2_920389.pdf,1,1923,01 - January,early,1920s,unknown,unknown,,Unclassified failure,pending,,,pending,,,,,pending,,,pending,,,pending,,,
01909536_R CHOATE 1_920391,s3://osu-well-records-225989338968/pdfs/ExportedFolderContents_1/1923/01 - January/01909536_R CHOATE 1_920391.pdf,1,1923,01 - January,early,1920s,unknown,unknown,,Unclassified failure,pending,,,pending,,,,,pending,,,pending,,,pending,,,
01909536_R CHOATE 1_920392,s3://osu-well-records-225989338968/pdfs/ExportedFolderContents_1/1923/01 - January/01909536_R CHOATE 1_920392.pdf,1,1923,01 - January,early,1920s,unknown,unknown,,Unclassified failure,pending,,,pending,,,,,pending,,,pending,,,pending,,,
01909543_RINGLING 2_920338,s3://osu-well-records-225989338968/pdfs/ExportedFolderContents_1/1923/01 - January/01909543_RINGLING 2_920338.pdf,1,1923,01 - January,early,1920s,unknown,unknown,,Unclassified failure,pending,,,pending,,,,,pending,,,pending,,,pending,,,
01909570_DAVIS 12_920347,s3://osu-well-records-225989338968/pdfs/ExportedFolderContents_1/1923/01 - January/01909570_DAVIS 12_920347.pdf,1,1923,01 - January,early,1920s,unknown,unknown,,Unclassified failure,pending,,,pending,,,,,pending,,,pending,,,pending,,,
01911318_J H DILLARD 14_920374,s3://osu-well-records-225989338968/pdfs/ExportedFolderContents_1/1923/01 - January/01911318_J H DILLARD 14_920374.pdf,1,1923,01 - January,early,1920s,unknown,unknown,,Unclassified failure,pending,,,pending,,,,,pending,,,pending,,,pending,,,
01911378_J H DILLARD 42_920411,s3://osu-well-records-225989338968/pdfs/ExportedFolderContents_1/1923/01 - January/01911378_J H DILLARD 42_920411.pdf,1,1923,01 - January,early,1920s,unknown,unknown,,Unclassified failure,pending,,,pending,,,,,pending,,,pending,,,pending,,,
01911727_EVA NOBLE 6_920354,s3://osu-well-records-225989338968/pdfs/ExportedFolderContents_1/1923/01 - January/01911727_EVA NOBLE 6_920354.pdf,1,1923,01 - January,early,1920s,unknown,unknown,,Unclassified failure,pending,,,pending,,,,,pending,,,pending,,,pending,,,
01911877_DENNY B 5_920337,s3://osu-well-records-225989338968/pdfs/ExportedFolderContents_1/1923/01 - January/01911877_DENNY B 5_920337.pdf,1,1923,01 - January,early,1920s,unknown,unknown,,Unclassified failure,pending,,,pending,,,,,pending,,,pending,,,pending,,,
01912046_LOWERY F 90 A 30_920336,s3://osu-well-records-225989338968/pdfs/ExportedFolderContents_1/1923/01 - January/01912046_LOWERY F 90 A 30_920336.pdf,1,1923,01 - January,early,1920s,unknown,unknown,,Unclassified failure,pending,,,pending,,,,,pending,,,pending,,,pending,,,
01912539_SAM BAPTISTE 11_516450,s3://osu-well-records-225989338968/pdfs/ExportedFolderContents_1/1923/01 - January/01912539_SAM BAPTISTE 11_516450.pdf,1,1923,01 - January,early,1920s,unknown,unknown,,Unclassified failure,pending,,,pending,,,,,pending,,,pending,,,pending,,,
01912540_SAM BAPTISTE 12_516452,s3://osu-well-records-225989338968/pdfs/ExportedFolderContents_1/1923/01 - January/01912540_SAM BAPTISTE 12_516452.pdf,1,1923,01 - January,early,1920s,unknown,unknown,,Unclassified failure,pending,,,pending,,,,,pending,,,pending,,,pending,,,
01912541_S BAPTISTE 13_516465,s3://osu-well-records-225989338968/pdfs/ExportedFolderContents_1/1923/01 - January/01912541_S BAPTISTE 13_516465.pdf,1,1923,01 - January,early,1920s,unknown,unknown,,Unclassified failure,pending,,,pending,,,,,pending,,,pending,,,pending,,,
01912541_S BAPTISTE 13_516466,s3://osu-well-records-225989338968/pdfs/ExportedFolderContents_1/1923/01 - January/01912541_S BAPTISTE 13_516466.pdf,1,1923,01 - January,early,1920s,unknown,unknown,,Unclassified failure,pending,,,pending,,,,,pending,,,pending,,,pending,,,
01912568_MADELINE FARVE 5_516463,s3://osu-well-records-225989338968/pdfs/ExportedFolderContents_1/1923/01 - January/01912568_MADELINE FARVE 5_516463.pdf,1,1923,01 - January,early,1920s,unknown,unknown,,Unclassified failure,pending,,,pending,,,,,pending,,,pending,,,pending,,,
01914169_A,s3://osu-well-records-225989338968/pdfs/ExportedFolderContents_1/1923/01 - January/01914169_A.pdf,1,1923,01 - January,early,1920s,unknown,unknown,,Unclassified failure,pending,,,pending,,,,,pending,,,pending,,,pending,,,
01914392_BROOKS 2_920340,s3://osu-well-records-225989338968/pdfs/ExportedFolderContents_1/1923/01 - January/01914392_BROOKS 2_920340.pdf,1,1923,01 - January,early,1920s,unknown,unknown,,Unclassified failure,pending,,,pending,,,,,pending,,,pending,,,pending,,,
01976035_J H BENNETT 1 (2ND HOLE)_920325,s3://osu-well-records-225989338968/pdfs/ExportedFolderContents_1/1923/01 - January/01976035_J H BENNETT 1 (2ND HOLE)_920325.pdf,1,1923,01 - January,early,1920s,unknown,unknown,,Unclassified failure,pending,,,pending,,,,,pending,,,pending,,,pending,,,
03700498_WHITE 1_1053133,s3://osu-well-records-225989338968/pdfs/ExportedFolderContents_1/1923/01 - January/03700498_WHITE 1_1053133.pdf,1,1923,01 - January,early,1920s,unknown,unknown,,Unclassified failure,pending,,,pending,,,,,pending,,,pending,,,pending,,,
03700525_WADSWORTH 1_1053226,s3://osu-well-records-225989338968/pdfs/ExportedFolderContents_1/1923/01 - January/03700525_WADSWORTH 1_1053226.pdf,1,1923,01 - January,early,1920s,unknown,unknown,,Unclassified failure,pending,,,pending,,,,,pending,,,pending,,,pending,,,
03700846_NITTY MARSHALL 1_1053163,s3://osu-well-records-225989338968/pdfs/ExportedFolderContents_1/1923/01 - January/03700846_NITTY MARSHALL 1_1053163.pdf,1,1923,01 - January,early,1920s,unknown,unknown,,Unclassified failure,pending,,,pending,,,,,pending,,,pending,,,pending,,,
03701742_LENA YAHOLA 1_1053266,s3://osu-well-records-225989338968/pdfs/ExportedFolderContents_1/1923/01 - January/03701742_LENA YAHOLA 1_1053266.pdf,1,1923,01 - January,early,1920s,unknown,unknown,,Unclassified failure,pending,,,pending,,,,,pending,,,pending,,,pending,,,
03702435_HARPLEY JOHNSON 1_1053285,s3://osu-well-records-225989338968/pdfs/ExportedFolderContents_1/1923/01 - January/03702435_HARPLEY JOHNSON 1_1053285.pdf,1,1923,01 - January,early,1920s,unknown,unknown,,Unclassified failure,pending,,,pending,,,,,pending,,,pending,,,pending,,,
03702466_EXIE FIFE 13_1053149,s3://osu-well-records-225989338968/pdfs/ExportedFolderContents_1/1923/01 - January/03702466_EXIE FIFE 13_1053149.pdf,1,1923,01 - January,early,1920s,unknown,unknown,,Unclassified failure,pending,,,pending,,,,,pending,,,pending,,,pending,,,
03702727_JOSEPH C BEAVER 2_1053043,s3://osu-well-records-225989338968/pdfs/ExportedFolderContents_1/1923/01 - January/03702727_JOSEPH C BEAVER 2_1053043.pdf,1,1923,01 - January,early,1920s,unknown,unknown,,Unclassified failure,pending,,,pending,,,,,pending,,,pending,,,pending,,,
03703118_JEFF DAVIS 1_1053177,s3://osu-well-records-225989338968/pdfs/ExportedFolderContents_1/1923/01 - January/03703118_JEFF DAVIS 1_1053177.pdf,1,1923,01 - January,early,1920s,unknown,unknown,,Unclassified failure,pending,,,pending,,,,,pending,,,pending,,,pending,,,
03703138_JEFF DAVIS 2_1053185,s3://osu-well-records-225989338968/pdfs/ExportedFolderContents_1/1923/01 - January/03703138_JEFF DAVIS 2_1053185.pdf,1,1923,01 - January,early,1920s,unknown,unknown,,Unclassified failure,pending,,,pending,,,,,pending,,,pending,,,pending,,,
03703339_COLBERT BEAVER 1_1053019,s3://osu-well-records-225989338968/pdfs/ExportedFolderContents_1/1923/01 - January/03703339_COLBERT BEAVER 1_1053019.pdf,1,1923,01 - January,early,1920s,unknown,unknown,,Unclassified failure,pending,,,pending,,,,,pending,,,pending,,,pending,,,
03703339_COLBERT BEAVER 1_1053168,s3://osu-well-records-225989338968/pdfs/ExportedFolderContents_1/1923/01 - January/03703339_COLBERT BEAVER 1_1053168.pdf,1,1923,01 - January,early,1920s,unknown,unknown,,Unclassified failure,pending,,,pending,,,,,pending,,,pending,,,pending,,,
03703339_COLBERT BEAVER 1_1053181,s3://osu-well-records-225989338968/pdfs/ExportedFolderContents_1/1923/01 - January/03703339_COLBERT BEAVER 1_1053181.pdf,1,1923,01 - January,early,1920s,unknown,unknown,,Unclassified failure,pending,,,pending,,,,,pending,,,pending,,,pending,,,
03703782_MYRTLE WEST 3_1053258,s3://osu-well-records-225989338968/pdfs/ExportedFolderContents_1/1923/01 - January/03703782_MYRTLE WEST 3_1053258.pdf,1,1923,01 - January,early,1920s,unknown,unknown,,Unclassified failure,pending,,,pending,,,,,pending,,,pending,,,pending,,,
03703787_ROBERSON 1_1053222,s3://osu-well-records-225989338968/pdfs/ExportedFolderContents_1/1923/01 - January/03703787_ROBERSON 1_1053222.pdf,1,1923,01 - January,early,1920s,unknown,unknown,,Unclassified failure,pending,,,pending,,,,,pending,,,pending,,,pending,,,
03703817_L BOWLEGS 1_1053137,s3://osu-well-records-225989338968/pdfs/ExportedFolderContents_1/1923/01 - January/03703817_L BOWLEGS 1_1053137.pdf,1,1923,01 - January,early,1920s,unknown,unknown,,Unclassified failure,pending,,,pending,,,,,pending,,,pending,,,pending,,,
03703995_WILSON 1-A_1053017,s3://osu-well-records-225989338968/pdfs/ExportedFolderContents_1/1923/01 - January/03703995_WILSON 1-A_1053017.pdf,1,1923,01 - January,early,1920s,unknown,unknown,,Unclassified failure,pending,,,pending,,,,,pending,,,pending,,,pending,,,
03704169_B MARSHALL 2_1053236,s3://osu-well-records-225989338968/pdfs/ExportedFolderContents_1/1923/01 - January/03704169_B MARSHALL 2_1053236.pdf,1,1923,01 - January,early,1920s,unknown,unknown,,Unclassified failure,pending,,,pending,,,,,pending,,,pending,,,pending,,,
03704170_MARSHALL BENNY 1_1053198,s3://osu-well-records-225989338968/pdfs/ExportedFolderContents_1/1923/01 - January/03704170_MARSHALL BENNY 1_1053198.pdf,1,1923,01 - January,early,1920s,unknown,unknown,,Unclassified failure,pending,,,pending,,,,,pending,,,pending,,,pending,,,
03704172_GEO CARMAN 1_1052949,s3://osu-well-records-225989338968/pdfs/ExportedFolderContents_1/1923/01 - January/03704172_GEO CARMAN 1_1052949.pdf,1,1923,01 - January,early,1920s,unknown,unknown,,Unclassified failure,pending,,,pending,,,,,pending,,,pending,,,pending,,,
03704176_TAYLOR HAWKINS 8_1053174,s3://osu-well-records-225989338968/pdfs/ExportedFolderContents_1/1923/01 - January/03704176_TAYLOR HAWKINS 8_1053174.pdf,1,1923,01 - January,early,1920s,unknown,unknown,,Unclassified failure,pending,,,pending,,,,,pending,,,pending,,,pending,,,
03704188_PORTER TIGER 4_1053146,s3://osu-well-records-225989338968/pdfs/ExportedFolderContents_1/1923/01 - January/03704188_PORTER TIGER 4_1053146.pdf,1,1923,01 - January,early,1920s,unknown,unknown,,Unclassified failure,pending,,,pending,,,,,pending,,,pending,,,pending,,,
03704189_PORTER TIGER 3_1053122,s3://osu-well-records-225989338968/pdfs/ExportedFolderContents_1/1923/01 - January/03704189_PORTER TIGER 3_1053122.pdf,1,1923,01 - January,early,1920s,unknown,unknown,,Unclassified failure,pending,,,pending,,,,,pending,,,pending,,,pending,,,
03704190_PORTER TIGER 2_1053087,s3://osu-well-records-225989338968/pdfs/ExportedFolderContents_1/1923/01 - January/03704190_PORTER TIGER 2_1053087.pdf,1,1923,01 - January,early,1920s,unknown,unknown,,Unclassified failure,pending,,,pending,,,,,pending,,,pending,,,pending,,,
03704201_DAVID CLOUD 3_1053022,s3://osu-well-records-225989338968/pdfs/ExportedFolderContents_1/1923/01 - January/03704201_DAVID CLOUD 3_1053022.pdf,1,1923,01 - January,early,1920s,unknown,unknown,,Unclassified failure,pending,,,pending,,,,,pending,,,pending,,,pending,,,
03704207_HAGER JACKSON 8_1053051,s3://osu-well-records-225989338968/pdfs/ExportedFolderContents_1/1923/01 - January/03704207_HAGER JACKSON 8_1053051.pdf,1,1923,01 - January,early,1920s,unknown,unknown,,Unclassified failure,pending,,,pending,,,,,pending,,,pending,,,pending,,,
03704823_ROBINS 7_1053016,s3://osu-well-records-225989338968/pdfs/ExportedFolderContents_1/1923/01 - January/03704823_ROBINS 7_1053016.pdf,1,1923,01 - January,early,1920s,unknown,unknown,,Unclassified failure,pending,,,pending,,,,,pending,,,pending,,,pending,,,
03704838_J M LONGFELLOW 3_1053030,s3://osu-well-records-225989338968/pdfs/ExportedFolderContents_1/1923/01 - January/03704838_J M LONGFELLOW 3_1053030.pdf,1,1923,01 - January,early,1920s,unknown,unknown,,Unclassified failure,pending,,,pending,,,,,pending,,,pending,,,pending,,,
03705370_COVER 2_1053029,s3://osu-well-records-225989338968/pdfs/ExportedFolderContents_1/1923/01 - January/03705370_COVER 2_1053029.pdf,1,1923,01 - January,early,1920s,unknown,unknown,,Unclassified failure,pending,,,pending,,,,,pending,,,pending,,,pending,,,
03705573_EMMA TALLOMASSEE 5DD_1053067,s3://osu-well-records-225989338968/pdfs/ExportedFolderContents_1/1923/01 - January/03705573_EMMA TALLOMASSEE 5DD_1053067.pdf,1,1923,01 - January,early,1920s,unknown,unknown,,Unclassified failure,pending,,,pending,,,,,pending,,,pending,,,pending,,,
03706315_ROBERTS 2_1053139,s3://osu-well-records-225989338968/pdfs/ExportedFolderContents_1/1923/01 - January/03706315_ROBERTS 2_1053139.pdf,1,1923,01 - January,early,1920s,unknown,unknown,,Unclassified failure,pending,,,pending,,,,,pending,,,pending,,,pending,,,
03706315_ROBERTS 2_1053142,s3://osu-well-records-225989338968/pdfs/ExportedFolderContents_1/1923/01 - January/03706315_ROBERTS 2_1053142.pdf,1,1923,01 - January,early,1920s,unknown,unknown,,Unclassified failure,pending,,,pending,,,,,pending,,,pending,,,pending,,,
03707075_ALICE JACOBS 2_1053260,s3://osu-well-records-225989338968/pdfs/ExportedFolderContents_1/1923/01 - January/03707075_ALICE JACOBS 2_1053260.pdf,1,1923,01 - January,early,1920s,unknown,unknown,,Unclassified failure,pending,,,pending,,,,,pending,,,pending,,,pending,,,
03707105_B DURANT 6_1053230,s3://osu-well-records-225989338968/pdfs/ExportedFolderContents_1/1923/01 - January/03707105_B DURANT 6_1053230.pdf,1,1923,01 - January,early,1920s,unknown,unknown,,Unclassified failure,pending,,,pending,,,,,pending,,,pending,,,pending,,,
03707169_L DEERE 4_1053113,s3://osu-well-records-225989338968/pdfs/ExportedFolderContents_1/1923/01 - January/03707169_L DEERE 4_1053113.pdf,1,1923,01 - January,early,1920s,unknown,unknown,,Unclassified failure,pending,,,pending,,,,,pending,,,pending,,,pending,,,
03707623_LOVELL 1_1053092,s3://osu-well-records-225989338968/pdfs/ExportedFolderContents_1/1923/01 - January/03707623_LOVELL 1_1053092.pdf,1,1923,01 - January,early,1920s,unknown,unknown,,Unclassified failure,pending,,,pending,,,,,pending,,,pending,,,pending,,,
03707630_JACKSON 1_1053102,s3://osu-well-records-225989338968/pdfs/ExportedFolderContents_1/1923/01 - January/03707630_JACKSON 1_1053102.pdf,1,1923,01 - January,early,1920s,unknown,unknown,,Unclassified failure,pending,,,pending,,,,,pending,,,pending,,,pending,,,
03707635_No Data_1053033,s3://osu-well-records-225989338968/pdfs/ExportedFolderContents_1/1923/01 - January/03707635_No Data_1053033.pdf,1,1923,01 - January,early,1920s,unknown,unknown,,Unclassified failure,pending,,,pending,,,,,pending,,,pending,,,pending,,,
03707779_MCINTOSH 1_1053206,s3://osu-well-records-225989338968/pdfs/ExportedFolderContents_1/1923/01 - January/03707779_MCINTOSH 1_1053206.pdf,1,1923,01 - January,early,1920s,unknown,unknown,,Unclassified failure,pending,,,pending,,,,,pending,,,pending,,,pending,,,
03707786_A & H 2_1052975,s3://osu-well-records-225989338968/pdfs/ExportedFolderContents_1/1923/01 - January/03707786_A & H 2_1052975.pdf,1,1923,01 - January,early,1920s,unknown,unknown,,Unclassified failure,pending,,,pending,,,,,pending,,,pending,,,pending,,,
03709831_PATSIE WILSON 2_1053070,s3://osu-well-records-225989338968/pdfs/ExportedFolderContents_1/1923/01 - January/03709831_PATSIE WILSON 2_1053070.pdf,1,1923,01 - January,early,1920s,unknown,unknown,,Unclassified failure,pending,,,pending,,,,,pending,,,pending,,,pending,,,
03711066_M L CROW 12_1222091,s3://osu-well-records-225989338968/pdfs/ExportedFolderContents_1/1923/01 - January/03711066_M L CROW 12_1222091.pdf,1,1923,01 - January,early,1920s,unknown,unknown,,Unclassified failure,pending,,,pending,,,,,pending,,,pending,,,pending,,,
03712272_M JOHNSON 3_1053240,s3://osu-well-records-225989338968/pdfs/ExportedFolderContents_1/1923/01 - January/03712272_M JOHNSON 3_1053240.pdf,1,1923,01 - January,early,1920s,unknown,unknown,,Unclassified failure,pending,,,pending,,,,,pending,,,pending,,,pending,,,
03715020_ALBERT BIG MOSQUITO 1_1053265,s3://osu-well-records-225989338968/pdfs/ExportedFolderContents_1/1923/01 - January/03715020_ALBERT BIG MOSQUITO 1_1053265.pdf,1,1923,01 - January,early,1920s,unknown,unknown,,Unclassified failure,pending,,,pending,,,,,pending,,,pending,,,pending,,,
03716097_DEWEY HAWKINS 10_1053158,s3://osu-well-records-225989338968/pdfs/ExportedFolderContents_1/1923/01 - January/03716097_DEWEY HAWKINS 10_1053158.pdf,1,1923,01 - January,early,1920s,unknown,unknown,,Unclassified failure,pending,,,pending,,,,,pending,,,pending,,,pending,,,
03717505_HAGER JACKSON 4_1052993,s3://osu-well-records-225989338968/pdfs/ExportedFolderContents_1/1923/01 - January/03717505_HAGER JACKSON 4_1052993.pdf,1,1923,01 - January,early,1920s,unknown,unknown,,Unclassified failure,pending,,,pending,,,,,pending,,,pending,,,pending,,,
03730689_WILSON 17-A4_1053131,s3://osu-well-records-225989338968/pdfs/ExportedFolderContents_1/1923/01 - January/03730689_WILSON 17-A4_1053131.pdf,1,1923,01 - January,early,1920s,unknown,unknown,,Unclassified failure,pending,,,pending,,,,,pending,,,pending,,,pending,,,
04702487_MORRISON 6_1539166,s3://osu-well-records-225989338968/pdfs/ExportedFolderContents_1/1923/01 - January/04702487_MORRISON 6_1539166.pdf,1,1923,01 - January,early,1920s,unknown,unknown,,Unclassified failure,pending,,,pending,,,,,pending,,,pending,,,pending,,,
04703027_HEIM 5_1539146,s3://osu-well-records-225989338968/pdfs/ExportedFolderContents_1/1923/01 - January/04703027_HEIM 5_1539146.pdf,1,1923,01 - January,early,1920s,unknown,unknown,,Unclassified failure,pending,,,pending,,,,,pending,,,pending,,,pending,,,
04703042_DICK METSCHER 11_1539182,s3://osu-well-records-225989338968/pdfs/ExportedFolderContents_1/1923/01 - January/04703042_DICK METSCHER 11_1539182.pdf,1,1923,01 - January,early,1920s,unknown,unknown,,Unclassified failure,pending,,,pending,,,,,pending,,,pending,,,pending,,,
04900543_LULA JAMES 2_782118,s3://osu-well-records-225989338968/pdfs/ExportedFolderContents_1/1923/01 - January/04900543_LULA JAMES 2_782118.pdf,1,1923,01 - January,early,1920s,unknown,unknown,,Unclassified failure,pending,,,pending,,,,,pending,,,pending,,,pending,,,
04900694_WYATT 3_782117,s3://osu-well-records-225989338968/pdfs/ExportedFolderContents_1/1923/01 - January/04900694_WYATT 3_782117.pdf,1,1923,01 - January,early,1920s,unknown,unknown,,Unclassified failure,pending,,,pending,,,,,pending,,,pending,,,pending,,,
04900697_LEWIS NEWBERRY 4_782125,s3://osu-well-records-225989338968/pdfs/ExportedFolderContents_1/1923/01 - January/04900697_LEWIS NEWBERRY 4_782125.pdf,1,1923,01 - January,early,1920s,unknown,unknown,,Unclassified failure,pending,,,pending,,,,,pending,,,pending,,,pending,,,
04901027_R J MAULDIN B-9_782138,s3://osu-well-records-225989338968/pdfs/ExportedFolderContents_1/1923/01 - January/04901027_R J MAULDIN B-9_782138.pdf,1,1923,01 - January,early,1920s,unknown,unknown,,Unclassified failure,pending,,,pending,,,,,pending,,,pending,,,pending,,,
04901062_MAY NEWBERRY 1_782143,s3://osu-well-records-225989338968/pdfs/ExportedFolderContents_1/1923/01 - January/04901062_MAY NEWBERRY 1_782143.pdf,1,1923,01 - January,early,1920s,unknown,unknown,,Unclassified failure,pending,,,pending,,,,,pending,,,pending,,,pending,,,
04901068_O KIEFER 2_782154,s3://osu-well-records-225989338968/pdfs/ExportedFolderContents_1/1923/01 - January/04901068_O KIEFER 2_782154.pdf,1,1923,01 - January,early,1920s,unknown,unknown,,Unclassified failure,pending,,,pending,,,,,pending,,,pending,,,pending,,,
04935406_S H COWAN 15_782151,s3://osu-well-records-225989338968/pdfs/ExportedFolderContents_1/1923/01 - January/04935406_S H COWAN 15_782151.pdf,1,1923,01 - January,early,1920s,unknown,unknown,,Unclassified failure,pending,,,pending,,,,,pending,,,pending,,,pending,,,
04935417_R J MAULDIN B-1 DD_782157,s3://osu-well-records-225989338968/pdfs/ExportedFolderContents_1/1923/01 - January/04935417_R J MAULDIN B-1 DD_782157.pdf,1,1923,01 - January,early,1920s,unknown,unknown,,Unclassified failure,pending,,,pending,,,,,pending,,,pending,,,pending,,,
04935514_T G MAYS 3_782169,s3://osu-well-records-225989338968/pdfs/ExportedFolderContents_1/1923/01 - January/04935514_T G MAYS 3_782169.pdf,1,1923,01 - January,early,1920s,unknown,unknown,,Unclassified failure,pending,,,pending,,,,,pending,,,pending,,,pending,,,
04935560_NEWBERRY 2_782156,s3://osu-well-records-225989338968/pdfs/ExportedFolderContents_1/1923/01 - January/04935560_NEWBERRY 2_782156.pdf,1,1923,01 - January,early,1920s,unknown,unknown,,Unclassified failure,pending,,,pending,,,,,pending,,,pending,,,pending,,,
04935567_W N NEWBERRY 1_782127,s3://osu-well-records-225989338968/pdfs/ExportedFolderContents_1/1923/01 - January/04935567_W N NEWBERRY 1_782127.pdf,1,1923,01 - January,early,1920s,unknown,unknown,,Unclassified failure,pending,,,pending,,,,,pending,,,pending,,,pending,,,
04935568_W N NEWBERRY 2_782155,s3://osu-well-records-225989338968/pdfs/ExportedFolderContents_1/1923/01 - January/04935568_W N NEWBERRY 2_782155.pdf,1,1923,01 - January,early,1920s,unknown,unknown,,Unclassified failure,pending,,,pending,,,,,pending,,,pending,,,pending,,,
05100156_D H STEPHENS 1_782153,s3://osu-well-records-225989338968/pdfs/ExportedFolderContents_1/1923/01 - January/05100156_D H STEPHENS 1_782153.pdf,1,1923,01 - January,early,1920s,unknown,unknown,,Unclassified failure,pending,,,pending,,,,,pending,,,pending,,,pending,,,
05100158_P C STACY 1_782149,s3://osu-well-records-225989338968/pdfs/ExportedFolderContents_1/1923/01 - January/05100158_P C STACY 1_782149.pdf,1,1923,01 - January,early,1920s,unknown,unknown,,Unclassified failure,pending,,,pending,,,,,pending,,,pending,,,pending,,,
05100233_ELI UNDERWOOD 1_782141,s3://osu-well-records-225989338968/pdfs/ExportedFolderContents_1/1923/01 - January/05100233_ELI UNDERWOOD 1_782141.pdf,1,1923,01 - January,early,1920s,unknown,unknown,,Unclassified failure,pending,,,pending,,,,,pending,,,pending,,,pending,,,
05100533_SANFORD 2_782167,s3://osu-well-records-225989338968/pdfs/ExportedFolderContents_1/1923/01 - January/05100533_SANFORD 2_782167.pdf,1,1923,01 - January,early,1920s,unknown,unknown,,Unclassified failure,pending,,,pending,,,,,pending,,,pending,,,pending,,,
05100555_SANDFORD 2_782159,s3://osu-well-records-225989338968/pdfs/ExportedFolderContents_1/1923/01 - January/05100555_SANDFORD 2_782159.pdf,1,1923,01 - January,early,1920s,unknown,unknown,,Unclassified failure,pending,,,pending,,,,,pending,,,pending,,,pending,,,
05100572_SERRATO 1_782166,s3://osu-well-records-225989338968/pdfs/ExportedFolderContents_1/1923/01 - January/05100572_SERRATO 1_782166.pdf,1,1923,01 - January,early,1920s,unknown,unknown,,Unclassified failure,pending,,,pending,,,,,pending,,,pending,,,pending,,,
05100668_PETTIT 1_782163,s3://osu-well-records-225989338968/pdfs/ExportedFolderContents_1/1923/01 - January/05100668_PETTIT 1_782163.pdf,1,1923,01 - January,early,1920s,unknown,unknown,,Unclassified failure,pending,,,pending,,,,,pending,,,pending,,,pending,,,
05136605_SCHOOL LANDS 1_782128,s3://osu-well-records-225989338968/pdfs/ExportedFolderContents_1/1923/01 - January/05136605_SCHOOL LANDS 1_782128.pdf,1,1923,01 - January,early,1920s,unknown,unknown,,Unclassified failure,pending,,,pending,,,,,pending,,,pending,,,pending,,,
05136655_M E DRYDEN 1_782147,s3://osu-well-records-225989338968/pdfs/ExportedFolderContents_1/1923/01 - January/05136655_M E DRYDEN 1_782147.pdf,1,1923,01 - January,early,1920s,unknown,unknown,,Unclassified failure,pending,,,pending,,,,,pending,,,pending,,,pending,,,
05136656_HOMER E SMITH 2_782162,s3://osu-well-records-225989338968/pdfs/ExportedFolderContents_1/1923/01 - January/05136656_HOMER E SMITH 2_782162.pdf,1,1923,01 - January,early,1920s,unknown,unknown,,Unclassified failure,pending,,,pending,,,,,pending,,,pending,,,pending,,,
05136804_FLOYD MCCAUGHTRY 3_782171,s3://osu-well-records-225989338968/pdfs/ExportedFolderContents_1/1923/01 - January/05136804_FLOYD MCCAUGHTRY 3_782171.pdf,1,1923,01 - January,early,1920s,unknown,unknown,,Unclassified failure,pending,,,pending,,,,,pending,,,pending,,,pending,,,
06300540_L BARNETT 1_589508,s3://osu-well-records-225989338968/pdfs/ExportedFolderContents_1/1923/01 - January/06300540_L BARNETT 1_589508.pdf,1,1923,01 - January,early,1920s,unknown,unknown,,Unclassified failure,pending,,,pending,,,,,pending,,,pending,,,pending,,,
06303894_FARMS 1_589512,s3://osu-well-records-225989338968/pdfs/ExportedFolderContents_1/1923/01 - January/06303894_FARMS 1_589512.pdf,1,1923,01 - January,early,1920s,unknown,unknown,,Unclassified failure,pending,,,pending,,,,,pending,,,pending,,,pending,,,
06303894_FARMS 1_589513,s3://osu-well-records-225989338968/pdfs/ExportedFolderContents_1/1923/01 - January/06303894_FARMS 1_589513.pdf,1,1923,01 - January,early,1920s,unknown,unknown,,Unclassified failure,pending,,,pending,,,,,pending,,,pending,,,pending,,,
06303906_A B CRAWFORD 1_1053262,s3://osu-well-records-225989338968/pdfs/ExportedFolderContents_1/1923/01 - January/06303906_A B CRAWFORD 1_1053262.pdf,1,1923,01 - January,early,1920s,unknown,unknown,,Unclassified failure,pending,,,pending,,,,,pending,,,pending,,,pending,,,
06303906_A B CRAWFORD 1_589510,s3://osu-well-records-225989338968/pdfs/ExportedFolderContents_1/1923/01 - January/06303906_A B CRAWFORD 1_589510.pdf,1,1923,01 - January,early,1920s,unknown,unknown,,Unclassified failure,pending,,,pending,,,,,pending,,,pending,,,pending,,,
06304059_MARTHA GREGORY C 1_589499,s3://osu-well-records-225989338968/pdfs/ExportedFolderContents_1/1923/01 - January/06304059_MARTHA GREGORY C 1_589499.pdf,1,1923,01 - January,early,1920s,unknown,unknown,,Unclassified failure,pending,,,pending,,,,,pending,,,pending,,,pending,,,
06304065_W J REDDING 1_589497,s3://osu-well-records-225989338968/pdfs/ExportedFolderContents_1/1923/01 - January/06304065_W J REDDING 1_589497.pdf,1,1923,01 - January,early,1920s,unknown,unknown,,Unclassified failure,pending,,,pending,,,,,pending,,,pending,,,pending,,,
06304275_WAITE THOMAS 1_1052954,s3://osu-well-records-225989338968/pdfs/ExportedFolderContents_1/1923/01 - January/06304275_WAITE THOMAS 1_1052954.pdf,1,1923,01 - January,early,1920s,unknown,unknown,,Unclassified failure,pending,,,pending,,,,,pending,,,pending,,,pending,,,
06304275_WAITE THOMAS 1_588864,s3://osu-well-records-225989338968/pdfs/ExportedFolderContents_1/1923/01 - January/06304275_WAITE THOMAS 1_588864.pdf,1,1923,01 - January,early,1920s,unknown,unknown,,Unclassified failure,pending,,,pending,,,,,pending,,,pending,,,pending,,,
07102674_MEANBEAR 1_1414318,s3://osu-well-records-225989338968/pdfs/ExportedFolderContents_1/1923/01 - January/07102674_MEANBEAR 1_1414318.pdf,1,1923,01 - January,early,1920s,unknown,unknown,,Unclassified failure,pending,,,pending,,,,,pending,,,pending,,,pending,,,
07103403_ROBERTSON 2_1414339,s3://osu-well-records-225989338968/pdfs/ExportedFolderContents_1/1923/01 - January/07103403_ROBERTSON 2_1414339.pdf,1,1923,01 - January,early,1920s,unknown,unknown,,Unclassified failure,pending,,,pending,,,,,pending,,,pending,,,pending,,,
07103404_ROBERTSON 3_1414316,s3://osu-well-records-225989338968/pdfs/ExportedFolderContents_1/1923/01 - January/07103404_ROBERTSON 3_1414316.pdf,1,1923,01 - January,early,1920s,unknown,unknown,,Unclassified failure,pending,,,pending,,,,,pending,,,pending,,,pending,,,
07103698_MOYER 2_1414320,s3://osu-well-records-225989338968/pdfs/ExportedFolderContents_1/1923/01 - January/07103698_MOYER 2_1414320.pdf,1,1923,01 - January,early,1920s,unknown,unknown,,Unclassified failure,pending,,,pending,,,,,pending,,,pending,,,pending,,,
07103859_J EVANS 1_1539171,s3://osu-well-records-225989338968/pdfs/ExportedFolderContents_1/1923/01 - January/07103859_J EVANS 1_1539171.pdf,1,1923,01 - January,early,1920s,unknown,unknown,,Unclassified failure,pending,,,pending,,,,,pending,,,pending,,,pending,,,
07103928_SCHOOL LAND 21 1_1539173,s3://osu-well-records-225989338968/pdfs/ExportedFolderContents_1/1923/01 - January/07103928_SCHOOL LAND 21 1_1539173.pdf,1,1923,01 - January,early,1920s,unknown,unknown,,Unclassified failure,pending,,,pending,,,,,pending,,,pending,,,pending,,,
07103946_C W GOLTRY 1_1539184,s3://osu-well-records-225989338968/pdfs/ExportedFolderContents_1/1923/01 - January/07103946_C W GOLTRY 1_1539184.pdf,1,1923,01 - January,early,1920s,unknown,unknown,,Unclassified failure,pending,,,pending,,,,,pending,,,pending,,,pending,,,
07103993_MCDANIELS 2_1539162,s3://osu-well-records-225989338968/pdfs/ExportedFolderContents_1/1923/01 - January/07103993_MCDANIELS 2_1539162.pdf,1,1923,01 - January,early,1920s,unknown,unknown,,Unclassified failure,pending,,,pending,,,,,pending,,,pending,,,pending,,,
07104010_F BEVERLIN 1_1539168,s3://osu-well-records-225989338968/pdfs/ExportedFolderContents_1/1923/01 - January/07104010_F BEVERLIN 1_1539168.pdf,1,1923,01 - January,early,1920s,unknown,unknown,,Unclassified failure,pending,,,pending,,,,,pending,,,pending,,,pending,,,
07104076_C E ENDICOTT 1_1539176,s3://osu-well-records-225989338968/pdfs/ExportedFolderContents_1/1923/01 - January/07104076_C E ENDICOTT 1_1539176.pdf,1,1923,01 - January,early,1920s,unknown,unknown,,Unclassified failure,pending,,,pending,,,,,pending,,,pending,,,pending,,,
07104081_C C ENDICOTT 2_1539183,s3://osu-well-records-225989338968/pdfs/ExportedFolderContents_1/1923/01 - January/07104081_C C ENDICOTT 2_1539183.pdf,1,1923,01 - January,early,1920s,unknown,unknown,,Unclassified failure,pending,,,pending,,,,,pending,,,pending,,,pending,,,
07104085_C C ENDICOTT 3_1539175,s3://osu-well-records-225989338968/pdfs/ExportedFolderContents_1/1923/01 - January/07104085_C C ENDICOTT 3_1539175.pdf,1,1923,01 - January,early,1920s,unknown,unknown,,Unclassified failure,pending,,,pending,,,,,pending,,,pending,,,pending,,,
07104159_MCKEE G-2_1539178,s3://osu-well-records-225989338968/pdfs/ExportedFolderContents_1/1923/01 - January/07104159_MCKEE G-2_1539178.pdf,1,1923,01 - January,early,1920s,unknown,unknown,,Unclassified failure,pending,,,pending,,,,,pending,,,pending,,,pending,,,
07104208_LAURA ENDICOTT 1_1539172,s3://osu-well-records-225989338968/pdfs/ExportedFolderContents_1/1923/01 - January/07104208_LAURA ENDICOTT 1_1539172.pdf,1,1923,01 - January,early,1920s,unknown,unknown,,Unclassified failure,pending,,,pending,,,,,pending,,,pending,,,pending,,,
07104253_C R OGG 1_1539157,s3://osu-well-records-225989338968/pdfs/ExportedFolderContents_1/1923/01 - January/07104253_C R OGG 1_1539157.pdf,1,1923,01 - January,early,1920s,unknown,unknown,,Unclassified failure,pending,,,pending,,,,,pending,,,pending,,,pending,,,
07104273_L A ENDICOTT B-2A_1539155,s3://osu-well-records-225989338968/pdfs/ExportedFolderContents_1/1923/01 - January/07104273_L A ENDICOTT B-2A_1539155.pdf,1,1923,01 - January,early,1920s,unknown,unknown,,Unclassified failure,pending,,,pending,,,,,pending,,,pending,,,pending,,,
07104278_ENDICOTT 3-A_1539154,s3://osu-well-records-225989338968/pdfs/ExportedFolderContents_1/1923/01 - January/07104278_ENDICOTT 3-A_1539154.pdf,1,1923,01 - January,early,1920s,unknown,unknown,,Unclassified failure,pending,,,pending,,,,,pending,,,pending,,,pending,,,
07900219_MCCLURE 27_1017381,s3://osu-well-records-225989338968/pdfs/ExportedFolderContents_1/1923/01 - January/07900219_MCCLURE 27_1017381.pdf,1,1923,01 - January,early,1920s,unknown,unknown,,Unclassified failure,pending,,,pending,,,,,pending,,,pending,,,pending,,,
09100920_NEWCOMER 1_1364326,s3://osu-well-records-225989338968/pdfs/ExportedFolderContents_1/1923/01 - January/09100920_NEWCOMER 1_1364326.pdf,1,1923,01 - January,early,1920s,unknown,unknown,,Unclassified failure,pending,,,pending,,,,,pending,,,pending,,,pending,,,
10100905_SMITH 9_1364308,s3://osu-well-records-225989338968/pdfs/ExportedFolderContents_1/1923/01 - January/10100905_SMITH 9_1364308.pdf,1,1923,01 - January,early,1920s,unknown,unknown,,Unclassified failure,pending,,,pending,,,,,pending,,,pending,,,pending,,,
10100948_STEBBINS 1_1364325,s3://osu-well-records-225989338968/pdfs/ExportedFolderContents_1/1923/01 - January/10100948_STEBBINS 1_1364325.pdf,1,1923,01 - January,early,1920s,unknown,unknown,,Unclassified failure,pending,,,pending,,,,,pending,,,pending,,,pending,,,
10102656_J MYERS 1_1364302,s3://osu-well-records-225989338968/pdfs/ExportedFolderContents_1/1923/01 - January/10102656_J MYERS 1_1364302.pdf,1,1923,01 - January,early,1920s,unknown,unknown,,Unclassified failure,pending,,,pending,,,,,pending,,,pending,,,pending,,,
10302371_J CARMICHAEL 6-A_1539167,s3://osu-well-records-225989338968/pdfs/ExportedFolderContents_1/1923/01 - January/10302371_J CARMICHAEL 6-A_1539167.pdf,1,1923,01 - January,early,1920s,unknown,unknown,,Unclassified failure,pending,,,pending,,,,,pending,,,pending,,,pending,,,
10302961_GAUME 1_1539161,s3://osu-well-records-225989338968/pdfs/ExportedFolderContents_1/1923/01 - January/10302961_GAUME 1_1539161.pdf,1,1923,01 - January,early,1920s,unknown,unknown,,Unclassified failure,pending,,,pending,,,,,pending,,,pending,,,pending,,,
10303006_LEE SHAWVER 3_1539163,s3://osu-well-records-225989338968/pdfs/ExportedFolderContents_1/1923/01 - January/10303006_LEE SHAWVER 3_1539163.pdf,1,1923,01 - January,early,1920s,unknown,unknown,,Unclassified failure,pending,,,pending,,,,,pending,,,pending,,,pending,,,
10303006_LEE SHAWVER 3_50900773,s3://osu-well-records-225989338968/pdfs/ExportedFolderContents_1/1923/01 - January/10303006_LEE SHAWVER 3_50900773.pdf,1,1923,01 - January,early,1920s,unknown,unknown,,Unclassified failure,pending,,,pending,,,,,pending,,,pending,,,pending,,,
10303012_LEE SHAWVER 9_50900791,s3://osu-well-records-225989338968/pdfs/ExportedFolderContents_1/1923/01 - January/10303012_LEE SHAWVER 9_50900791.pdf,1,1923,01 - January,early,1920s,unknown,unknown,,Unclassified failure,pending,,,pending,,,,,pending,,,pending,,,pending,,,
10303124_J CARMICHAEL 2_1539160,s3://osu-well-records-225989338968/pdfs/ExportedFolderContents_1/1923/01 - January/10303124_J CARMICHAEL 2_1539160.pdf,1,1923,01 - January,early,1920s,unknown,unknown,,Unclassified failure,pending,,,pending,,,,,pending,,,pending,,,pending,,,
10303124_J CARMICHAEL 2_50976421,s3://osu-well-records-225989338968/pdfs/ExportedFolderContents_1/1923/01 - January/10303124_J CARMICHAEL 2_50976421.pdf,1,1923,01 - January,early,1920s,unknown,unknown,,Unclassified failure,pending,,,pending,,,,,pending,,,pending,,,pending,,,
10303188_P RUZEK 3_1539174,s3://osu-well-records-225989338968/pdfs/ExportedFolderContents_1/1923/01 - January/10303188_P RUZEK 3_1539174.pdf,1,1923,01 - January,early,1920s,unknown,unknown,,Unclassified failure,pending,,,pending,,,,,pending,,,pending,,,pending,,,
10303189_P RUZEK 3-A_1539177,s3://osu-well-records-225989338968/pdfs/ExportedFolderContents_1/1923/01 - January/10303189_P RUZEK 3-A_1539177.pdf,1,1923,01 - January,early,1920s,unknown,unknown,,Unclassified failure,pending,,,pending,,,,,pending,,,pending,,,pending,,,
10303253_J A NOVOTNY A 5_1539164,s3://osu-well-records-225989338968/pdfs/ExportedFolderContents_1/1923/01 - January/10303253_J A NOVOTNY A 5_1539164.pdf,1,1923,01 - January,early,1920s,unknown,unknown,,Unclassified failure,pending,,,pending,,,,,pending,,,pending,,,pending,,,
10303260_D.E. EVANS 3_1539159,s3://osu-well-records-225989338968/pdfs/ExportedFolderContents_1/1923/01 - January/10303260_D.E. EVANS 3_1539159.pdf,1,1923,01 - January,early,1920s,unknown,unknown,,Unclassified failure,pending,,,pending,,,,,pending,,,pending,,,pending,,,
10303261_D.E. EVANS 4_1539170,s3://osu-well-records-225989338968/pdfs/ExportedFolderContents_1/1923/01 - January/10303261_D.E. EVANS 4_1539170.pdf,1,1923,01 - January,early,1920s,unknown,unknown,,Unclassified failure,pending,,,pending,,,,,pending,,,pending,,,pending,,,
10303306_F H MURRAY 21_1539147,s3://osu-well-records-225989338968/pdfs/ExportedFolderContents_1/1923/01 - January/10303306_F H MURRAY 21_1539147.pdf,1,1923,01 - January,early,1920s,unknown,unknown,,Unclassified failure,pending,,,pending,,,,,pending,,,pending,,,pending,,,
10501994_HESSE 2_1618180,s3://osu-well-records-225989338968/pdfs/ExportedFolderContents_1/1923/01 - January/10501994_HESSE 2_1618180.pdf,1,1923,01 - January,early,1920s,unknown,unknown,,Unclassified failure,pending,,,pending,,,,,pending,,,pending,,,pending,,,
10502314_HINES 1_1414288,s3://osu-well-records-225989338968/pdfs/ExportedFolderContents_1/1923/01 - January/10502314_HINES 1_1414288.pdf,1,1923,01 - January,early,1920s,unknown,unknown,,Unclassified failure,pending,,,pending,,,,,pending,,,pending,,,pending,,,
10503168_FORSMAN #6_1414333,s3://osu-well-records-225989338968/pdfs/ExportedFolderContents_1/1923/01 - January/10503168_FORSMAN #6_1414333.pdf,1,1923,01 - January,early,1920s,unknown,unknown,,Unclassified failure,pending,,,pending,,,,,pending,,,pending,,,pending,,,
10700737_HULPUTTA HARJOGE 1_1053025,s3://osu-well-records-225989338968/pdfs/ExportedFolderContents_1/1923/01 - January/10700737_HULPUTTA HARJOGE 1_1053025.pdf,1,1923,01 - January,early,1920s,unknown,unknown,,Unclassified failure,pending,,,pending,,,,,pending,,,pending,,,pending,,,
10700865_HOUSTON HARJO 1_1053274,s3://osu-well-records-225989338968/pdfs/ExportedFolderContents_1/1923/01 - January/10700865_HOUSTON HARJO 1_1053274.pdf,1,1923,01 - January,early,1920s,unknown,unknown,,Unclassified failure,pending,,,pending,,,,,pending,,,pending,,,pending,,,
10700897_EMMA SCOTT 1_1052988,s3://osu-well-records-225989338968/pdfs/ExportedFolderContents_1/1923/01 - January/10700897_EMMA SCOTT 1_1052988.pdf,1,1923,01 - January,early,1920s,unknown,unknown,,Unclassified failure,pending,,,pending,,,,,pending,,,pending,,,pending,,,
10701943_JENNIE YARGEE 1_588867,s3://osu-well-records-225989338968/pdfs/ExportedFolderContents_1/1923/01 - January/10701943_JENNIE YARGEE 1_588867.pdf,1,1923,01 - January,early,1920s,unknown,unknown,,Unclassified failure,pending,,,pending,,,,,pending,,,pending,,,pending,,,
10701943_JENNIE YARGEE 1_588868,s3://osu-well-records-225989338968/pdfs/ExportedFolderContents_1/1923/01 - January/10701943_JENNIE YARGEE 1_588868.pdf,1,1923,01 - January,early,1920s,unknown,unknown,,Unclassified failure,pending,,,pending,,,,,pending,,,pending,,,pending,,,
10701943_JENNIE YARGEE 1_589493,s3://osu-well-records-225989338968/pdfs/ExportedFolderContents_1/1923/01 - January/10701943_JENNIE YARGEE 1_589493.pdf,1,1923,01 - January,early,1920s,unknown,unknown,,Unclassified failure,pending,,,pending,,,,,pending,,,pending,,,pending,,,
10701943_JENNIE YARGEE 1_589494,s3://osu-well-records-225989338968/pdfs/ExportedFolderContents_1/1923/01 - January/10701943_JENNIE YARGEE 1_589494.pdf,1,1923,01 - January,early,1920s,unknown,unknown,,Unclassified failure,pending,,,pending,,,,,pending,,,pending,,,pending,,,
10702212_G FISH 1_588863,s3://osu-well-records-225989338968/pdfs/ExportedFolderContents_1/1923/01 - January/10702212_G FISH 1_588863.pdf,1,1923,01 - January,early,1920s,unknown,unknown,,Unclassified failure,pending,,,pending,,,,,pending,,,pending,,,pending,,,
10704153_ALEXANDER 4_1053269,s3://osu-well-records-225989338968/pdfs/ExportedFolderContents_1/1923/01 - January/10704153_ALEXANDER 4_1053269.pdf,1,1923,01 - January,early,1920s,unknown,unknown,,Unclassified failure,pending,,,pending,,,,,pending,,,pending,,,pending,,,
10704172_GEORGE BUCKLEY 1_1053195,s3://osu-well-records-225989338968/pdfs/ExportedFolderContents_1/1923/01 - January/10704172_GEORGE BUCKLEY 1_1053195.pdf,1,1923,01 - January,early,1920s,unknown,unknown,,Unclassified failure,pending,,,pending,,,,,pending,,,pending,,,pending,,,
10704178_PRETTY POLLY_1727243,s3://osu-well-records-225989338968/pdfs/ExportedFolderContents_1/1923/01 - January/10704178_PRETTY POLLY_1727243.pdf,1,1923,01 - January,early,1920s,unknown,unknown,,Unclassified failure,pending,,,pending,,,,,pending,,,pending,,,pending,,,
10704392_L. MCCOY 2_1052989,s3://osu-well-records-225989338968/pdfs/ExportedFolderContents_1/1923/01 - January/10704392_L. MCCOY 2_1052989.pdf,1,1923,01 - January,early,1920s,unknown,unknown,,Unclassified failure,pending,,,pending,,,,,pending,,,pending,,,pending,,,
10704857_E ROBINSON 1_1053248,s3://osu-well-records-225989338968/pdfs/ExportedFolderContents_1/1923/01 - January/10704857_E ROBINSON 1_1053248.pdf,1,1923,01 - January,early,1920s,unknown,unknown,,Unclassified failure,pending,,,pending,,,,,pending,,,pending,,,pending,,,
10705322_M KNIGHT 1_589496,s3://osu-well-records-225989338968/pdfs/ExportedFolderContents_1/1923/01 - January/10705322_M KNIGHT 1_589496.pdf,1,1923,01 - January,early,1920s,unknown,unknown,,Unclassified failure,pending,,,pending,,,,,pending,,,pending,,,pending,,,
10705338_LAURA BROOKS 5_589503,s3://osu-well-records-225989338968/pdfs/ExportedFolderContents_1/1923/01 - January/10705338_LAURA BROOKS 5_589503.pdf,1,1923,01 - January,early,1920s,unknown,unknown,,Unclassified failure,pending,,,pending,,,,,pending,,,pending,,,pending,,,
11101983_W C MCINTOSH 2_1053115,s3://osu-well-records-225989338968/pdfs/ExportedFolderContents_1/1923/01 - January/11101983_W C MCINTOSH 2_1053115.pdf,1,1923,01 - January,early,1920s,unknown,unknown,,Unclassified failure,pending,,,pending,,,,,pending,,,pending,,,pending,,,
11102680_SCHACHT 4_1053242,s3://osu-well-records-225989338968/pdfs/ExportedFolderContents_1/1923/01 - January/11102680_SCHACHT 4_1053242.pdf,1,1923,01 - January,early,1920s,unknown,unknown,,Unclassified failure,pending,,,pending,,,,,pending,,,pending,,,pending,,,
11103547_DEWEY CHAMBERLAIN 1_1053183,s3://osu-well-records-225989338968/pdfs/ExportedFolderContents_1/1923/01 - January/11103547_DEWEY CHAMBERLAIN 1_1053183.pdf,1,1923,01 - January,early,1920s,unknown,unknown,,Unclassified failure,pending,,,pending,,,,,pending,,,pending,,,pending,,,
11103621_MARTHA ANDERSON 2_1053161,s3://osu-well-records-225989338968/pdfs/ExportedFolderContents_1/1923/01 - January/11103621_MARTHA ANDERSON 2_1053161.pdf,1,1923,01 - January,early,1920s,unknown,unknown,,Unclassified failure,pending,,,pending,,,,,pending,,,pending,,,pending,,,
11103621_MARTHA ANDERSON 2_1053164,s3://osu-well-records-225989338968/pdfs/ExportedFolderContents_1/1923/01 - January/11103621_MARTHA ANDERSON 2_1053164.pdf,1,1923,01 - January,early,1920s,unknown,unknown,,Unclassified failure,pending,,,pending,,,,,pending,,,pending,,,pending,,,
11104741_MINNIE GEIGER 2_1053024,s3://osu-well-records-225989338968/pdfs/ExportedFolderContents_1/1923/01 - January/11104741_MINNIE GEIGER 2_1053024.pdf,1,1923,01 - January,early,1920s,unknown,unknown,,Unclassified failure,pending,,,pending,,,,,pending,,,pending,,,pending,,,
11105165_DELIA COOPER SQUIRE 2_1053209,s3://osu-well-records-225989338968/pdfs/ExportedFolderContents_1/1923/01 - January/11105165_DELIA COOPER SQUIRE 2_1053209.pdf,1,1923,01 - January,early,1920s,unknown,unknown,,Unclassified failure,pending,,,pending,,,,,pending,,,pending,,,pending,,,
11106085_No Data_1053114,s3://osu-well-records-225989338968/pdfs/ExportedFolderContents_1/1923/01 - January/11106085_No Data_1053114.pdf,1,1923,01 - January,early,1920s,unknown,unknown,,Unclassified failure,pending,,,pending,,,,,pending,,,pending,,,pending,,,
11106085_No Data_516459,s3://osu-well-records-225989338968/pdfs/ExportedFolderContents_1/1923/01 - January/11106085_No Data_516459.pdf,1,1923,01 - January,early,1920s,unknown,unknown,,Unclassified failure,pending,,,pending,,,,,pending,,,pending,,,pending,,,
11106688_BUCHANAN 6_1053180,s3://osu-well-records-225989338968/pdfs/ExportedFolderContents_1/1923/01 - January/11106688_BUCHANAN 6_1053180.pdf,1,1923,01 - January,early,1920s,unknown,unknown,,Unclassified failure,pending,,,pending,,,,,pending,,,pending,,,pending,,,
11106919_LOOMA TWIN 6_1053037,s3://osu-well-records-225989338968/pdfs/ExportedFolderContents_1/1923/01 - January/11106919_LOOMA TWIN 6_1053037.pdf,1,1923,01 - January,early,1920s,unknown,unknown,,Unclassified failure,pending,,,pending,,,,,pending,,,pending,,,pending,,,
11106997_DAVID GRAYSON 7_1053140,s3://osu-well-records-225989338968/pdfs/ExportedFolderContents_1/1923/01 - January/11106997_DAVID GRAYSON 7_1053140.pdf,1,1923,01 - January,early,1920s,unknown,unknown,,Unclassified failure,pending,,,pending,,,,,pending,,,pending,,,pending,,,
11107744_STANWAITIE TIGER 1_1052987,s3://osu-well-records-225989338968/pdfs/ExportedFolderContents_1/1923/01 - January/11107744_STANWAITIE TIGER 1_1052987.pdf,1,1923,01 - January,early,1920s,unknown,unknown,,Unclassified failure,pending,,,pending,,,,,pending,,,pending,,,pending,,,
11107804_SEAGO 2_1052964,s3://osu-well-records-225989338968/pdfs/ExportedFolderContents_1/1923/01 - January/11107804_SEAGO 2_1052964.pdf,1,1923,01 - January,early,1920s,unknown,unknown,,Unclassified failure,pending,,,pending,,,,,pending,,,pending,,,pending,,,
11107804_SEAGO 2_516436,s3://osu-well-records-225989338968/pdfs/ExportedFolderContents_1/1923/01 - January/11107804_SEAGO 2_516436.pdf,1,1923,01 - January,early,1920s,unknown,unknown,,Unclassified failure,pending,,,pending,,,,,pending,,,pending,,,pending,,,
11108679_RALPH P CORNELIOUS 1_1053099,s3://osu-well-records-225989338968/pdfs/ExportedFolderContents_1/1923/01 - January/11108679_RALPH P CORNELIOUS 1_1053099.pdf,1,1923,01 - January,early,1920s,unknown,unknown,,Unclassified failure,pending,,,pending,,,,,pending,,,pending,,,pending,,,
11108679_RALPH P CORNELIOUS 1_516457,s3://osu-well-records-225989338968/pdfs/ExportedFolderContents_1/1923/01 - January/11108679_RALPH P CORNELIOUS 1_516457.pdf,1,1923,01 - January,early,1920s,unknown,unknown,,Unclassified failure,pending,,,pending,,,,,pending,,,pending,,,pending,,,
11109250_No Data_1053034,s3://osu-well-records-225989338968/pdfs/ExportedFolderContents_1/1923/01 - January/11109250_No Data_1053034.pdf,1,1923,01 - January,early,1920s,unknown,unknown,,Unclassified failure,pending,,,pending,,,,,pending,,,pending,,,pending,,,
11109845_Brown Mack 2_1053083,s3://osu-well-records-225989338968/pdfs/ExportedFolderContents_1/1923/01 - January/11109845_Brown Mack 2_1053083.pdf,1,1923,01 - January,early,1920s,unknown,unknown,,Unclassified failure,pending,,,pending,,,,,pending,,,pending,,,pending,,,
11109965_Townsite 1_1053287,s3://osu-well-records-225989338968/pdfs/ExportedFolderContents_1/1923/01 - January/11109965_Townsite 1_1053287.pdf,1,1923,01 - January,early,1920s,unknown,unknown,,Unclassified failure,pending,,,pending,,,,,pending,,,pending,,,pending,,,
11109967_Lavine 2_1053263,s3://osu-well-records-225989338968/pdfs/ExportedFolderContents_1/1923/01 - January/11109967_Lavine 2_1053263.pdf,1,1923,01 - January,early,1920s,unknown,unknown,,Unclassified failure,pending,,,pending,,,,,pending,,,pending,,,pending,,,
11109976_Edwards Joseph 1_1053127,s3://osu-well-records-225989338968/pdfs/ExportedFolderContents_1/1923/01 - January/11109976_Edwards Joseph 1_1053127.pdf,1,1923,01 - January,early,1920s,unknown,unknown,,Unclassified failure,pending,,,pending,,,,,pending,,,pending,,,pending,,,
11110104_H LYTAL 3_1053126,s3://osu-well-records-225989338968/pdfs/ExportedFolderContents_1/1923/01 - January/11110104_H LYTAL 3_1053126.pdf,1,1923,01 - January,early,1920s,unknown,unknown,,Unclassified failure,pending,,,pending,,,,,pending,,,pending,,,pending,,,
11110247_KOCH THOMPSON 1_1364303,s3://osu-well-records-225989338968/pdfs/ExportedFolderContents_1/1923/01 - January/11110247_KOCH THOMPSON 1_1364303.pdf,1,1923,01 - January,early,1920s,unknown,unknown,,Unclassified failure,pending,,,pending,,,,,pending,,,pending,,,pending,,,
11110250_MARLOW 1_1364328,s3://osu-well-records-225989338968/pdfs/ExportedFolderContents_1/1923/01 - January/11110250_MARLOW 1_1364328.pdf,1,1923,01 - January,early,1920s,unknown,unknown,,Unclassified failure,pending,,,pending,,,,,pending,,,pending,,,pending,,,
11110334_ISOM BEAM 1_1053210,s3://osu-well-records-225989338968/pdfs/ExportedFolderContents_1/1923/01 - January/11110334_ISOM BEAM 1_1053210.pdf,1,1923,01 - January,early,1920s,unknown,unknown,,Unclassified failure,pending,,,pending,,,,,pending,,,pending,,,pending,,,
11111025_ALBERTA JONES 1_1053052,s3://osu-well-records-225989338968/pdfs/ExportedFolderContents_1/1923/01 - January/11111025_ALBERTA JONES 1_1053052.pdf,1,1923,01 - January,early,1920s,unknown,unknown,,Unclassified failure,pending,,,pending,,,,,pending,,,pending,,,pending,,,
11116499_Adams 1_1053064,s3://osu-well-records-225989338968/pdfs/ExportedFolderContents_1/1923/01 - January/11116499_Adams 1_1053064.pdf,1,1923,01 - January,early,1920s,unknown,unknown,,Unclassified failure,pending,,,pending,,,,,pending,,,pending,,,pending,,,
11701465_GEORGE W BURTON 1_1053063,s3://osu-well-records-225989338968/pdfs/ExportedFolderContents_1/1923/01 - January/11701465_GEORGE W BURTON 1_1053063.pdf,1,1923,01 - January,early,1920s,unknown,unknown,,Unclassified failure,pending,,,pending,,,,,pending,,,pending,,,pending,,,
11701736_J H ELLIS 2_1053253,s3://osu-well-records-225989338968/pdfs/ExportedFolderContents_1/1923/01 - January/11701736_J H ELLIS 2_1053253.pdf,1,1923,01 - January,early,1920s,unknown,unknown,,Unclassified failure,pending,,,pending,,,,,pending,,,pending,,,pending,,,
11702689_T. W. BEASLEY 8_1053021,s3://osu-well-records-225989338968/pdfs/ExportedFolderContents_1/1923/01 - January/11702689_T. W. BEASLEY 8_1053021.pdf,1,1923,01 - January,early,1920s,unknown,unknown,,Unclassified failure,pending,,,pending,,,,,pending,,,pending,,,pending,,,
11702699_COLBORN 5_1052981,s3://osu-well-records-225989338968/pdfs/ExportedFolderContents_1/1923/01 - January/11702699_COLBORN 5_1052981.pdf,1,1923,01 - January,early,1920s,unknown,unknown,,Unclassified failure,pending,,,pending,,,,,pending,,,pending,,,pending,,,
11702700_COLBORN 6_1053215,s3://osu-well-records-225989338968/pdfs/ExportedFolderContents_1/1923/01 - January/11702700_COLBORN 6_1053215.pdf,1,1923,01 - January,early,1920s,unknown,unknown,,Unclassified failure,pending,,,pending,,,,,pending,,,pending,,,pending,,,
11702707_HERRINGTON 1_1052947,s3://osu-well-records-225989338968/pdfs/ExportedFolderContents_1/1923/01 - January/11702707_HERRINGTON 1_1052947.pdf,1,1923,01 - January,early,1920s,unknown,unknown,,Unclassified failure,pending,,,pending,,,,,pending,,,pending,,,pending,,,
11702709_HUGHES 1_1052994,s3://osu-well-records-225989338968/pdfs/ExportedFolderContents_1/1923/01 - January/11702709_HUGHES 1_1052994.pdf,1,1923,01 - January,early,1920s,unknown,unknown,,Unclassified failure,pending,,,pending,,,,,pending,,,pending,,,pending,,,
11703006_COX 1_1053229,s3://osu-well-records-225989338968/pdfs/ExportedFolderContents_1/1923/01 - January/11703006_COX 1_1053229.pdf,1,1923,01 - January,early,1920s,unknown,unknown,,Unclassified failure,pending,,,pending,,,,,pending,,,pending,,,pending,,,
11703014_PRESSEY 1_1052952,s3://osu-well-records-225989338968/pdfs/ExportedFolderContents_1/1923/01 - January/11703014_PRESSEY 1_1052952.pdf,1,1923,01 - January,early,1920s,unknown,unknown,,Unclassified failure,pending,,,pending,,,,,pending,,,pending,,,pending,,,
11704382_J JACKSON 1_1414334,s3://osu-well-records-225989338968/pdfs/ExportedFolderContents_1/1923/01 - January/11704382_J JACKSON 1_1414334.pdf,1,1923,01 - January,early,1920s,unknown,unknown,,Unclassified failure,pending,,,pending,,,,,pending,,,pending,,,pending,,,
11706162_HUNT 2_1052984,s3://osu-well-records-225989338968/pdfs/ExportedFolderContents_1/1923/01 - January/11706162_HUNT 2_1052984.pdf,1,1923,01 - January,early,1920s,unknown,unknown,,Unclassified failure,pending,,,pending,,,,,pending,,,pending,,,pending,,,
11902390_F I HIBBARD A-1_1053276,s3://osu-well-records-225989338968/pdfs/ExportedFolderContents_1/1923/01 - January/11902390_F I HIBBARD A-1_1053276.pdf,1,1923,01 - January,early,1920s,unknown,unknown,,Unclassified failure,pending,,,pending,,,,,pending,,,pending,,,pending,,,
11902390_F I HIBBARD A-1_1053277,s3://osu-well-records-225989338968/pdfs/ExportedFolderContents_1/1923/01 - January/11902390_F I HIBBARD A-1_1053277.pdf,1,1923,01 - January,early,1920s,unknown,unknown,,Unclassified failure,pending,,,pending,,,,,pending,,,pending,,,pending,,,
11902726_C (JOHN) BALLARD 1_1414327,s3://osu-well-records-225989338968/pdfs/ExportedFolderContents_1/1923/01 - January/11902726_C (JOHN) BALLARD 1_1414327.pdf,1,1923,01 - January,early,1920s,unknown,unknown,,Unclassified failure,pending,,,pending,,,,,pending,,,pending,,,pending,,,
11903952_Ballard 1_1414377,s3://osu-well-records-225989338968/pdfs/ExportedFolderContents_1/1923/01 - January/11903952_Ballard 1_1414377.pdf,1,1923,01 - January,early,1920s,unknown,unknown,,Unclassified failure,pending,,,pending,,,,,pending,,,pending,,,pending,,,
13103290_KORNEGAY 2_1618185,s3://osu-well-records-225989338968/pdfs/ExportedFolderContents_1/1923/01 - January/13103290_KORNEGAY 2_1618185.pdf,1,1923,01 - January,early,1920s,unknown,unknown,,Unclassified failure,pending,,,pending,,,,,pending,,,pending,,,pending,,,
13103291_MERRITT 1_1618205,s3://osu-well-records-225989338968/pdfs/ExportedFolderContents_1/1923/01 - January/13103291_MERRITT 1_1618205.pdf,1,1923,01 - January,early,1920s,unknown,unknown,,Unclassified failure,pending,,,pending,,,,,pending,,,pending,,,pending,,,
13700790_W M ELMORE 3_920405,s3://osu-well-records-225989338968/pdfs/ExportedFolderContents_1/1923/01 - January/13700790_W M ELMORE 3_920405.pdf,1,1923,01 - January,early,1920s,unknown,unknown,,Unclassified failure,pending,,,pending,,,,,pending,,,pending,,,pending,,,
13700899_FRANK KAGAY 2_920408,s3://osu-well-records-225989338968/pdfs/ExportedFolderContents_1/1923/01 - January/13700899_FRANK KAGAY 2_920408.pdf,1,1923,01 - January,early,1920s,unknown,unknown,,Unclassified failure,pending,,,pending,,,,,pending,,,pending,,,pending,,,
13700964_F WILSON 1 DD_920410,s3://osu-well-records-225989338968/pdfs/ExportedFolderContents_1/1923/01 - January/13700964_F WILSON 1 DD_920410.pdf,1,1923,01 - January,early,1920s,unknown,unknown,,Unclassified failure,pending,,,pending,,,,,pending,,,pending,,,pending,,,
13701501_MADDING 3_920372,s3://osu-well-records-225989338968/pdfs/ExportedFolderContents_1/1923/01 - January/13701501_MADDING 3_920372.pdf,1,1923,01 - January,early,1920s,unknown,unknown,,Unclassified failure,pending,,,pending,,,,,pending,,,pending,,,pending,,,
13701504_CROSBY 4_920379,s3://osu-well-records-225989338968/pdfs/ExportedFolderContents_1/1923/01 - January/13701504_CROSBY 4_920379.pdf,1,1923,01 - January,early,1920s,unknown,unknown,,Unclassified failure,pending,,,pending,,,,,pending,,,pending,,,pending,,,
13701504_CROSBY 4_920381,s3://osu-well-records-225989338968/pdfs/ExportedFolderContents_1/1923/01 - January/13701504_CROSBY 4_920381.pdf,1,1923,01 - January,early,1920s,unknown,unknown,,Unclassified failure,pending,,,pending,,,,,pending,,,pending,,,pending,,,
13701509_E T ZIGLER 8_920416,s3://osu-well-records-225989338968/pdfs/ExportedFolderContents_1/1923/01 - January/13701509_E T ZIGLER 8_920416.pdf,1,1923,01 - January,early,1920s,unknown,unknown,,Unclassified failure,pending,,,pending,,,,,pending,,,pending,,,pending,,,
13701509_E T ZIGLER 8_920417,s3://osu-well-records-225989338968/pdfs/ExportedFolderContents_1/1923/01 - January/13701509_E T ZIGLER 8_920417.pdf,1,1923,01 - January,early,1920s,unknown,unknown,,Unclassified failure,pending,,,pending,,,,,pending,,,pending,,,pending,,,
13701537_J W STEPHENS 10_920406,s3://osu-well-records-225989338968/pdfs/ExportedFolderContents_1/1923/01 - January/13701537_J W STEPHENS 10_920406.pdf,1,1923,01 - January,early,1920s,unknown,unknown,,Unclassified failure,pending,,,pending,,,,,pending,,,pending,,,pending,,,
13701585_BUSH 7_920419,s3://osu-well-records-225989338968/pdfs/ExportedFolderContents_1/1923/01 - January/13701585_BUSH 7_920419.pdf,1,1923,01 - January,early,1920s,unknown,unknown,,Unclassified failure,pending,,,pending,,,,,pending,,,pending,,,pending,,,
13701613_YOUNG 2_782132,s3://osu-well-records-225989338968/pdfs/ExportedFolderContents_1/1923/01 - January/13701613_YOUNG 2_782132.pdf,1,1923,01 - January,early,1920s,unknown,unknown,,Unclassified failure,pending,,,pending,,,,,pending,,,pending,,,pending,,,
13701644_MORGAN 3_782165,s3://osu-well-records-225989338968/pdfs/ExportedFolderContents_1/1923/01 - January/13701644_MORGAN 3_782165.pdf,1,1923,01 - January,early,1920s,unknown,unknown,,Unclassified failure,pending,,,pending,,,,,pending,,,pending,,,pending,,,
13708900_HALL 5_920418,s3://osu-well-records-225989338968/pdfs/ExportedFolderContents_1/1923/01 - January/13708900_HALL 5_920418.pdf,1,1923,01 - January,early,1920s,unknown,unknown,,Unclassified failure,pending,,,pending,,,,,pending,,,pending,,,pending,,,
13709016_L AKERS 1_782150,s3://osu-well-records-225989338968/pdfs/ExportedFolderContents_1/1923/01 - January/13709016_L AKERS 1_782150.pdf,1,1923,01 - January,early,1920s,unknown,unknown,,Unclassified failure,pending,,,pending,,,,,pending,,,pending,,,pending,,,
13709056_R E FARRIS 3_920371,s3://osu-well-records-225989338968/pdfs/ExportedFolderContents_1/1923/01 - January/13709056_R E FARRIS 3_920371.pdf,1,1923,01 - January,early,1920s,unknown,unknown,,Unclassified failure,pending,,,pending,,,,,pending,,,pending,,,pending,,,
13710333_SURBER 32_920351,s3://osu-well-records-225989338968/pdfs/ExportedFolderContents_1/1923/01 - January/13710333_SURBER 32_920351.pdf,1,1923,01 - January,early,1920s,unknown,unknown,,Unclassified failure,pending,,,pending,,,,,pending,,,pending,,,pending,,,
13710967_BALDWIN 6_920373,s3://osu-well-records-225989338968/pdfs/ExportedFolderContents_1/1923/01 - January/13710967_BALDWIN 6_920373.pdf,1,1923,01 - January,early,1920s,unknown,unknown,,Unclassified failure,pending,,,pending,,,,,pending,,,pending,,,pending,,,
13711192_LYDIA HOLMAN ET AL 2_920350,s3://osu-well-records-225989338968/pdfs/ExportedFolderContents_1/1923/01 - January/13711192_LYDIA HOLMAN ET AL 2_920350.pdf,1,1923,01 - January,early,1920s,unknown,unknown,,Unclassified failure,pending,,,pending,,,,,pending,,,pending,,,pending,,,
13712243_TONEY-TURNER 4_920341,s3://osu-well-records-225989338968/pdfs/ExportedFolderContents_1/1923/01 - January/13712243_TONEY-TURNER 4_920341.pdf,1,1923,01 - January,early,1920s,unknown,unknown,,Unclassified failure,pending,,,pending,,,,,pending,,,pending,,,pending,,,
13712243_TONEY-TURNER 4_920342,s3://osu-well-records-225989338968/pdfs/ExportedFolderContents_1/1923/01 - January/13712243_TONEY-TURNER 4_920342.pdf,1,1923,01 - January,early,1920s,unknown,unknown,,Unclassified failure,pending,,,pending,,,,,pending,,,pending,,,pending,,,
13712254_WOOD 15_920331,s3://osu-well-records-225989338968/pdfs/ExportedFolderContents_1/1923/01 - January/13712254_WOOD 15_920331.pdf,1,1923,01 - January,early,1920s,unknown,unknown,,Unclassified failure,pending,,,pending,,,,,pending,,,pending,,,pending,,,
13712254_WOOD 15_920332,s3://osu-well-records-225989338968/pdfs/ExportedFolderContents_1/1923/01 - January/13712254_WOOD 15_920332.pdf,1,1923,01 - January,early,1920s,unknown,unknown,,Unclassified failure,pending,,,pending,,,,,pending,,,pending,,,pending,,,
13712391_GREEN 5_913319,s3://osu-well-records-225989338968/pdfs/ExportedFolderContents_1/1923/01 - January/13712391_GREEN 5_913319.pdf,1,1923,01 - January,early,1920s,unknown,unknown,,Unclassified failure,pending,,,pending,,,,,pending,,,pending,,,pending,,,
13712392_GREEN 6_920390,s3://osu-well-records-225989338968/pdfs/ExportedFolderContents_1/1923/01 - January/13712392_GREEN 6_920390.pdf,1,1923,01 - January,early,1920s,unknown,unknown,,Unclassified failure,pending,,,pending,,,,,pending,,,pending,,,pending,,,
13712392_GREEN 6_920393,s3://osu-well-records-225989338968/pdfs/ExportedFolderContents_1/1923/01 - January/13712392_GREEN 6_920393.pdf,1,1923,01 - January,early,1920s,unknown,unknown,,Unclassified failure,pending,,,pending,,,,,pending,,,pending,,,pending,,,
13712524_COBB C-2_920378,s3://osu-well-records-225989338968/pdfs/ExportedFolderContents_1/1923/01 - January/13712524_COBB C-2_920378.pdf,1,1923,01 - January,early,1920s,unknown,unknown,,Unclassified failure,pending,,,pending,,,,,pending,,,pending,,,pending,,,
13712524_COBB C-2_920380,s3://osu-well-records-225989338968/pdfs/ExportedFolderContents_1/1923/01 - January/13712524_COBB C-2_920380.pdf,1,1923,01 - January,early,1920s,unknown,unknown,,Unclassified failure,pending,,,pending,,,,,pending,,,pending,,,pending,,,
13712525_FORT 1_920386,s3://osu-well-records-225989338968/pdfs/ExportedFolderContents_1/1923/01 - January/13712525_FORT 1_920386.pdf,1,1923,01 - January,early,1920s,unknown,unknown,,Unclassified failure,pending,,,pending,,,,,pending,,,pending,,,pending,,,
13712525_FORT 1_920387,s3://osu-well-records-225989338968/pdfs/ExportedFolderContents_1/1923/01 - January/13712525_FORT 1_920387.pdf,1,1923,01 - January,early,1920s,unknown,unknown,,Unclassified failure,pending,,,pending,,,,,pending,,,pending,,,pending,,,
13712556_ED MARTIN 3_920360,s3://osu-well-records-225989338968/pdfs/ExportedFolderContents_1/1923/01 - January/13712556_ED MARTIN 3_920360.pdf,1,1923,01 - January,early,1920s,unknown,unknown,,Unclassified failure,pending,,,pending,,,,,pending,,,pending,,,pending,,,
13712556_ED MARTIN 3_920362,s3://osu-well-records-225989338968/pdfs/ExportedFolderContents_1/1923/01 - January/13712556_ED MARTIN 3_920362.pdf,1,1923,01 - January,early,1920s,unknown,unknown,,Unclassified failure,pending,,,pending,,,,,pending,,,pending,,,pending,,,
13712568_NICHOLS-FRENSLEY 11_920394,s3://osu-well-records-225989338968/pdfs/ExportedFolderContents_1/1923/01 - January/13712568_NICHOLS-FRENSLEY 11_920394.pdf,1,1923,01 - January,early,1920s,unknown,unknown,,Unclassified failure,pending,,,pending,,,,,pending,,,pending,,,pending,,,
13712568_NICHOLS-FRENSLEY 11_920397,s3://osu-well-records-225989338968/pdfs/ExportedFolderContents_1/1923/01 - January/13712568_NICHOLS-FRENSLEY 11_920397.pdf,1,1923,01 - January,early,1920s,unknown,unknown,,Unclassified failure,pending,,,pending,,,,,pending,,,pending,,,pending,,,
13712578_FRENSLEY 7_920348,s3://osu-well-records-225989338968/pdfs/ExportedFolderContents_1/1923/01 - January/13712578_FRENSLEY 7_920348.pdf,1,1923,01 - January,early,1920s,unknown,unknown,,Unclassified failure,pending,,,pending,,,,,pending,,,pending,,,pending,,,
13712578_FRENSLEY 7_920349,s3://osu-well-records-225989338968/pdfs/ExportedFolderContents_1/1923/01 - January/13712578_FRENSLEY 7_920349.pdf,1,1923,01 - January,early,1920s,unknown,unknown,,Unclassified failure,pending,,,pending,,,,,pending,,,pending,,,pending,,,
13712720_BRITTAIN 9_920414,s3://osu-well-records-225989338968/pdfs/ExportedFolderContents_1/1923/01 - January/13712720_BRITTAIN 9_920414.pdf,1,1923,01 - January,early,1920s,unknown,unknown,,Unclassified failure,pending,,,pending,,,,,pending,,,pending,,,pending,,,
13712747_BRITTAIN 3_920413,s3://osu-well-records-225989338968/pdfs/ExportedFolderContents_1/1923/01 - January/13712747_BRITTAIN 3_920413.pdf,1,1923,01 - January,early,1920s,unknown,unknown,,Unclassified failure,pending,,,pending,,,,,pending,,,pending,,,pending,,,
13714330_SIMPSON 6_920327,s3://osu-well-records-225989338968/pdfs/ExportedFolderContents_1/1923/01 - January/13714330_SIMPSON 6_920327.pdf,1,1923,01 - January,early,1920s,unknown,unknown,,Unclassified failure,pending,,,pending,,,,,pending,,,pending,,,pending,,,
14300385_WILLIAMS 1_1053013,s3://osu-well-records-225989338968/pdfs/ExportedFolderContents_1/1923/01 - January/14300385_WILLIAMS 1_1053013.pdf,1,1923,01 - January,early,1920s,unknown,unknown,,Unclassified failure,pending,,,pending,,,,,pending,,,pending,,,pending,,,
14300816_E CHARLEY 6-14_1414254,s3://osu-well-records-225989338968/pdfs/ExportedFolderContents_1/1923/01 - January/14300816_E CHARLEY 6-14_1414254.pdf,1,1923,01 - January,early,1920s,unknown,unknown,,Unclassified failure,pending,,,pending,,,,,pending,,,pending,,,pending,,,
14300817_E CHARLEY 6-15_1414249,s3://osu-well-records-225989338968/pdfs/ExportedFolderContents_1/1923/01 - January/14300817_E CHARLEY 6-15_1414249.pdf,1,1923,01 - January,early,1920s,unknown,unknown,,Unclassified failure,pending,,,pending,,,,,pending,,,pending,,,pending,,,
14300818_E CHARLEY 6-16_1414256,s3://osu-well-records-225989338968/pdfs/ExportedFolderContents_1/1923/01 - January/14300818_E CHARLEY 6-16_1414256.pdf,1,1923,01 - January,early,1920s,unknown,unknown,,Unclassified failure,pending,,,pending,,,,,pending,,,pending,,,pending,,,
14301859_HARRIS 1_1053089,s3://osu-well-records-225989338968/pdfs/ExportedFolderContents_1/1923/01 - January/14301859_HARRIS 1_1053089.pdf,1,1923,01 - January,early,1920s,unknown,unknown,,Unclassified failure,pending,,,pending,,,,,pending,,,pending,,,pending,,,
14302616_J B SANDERS 3_1053165,s3://osu-well-records-225989338968/pdfs/ExportedFolderContents_1/1923/01 - January/14302616_J B SANDERS 3_1053165.pdf,1,1923,01 - January,early,1920s,unknown,unknown,,Unclassified failure,pending,,,pending,,,,,pending,,,pending,,,pending,,,
14303405_l ISLAND 1_1052971,s3://osu-well-records-225989338968/pdfs/ExportedFolderContents_1/1923/01 - January/14303405_l ISLAND 1_1052971.pdf,1,1923,01 - January,early,1920s,unknown,unknown,,Unclassified failure,pending,,,pending,,,,,pending,,,pending,,,pending,,,
14303522_SAMMIE NAHARKEY 6_1053015,s3://osu-well-records-225989338968/pdfs/ExportedFolderContents_1/1923/01 - January/14303522_SAMMIE NAHARKEY 6_1053015.pdf,1,1923,01 - January,early,1920s,unknown,unknown,,Unclassified failure,pending,,,pending,,,,,pending,,,pending,,,pending,,,
14303590_T C DURR 3_1053179,s3://osu-well-records-225989338968/pdfs/ExportedFolderContents_1/1923/01 - January/14303590_T C DURR 3_1053179.pdf,1,1923,01 - January,early,1920s,unknown,unknown,,Unclassified failure,pending,,,pending,,,,,pending,,,pending,,,pending,,,
14303608_BILBY 1_1052995,s3://osu-well-records-225989338968/pdfs/ExportedFolderContents_1/1923/01 - January/14303608_BILBY 1_1052995.pdf,1,1923,01 - January,early,1920s,unknown,unknown,,Unclassified failure,pending,,,pending,,,,,pending,,,pending,,,pending,,,
14303839_VERA CLINTON 2_1053082,s3://osu-well-records-225989338968/pdfs/ExportedFolderContents_1/1923/01 - January/14303839_VERA CLINTON 2_1053082.pdf,1,1923,01 - January,early,1920s,unknown,unknown,,Unclassified failure,pending,,,pending,,,,,pending,,,pending,,,pending,,,
14303868_No Data_1053035,s3://osu-well-records-225989338968/pdfs/ExportedFolderContents_1/1923/01 - January/14303868_No Data_1053035.pdf,1,1923,01 - January,early,1920s,unknown,unknown,,Unclassified failure,pending,,,pending,,,,,pending,,,pending,,,pending,,,
14304389_REED 4_1053172,s3://osu-well-records-225989338968/pdfs/ExportedFolderContents_1/1923/01 - January/14304389_REED 4_1053172.pdf,1,1923,01 - January,early,1920s,unknown,unknown,,Unclassified failure,pending,,,pending,,,,,pending,,,pending,,,pending,,,
14304397_HAYDEN-MCDOWELL 5_1053208,s3://osu-well-records-225989338968/pdfs/ExportedFolderContents_1/1923/01 - January/14304397_HAYDEN-MCDOWELL 5_1053208.pdf,1,1923,01 - January,early,1920s,unknown,unknown,,Unclassified failure,pending,,,pending,,,,,pending,,,pending,,,pending,,,
14304863_JANEWAY 1_1414368,s3://osu-well-records-225989338968/pdfs/ExportedFolderContents_1/1923/01 - January/14304863_JANEWAY 1_1414368.pdf,1,1923,01 - January,early,1920s,unknown,unknown,,Unclassified failure,pending,,,pending,,,,,pending,,,pending,,,pending,,,
OSAGE_J A MOORE 9_2288412,s3://osu-well-records-225989338968/pdfs/ExportedFolderContents_1/1923/01 - January/OSAGE_J A MOORE 9_2288412.pdf,1,1923,01 - January,early,1920s,unknown,unknown,,Unclassified failure,pending,,,pending,,,,,pending,,,pending,,,pending,,,
OSAGE_OSAGE_2288374,s3://osu-well-records-225989338968/pdfs/ExportedFolderContents_1/1923/01 - January/OSAGE_OSAGE_2288374.pdf,1,1923,01 - January,early,1920s,unknown,unknown,,Unclassified failure,pending,,,pending,,,,,pending,,,pending,,,pending,,,
OSAGE_OSAGE_2288445,s3://osu-well-records-225989338968/pdfs/ExportedFolderContents_1/1923/01 - January/OSAGE_OSAGE_2288445.pdf,1,1923,01 - January,early,1920s,unknown,unknown,,Unclassified failure,pending,,,pending,,,,,pending,,,pending,,,pending,,,
OSAGE_R PRICE 3_2288389,s3://osu-well-records-225989338968/pdfs/ExportedFolderContents_1/1923/01 - January/OSAGE_R PRICE 3_2288389.pdf,1,1923,01 - January,early,1920s,unknown,unknown,,Unclassified failure,pending,,,pending,,,,,pending,,,pending,,,pending,,,
X_BROWN 2_2004067,s3://osu-well-records-225989338968/pdfs/ExportedFolderContents_1/1923/01 - January/X_BROWN 2_2004067.pdf,1,1923,01 - January,early,1920s,unknown,unknown,,Unclassified failure,pending,,,pending,,,,,pending,,,pending,,,pending,,,
X_BROWN 2_782137,s3://osu-well-records-225989338968/pdfs/ExportedFolderContents_1/1923/01 - January/X_BROWN 2_782137.pdf,1,1923,01 - January,early,1920s,unknown,unknown,,Unclassified failure,pending,,,pending,,,,,pending,,,pending,,,pending,,,
X_C C ENDICOTT 3_1539153,s3://osu-well-records-225989338968/pdfs/ExportedFolderContents_1/1923/01 - January/X_C C ENDICOTT 3_1539153.pdf,1,1923,01 - January,early,1920s,unknown,unknown,,Unclassified failure,pending,,,pending,,,,,pending,,,pending,,,pending,,,
X_CLARKSON 1_920404,s3://osu-well-records-225989338968/pdfs/ExportedFolderContents_1/1923/01 - January/X_CLARKSON 1_920404.pdf,1,1923,01 - January,early,1920s,unknown,unknown,,Unclassified failure,pending,,,pending,,,,,pending,,,pending,,,pending,,,
X_DILLARD 9_920367,s3://osu-well-records-225989338968/pdfs/ExportedFolderContents_1/1923/01 - January/X_DILLARD 9_920367.pdf,1,1923,01 - January,early,1920s,unknown,unknown,,Unclassified failure,pending,,,pending,,,,,pending,,,pending,,,pending,,,
X_ELIZA STETCHI 8_920402,s3://osu-well-records-225989338968/pdfs/ExportedFolderContents_1/1923/01 - January/X_ELIZA STETCHI 8_920402.pdf,1,1923,01 - January,early,1920s,unknown,unknown,,Unclassified failure,pending,,,pending,,,,,pending,,,pending,,,pending,,,
X_G W BOLTON 1_782152,s3://osu-well-records-225989338968/pdfs/ExportedFolderContents_1/1923/01 - January/X_G W BOLTON 1_782152.pdf,1,1923,01 - January,early,1920s,unknown,unknown,,Unclassified failure,pending,,,pending,,,,,pending,,,pending,,,pending,,,
X_GEO M GLAD_2288413,s3://osu-well-records-225989338968/pdfs/ExportedFolderContents_1/1923/01 - January/X_GEO M GLAD_2288413.pdf,1,1923,01 - January,early,1920s,unknown,unknown,,Unclassified failure,pending,,,pending,,,,,pending,,,pending,,,pending,,,
X_GOVT RESERVE 1_1843851,s3://osu-well-records-225989338968/pdfs/ExportedFolderContents_1/1923/01 - January/X_GOVT RESERVE 1_1843851.pdf,1,1923,01 - January,early,1920s,unknown,unknown,,Unclassified failure,pending,,,pending,,,,,pending,,,pending,,,pending,,,
X_HARLAM 2_2288475,s3://osu-well-records-225989338968/pdfs/ExportedFolderContents_1/1923/01 - January/X_HARLAM 2_2288475.pdf,1,1923,01 - January,early,1920s,unknown,unknown,,Unclassified failure,pending,,,pending,,,,,pending,,,pending,,,pending,,,
X_J M PENDLEY 1_782123,s3://osu-well-records-225989338968/pdfs/ExportedFolderContents_1/1923/01 - January/X_J M PENDLEY 1_782123.pdf,1,1923,01 - January,early,1920s,unknown,unknown,,Unclassified failure,pending,,,pending,,,,,pending,,,pending,,,pending,,,
X_J M WATSON 7_2003957,s3://osu-well-records-225989338968/pdfs/ExportedFolderContents_1/1923/01 - January/X_J M WATSON 7_2003957.pdf,1,1923,01 - January,early,1920s,unknown,unknown,,Unclassified failure,pending,,,pending,,,,,pending,,,pending,,,pending,,,
X_J SAMPSON 1_1053010,s3://osu-well-records-225989338968/pdfs/ExportedFolderContents_1/1923/01 - January/X_J SAMPSON 1_1053010.pdf,1,1923,01 - January,early,1920s,unknown,unknown,,Unclassified failure,pending,,,pending,,,,,pending,,,pending,,,pending,,,
X_J SAMPSON 1_516444,s3://osu-well-records-225989338968/pdfs/ExportedFolderContents_1/1923/01 - January/X_J SAMPSON 1_516444.pdf,1,1923,01 - January,early,1920s,unknown,unknown,,Unclassified failure,pending,,,pending,,,,,pending,,,pending,,,pending,,,
X_KATIE FARRIS 1_920353,s3://osu-well-records-225989338968/pdfs/ExportedFolderContents_1/1923/01 - January/X_KATIE FARRIS 1_920353.pdf,1,1923,01 - January,early,1920s,unknown,unknown,,Unclassified failure,pending,,,pending,,,,,pending,,,pending,,,pending,,,
X_KINSEY 4_2004126,s3://osu-well-records-225989338968/pdfs/ExportedFolderContents_1/1923/01 - January/X_KINSEY 4_2004126.pdf,1,1923,01 - January,early,1920s,unknown,unknown,,Unclassified failure,pending,,,pending,,,,,pending,,,pending,,,pending,,,
X_KINSEY 5_2003975,s3://osu-well-records-225989338968/pdfs/ExportedFolderContents_1/1923/01 - January/X_KINSEY 5_2003975.pdf,1,1923,01 - January,early,1920s,unknown,unknown,,Unclassified failure,pending,,,pending,,,,,pending,,,pending,,,pending,,,
X_LULA JAMES 1_782170,s3://osu-well-records-225989338968/pdfs/ExportedFolderContents_1/1923/01 - January/X_LULA JAMES 1_782170.pdf,1,1923,01 - January,early,1920s,unknown,unknown,,Unclassified failure,pending,,,pending,,,,,pending,,,pending,,,pending,,,
X_MARY JONES 1-DD_1053040,s3://osu-well-records-225989338968/pdfs/ExportedFolderContents_1/1923/01 - January/X_MARY JONES 1-DD_1053040.pdf,1,1923,01 - January,early,1920s,unknown,unknown,,Unclassified failure,pending,,,pending,,,,,pending,,,pending,,,pending,,,
X_MAUD C ELLIOTT 1_2288472,s3://osu-well-records-225989338968/pdfs/ExportedFolderContents_1/1923/01 - January/X_MAUD C ELLIOTT 1_2288472.pdf,1,1923,01 - January,early,1920s,unknown,unknown,,Unclassified failure,pending,,,pending,,,,,pending,,,pending,,,pending,,,
X_No Data_2003871,s3://osu-well-records-225989338968/pdfs/ExportedFolderContents_1/1923/01 - January/X_No Data_2003871.pdf,1,1923,01 - January,early,1920s,unknown,unknown,,Unclassified failure,pending,,,pending,,,,,pending,,,pending,,,pending,,,
X_No Data_2003919,s3://osu-well-records-225989338968/pdfs/ExportedFolderContents_1/1923/01 - January/X_No Data_2003919.pdf,1,1923,01 - January,early,1920s,unknown,unknown,,Unclassified failure,pending,,,pending,,,,,pending,,,pending,,,pending,,,
X_No Data_2004052,s3://osu-well-records-225989338968/pdfs/ExportedFolderContents_1/1923/01 - January/X_No Data_2004052.pdf,1,1923,01 - January,early,1920s,unknown,unknown,,Unclassified failure,pending,,,pending,,,,,pending,,,pending,,,pending,,,
X_No Data_2288461,s3://osu-well-records-225989338968/pdfs/ExportedFolderContents_1/1923/01 - January/X_No Data_2288461.pdf,1,1923,01 - January,early,1920s,unknown,unknown,,Unclassified failure,pending,,,pending,,,,,pending,,,pending,,,pending,,,
X_O H DOUGLAS 1_589498,s3://osu-well-records-225989338968/pdfs/ExportedFolderContents_1/1923/01 - January/X_O H DOUGLAS 1_589498.pdf,1,1923,01 - January,early,1920s,unknown,unknown,,Unclassified failure,pending,,,pending,,,,,pending,,,pending,,,pending,,,
X_OSAGE NATION_1053120,s3://osu-well-records-225989338968/pdfs/ExportedFolderContents_1/1923/01 - January/X_OSAGE NATION_1053120.pdf,1,1923,01 - January,early,1920s,unknown,unknown,,Unclassified failure,pending,,,pending,,,,,pending,,,pending,,,pending,,,
X_OSAGE_2003960,s3://osu-well-records-225989338968/pdfs/ExportedFolderContents_1/1923/01 - January/X_OSAGE_2003960.pdf,1,1923,01 - January,early,1920s,unknown,unknown,,Unclassified failure,pending,,,pending,,,,,pending,,,pending,,,pending,,,
X_OSAGE_2288395,s3://osu-well-records-225989338968/pdfs/ExportedFolderContents_1/1923/01 - January/X_OSAGE_2288395.pdf,1,1923,01 - January,early,1920s,unknown,unknown,,Unclassified failure,pending,,,pending,,,,,pending,,,pending,,,pending,,,
X_OSAGE_2288452,s3://osu-well-records-225989338968/pdfs/ExportedFolderContents_1/1923/01 - January/X_OSAGE_2288452.pdf,1,1923,01 - January,early,1920s,unknown,unknown,,Unclassified failure,pending,,,pending,,,,,pending,,,pending,,,pending,,,
X_OSAGE_2288453,s3://osu-well-records-225989338968/pdfs/ExportedFolderContents_1/1923/01 - January/X_OSAGE_2288453.pdf,1,1923,01 - January,early,1920s,unknown,unknown,,Unclassified failure,pending,,,pending,,,,,pending,,,pending,,,pending,,,
X_OSCAR M ROSS 2_2004027,s3://osu-well-records-225989338968/pdfs/ExportedFolderContents_1/1923/01 - January/X_OSCAR M ROSS 2_2004027.pdf,1,1923,01 - January,early,1920s,unknown,unknown,,Unclassified failure,pending,,,pending,,,,,pending,,,pending,,,pending,,,
X_R H ROBEDEAUX 2_2288378,s3://osu-well-records-225989338968/pdfs/ExportedFolderContents_1/1923/01 - January/X_R H ROBEDEAUX 2_2288378.pdf,1,1923,01 - January,early,1920s,unknown,unknown,,Unclassified failure,pending,,,pending,,,,,pending,,,pending,,,pending,,,
X_ROMIE WHITE 1_2003966,s3://osu-well-records-225989338968/pdfs/ExportedFolderContents_1/1923/01 - January/X_ROMIE WHITE 1_2003966.pdf,1,1923,01 - January,early,1920s,unknown,unknown,,Unclassified failure,pending,,,pending,,,,,pending,,,pending,,,pending,,,
X_T J ELLIS 1_1384758,s3://osu-well-records-225989338968/pdfs/ExportedFolderContents_1/1923/01 - January/X_T J ELLIS 1_1384758.pdf,1,1923,01 - January,early,1920s,unknown,unknown,,Unclassified failure,pending,,,pending,,,,,pending,,,pending,,,pending,,,
X_T J ELLIS JR 1_2288385,s3://osu-well-records-225989338968/pdfs/ExportedFolderContents_1/1923/01 - January/X_T J ELLIS JR 1_2288385.pdf,1,1923,01 - January,early,1920s,unknown,unknown,,Unclassified failure,pending,,,pending,,,,,pending,,,pending,,,pending,,,
X_T J ELLIS JR 1_2288386,s3://osu-well-records-225989338968/pdfs/ExportedFolderContents_1/1923/01 - January/X_T J ELLIS JR 1_2288386.pdf,1,1923,01 - January,early,1920s,unknown,unknown,,Unclassified failure,pending,,,pending,,,,,pending,,,pending,,,pending,,,
X_TERLTON TOWN SITE LOT 31 BLOCK 8_1052980,s3://osu-well-records-225989338968/pdfs/ExportedFolderContents_1/1923/01 - January/X_TERLTON TOWN SITE LOT 31 BLOCK 8_1052980.pdf,1,1923,01 - January,early,1920s,unknown,unknown,,Unclassified failure,pending,,,pending,,,,,pending,,,pending,,,pending,,,
X_THOMPSON_2003934,s3://osu-well-records-225989338968/pdfs/ExportedFolderContents_1/1923/01 - January/X_THOMPSON_2003934.pdf,1,1923,01 - January,early,1920s,unknown,unknown,,Unclassified failure,pending,,,pending,,,,,pending,,,pending,,,pending,,,
X_UNKNOWN_920330,s3://osu-well-records-225989338968/pdfs/ExportedFolderContents_1/1923/01 - January/X_UNKNOWN_920330.pdf,1,1923,01 - January,early,1920s,unknown,unknown,,Unclassified failure,pending,,,pending,,,,,pending,,,pending,,,pending,,,
X_W NEWBERRY 5_782130,s3://osu-well-records-225989338968/pdfs/ExportedFolderContents_1/1923/01 - January/X_W NEWBERRY 5_782130.pdf,1,1923,01 - January,early,1920s,unknown,unknown,,Unclassified failure,pending,,,pending,,,,,pending,,,pending,,,pending,,,
X_W SAWYER 1_1496467,s3://osu-well-records-225989338968/pdfs/ExportedFolderContents_1/1923/01 - January/X_W SAWYER 1_1496467.pdf,1,1923,01 - January,early,1920s,unknown,unknown,,Unclassified failure,pending,,,pending,,,,,pending,,,pending,,,pending,,,
X_W SAWYER 1_2004082,s3://osu-well-records-225989338968/pdfs/ExportedFolderContents_1/1923/01 - January/X_W SAWYER 1_2004082.pdf,1,1923,01 - January,early,1920s,unknown,unknown,,Unclassified failure,pending,,,pending,,,,,pending,,,pending,,,pending,,,
X_W. MILLER 1_2288410,s3://osu-well-records-225989338968/pdfs/ExportedFolderContents_1/1923/01 - January/X_W. MILLER 1_2288410.pdf,1,1923,01 - January,early,1920s,unknown,unknown,,Unclassified failure,pending,,,pending,,,,,pending,,,pending,,,pending,,,
X_WALKER 3_1364330,s3://osu-well-records-225989338968/pdfs/ExportedFolderContents_1/1923/01 - January/X_WALKER 3_1364330.pdf,1,1923,01 - January,early,1920s,unknown,unknown,,Unclassified failure,pending,,,pending,,,,,pending,,,pending,,,pending,,,
X_WHITE ESTATE 1_1843854,s3://osu-well-records-225989338968/pdfs/ExportedFolderContents_1/1923/01 - January/X_WHITE ESTATE 1_1843854.pdf,1,1923,01 - January,early,1920s,unknown,unknown,,Unclassified failure,pending,,,pending,,,,,pending,,,pending,,,pending,,,
X_X_1384768,s3://osu-well-records-225989338968/pdfs/ExportedFolderContents_1/1923/01 - January/X_X_1384768.pdf,1,1923,01 - January,early,1920s,unknown,unknown,,Unclassified failure,pending,,,pending,,,,,pending,,,pending,,,pending,,,
X_X_2003963,s3://osu-well-records-225989338968/pdfs/ExportedFolderContents_1/1923/01 - January/X_X_2003963.pdf,1,1923,01 - January,early,1920s,unknown,unknown,,Unclassified failure,pending,,,pending,,,,,pending,,,pending,,,pending,,,
X__ 1_2364178,s3://osu-well-records-225989338968/pdfs/ExportedFolderContents_1/1923/01 - January/X__ 1_2364178.pdf,1,1923,01 - January,early,1920s,unknown,unknown,,Unclassified failure,pending,,,pending,,,,,pending,,,pending,,,pending,,,
X__ 1_782145,s3://osu-well-records-225989338968/pdfs/ExportedFolderContents_1/1923/01 - January/X__ 1_782145.pdf,1,1923,01 - January,early,1920s,unknown,unknown,,Unclassified failure,pending,,,pending,,,,,pending,,,pending,,,pending,,,
x_BURROW 1_920329,s3://osu-well-records-225989338968/pdfs/ExportedFolderContents_1/1923/01 - January/x_BURROW 1_920329.pdf,1,1923,01 - January,early,1920s,unknown,unknown,,Unclassified failure,pending,,,pending,,,,,pending,,,pending,,,pending,,,
x_HELTON 2_2004134,s3://osu-well-records-225989338968/pdfs/ExportedFolderContents_1/1923/01 - January/x_HELTON 2_2004134.pdf,1,1923,01 - January,early,1920s,unknown,unknown,,Unclassified failure,pending,,,pending,,,,,pending,,,pending,,,pending,,,
"x_J,F, BENNETT 3_920361","s3://osu-well-records-225989338968/pdfs/ExportedFolderContents_1/1923/01 - January/x_J,F, BENNETT 3_920361.pdf",1,1923,01 - January,early,1920s,unknown,unknown,,Unclassified failure,pending,,,pending,,,,,pending,,,pending,,,pending,,,
x_No Data_1414340,s3://osu-well-records-225989338968/pdfs/ExportedFolderContents_1/1923/01 - January/x_No Data_1414340.pdf,1,1923,01 - January,early,1920s,unknown,unknown,,Unclassified failure,pending,,,pending,,,,,pending,,,pending,,,pending,,,
x_P BROWN 6_1053121,s3://osu-well-records-225989338968/pdfs/ExportedFolderContents_1/1923/01 - January/x_P BROWN 6_1053121.pdf,1,1923,01 - January,early,1920s,unknown,unknown,,Unclassified failure,pending,,,pending,,,,,pending,,,pending,,,pending,,,
x_P BROWN 6_1053135,s3://osu-well-records-225989338968/pdfs/ExportedFolderContents_1/1923/01 - January/x_P BROWN 6_1053135.pdf,1,1923,01 - January,early,1920s,unknown,unknown,,Unclassified failure,pending,,,pending,,,,,pending,,,pending,,,pending,,,
00000000_No Data_1053304,s3://osu-well-records-225989338968/pdfs/ExportedFolderContents_1/1923/02 - February/00000000_No Data_1053304.pdf,1,1923,02 - February,early,1920s,unknown,unknown,,Unclassified failure,pending,,,pending,,,,,pending,,,pending,,,pending,,,
11111063_C E PHILLIPS ETAL 2_1053370,s3://osu-well-records-225989338968/pdfs/ExportedFolderContents_1/1923/02 - February/11111063_C E PHILLIPS ETAL 2_1053370.pdf,1,1923,02 - February,early,1920s,unknown,unknown,,Unclassified failure,pending,,,pending,,,,,pending,,,pending,,,pending,,,
11701508_MARTIN 1_1053338,s3://osu-well-records-225989338968/pdfs/ExportedFolderContents_1/1923/02 - February/11701508_MARTIN 1_1053338.pdf,1,1923,02 - February,early,1920s,unknown,unknown,,Unclassified failure,pending,,,pending,,,,,pending,,,pending,,,pending,,,
11701651_T POLLOCK 2_1053512,s3://osu-well-records-225989338968/pdfs/ExportedFolderContents_1/1923/02 - February/11701651_T POLLOCK 2_1053512.pdf,1,1923,02 - February,early,1920s,unknown,unknown,,Unclassified failure,pending,,,pending,,,,,pending,,,pending,,,pending,,,
11702308_AMOS 2_1053433,s3://osu-well-records-225989338968/pdfs/ExportedFolderContents_1/1923/02 - February/11702308_AMOS 2_1053433.pdf,1,1923,02 - February,early,1920s,unknown,unknown,,Unclassified failure,pending,,,pending,,,,,pending,,,pending,,,pending,,,
11702683_T W BEASLEY 1_1053417,s3://osu-well-records-225989338968/pdfs/ExportedFolderContents_1/1923/02 - February/11702683_T W BEASLEY 1_1053417.pdf,1,1923,02 - February,early,1920s,unknown,unknown,,Unclassified failure,pending,,,pending,,,,,pending,,,pending,,,pending,,,
11702690_T W BEASLEY 9_1053421,s3://osu-well-records-225989338968/pdfs/ExportedFolderContents_1/1923/02 - February/11702690_T W BEASLEY 9_1053421.pdf,1,1923,02 - February,early,1920s,unknown,unknown,,Unclassified failure,pending,,,pending,,,,,pending,,,pending,,,pending,,,
11702691_T. W. BEASLEY 10_1053530,s3://osu-well-records-225989338968/pdfs/ExportedFolderContents_1/1923/02 - February/11702691_T. W. BEASLEY 10_1053530.pdf,1,1923,02 - February,early,1920s,unknown,unknown,,Unclassified failure,pending,,,pending,,,,,pending,,,pending,,,pending,,,
11702826_E SWALLEY 1_1053462,s3://osu-well-records-225989338968/pdfs/ExportedFolderContents_1/1923/02 - February/11702826_E SWALLEY 1_1053462.pdf,1,1923,02 - February,early,1920s,unknown,unknown,,Unclassified failure,pending,,,pending,,,,,pending,,,pending,,,pending,,,
11702997_BLOCK 13 1_1053321,s3://osu-well-records-225989338968/pdfs/ExportedFolderContents_1/1923/02 - February/11702997_BLOCK 13 1_1053321.pdf,1,1923,02 - February,early,1920s,unknown,unknown,,Unclassified failure,pending,,,pending,,,,,pending,,,pending,,,pending,,,
11703003_LANGSTON 2_1053372,s3://osu-well-records-225989338968/pdfs/ExportedFolderContents_1/1923/02 - February/11703003_LANGSTON 2_1053372.pdf,1,1923,02 - February,early,1920s,unknown,unknown,,Unclassified failure,pending,,,pending,,,,,pending,,,pending,,,pending,,,
11703016_STORM 1_1053446,s3://osu-well-records-225989338968/pdfs/ExportedFolderContents_1/1923/02 - February/11703016_STORM 1_1053446.pdf,1,1923,02 - February,early,1920s,unknown,unknown,,Unclassified failure,pending,,,pending,,,,,pending,,,pending,,,pending,,,
11703019_J A WALKUP 1_1053578,s3://osu-well-records-225989338968/pdfs/ExportedFolderContents_1/1923/02 - February/11703019_J A WALKUP 1_1053578.pdf,1,1923,02 - February,early,1920s,unknown,unknown,,Unclassified failure,pending,,,pending,,,,,pending,,,pending,,,pending,,,
11703338_LAWMASTER 7_1053381,s3://osu-well-records-225989338968/pdfs/ExportedFolderContents_1/1923/02 - February/11703338_LAWMASTER 7_1053381.pdf,1,1923,02 - February,early,1920s,unknown,unknown,,Unclassified failure,pending,,,pending,,,,,pending,,,pending,,,pending,,,
11703854_MILLER J M 3_1053531,s3://osu-well-records-225989338968/pdfs/ExportedFolderContents_1/1923/02 - February/11703854_MILLER J M 3_1053531.pdf,1,1923,02 - February,early,1920s,unknown,unknown,,Unclassified failure,pending,,,pending,,,,,pending,,,pending,,,pending,,,
11703856_MILLER ROYALTY 2_1053500,s3://osu-well-records-225989338968/pdfs/ExportedFolderContents_1/1923/02 - February/11703856_MILLER ROYALTY 2_1053500.pdf,1,1923,02 - February,early,1920s,unknown,unknown,,Unclassified failure,pending,,,pending,,,,,pending,,,pending,,,pending,,,
11703883_GILLASPIE 1_1053438,s3://osu-well-records-225989338968/pdfs/ExportedFolderContents_1/1923/02 - February/11703883_GILLASPIE 1_1053438.pdf,1,1923,02 - February,early,1920s,unknown,unknown,,Unclassified failure,pending,,,pending,,,,,pending,,,pending,,,pending,,,
11704041_A WOLF 1-DD_1414430,s3://osu-well-records-225989338968/pdfs/ExportedFolderContents_1/1923/02 - February/11704041_A WOLF 1-DD_1414430.pdf,1,1923,02 - February,early,1920s,unknown,unknown,,Unclassified failure,pending,,,pending,,,,,pending,,,pending,,,pending,,,
11715013_STRIP 10_1053392,s3://osu-well-records-225989338968/pdfs/ExportedFolderContents_1/1923/02 - February/11715013_STRIP 10_1053392.pdf,1,1923,02 - February,early,1920s,unknown,unknown,,Unclassified failure,pending,,,pending,,,,,pending,,,pending,,,pending,,,
11902122_Ballard 2_1414386,s3://osu-well-records-225989338968/pdfs/ExportedFolderContents_1/1923/02 - February/11902122_Ballard 2_1414386.pdf,1,1923,02 - February,early,1920s,unknown,unknown,,Unclassified failure,pending,,,pending,,,,,pending,,,pending,,,pending,,,
11902360_No Data_1053358,s3://osu-well-records-225989338968/pdfs/ExportedFolderContents_1/1923/02 - February/11902360_No Data_1053358.pdf,1,1923,02 - February,early,1920s,unknown,unknown,,Unclassified failure,pending,,,pending,,,,,pending,,,pending,,,pending,,,
11903480_No Data_1053532,s3://osu-well-records-225989338968/pdfs/ExportedFolderContents_1/1923/02 - February/11903480_No Data_1053532.pdf,1,1923,02 - February,early,1920s,unknown,unknown,,Unclassified failure,pending,,,pending,,,,,pending,,,pending,,,pending,,,
13100905_BEEMAN 1                                        _1395617,s3://osu-well-records-225989338968/pdfs/ExportedFolderContents_1/1923/02 - February/13100905_BEEMAN 1                                        _1395617.pdf,1,1923,02 - February,early,1920s,unknown,unknown,,Unclassified failure,pending,,,pending,,,,,pending,,,pending,,,pending,,,
13100921_BEEMAN 2                          _1395448,s3://osu-well-records-225989338968/pdfs/ExportedFolderContents_1/1923/02 - February/13100921_BEEMAN 2                          _1395448.pdf,1,1923,02 - February,early,1920s,unknown,unknown,,Unclassified failure,pending,,,pending,,,,,pending,,,pending,,,pending,,,
13101438_ARMSTRONG 6_1618234,s3://osu-well-records-225989338968/pdfs/ExportedFolderContents_1/1923/02 - February/13101438_ARMSTRONG 6_1618234.pdf,1,1923,02 - February,early,1920s,unknown,unknown,,Unclassified failure,pending,,,pending,,,,,pending,,,pending,,,pending,,,
13103292_MERRITT 3_1618225,s3://osu-well-records-225989338968/pdfs/ExportedFolderContents_1/1923/02 - February/13103292_MERRITT 3_1618225.pdf,1,1923,02 - February,early,1920s,unknown,unknown,,Unclassified failure,pending,,,pending,,,,,pending,,,pending,,,pending,,,
13500061_JESSE H TIDWELL 1_1017383,s3://osu-well-records-225989338968/pdfs/ExportedFolderContents_1/1923/02 - February/13500061_JESSE H TIDWELL 1_1017383.pdf,1,1923,02 - February,early,1920s,unknown,unknown,,Unclassified failure,pending,,,pending,,,,,pending,,,pending,,,pending,,,
13500061_No Data_555833,s3://osu-well-records-225989338968/pdfs/ExportedFolderContents_1/1923/02 - February/13500061_No Data_555833.pdf,1,1923,02 - February,early,1920s,unknown,unknown,,Unclassified failure,pending,,,pending,,,,,pending,,,pending,,,pending,,,
13701473_SHORTES 1_782195,s3://osu-well-records-225989338968/pdfs/ExportedFolderContents_1/1923/02 - February/13701473_SHORTES 1_782195.pdf,1,1923,02 - February,early,1920s,unknown,unknown,,Unclassified failure,pending,,,pending,,,,,pending,,,pending,,,pending,,,
13701535_SCHOOL LAND 162 13_920475,s3://osu-well-records-225989338968/pdfs/ExportedFolderContents_1/1923/02 - February/13701535_SCHOOL LAND 162 13_920475.pdf,1,1923,02 - February,early,1920s,unknown,unknown,,Unclassified failure,pending,,,pending,,,,,pending,,,pending,,,pending,,,
13709087_WILLIAM ELMORE 6_920448,s3://osu-well-records-225989338968/pdfs/ExportedFolderContents_1/1923/02 - February/13709087_WILLIAM ELMORE 6_920448.pdf,1,1923,02 - February,early,1920s,unknown,unknown,,Unclassified failure,pending,,,pending,,,,,pending,,,pending,,,pending,,,
35117023670000_CHISMAN 4_2004281,s3://osu-well-records-225989338968/pdfs/ExportedFolderContents_1/1923/02 - February/35117023670000_CHISMAN 4_2004281.pdf,1,1923,02 - February,early,1920s,unknown,unknown,,Unclassified failure,pending,,,pending,,,,,pending,,,pending,,,pending,,,
35117038500000_MILLER 1_2004180,s3://osu-well-records-225989338968/pdfs/ExportedFolderContents_1/1923/02 - February/35117038500000_MILLER 1_2004180.pdf,1,1923,02 - February,early,1920s,unknown,unknown,,Unclassified failure,pending,,,pending,,,,,pending,,,pending,,,pending,,,
35119039450000_No Data_2004412,s3://osu-well-records-225989338968/pdfs/ExportedFolderContents_1/1923/02 - February/35119039450000_No Data_2004412.pdf,1,1923,02 - February,early,1920s,unknown,unknown,,Unclassified failure,pending,,,pending,,,,,pending,,,pending,,,pending,,,
35119040220000_S C L 19_2004170,s3://osu-well-records-225989338968/pdfs/ExportedFolderContents_1/1923/02 - February/35119040220000_S C L 19_2004170.pdf,1,1923,02 - February,early,1920s,unknown,unknown,,Unclassified failure,pending,,,pending,,,,,pending,,,pending,,,pending,,,
35123045730000_SMITH 1_1496490,s3://osu-well-records-225989338968/pdfs/ExportedFolderContents_1/1923/02 - February/35123045730000_SMITH 1_1496490.pdf,1,1923,02 - February,early,1920s,unknown,unknown,,Unclassified failure,pending,,,pending,,,,,pending,,,pending,,,pending,,,
35131014530000_RUCKER 3_2464579,s3://osu-well-records-225989338968/pdfs/ExportedFolderContents_1/1923/02 - February/35131014530000_RUCKER 3_2464579.pdf,1,1923,02 - February,early,1920s,unknown,unknown,,Unclassified failure,pending,,,pending,,,,,pending,,,pending,,,pending,,,
35131040730000_HISTER 1_2464576,s3://osu-well-records-225989338968/pdfs/ExportedFolderContents_1/1923/02 - February/35131040730000_HISTER 1_2464576.pdf,1,1923,02 - February,early,1920s,unknown,unknown,,Unclassified failure,pending,,,pending,,,,,pending,,,pending,,,pending,,,
35137092880000_PAYNE 2_1843921,s3://osu-well-records-225989338968/pdfs/ExportedFolderContents_1/1923/02 - February/35137092880000_PAYNE 2_1843921.pdf,1,1923,02 - February,early,1920s,unknown,unknown,,Unclassified failure,pending,,,pending,,,,,pending,,,pending,,,pending,,,
35137108650000_J H COLLINGSWORTH 1_1696573,s3://osu-well-records-225989338968/pdfs/ExportedFolderContents_1/1923/02 - February/35137108650000_J H COLLINGSWORTH 1_1696573.pdf,1,1923,02 - February,early,1920s,unknown,unknown,,Unclassified failure,pending,,,pending,,,,,pending,,,pending,,,pending,,,
35137111900000_LYDIA HOLMAN ET AL 4_1696603,s3://osu-well-records-225989338968/pdfs/ExportedFolderContents_1/1923/02 - February/35137111900000_LYDIA HOLMAN ET AL 4_1696603.pdf,1,1923,02 - February,early,1920s,unknown,unknown,,Unclassified failure,pending,,,pending,,,,,pending,,,pending,,,pending,,,
3514306205_THIERY_2004410,s3://osu-well-records-225989338968/pdfs/ExportedFolderContents_1/1923/02 - February/3514306205_THIERY_2004410.pdf,1,1923,02 - February,early,1920s,unknown,unknown,,Unclassified failure,pending,,,pending,,,,,pending,,,pending,,,pending,,,
35145045160000_BILBY 2 1_2364234,s3://osu-well-records-225989338968/pdfs/ExportedFolderContents_1/1923/02 - February/35145045160000_BILBY 2 1_2364234.pdf,1,1923,02 - February,early,1920s,unknown,unknown,,Unclassified failure,pending,,,pending,,,,,pending,,,pending,,,pending,,,
35145761550000_W J FLESHER 8_2364272,s3://osu-well-records-225989338968/pdfs/ExportedFolderContents_1/1923/02 - February/35145761550000_W J FLESHER 8_2364272.pdf,1,1923,02 - February,early,1920s,unknown,unknown,,Unclassified failure,pending,,,pending,,,,,pending,,,pending,,,pending,,,
35147065120000_LEWIS W H 10_2288542,s3://osu-well-records-225989338968/pdfs/ExportedFolderContents_1/1923/02 - February/35147065120000_LEWIS W H 10_2288542.pdf,1,1923,02 - February,early,1920s,unknown,unknown,,Unclassified failure,pending,,,pending,,,,,pending,,,pending,,,pending,,,
35147067970000_CHRISTIE SALLIE 4_2288514,s3://osu-well-records-225989338968/pdfs/ExportedFolderContents_1/1923/02 - February/35147067970000_CHRISTIE SALLIE 4_2288514.pdf,1,1923,02 - February,early,1920s,unknown,unknown,,Unclassified failure,pending,,,pending,,,,,pending,,,pending,,,pending,,,
OSAGE_J A MOORE 10_2288547,s3://osu-well-records-225989338968/pdfs/ExportedFolderContents_1/1923/02 - February/OSAGE_J A MOORE 10_2288547.pdf,1,1923,02 - February,early,1920s,unknown,unknown,,Unclassified failure,pending,,,pending,,,,,pending,,,pending,,,pending,,,
OSAGE_OSAGE TRACT 29 4_2288548,s3://osu-well-records-225989338968/pdfs/ExportedFolderContents_1/1923/02 - February/OSAGE_OSAGE TRACT 29 4_2288548.pdf,1,1923,02 - February,early,1920s,unknown,unknown,,Unclassified failure,pending,,,pending,,,,,pending,,,pending,,,pending,,,
OSAGE_OSAGE TRACT 29 6_2288522,s3://osu-well-records-225989338968/pdfs/ExportedFolderContents_1/1923/02 - February/OSAGE_OSAGE TRACT 29 6_2288522.pdf,1,1923,02 - February,early,1920s,unknown,unknown,,Unclassified failure,pending,,,pending,,,,,pending,,,pending,,,pending,,,
OSAGE_OSAGE_2288572,s3://osu-well-records-225989338968/pdfs/ExportedFolderContents_1/1923/02 - February/OSAGE_OSAGE_2288572.pdf,1,1923,02 - February,early,1920s,unknown,unknown,,Unclassified failure,pending,,,pending,,,,,pending,,,pending,,,pending,,,
XX_T. HAWKINS 9_2004244,s3://osu-well-records-225989338968/pdfs/ExportedFolderContents_1/1923/02 - February/XX_T. HAWKINS 9_2004244.pdf,1,1923,02 - February,early,1920s,unknown,unknown,,Unclassified failure,pending,,,pending,,,,,pending,,,pending,,,pending,,,
XX___2288532,s3://osu-well-records-225989338968/pdfs/ExportedFolderContents_1/1923/02 - February/XX___2288532.pdf,1,1923,02 - February,early,1920s,unknown,unknown,,Unclassified failure,pending,,,pending,,,,,pending,,,pending,,,pending,,,
X_BAKER-ROACH_2004257,s3://osu-well-records-225989338968/pdfs/ExportedFolderContents_1/1923/02 - February/X_BAKER-ROACH_2004257.pdf,1,1923,02 - February,early,1920s,unknown,unknown,,Unclassified failure,pending,,,pending,,,,,pending,,,pending,,,pending,,,
X_BARNETT 1_2004376,s3://osu-well-records-225989338968/pdfs/ExportedFolderContents_1/1923/02 - February/X_BARNETT 1_2004376.pdf,1,1923,02 - February,early,1920s,unknown,unknown,,Unclassified failure,pending,,,pending,,,,,pending,,,pending,,,pending,,,
X_BERRY 1_782192,s3://osu-well-records-225989338968/pdfs/ExportedFolderContents_1/1923/02 - February/X_BERRY 1_782192.pdf,1,1923,02 - February,early,1920s,unknown,unknown,,Unclassified failure,pending,,,pending,,,,,pending,,,pending,,,pending,,,
X_C C ENDICOTT 2-G_1539200,s3://osu-well-records-225989338968/pdfs/ExportedFolderContents_1/1923/02 - February/X_C C ENDICOTT 2-G_1539200.pdf,1,1923,02 - February,early,1920s,unknown,unknown,,Unclassified failure,pending,,,pending,,,,,pending,,,pending,,,pending,,,
X_D. BARTLEY 3_920453,s3://osu-well-records-225989338968/pdfs/ExportedFolderContents_1/1923/02 - February/X_D. BARTLEY 3_920453.pdf,1,1923,02 - February,early,1920s,unknown,unknown,,Unclassified failure,pending,,,pending,,,,,pending,,,pending,,,pending,,,
X_DETMER 1_2004265,s3://osu-well-records-225989338968/pdfs/ExportedFolderContents_1/1923/02 - February/X_DETMER 1_2004265.pdf,1,1923,02 - February,early,1920s,unknown,unknown,,Unclassified failure,pending,,,pending,,,,,pending,,,pending,,,pending,,,
X_E E NOBLE 34_920476,s3://osu-well-records-225989338968/pdfs/ExportedFolderContents_1/1923/02 - February/X_E E NOBLE 34_920476.pdf,1,1923,02 - February,early,1920s,unknown,unknown,,Unclassified failure,pending,,,pending,,,,,pending,,,pending,,,pending,,,
X_E E NOBLE 34_920477,s3://osu-well-records-225989338968/pdfs/ExportedFolderContents_1/1923/02 - February/X_E E NOBLE 34_920477.pdf,1,1923,02 - February,early,1920s,unknown,unknown,,Unclassified failure,pending,,,pending,,,,,pending,,,pending,,,pending,,,
X_F E TUCKER 3_920470,s3://osu-well-records-225989338968/pdfs/ExportedFolderContents_1/1923/02 - February/X_F E TUCKER 3_920470.pdf,1,1923,02 - February,early,1920s,unknown,unknown,,Unclassified failure,pending,,,pending,,,,,pending,,,pending,,,pending,,,
X_FARRIS 1_1384809,s3://osu-well-records-225989338968/pdfs/ExportedFolderContents_1/1923/02 - February/X_FARRIS 1_1384809.pdf,1,1923,02 - February,early,1920s,unknown,unknown,,Unclassified failure,pending,,,pending,,,,,pending,,,pending,,,pending,,,
X_FLOYD WHITE 4_2004330,s3://osu-well-records-225989338968/pdfs/ExportedFolderContents_1/1923/02 - February/X_FLOYD WHITE 4_2004330.pdf,1,1923,02 - February,early,1920s,unknown,unknown,,Unclassified failure,pending,,,pending,,,,,pending,,,pending,,,pending,,,
X_HAMILTON 1_1384788,s3://osu-well-records-225989338968/pdfs/ExportedFolderContents_1/1923/02 - February/X_HAMILTON 1_1384788.pdf,1,1923,02 - February,early,1920s,unknown,unknown,,Unclassified failure,pending,,,pending,,,,,pending,,,pending,,,pending,,,
X_HAMILTON 1_2004201,s3://osu-well-records-225989338968/pdfs/ExportedFolderContents_1/1923/02 - February/X_HAMILTON 1_2004201.pdf,1,1923,02 - February,early,1920s,unknown,unknown,,Unclassified failure,pending,,,pending,,,,,pending,,,pending,,,pending,,,
X_J REIGER 2_1539235,s3://osu-well-records-225989338968/pdfs/ExportedFolderContents_1/1923/02 - February/X_J REIGER 2_1539235.pdf,1,1923,02 - February,early,1920s,unknown,unknown,,Unclassified failure,pending,,,pending,,,,,pending,,,pending,,,pending,,,
X_JACK SUMMERS 2_2364233,s3://osu-well-records-225989338968/pdfs/ExportedFolderContents_1/1923/02 - February/X_JACK SUMMERS 2_2364233.pdf,1,1923,02 - February,early,1920s,unknown,unknown,,Unclassified failure,pending,,,pending,,,,,pending,,,pending,,,pending,,,
X_JOSIE BEAN_2004147,s3://osu-well-records-225989338968/pdfs/ExportedFolderContents_1/1923/02 - February/X_JOSIE BEAN_2004147.pdf,1,1923,02 - February,early,1920s,unknown,unknown,,Unclassified failure,pending,,,pending,,,,,pending,,,pending,,,pending,,,
X_KINSEY 6_2004145,s3://osu-well-records-225989338968/pdfs/ExportedFolderContents_1/1923/02 - February/X_KINSEY 6_2004145.pdf,1,1923,02 - February,early,1920s,unknown,unknown,,Unclassified failure,pending,,,pending,,,,,pending,,,pending,,,pending,,,
X_KINSEY 7_2004306,s3://osu-well-records-225989338968/pdfs/ExportedFolderContents_1/1923/02 - February/X_KINSEY 7_2004306.pdf,1,1923,02 - February,early,1920s,unknown,unknown,,Unclassified failure,pending,,,pending,,,,,pending,,,pending,,,pending,,,
X_KULCHINSKI 2_1618244,s3://osu-well-records-225989338968/pdfs/ExportedFolderContents_1/1923/02 - February/X_KULCHINSKI 2_1618244.pdf,1,1923,02 - February,early,1920s,unknown,unknown,,Unclassified failure,pending,,,pending,,,,,pending,,,pending,,,pending,,,
X_MCKIBBEN 1_1053371,s3://osu-well-records-225989338968/pdfs/ExportedFolderContents_1/1923/02 - February/X_MCKIBBEN 1_1053371.pdf,1,1923,02 - February,early,1920s,unknown,unknown,,Unclassified failure,pending,,,pending,,,,,pending,,,pending,,,pending,,,
X_MEACHAM  1_2004365,s3://osu-well-records-225989338968/pdfs/ExportedFolderContents_1/1923/02 - February/X_MEACHAM  1_2004365.pdf,1,1923,02 - February,early,1920s,unknown,unknown,,Unclassified failure,pending,,,pending,,,,,pending,,,pending,,,pending,,,
X_MILLER 1_2288493,s3://osu-well-records-225989338968/pdfs/ExportedFolderContents_1/1923/02 - February/X_MILLER 1_2288493.pdf,1,1923,02 - February,early,1920s,unknown,unknown,,Unclassified failure,pending,,,pending,,,,,pending,,,pending,,,pending,,,
X_NW-NW-SE 10_2288487,s3://osu-well-records-225989338968/pdfs/ExportedFolderContents_1/1923/02 - February/X_NW-NW-SE 10_2288487.pdf,1,1923,02 - February,early,1920s,unknown,unknown,,Unclassified failure,pending,,,pending,,,,,pending,,,pending,,,pending,,,
X_No Data_1053320,s3://osu-well-records-225989338968/pdfs/ExportedFolderContents_1/1923/02 - February/X_No Data_1053320.pdf,1,1923,02 - February,early,1920s,unknown,unknown,,Unclassified failure,pending,,,pending,,,,,pending,,,pending,,,pending,,,
X_No Data_1053346,s3://osu-well-records-225989338968/pdfs/ExportedFolderContents_1/1923/02 - February/X_No Data_1053346.pdf,1,1923,02 - February,early,1920s,unknown,unknown,,Unclassified failure,pending,,,pending,,,,,pending,,,pending,,,pending,,,
X_No Data_1053369,s3://osu-well-records-225989338968/pdfs/ExportedFolderContents_1/1923/02 - February/X_No Data_1053369.pdf,1,1923,02 - February,early,1920s,unknown,unknown,,Unclassified failure,pending,,,pending,,,,,pending,,,pending,,,pending,,,
X_No Data_1053485,s3://osu-well-records-225989338968/pdfs/ExportedFolderContents_1/1923/02 - February/X_No Data_1053485.pdf,1,1923,02 - February,early,1920s,unknown,unknown,,Unclassified failure,pending,,,pending,,,,,pending,,,pending,,,pending,,,
X_No Data_1053507,s3://osu-well-records-225989338968/pdfs/ExportedFolderContents_1/1923/02 - February/X_No Data_1053507.pdf,1,1923,02 - February,early,1920s,unknown,unknown,,Unclassified failure,pending,,,pending,,,,,pending,,,pending,,,pending,,,
X_No Data_1053515,s3://osu-well-records-225989338968/pdfs/ExportedFolderContents_1/1923/02 - February/X_No Data_1053515.pdf,1,1923,02 - February,early,1920s,unknown,unknown,,Unclassified failure,pending,,,pending,,,,,pending,,,pending,,,pending,,,
X_No Data_1414451,s3://osu-well-records-225989338968/pdfs/ExportedFolderContents_1/1923/02 - February/X_No Data_1414451.pdf,1,1923,02 - February,early,1920s,unknown,unknown,,Unclassified failure,pending,,,pending,,,,,pending,,,pending,,,pending,,,
X_No Data_1414455,s3://osu-well-records-225989338968/pdfs/ExportedFolderContents_1/1923/02 - February/X_No Data_1414455.pdf,1,1923,02 - February,early,1920s,unknown,unknown,,Unclassified failure,pending,,,pending,,,,,pending,,,pending,,,pending,,,
X_No Data_2288559,s3://osu-well-records-225989338968/pdfs/ExportedFolderContents_1/1923/02 - February/X_No Data_2288559.pdf,1,1923,02 - February,early,1920s,unknown,unknown,,Unclassified failure,pending,,,pending,,,,,pending,,,pending,,,pending,,,
X_OSAGE INDIAN AGENCY 5_1414482,s3://osu-well-records-225989338968/pdfs/ExportedFolderContents_1/1923/02 - February/X_OSAGE INDIAN AGENCY 5_1414482.pdf,1,1923,02 - February,early,1920s,unknown,unknown,,Unclassified failure,pending,,,pending,,,,,pending,,,pending,,,pending,,,
X_OSAGE_2288482,s3://osu-well-records-225989338968/pdfs/ExportedFolderContents_1/1923/02 - February/X_OSAGE_2288482.pdf,1,1923,02 - February,early,1920s,unknown,unknown,,Unclassified failure,pending,,,pending,,,,,pending,,,pending,,,pending,,,
X_OSAGE_2288492,s3://osu-well-records-225989338968/pdfs/ExportedFolderContents_1/1923/02 - February/X_OSAGE_2288492.pdf,1,1923,02 - February,early,1920s,unknown,unknown,,Unclassified failure,pending,,,pending,,,,,pending,,,pending,,,pending,,,
X_OSAGE_2288512,s3://osu-well-records-225989338968/pdfs/ExportedFolderContents_1/1923/02 - February/X_OSAGE_2288512.pdf,1,1923,02 - February,early,1920s,unknown,unknown,,Unclassified failure,pending,,,pending,,,,,pending,,,pending,,,pending,,,
X_OSAGE_2288515,s3://osu-well-records-225989338968/pdfs/ExportedFolderContents_1/1923/02 - February/X_OSAGE_2288515.pdf,1,1923,02 - February,early,1920s,unknown,unknown,,Unclassified failure,pending,,,pending,,,,,pending,,,pending,,,pending,,,
X_OSAGE_2288543,s3://osu-well-records-225989338968/pdfs/ExportedFolderContents_1/1923/02 - February/X_OSAGE_2288543.pdf,1,1923,02 - February,early,1920s,unknown,unknown,,Unclassified failure,pending,,,pending,,,,,pending,,,pending,,,pending,,,
X_OSAGE_2288544,s3://osu-well-records-225989338968/pdfs/ExportedFolderContents_1/1923/02 - February/X_OSAGE_2288544.pdf,1,1923,02 - February,early,1920s,unknown,unknown,,Unclassified failure,pending,,,pending,,,,,pending,,,pending,,,pending,,,
X_OSAGE_2288549,s3://osu-well-records-225989338968/pdfs/ExportedFolderContents_1/1923/02 - February/X_OSAGE_2288549.pdf,1,1923,02 - February,early,1920s,unknown,unknown,,Unclassified failure,pending,,,pending,,,,,pending,,,pending,,,pending,,,
X_OSAGE_2288560,s3://osu-well-records-225989338968/pdfs/ExportedFolderContents_1/1923/02 - February/X_OSAGE_2288560.pdf,1,1923,02 - February,early,1920s,unknown,unknown,,Unclassified failure,pending,,,pending,,,,,pending,,,pending,,,pending,,,
X_PAGE 1_2004152,s3://osu-well-records-225989338968/pdfs/ExportedFolderContents_1/1923/02 - February/X_PAGE 1_2004152.pdf,1,1923,02 - February,early,1920s,unknown,unknown,,Unclassified failure,pending,,,pending,,,,,pending,,,pending,,,pending,,,
X_PAGE 1_2004158,s3://osu-well-records-225989338968/pdfs/ExportedFolderContents_1/1923/02 - February/X_PAGE 1_2004158.pdf,1,1923,02 - February,early,1920s,unknown,unknown,,Unclassified failure,pending,,,pending,,,,,pending,,,pending,,,pending,,,
X_PARKS 1_2004288,s3://osu-well-records-225989338968/pdfs/ExportedFolderContents_1/1923/02 - February/X_PARKS 1_2004288.pdf,1,1923,02 - February,early,1920s,unknown,unknown,,Unclassified failure,pending,,,pending,,,,,pending,,,pending,,,pending,,,
03703786_ROBERSON 2_1053727,s3://osu-well-records-225989338968/pdfs/ExportedFolderContents_1/1923/03 - March/03703786_ROBERSON 2_1053727.pdf,1,1923,03 - March,early,1920s,unknown,unknown,,Unclassified failure,pending,,,pending,,,,,pending,,,pending,,,pending,,,
03707806_HECONCONTHLA TIGER 1_1053900,s3://osu-well-records-225989338968/pdfs/ExportedFolderContents_1/1923/03 - March/03707806_HECONCONTHLA TIGER 1_1053900.pdf,1,1923,03 - March,early,1920s,unknown,unknown,,Unclassified failure,pending,,,pending,,,,,pending,,,pending,,,pending,,,
03707864_GILBERT 1_1053588,s3://osu-well-records-225989338968/pdfs/ExportedFolderContents_1/1923/03 - March/03707864_GILBERT 1_1053588.pdf,1,1923,03 - March,early,1920s,unknown,unknown,,Unclassified failure,pending,,,pending,,,,,pending,,,pending,,,pending,,,
03707864_GILBERT 1_1053590,s3://osu-well-records-225989338968/pdfs/ExportedFolderContents_1/1923/03 - March/03707864_GILBERT 1_1053590.pdf,1,1923,03 - March,early,1920s,unknown,unknown,,Unclassified failure,pending,,,pending,,,,,pending,,,pending,,,pending,,,
03711435_BOUGH 1_1053827,s3://osu-well-records-225989338968/pdfs/ExportedFolderContents_1/1923/03 - March/03711435_BOUGH 1_1053827.pdf,1,1923,03 - March,early,1920s,unknown,unknown,,Unclassified failure,pending,,,pending,,,,,pending,,,pending,,,pending,,,
03715963_A RICHARD 1_1053612,s3://osu-well-records-225989338968/pdfs/ExportedFolderContents_1/1923/03 - March/03715963_A RICHARD 1_1053612.pdf,1,1923,03 - March,early,1920s,unknown,unknown,,Unclassified failure,pending,,,pending,,,,,pending,,,pending,,,pending,,,
03716086_MOLLIE JONES 12_1053887,s3://osu-well-records-225989338968/pdfs/ExportedFolderContents_1/1923/03 - March/03716086_MOLLIE JONES 12_1053887.pdf,1,1923,03 - March,early,1920s,unknown,unknown,,Unclassified failure,pending,,,pending,,,,,pending,,,pending,,,pending,,,
03718111_No Data_1053835,s3://osu-well-records-225989338968/pdfs/ExportedFolderContents_1/1923/03 - March/03718111_No Data_1053835.pdf,1,1923,03 - March,early,1920s,unknown,unknown,,Unclassified failure,pending,,,pending,,,,,pending,,,pending,,,pending,,,
04700517_KISNER WEST16_1539289,s3://osu-well-records-225989338968/pdfs/ExportedFolderContents_1/1923/03 - March/04700517_KISNER WEST16_1539289.pdf,1,1923,03 - March,early,1920s,unknown,unknown,,Unclassified failure,pending,,,pending,,,,,pending,,,pending,,,pending,,,
04700565_BOSTWICK 1_1539295,s3://osu-well-records-225989338968/pdfs/ExportedFolderContents_1/1923/03 - March/04700565_BOSTWICK 1_1539295.pdf,1,1923,03 - March,early,1920s,unknown,unknown,,Unclassified failure,pending,,,pending,,,,,pending,,,pending,,,pending,,,
04702223_L E CREWS 9_1539305,s3://osu-well-records-225989338968/pdfs/ExportedFolderContents_1/1923/03 - March/04702223_L E CREWS 9_1539305.pdf,1,1923,03 - March,early,1920s,unknown,unknown,,Unclassified failure,pending,,,pending,,,,,pending,,,pending,,,pending,,,
04702271_KISNER EAST 7_1539283,s3://osu-well-records-225989338968/pdfs/ExportedFolderContents_1/1923/03 - March/04702271_KISNER EAST 7_1539283.pdf,1,1923,03 - March,early,1920s,unknown,unknown,,Unclassified failure,pending,,,pending,,,,,pending,,,pending,,,pending,,,
04702415_ALLEN 1_1539270,s3://osu-well-records-225989338968/pdfs/ExportedFolderContents_1/1923/03 - March/04702415_ALLEN 1_1539270.pdf,1,1923,03 - March,early,1920s,unknown,unknown,,Unclassified failure,pending,,,pending,,,,,pending,,,pending,,,pending,,,
04702640_SEARCY 1_1539311,s3://osu-well-records-225989338968/pdfs/ExportedFolderContents_1/1923/03 - March/04702640_SEARCY 1_1539311.pdf,1,1923,03 - March,early,1920s,unknown,unknown,,Unclassified failure,pending,,,pending,,,,,pending,,,pending,,,pending,,,
04703122_HOOVER 1_1539298,s3://osu-well-records-225989338968/pdfs/ExportedFolderContents_1/1923/03 - March/04703122_HOOVER 1_1539298.pdf,1,1923,03 - March,early,1920s,unknown,unknown,,Unclassified failure,pending,,,pending,,,,,pending,,,pending,,,pending,,,
04900691_ELLA COOK 1_782231,s3://osu-well-records-225989338968/pdfs/ExportedFolderContents_1/1923/03 - March/04900691_ELLA COOK 1_782231.pdf,1,1923,03 - March,early,1920s,unknown,unknown,,Unclassified failure,pending,,,pending,,,,,pending,,,pending,,,pending,,,
04900702_HERVEY 1_782210,s3://osu-well-records-225989338968/pdfs/ExportedFolderContents_1/1923/03 - March/04900702_HERVEY 1_782210.pdf,1,1923,03 - March,early,1920s,unknown,unknown,,Unclassified failure,pending,,,pending,,,,,pending,,,pending,,,pending,,,
04900720_DUNN 1_782221,s3://osu-well-records-225989338968/pdfs/ExportedFolderContents_1/1923/03 - March/04900720_DUNN 1_782221.pdf,1,1923,03 - March,early,1920s,unknown,unknown,,Unclassified failure,pending,,,pending,,,,,pending,,,pending,,,pending,,,
04900770_NESBITT NEWBERRY 2_782202,s3://osu-well-records-225989338968/pdfs/ExportedFolderContents_1/1923/03 - March/04900770_NESBITT NEWBERRY 2_782202.pdf,1,1923,03 - March,early,1920s,unknown,unknown,,Unclassified failure,pending,,,pending,,,,,pending,,,pending,,,pending,,,
04901081_P W RICHARDSON 1_782209,s3://osu-well-records-225989338968/pdfs/ExportedFolderContents_1/1923/03 - March/04901081_P W RICHARDSON 1_782209.pdf,1,1923,03 - March,early,1920s,unknown,unknown,,Unclassified failure,pending,,,pending,,,,,pending,,,pending,,,pending,,,
04901097_F O RINGER 4_782240,s3://osu-well-records-225989338968/pdfs/ExportedFolderContents_1/1923/03 - March/04901097_F O RINGER 4_782240.pdf,1,1923,03 - March,early,1920s,unknown,unknown,,Unclassified failure,pending,,,pending,,,,,pending,,,pending,,,pending,,,
04935407_S H COWAN 17_782232,s3://osu-well-records-225989338968/pdfs/ExportedFolderContents_1/1923/03 - March/04935407_S H COWAN 17_782232.pdf,1,1923,03 - March,early,1920s,unknown,unknown,,Unclassified failure,pending,,,pending,,,,,pending,,,pending,,,pending,,,
04935455_POWELL 1_782216,s3://osu-well-records-225989338968/pdfs/ExportedFolderContents_1/1923/03 - March/04935455_POWELL 1_782216.pdf,1,1923,03 - March,early,1920s,unknown,unknown,,Unclassified failure,pending,,,pending,,,,,pending,,,pending,,,pending,,,
04935482_NESBIT NEWBERRY 3_782206,s3://osu-well-records-225989338968/pdfs/ExportedFolderContents_1/1923/03 - March/04935482_NESBIT NEWBERRY 3_782206.pdf,1,1923,03 - March,early,1920s,unknown,unknown,,Unclassified failure,pending,,,pending,,,,,pending,,,pending,,,pending,,,
04935485_WILLIE NEWBERRY 5_782220,s3://osu-well-records-225989338968/pdfs/ExportedFolderContents_1/1923/03 - March/04935485_WILLIE NEWBERRY 5_782220.pdf,1,1923,03 - March,early,1920s,unknown,unknown,,Unclassified failure,pending,,,pending,,,,,pending,,,pending,,,pending,,,
04935509_GRADY DOUGLAS 4_782227,s3://osu-well-records-225989338968/pdfs/ExportedFolderContents_1/1923/03 - March/04935509_GRADY DOUGLAS 4_782227.pdf,1,1923,03 - March,early,1920s,unknown,unknown,,Unclassified failure,pending,,,pending,,,,,pending,,,pending,,,pending,,,
05100153_C M SCOTT 1_782215,s3://osu-well-records-225989338968/pdfs/ExportedFolderContents_1/1923/03 - March/05100153_C M SCOTT 1_782215.pdf,1,1923,03 - March,early,1920s,unknown,unknown,,Unclassified failure,pending,,,pending,,,,,pending,,,pending,,,pending,,,
05100219_WILLIAMS 1_782239,s3://osu-well-records-225989338968/pdfs/ExportedFolderContents_1/1923/03 - March/05100219_WILLIAMS 1_782239.pdf,1,1923,03 - March,early,1920s,unknown,unknown,,Unclassified failure,pending,,,pending,,,,,pending,,,pending,,,pending,,,
05100221_BENNETT 1_782234,s3://osu-well-records-225989338968/pdfs/ExportedFolderContents_1/1923/03 - March/05100221_BENNETT 1_782234.pdf,1,1923,03 - March,early,1920s,unknown,unknown,,Unclassified failure,pending,,,pending,,,,,pending,,,pending,,,pending,,,
05100232_J M PENDLEY 1_782236,s3://osu-well-records-225989338968/pdfs/ExportedFolderContents_1/1923/03 - March/05100232_J M PENDLEY 1_782236.pdf,1,1923,03 - March,early,1920s,unknown,unknown,,Unclassified failure,pending,,,pending,,,,,pending,,,pending,,,pending,,,
05100232_J M PENDLEY 1_782237,s3://osu-well-records-225989338968/pdfs/ExportedFolderContents_1/1923/03 - March/05100232_J M PENDLEY 1_782237.pdf,1,1923,03 - March,early,1920s,unknown,unknown,,Unclassified failure,pending,,,pending,,,,,pending,,,pending,,,pending,,,
05100501_KIT C FARWELL 4_782201,s3://osu-well-records-225989338968/pdfs/ExportedFolderContents_1/1923/03 - March/05100501_KIT C FARWELL 4_782201.pdf,1,1923,03 - March,early,1920s,unknown,unknown,,Unclassified failure,pending,,,pending,,,,,pending,,,pending,,,pending,,,
05100532_SANFORD 4_782235,s3://osu-well-records-225989338968/pdfs/ExportedFolderContents_1/1923/03 - March/05100532_SANFORD 4_782235.pdf,1,1923,03 - March,early,1920s,unknown,unknown,,Unclassified failure,pending,,,pending,,,,,pending,,,pending,,,pending,,,
05100543_KIT C FARWELL 1_782219,s3://osu-well-records-225989338968/pdfs/ExportedFolderContents_1/1923/03 - March/05100543_KIT C FARWELL 1_782219.pdf,1,1923,03 - March,early,1920s,unknown,unknown,,Unclassified failure,pending,,,pending,,,,,pending,,,pending,,,pending,,,
05100565_SPENCER 1_782208,s3://osu-well-records-225989338968/pdfs/ExportedFolderContents_1/1923/03 - March/05100565_SPENCER 1_782208.pdf,1,1923,03 - March,early,1920s,unknown,unknown,,Unclassified failure,pending,,,pending,,,,,pending,,,pending,,,pending,,,
05100596_E GLOVER 3_782213,s3://osu-well-records-225989338968/pdfs/ExportedFolderContents_1/1923/03 - March/05100596_E GLOVER 3_782213.pdf,1,1923,03 - March,early,1920s,unknown,unknown,,Unclassified failure,pending,,,pending,,,,,pending,,,pending,,,pending,,,
05100654_GARDNER 1_782228,s3://osu-well-records-225989338968/pdfs/ExportedFolderContents_1/1923/03 - March/05100654_GARDNER 1_782228.pdf,1,1923,03 - March,early,1920s,unknown,unknown,,Unclassified failure,pending,,,pending,,,,,pending,,,pending,,,pending,,,
05135126_FARWELL 1_782233,s3://osu-well-records-225989338968/pdfs/ExportedFolderContents_1/1923/03 - March/05135126_FARWELL 1_782233.pdf,1,1923,03 - March,early,1920s,unknown,unknown,,Unclassified failure,pending,,,pending,,,,,pending,,,pending,,,pending,,,
05300310_SWAGGART 1_1539287,s3://osu-well-records-225989338968/pdfs/ExportedFolderContents_1/1923/03 - March/05300310_SWAGGART 1_1539287.pdf,1,1923,03 - March,early,1920s,unknown,unknown,,Unclassified failure,pending,,,pending,,,,,pending,,,pending,,,pending,,,
06304056_MARTHA GREGORY B 3_589554,s3://osu-well-records-225989338968/pdfs/ExportedFolderContents_1/1923/03 - March/06304056_MARTHA GREGORY B 3_589554.pdf,1,1923,03 - March,early,1920s,unknown,unknown,,Unclassified failure,pending,,,pending,,,,,pending,,,pending,,,pending,,,
06304067_P CAIN 1_589540,s3://osu-well-records-225989338968/pdfs/ExportedFolderContents_1/1923/03 - March/06304067_P CAIN 1_589540.pdf,1,1923,03 - March,early,1920s,unknown,unknown,,Unclassified failure,pending,,,pending,,,,,pending,,,pending,,,pending,,,
06304085_W THOMAS 2_1053703,s3://osu-well-records-225989338968/pdfs/ExportedFolderContents_1/1923/03 - March/06304085_W THOMAS 2_1053703.pdf,1,1923,03 - March,early,1920s,unknown,unknown,,Unclassified failure,pending,,,pending,,,,,pending,,,pending,,,pending,,,
06304085_W THOMAS 2_589545,s3://osu-well-records-225989338968/pdfs/ExportedFolderContents_1/1923/03 - March/06304085_W THOMAS 2_589545.pdf,1,1923,03 - March,early,1920s,unknown,unknown,,Unclassified failure,pending,,,pending,,,,,pending,,,pending,,,pending,,,
07101161_CARRIE SITS ON THE HILL 13_1414547,s3://osu-well-records-225989338968/pdfs/ExportedFolderContents_1/1923/03 - March/07101161_CARRIE SITS ON THE HILL 13_1414547.pdf,1,1923,03 - March,early,1920s,unknown,unknown,,Unclassified failure,pending,,,pending,,,,,pending,,,pending,,,pending,,,
07102563_ENDICOTT 1-B_1539310,s3://osu-well-records-225989338968/pdfs/ExportedFolderContents_1/1923/03 - March/07102563_ENDICOTT 1-B_1539310.pdf,1,1923,03 - March,early,1920s,unknown,unknown,,Unclassified failure,pending,,,pending,,,,,pending,,,pending,,,pending,,,
07102719_AUGUST BUESING 1½_1414574,s3://osu-well-records-225989338968/pdfs/ExportedFolderContents_1/1923/03 - March/07102719_AUGUST BUESING 1½_1414574.pdf,1,1923,03 - March,early,1920s,unknown,unknown,,Unclassified failure,pending,,,pending,,,,,pending,,,pending,,,pending,,,
07103857_ALLEN 1_1539293,s3://osu-well-records-225989338968/pdfs/ExportedFolderContents_1/1923/03 - March/07103857_ALLEN 1_1539293.pdf,1,1923,03 - March,early,1920s,unknown,unknown,,Unclassified failure,pending,,,pending,,,,,pending,,,pending,,,pending,,,
07103949_C W GOLTRY 4_1539247,s3://osu-well-records-225989338968/pdfs/ExportedFolderContents_1/1923/03 - March/07103949_C W GOLTRY 4_1539247.pdf,1,1923,03 - March,early,1920s,unknown,unknown,,Unclassified failure,pending,,,pending,,,,,pending,,,pending,,,pending,,,
07103951_C W GOLTRY 5_1539252,s3://osu-well-records-225989338968/pdfs/ExportedFolderContents_1/1923/03 - March/07103951_C W GOLTRY 5_1539252.pdf,1,1923,03 - March,early,1920s,unknown,unknown,,Unclassified failure,pending,,,pending,,,,,pending,,,pending,,,pending,,,
07103952_C W GOLTRY 6_1539262,s3://osu-well-records-225989338968/pdfs/ExportedFolderContents_1/1923/03 - March/07103952_C W GOLTRY 6_1539262.pdf,1,1923,03 - March,early,1920s,unknown,unknown,,Unclassified failure,pending,,,pending,,,,,pending,,,pending,,,pending,,,
07103953_C W GOLTRY 7_1539279,s3://osu-well-records-225989338968/pdfs/ExportedFolderContents_1/1923/03 - March/07103953_C W GOLTRY 7_1539279.pdf,1,1923,03 - March,early,1920s,unknown,unknown,,Unclassified failure,pending,,,pending,,,,,pending,,,pending,,,pending,,,
07103956_C W GOLTRY 10_1539260,s3://osu-well-records-225989338968/pdfs/ExportedFolderContents_1/1923/03 - March/07103956_C W GOLTRY 10_1539260.pdf,1,1923,03 - March,early,1920s,unknown,unknown,,Unclassified failure,pending,,,pending,,,,,pending,,,pending,,,pending,,,
07104004_MCDANIEL 6_1539251,s3://osu-well-records-225989338968/pdfs/ExportedFolderContents_1/1923/03 - March/07104004_MCDANIEL 6_1539251.pdf,1,1923,03 - March,early,1920s,unknown,unknown,,Unclassified failure,pending,,,pending,,,,,pending,,,pending,,,pending,,,
07104010_F BEVERLIN 1_1539254,s3://osu-well-records-225989338968/pdfs/ExportedFolderContents_1/1923/03 - March/07104010_F BEVERLIN 1_1539254.pdf,1,1923,03 - March,early,1920s,unknown,unknown,,Unclassified failure,pending,,,pending,,,,,pending,,,pending,,,pending,,,
07104011_BEVERLIN 1-A_1539281,s3://osu-well-records-225989338968/pdfs/ExportedFolderContents_1/1923/03 - March/07104011_BEVERLIN 1-A_1539281.pdf,1,1923,03 - March,early,1920s,unknown,unknown,,Unclassified failure,pending,,,pending,,,,,pending,,,pending,,,pending,,,
07104014_BEVERLIN 2_1539282,s3://osu-well-records-225989338968/pdfs/ExportedFolderContents_1/1923/03 - March/07104014_BEVERLIN 2_1539282.pdf,1,1923,03 - March,early,1920s,unknown,unknown,,Unclassified failure,pending,,,pending,,,,,pending,,,pending,,,pending,,,
07104018_BEVERLIN 3_1539315,s3://osu-well-records-225989338968/pdfs/ExportedFolderContents_1/1923/03 - March/07104018_BEVERLIN 3_1539315.pdf,1,1923,03 - March,early,1920s,unknown,unknown,,Unclassified failure,pending,,,pending,,,,,pending,,,pending,,,pending,,,
07104022_BEVERLIN 4_1539294,s3://osu-well-records-225989338968/pdfs/ExportedFolderContents_1/1923/03 - March/07104022_BEVERLIN 4_1539294.pdf,1,1923,03 - March,early,1920s,unknown,unknown,,Unclassified failure,pending,,,pending,,,,,pending,,,pending,,,pending,,,
07104082_C C ENDICOTT 1-A_1539267,s3://osu-well-records-225989338968/pdfs/ExportedFolderContents_1/1923/03 - March/07104082_C C ENDICOTT 1-A_1539267.pdf,1,1923,03 - March,early,1920s,unknown,unknown,,Unclassified failure,pending,,,pending,,,,,pending,,,pending,,,pending,,,
07104129_C C ENDICOTT 4_1539302,s3://osu-well-records-225989338968/pdfs/ExportedFolderContents_1/1923/03 - March/07104129_C C ENDICOTT 4_1539302.pdf,1,1923,03 - March,early,1920s,unknown,unknown,,Unclassified failure,pending,,,pending,,,,,pending,,,pending,,,pending,,,
07104130_ENDICOTT 4-A_1539271,s3://osu-well-records-225989338968/pdfs/ExportedFolderContents_1/1923/03 - March/07104130_ENDICOTT 4-A_1539271.pdf,1,1923,03 - March,early,1920s,unknown,unknown,,Unclassified failure,pending,,,pending,,,,,pending,,,pending,,,pending,,,
07104134_ENDICOTT 5-C_1539263,s3://osu-well-records-225989338968/pdfs/ExportedFolderContents_1/1923/03 - March/07104134_ENDICOTT 5-C_1539263.pdf,1,1923,03 - March,early,1920s,unknown,unknown,,Unclassified failure,pending,,,pending,,,,,pending,,,pending,,,pending,,,
07104162_MCKEE 4_1539291,s3://osu-well-records-225989338968/pdfs/ExportedFolderContents_1/1923/03 - March/07104162_MCKEE 4_1539291.pdf,1,1923,03 - March,early,1920s,unknown,unknown,,Unclassified failure,pending,,,pending,,,,,pending,,,pending,,,pending,,,
07104162_MCKEE 4_1539297,s3://osu-well-records-225989338968/pdfs/ExportedFolderContents_1/1923/03 - March/07104162_MCKEE 4_1539297.pdf,1,1923,03 - March,early,1920s,unknown,unknown,,Unclassified failure,pending,,,pending,,,,,pending,,,pending,,,pending,,,
07104163_MCKEE 5_1539249,s3://osu-well-records-225989338968/pdfs/ExportedFolderContents_1/1923/03 - March/07104163_MCKEE 5_1539249.pdf,1,1923,03 - March,early,1920s,unknown,unknown,,Unclassified failure,pending,,,pending,,,,,pending,,,pending,,,pending,,,
07104165_MCKEE 7_1539257,s3://osu-well-records-225989338968/pdfs/ExportedFolderContents_1/1923/03 - March/07104165_MCKEE 7_1539257.pdf,1,1923,03 - March,early,1920s,unknown,unknown,,Unclassified failure,pending,,,pending,,,,,pending,,,pending,,,pending,,,
07104166_MCKEE 8_1539265,s3://osu-well-records-225989338968/pdfs/ExportedFolderContents_1/1923/03 - March/07104166_MCKEE 8_1539265.pdf,1,1923,03 - March,early,1920s,unknown,unknown,,Unclassified failure,pending,,,pending,,,,,pending,,,pending,,,pending,,,
07104168_MCKEE 11_1539299,s3://osu-well-records-225989338968/pdfs/ExportedFolderContents_1/1923/03 - March/07104168_MCKEE 11_1539299.pdf,1,1923,03 - March,early,1920s,unknown,unknown,,Unclassified failure,pending,,,pending,,,,,pending,,,pending,,,pending,,,
07104238_F R RICHTER 2_1539307,s3://osu-well-records-225989338968/pdfs/ExportedFolderContents_1/1923/03 - March/07104238_F R RICHTER 2_1539307.pdf,1,1923,03 - March,early,1920s,unknown,unknown,,Unclassified failure,pending,,,pending,,,,,pending,,,pending,,,pending,,,
07104275_ENDICOTT 2-C_1539296,s3://osu-well-records-225989338968/pdfs/ExportedFolderContents_1/1923/03 - March/07104275_ENDICOTT 2-C_1539296.pdf,1,1923,03 - March,early,1920s,unknown,unknown,,Unclassified failure,pending,,,pending,,,,,pending,,,pending,,,pending,,,
07104284_ENDICOTT 5-A_1539314,s3://osu-well-records-225989338968/pdfs/ExportedFolderContents_1/1923/03 - March/07104284_ENDICOTT 5-A_1539314.pdf,1,1923,03 - March,early,1920s,unknown,unknown,,Unclassified failure,pending,,,pending,,,,,pending,,,pending,,,pending,,,
07104292_ENDICOTT 7-A_1539266,s3://osu-well-records-225989338968/pdfs/ExportedFolderContents_1/1923/03 - March/07104292_ENDICOTT 7-A_1539266.pdf,1,1923,03 - March,early,1920s,unknown,unknown,,Unclassified failure,pending,,,pending,,,,,pending,,,pending,,,pending,,,
07104572_W S GLASGOW 1_1539256,s3://osu-well-records-225989338968/pdfs/ExportedFolderContents_1/1923/03 - March/07104572_W S GLASGOW 1_1539256.pdf,1,1923,03 - March,early,1920s,unknown,unknown,,Unclassified failure,pending,,,pending,,,,,pending,,,pending,,,pending,,,
07104585_GEORGE W KITE 1_1539309,s3://osu-well-records-225989338968/pdfs/ExportedFolderContents_1/1923/03 - March/07104585_GEORGE W KITE 1_1539309.pdf,1,1923,03 - March,early,1920s,unknown,unknown,,Unclassified failure,pending,,,pending,,,,,pending,,,pending,,,pending,,,
07104812_WORLEY 1_1539255,s3://osu-well-records-225989338968/pdfs/ExportedFolderContents_1/1923/03 - March/07104812_WORLEY 1_1539255.pdf,1,1923,03 - March,early,1920s,unknown,unknown,,Unclassified failure,pending,,,pending,,,,,pending,,,pending,,,pending,,,
07900215_C MCMURTREY 32_1017386,s3://osu-well-records-225989338968/pdfs/ExportedFolderContents_1/1923/03 - March/07900215_C MCMURTREY 32_1017386.pdf,1,1923,03 - March,early,1920s,unknown,unknown,,Unclassified failure,pending,,,pending,,,,,pending,,,pending,,,pending,,,
07900218_M MURTREY 28_555835,s3://osu-well-records-225989338968/pdfs/ExportedFolderContents_1/1923/03 - March/07900218_M MURTREY 28_555835.pdf,1,1923,03 - March,early,1920s,unknown,unknown,,Unclassified failure,pending,,,pending,,,,,pending,,,pending,,,pending,,,
07900218_MCMURTREY 28_1017385,s3://osu-well-records-225989338968/pdfs/ExportedFolderContents_1/1923/03 - March/07900218_MCMURTREY 28_1017385.pdf,1,1923,03 - March,early,1920s,unknown,unknown,,Unclassified failure,pending,,,pending,,,,,pending,,,pending,,,pending,,,
08500144_LEFLORE 1_516522,s3://osu-well-records-225989338968/pdfs/ExportedFolderContents_1/1923/03 - March/08500144_LEFLORE 1_516522.pdf,1,1923,03 - March,early,1920s,unknown,unknown,,Unclassified failure,pending,,,pending,,,,,pending,,,pending,,,pending,,,
09100188_GRAVES 1_1364391,s3://osu-well-records-225989338968/pdfs/ExportedFolderContents_1/1923/03 - March/09100188_GRAVES 1_1364391.pdf,1,1923,03 - March,early,1920s,unknown,unknown,,Unclassified failure,pending,,,pending,,,,,pending,,,pending,,,pending,,,
09100909_J R LACKEY 1_1364369,s3://osu-well-records-225989338968/pdfs/ExportedFolderContents_1/1923/03 - March/09100909_J R LACKEY 1_1364369.pdf,1,1923,03 - March,early,1920s,unknown,unknown,,Unclassified failure,pending,,,pending,,,,,pending,,,pending,,,pending,,,
09100914_CERBLANCE 1_1364380,s3://osu-well-records-225989338968/pdfs/ExportedFolderContents_1/1923/03 - March/09100914_CERBLANCE 1_1364380.pdf,1,1923,03 - March,early,1920s,unknown,unknown,,Unclassified failure,pending,,,pending,,,,,pending,,,pending,,,pending,,,
09100919_J TAYLOR 1_1364377,s3://osu-well-records-225989338968/pdfs/ExportedFolderContents_1/1923/03 - March/09100919_J TAYLOR 1_1364377.pdf,1,1923,03 - March,early,1920s,unknown,unknown,,Unclassified failure,pending,,,pending,,,,,pending,,,pending,,,pending,,,
09101054_ROBINSON 1_1364378,s3://osu-well-records-225989338968/pdfs/ExportedFolderContents_1/1923/03 - March/09101054_ROBINSON 1_1364378.pdf,1,1923,03 - March,early,1920s,unknown,unknown,,Unclassified failure,pending,,,pending,,,,,pending,,,pending,,,pending,,,
09700175_R C GOFF 1_1618301,s3://osu-well-records-225989338968/pdfs/ExportedFolderContents_1/1923/03 - March/09700175_R C GOFF 1_1618301.pdf,1,1923,03 - March,early,1920s,unknown,unknown,,Unclassified failure,pending,,,pending,,,,,pending,,,pending,,,pending,,,
10100768_SIMON MORRISON 18_1364393,s3://osu-well-records-225989338968/pdfs/ExportedFolderContents_1/1923/03 - March/10100768_SIMON MORRISON 18_1364393.pdf,1,1923,03 - March,early,1920s,unknown,unknown,,Unclassified failure,pending,,,pending,,,,,pending,,,pending,,,pending,,,
10101240_SEIBOLD 1_1364411,s3://osu-well-records-225989338968/pdfs/ExportedFolderContents_1/1923/03 - March/10101240_SEIBOLD 1_1364411.pdf,1,1923,03 - March,early,1920s,unknown,unknown,,Unclassified failure,pending,,,pending,,,,,pending,,,pending,,,pending,,,
10103252_J H HOPKINS 15_1364403,s3://osu-well-records-225989338968/pdfs/ExportedFolderContents_1/1923/03 - March/10103252_J H HOPKINS 15_1364403.pdf,1,1923,03 - March,early,1920s,unknown,unknown,,Unclassified failure,pending,,,pending,,,,,pending,,,pending,,,pending,,,
10103301_Turk 3_1364387,s3://osu-well-records-225989338968/pdfs/ExportedFolderContents_1/1923/03 - March/10103301_Turk 3_1364387.pdf,1,1923,03 - March,early,1920s,unknown,unknown,,Unclassified failure,pending,,,pending,,,,,pending,,,pending,,,pending,,,
10302425_J RAMSEY 1_1414566,s3://osu-well-records-225989338968/pdfs/ExportedFolderContents_1/1923/03 - March/10302425_J RAMSEY 1_1414566.pdf,1,1923,03 - March,early,1920s,unknown,unknown,,Unclassified failure,pending,,,pending,,,,,pending,,,pending,,,pending,,,
10303013_LEE SHAWVER 10_1539246,s3://osu-well-records-225989338968/pdfs/ExportedFolderContents_1/1923/03 - March/10303013_LEE SHAWVER 10_1539246.pdf,1,1923,03 - March,early,1920s,unknown,unknown,,Unclassified failure,pending,,,pending,,,,,pending,,,pending,,,pending,,,
10303013_LEE SHAWVER 10_50900726,s3://osu-well-records-225989338968/pdfs/ExportedFolderContents_1/1923/03 - March/10303013_LEE SHAWVER 10_50900726.pdf,1,1923,03 - March,early,1920s,unknown,unknown,,Unclassified failure,pending,,,pending,,,,,pending,,,pending,,,pending,,,
10303013_LEE SHAWVER 10_50900753,s3://osu-well-records-225989338968/pdfs/ExportedFolderContents_1/1923/03 - March/10303013_LEE SHAWVER 10_50900753.pdf,1,1923,03 - March,early,1920s,unknown,unknown,,Unclassified failure,pending,,,pending,,,,,pending,,,pending,,,pending,,,
10303015_LEE SHAWVER 12_1539278,s3://osu-well-records-225989338968/pdfs/ExportedFolderContents_1/1923/03 - March/10303015_LEE SHAWVER 12_1539278.pdf,1,1923,03 - March,early,1920s,unknown,unknown,,Unclassified failure,pending,,,pending,,,,,pending,,,pending,,,pending,,,
14303125_MCKEE 2_1053891,s3://osu-well-records-225989338968/pdfs/ExportedFolderContents_1/1923/03 - March/14303125_MCKEE 2_1053891.pdf,1,1923,03 - March,early,1920s,unknown,unknown,,Unclassified failure,pending,,,pending,,,,,pending,,,pending,,,pending,,,
14303516_V EDWARDS 9_1053856,s3://osu-well-records-225989338968/pdfs/ExportedFolderContents_1/1923/03 - March/14303516_V EDWARDS 9_1053856.pdf,1,1923,03 - March,early,1920s,unknown,unknown,,Unclassified failure,pending,,,pending,,,,,pending,,,pending,,,pending,,,
14304096_C MITCHELL 8_1053896,s3://osu-well-records-225989338968/pdfs/ExportedFolderContents_1/1923/03 - March/14304096_C MITCHELL 8_1053896.pdf,1,1923,03 - March,early,1920s,unknown,unknown,,Unclassified failure,pending,,,pending,,,,,pending,,,pending,,,pending,,,
14305148_R I WILSON 1_1414613,s3://osu-well-records-225989338968/pdfs/ExportedFolderContents_1/1923/03 - March/14305148_R I WILSON 1_1414613.pdf,1,1923,03 - March,early,1920s,unknown,unknown,,Unclassified failure,pending,,,pending,,,,,pending,,,pending,,,pending,,,
14305161_NACHTIGAL 3_1414485,s3://osu-well-records-225989338968/pdfs/ExportedFolderContents_1/1923/03 - March/14305161_NACHTIGAL 3_1414485.pdf,1,1923,03 - March,early,1920s,unknown,unknown,,Unclassified failure,pending,,,pending,,,,,pending,,,pending,,,pending,,,
14305162_C NACHTIGAL 4_1414612,s3://osu-well-records-225989338968/pdfs/ExportedFolderContents_1/1923/03 - March/14305162_C NACHTIGAL 4_1414612.pdf,1,1923,03 - March,early,1920s,unknown,unknown,,Unclassified failure,pending,,,pending,,,,,pending,,,pending,,,pending,,,
14305697_MOORE 1_1414517,s3://osu-well-records-225989338968/pdfs/ExportedFolderContents_1/1923/03 - March/14305697_MOORE 1_1414517.pdf,1,1923,03 - March,early,1920s,unknown,unknown,,Unclassified failure,pending,,,pending,,,,,pending,,,pending,,,pending,,,
14305957_BARNES 2_1414552,s3://osu-well-records-225989338968/pdfs/ExportedFolderContents_1/1923/03 - March/14305957_BARNES 2_1414552.pdf,1,1923,03 - March,early,1920s,unknown,unknown,,Unclassified failure,pending,,,pending,,,,,pending,,,pending,,,pending,,,
14306654_WINTON 6_1053937,s3://osu-well-records-225989338968/pdfs/ExportedFolderContents_1/1923/03 - March/14306654_WINTON 6_1053937.pdf,1,1923,03 - March,early,1920s,unknown,unknown,,Unclassified failure,pending,,,pending,,,,,pending,,,pending,,,pending,,,
14309353_D SMITH 4_1518161,s3://osu-well-records-225989338968/pdfs/ExportedFolderContents_1/1923/03 - March/14309353_D SMITH 4_1518161.pdf,1,1923,03 - March,early,1920s,unknown,unknown,,Unclassified failure,pending,,,pending,,,,,pending,,,pending,,,pending,,,
14501588_PENDERGAST 1_1364394,s3://osu-well-records-225989338968/pdfs/ExportedFolderContents_1/1923/03 - March/14501588_PENDERGAST 1_1364394.pdf,1,1923,03 - March,early,1920s,unknown,unknown,,Unclassified failure,pending,,,pending,,,,,pending,,,pending,,,pending,,,
14502038_HARRIS 6_1364385,s3://osu-well-records-225989338968/pdfs/ExportedFolderContents_1/1923/03 - March/14502038_HARRIS 6_1364385.pdf,1,1923,03 - March,early,1920s,unknown,unknown,,Unclassified failure,pending,,,pending,,,,,pending,,,pending,,,pending,,,
14502039_W H HARRIS 5_1364379,s3://osu-well-records-225989338968/pdfs/ExportedFolderContents_1/1923/03 - March/14502039_W H HARRIS 5_1364379.pdf,1,1923,03 - March,early,1920s,unknown,unknown,,Unclassified failure,pending,,,pending,,,,,pending,,,pending,,,pending,,,
14502047_JOE COLBERT 6_1364401,s3://osu-well-records-225989338968/pdfs/ExportedFolderContents_1/1923/03 - March/14502047_JOE COLBERT 6_1364401.pdf,1,1923,03 - March,early,1920s,unknown,unknown,,Unclassified failure,pending,,,pending,,,,,pending,,,pending,,,pending,,,
14701573_MORTON 11_1414569,s3://osu-well-records-225989338968/pdfs/ExportedFolderContents_1/1923/03 - March/14701573_MORTON 11_1414569.pdf,1,1923,03 - March,early,1920s,unknown,unknown,,Unclassified failure,pending,,,pending,,,,,pending,,,pending,,,pending,,,
14702440_NORA DAY 12_516533,s3://osu-well-records-225989338968/pdfs/ExportedFolderContents_1/1923/03 - March/14702440_NORA DAY 12_516533.pdf,1,1923,03 - March,early,1920s,unknown,unknown,,Unclassified failure,pending,,,pending,,,,,pending,,,pending,,,pending,,,
14702560_BEAVER 12_516540,s3://osu-well-records-225989338968/pdfs/ExportedFolderContents_1/1923/03 - March/14702560_BEAVER 12_516540.pdf,1,1923,03 - March,early,1920s,unknown,unknown,,Unclassified failure,pending,,,pending,,,,,pending,,,pending,,,pending,,,
14706221_No Data_1414589,s3://osu-well-records-225989338968/pdfs/ExportedFolderContents_1/1923/03 - March/14706221_No Data_1414589.pdf,1,1923,03 - March,early,1920s,unknown,unknown,,Unclassified failure,pending,,,pending,,,,,pending,,,pending,,,pending,,,
14706348_YOUNG 1_1414573,s3://osu-well-records-225989338968/pdfs/ExportedFolderContents_1/1923/03 - March/14706348_YOUNG 1_1414573.pdf,1,1923,03 - March,early,1920s,unknown,unknown,,Unclassified failure,pending,,,pending,,,,,pending,,,pending,,,pending,,,
14707527_BOREN 1_1414593,s3://osu-well-records-225989338968/pdfs/ExportedFolderContents_1/1923/03 - March/14707527_BOREN 1_1414593.pdf,1,1923,03 - March,early,1920s,unknown,unknown,,Unclassified failure,pending,,,pending,,,,,pending,,,pending,,,pending,,,
14707754_No Data_1414500,s3://osu-well-records-225989338968/pdfs/ExportedFolderContents_1/1923/03 - March/14707754_No Data_1414500.pdf,1,1923,03 - March,early,1920s,unknown,unknown,,Unclassified failure,pending,,,pending,,,,,pending,,,pending,,,pending,,,
14707774_DRUM 3_1414525,s3://osu-well-records-225989338968/pdfs/ExportedFolderContents_1/1923/03 - March/14707774_DRUM 3_1414525.pdf,1,1923,03 - March,early,1920s,unknown,unknown,,Unclassified failure,pending,,,pending,,,,,pending,,,pending,,,pending,,,
14709051_DANIEL ANDERSON 7_1414484,s3://osu-well-records-225989338968/pdfs/ExportedFolderContents_1/1923/03 - March/14709051_DANIEL ANDERSON 7_1414484.pdf,1,1923,03 - March,early,1920s,unknown,unknown,,Unclassified failure,pending,,,pending,,,,,pending,,,pending,,,pending,,,
14900051_JOYCE 1_505285,s3://osu-well-records-225989338968/pdfs/ExportedFolderContents_1/1923/03 - March/14900051_JOYCE 1_505285.pdf,1,1923,03 - March,early,1920s,unknown,unknown,,Unclassified failure,pending,,,pending,,,,,pending,,,pending,,,pending,,,
35019090490000_J S MULLEN 5_1696667,s3://osu-well-records-225989338968/pdfs/ExportedFolderContents_1/1923/03 - March/35019090490000_J S MULLEN 5_1696667.pdf,1,1923,03 - March,early,1920s,unknown,unknown,,Unclassified failure,pending,,,pending,,,,,pending,,,pending,,,pending,,,
35019760480000_ELLIS 1_1696714,s3://osu-well-records-225989338968/pdfs/ExportedFolderContents_1/1923/03 - March/35019760480000_ELLIS 1_1696714.pdf,1,1923,03 - March,early,1920s,unknown,unknown,,Unclassified failure,pending,,,pending,,,,,pending,,,pending,,,pending,,,
35037011710000_EDDIE BARNETT 4_2004653,s3://osu-well-records-225989338968/pdfs/ExportedFolderContents_1/1923/03 - March/35037011710000_EDDIE BARNETT 4_2004653.pdf,1,1923,03 - March,early,1920s,unknown,unknown,,Unclassified failure,pending,,,pending,,,,,pending,,,pending,,,pending,,,
35037013940000_NARCHUBBY E._2004541,s3://osu-well-records-225989338968/pdfs/ExportedFolderContents_1/1923/03 - March/35037013940000_NARCHUBBY E._2004541.pdf,1,1923,03 - March,early,1920s,unknown,unknown,,Unclassified failure,pending,,,pending,,,,,pending,,,pending,,,pending,,,
35037021610000_RAMSEY 1_2004749,s3://osu-well-records-225989338968/pdfs/ExportedFolderContents_1/1923/03 - March/35037021610000_RAMSEY 1_2004749.pdf,1,1923,03 - March,early,1920s,unknown,unknown,,Unclassified failure,pending,,,pending,,,,,pending,,,pending,,,pending,,,
35037033310000_BEAVER TURNER 3_2004643,s3://osu-well-records-225989338968/pdfs/ExportedFolderContents_1/1923/03 - March/35037033310000_BEAVER TURNER 3_2004643.pdf,1,1923,03 - March,early,1920s,unknown,unknown,,Unclassified failure,pending,,,pending,,,,,pending,,,pending,,,pending,,,
35037035490000_LOU CAT 6_2004494,s3://osu-well-records-225989338968/pdfs/ExportedFolderContents_1/1923/03 - March/35037035490000_LOU CAT 6_2004494.pdf,1,1923,03 - March,early,1920s,unknown,unknown,,Unclassified failure,pending,,,pending,,,,,pending,,,pending,,,pending,,,
35037037560000_SCOTT N 4_2004535,s3://osu-well-records-225989338968/pdfs/ExportedFolderContents_1/1923/03 - March/35037037560000_SCOTT N 4_2004535.pdf,1,1923,03 - March,early,1920s,unknown,unknown,,Unclassified failure,pending,,,pending,,,,,pending,,,pending,,,pending,,,
35037037570000_SCOTT N NEE BEAVER 3_2004489,s3://osu-well-records-225989338968/pdfs/ExportedFolderContents_1/1923/03 - March/35037037570000_SCOTT N NEE BEAVER 3_2004489.pdf,1,1923,03 - March,early,1920s,unknown,unknown,,Unclassified failure,pending,,,pending,,,,,pending,,,pending,,,pending,,,
35037039780000_WATSON 2_2004509,s3://osu-well-records-225989338968/pdfs/ExportedFolderContents_1/1923/03 - March/35037039780000_WATSON 2_2004509.pdf,1,1923,03 - March,early,1920s,unknown,unknown,,Unclassified failure,pending,,,pending,,,,,pending,,,pending,,,pending,,,
35037045080000_SEWELL 7_2004465,s3://osu-well-records-225989338968/pdfs/ExportedFolderContents_1/1923/03 - March/35037045080000_SEWELL 7_2004465.pdf,1,1923,03 - March,early,1920s,unknown,unknown,,Unclassified failure,pending,,,pending,,,,,pending,,,pending,,,pending,,,
35037063060000_ROBERTS 4_2004679,s3://osu-well-records-225989338968/pdfs/ExportedFolderContents_1/1923/03 - March/35037063060000_ROBERTS 4_2004679.pdf,1,1923,03 - March,early,1920s,unknown,unknown,,Unclassified failure,pending,,,pending,,,,,pending,,,pending,,,pending,,,
35037069450000_HARRIOT NETTIE_2004435,s3://osu-well-records-225989338968/pdfs/ExportedFolderContents_1/1923/03 - March/35037069450000_HARRIOT NETTIE_2004435.pdf,1,1923,03 - March,early,1920s,unknown,unknown,,Unclassified failure,pending,,,pending,,,,,pending,,,pending,,,pending,,,
35037069470000_ESCOE MYRTLE J_2004459,s3://osu-well-records-225989338968/pdfs/ExportedFolderContents_1/1923/03 - March/35037069470000_ESCOE MYRTLE J_2004459.pdf,1,1923,03 - March,early,1920s,unknown,unknown,,Unclassified failure,pending,,,pending,,,,,pending,,,pending,,,pending,,,
35037071270000_C MNNAC 1_2004670,s3://osu-well-records-225989338968/pdfs/ExportedFolderContents_1/1923/03 - March/35037071270000_C MNNAC 1_2004670.pdf,1,1923,03 - March,early,1920s,unknown,unknown,,Unclassified failure,pending,,,pending,,,,,pending,,,pending,,,pending,,,
35037072160000_DORA KNOLL 1_2004729,s3://osu-well-records-225989338968/pdfs/ExportedFolderContents_1/1923/03 - March/35037072160000_DORA KNOLL 1_2004729.pdf,1,1923,03 - March,early,1920s,unknown,unknown,,Unclassified failure,pending,,,pending,,,,,pending,,,pending,,,pending,,,
35037073820000_CHAS WHITTAKER_2004443,s3://osu-well-records-225989338968/pdfs/ExportedFolderContents_1/1923/03 - March/35037073820000_CHAS WHITTAKER_2004443.pdf,1,1923,03 - March,early,1920s,unknown,unknown,,Unclassified failure,pending,,,pending,,,,,pending,,,pending,,,pending,,,
35037074110000_EMMA ROBERTS 2_2004438,s3://osu-well-records-225989338968/pdfs/ExportedFolderContents_1/1923/03 - March/35037074110000_EMMA ROBERTS 2_2004438.pdf,1,1923,03 - March,early,1920s,unknown,unknown,,Unclassified failure,pending,,,pending,,,,,pending,,,pending,,,pending,,,
35037074200000_W W BANKS 2_2004589,s3://osu-well-records-225989338968/pdfs/ExportedFolderContents_1/1923/03 - March/35037074200000_W W BANKS 2_2004589.pdf,1,1923,03 - March,early,1920s,unknown,unknown,,Unclassified failure,pending,,,pending,,,,,pending,,,pending,,,pending,,,
35037075580000_HOUSTON_2004674,s3://osu-well-records-225989338968/pdfs/ExportedFolderContents_1/1923/03 - March/35037075580000_HOUSTON_2004674.pdf,1,1923,03 - March,early,1920s,unknown,unknown,,Unclassified failure,pending,,,pending,,,,,pending,,,pending,,,pending,,,
35037075610000_HOUSTON TURNER_2004571,s3://osu-well-records-225989338968/pdfs/ExportedFolderContents_1/1923/03 - March/35037075610000_HOUSTON TURNER_2004571.pdf,1,1923,03 - March,early,1920s,unknown,unknown,,Unclassified failure,pending,,,pending,,,,,pending,,,pending,,,pending,,,
35037075620000_ROLLESTONE A A_2004504,s3://osu-well-records-225989338968/pdfs/ExportedFolderContents_1/1923/03 - March/35037075620000_ROLLESTONE A A_2004504.pdf,1,1923,03 - March,early,1920s,unknown,unknown,,Unclassified failure,pending,,,pending,,,,,pending,,,pending,,,pending,,,
35037075620000_ROLLESTONE A A_2004505,s3://osu-well-records-225989338968/pdfs/ExportedFolderContents_1/1923/03 - March/35037075620000_ROLLESTONE A A_2004505.pdf,1,1923,03 - March,early,1920s,unknown,unknown,,Unclassified failure,pending,,,pending,,,,,pending,,,pending,,,pending,,,
35037075820000_ROSE CARR 7_2004441,s3://osu-well-records-225989338968/pdfs/ExportedFolderContents_1/1923/03 - March/35037075820000_ROSE CARR 7_2004441.pdf,1,1923,03 - March,early,1920s,unknown,unknown,,Unclassified failure,pending,,,pending,,,,,pending,,,pending,,,pending,,,
35037075850000_CARR ROSE_2004532,s3://osu-well-records-225989338968/pdfs/ExportedFolderContents_1/1923/03 - March/35037075850000_CARR ROSE_2004532.pdf,1,1923,03 - March,early,1920s,unknown,unknown,,Unclassified failure,pending,,,pending,,,,,pending,,,pending,,,pending,,,
35037075920000_COLAW A L_2004528,s3://osu-well-records-225989338968/pdfs/ExportedFolderContents_1/1923/03 - March/35037075920000_COLAW A L_2004528.pdf,1,1923,03 - March,early,1920s,unknown,unknown,,Unclassified failure,pending,,,pending,,,,,pending,,,pending,,,pending,,,
35037076030000_EDDIE BARNETT 1_2004486,s3://osu-well-records-225989338968/pdfs/ExportedFolderContents_1/1923/03 - March/35037076030000_EDDIE BARNETT 1_2004486.pdf,1,1923,03 - March,early,1920s,unknown,unknown,,Unclassified failure,pending,,,pending,,,,,pending,,,pending,,,pending,,,
35037077390000_F JACOBS_2004496,s3://osu-well-records-225989338968/pdfs/ExportedFolderContents_1/1923/03 - March/35037077390000_F JACOBS_2004496.pdf,1,1923,03 - March,early,1920s,unknown,unknown,,Unclassified failure,pending,,,pending,,,,,pending,,,pending,,,pending,,,
35037077390000_F JACOBS_2004500,s3://osu-well-records-225989338968/pdfs/ExportedFolderContents_1/1923/03 - March/35037077390000_F JACOBS_2004500.pdf,1,1923,03 - March,early,1920s,unknown,unknown,,Unclassified failure,pending,,,pending,,,,,pending,,,pending,,,pending,,,
35037079430000_ALICE M BELL 3_2004752,s3://osu-well-records-225989338968/pdfs/ExportedFolderContents_1/1923/03 - March/35037079430000_ALICE M BELL 3_2004752.pdf,1,1923,03 - March,early,1920s,unknown,unknown,,Unclassified failure,pending,,,pending,,,,,pending,,,pending,,,pending,,,
35037102940000_SIVADON 1_2004490,s3://osu-well-records-225989338968/pdfs/ExportedFolderContents_1/1923/03 - March/35037102940000_SIVADON 1_2004490.pdf,1,1923,03 - March,early,1920s,unknown,unknown,,Unclassified failure,pending,,,pending,,,,,pending,,,pending,,,pending,,,
35037158520000_WO BAKER 1_2004622,s3://osu-well-records-225989338968/pdfs/ExportedFolderContents_1/1923/03 - March/35037158520000_WO BAKER 1_2004622.pdf,1,1923,03 - March,early,1920s,unknown,unknown,,Unclassified failure,pending,,,pending,,,,,pending,,,pending,,,pending,,,
35037159310000_SCALES 1_2004635,s3://osu-well-records-225989338968/pdfs/ExportedFolderContents_1/1923/03 - March/35037159310000_SCALES 1_2004635.pdf,1,1923,03 - March,early,1920s,unknown,unknown,,Unclassified failure,pending,,,pending,,,,,pending,,,pending,,,pending,,,
35037159310000_SCALES 1_2004636,s3://osu-well-records-225989338968/pdfs/ExportedFolderContents_1/1923/03 - March/35037159310000_SCALES 1_2004636.pdf,1,1923,03 - March,early,1920s,unknown,unknown,,Unclassified failure,pending,,,pending,,,,,pending,,,pending,,,pending,,,
35037166250000_EARL BERRYHILL 50_2004442,s3://osu-well-records-225989338968/pdfs/ExportedFolderContents_1/1923/03 - March/35037166250000_EARL BERRYHILL 50_2004442.pdf,1,1923,03 - March,early,1920s,unknown,unknown,,Unclassified failure,pending,,,pending,,,,,pending,,,pending,,,pending,,,
35037169470000_ROMAN BEAR 3_2004457,s3://osu-well-records-225989338968/pdfs/ExportedFolderContents_1/1923/03 - March/35037169470000_ROMAN BEAR 3_2004457.pdf,1,1923,03 - March,early,1920s,unknown,unknown,,Unclassified failure,pending,,,pending,,,,,pending,,,pending,,,pending,,,
35037169470000_ROMAN BEAR 3_3163258,s3://osu-well-records-225989338968/pdfs/ExportedFolderContents_1/1923/03 - March/35037169470000_ROMAN BEAR 3_3163258.pdf,1,1923,03 - March,early,1920s,unknown,unknown,,Unclassified failure,pending,,,pending,,,,,pending,,,pending,,,pending,,,
35037393880000_POSTOAK 1_2004623,s3://osu-well-records-225989338968/pdfs/ExportedFolderContents_1/1923/03 - March/35037393880000_POSTOAK 1_2004623.pdf,1,1923,03 - March,early,1920s,unknown,unknown,,Unclassified failure,pending,,,pending,,,,,pending,,,pending,,,pending,,,
35051006400000_JAMES WOOD 1_1843947,s3://osu-well-records-225989338968/pdfs/ExportedFolderContents_1/1923/03 - March/35051006400000_JAMES WOOD 1_1843947.pdf,1,1923,03 - March,early,1920s,unknown,unknown,,Unclassified failure,pending,,,pending,,,,,pending,,,pending,,,pending,,,
35063039580000_LUMPKIN 1_1496516,s3://osu-well-records-225989338968/pdfs/ExportedFolderContents_1/1923/03 - March/35063039580000_LUMPKIN 1_1496516.pdf,1,1923,03 - March,early,1920s,unknown,unknown,,Unclassified failure,pending,,,pending,,,,,pending,,,pending,,,pending,,,
35063039580000_LUMPKIN 1_2004730,s3://osu-well-records-225989338968/pdfs/ExportedFolderContents_1/1923/03 - March/35063039580000_LUMPKIN 1_2004730.pdf,1,1923,03 - March,early,1920s,unknown,unknown,,Unclassified failure,pending,,,pending,,,,,pending,,,pending,,,pending,,,
35071041520000_MCDANIELS 1_8001503,s3://osu-well-records-225989338968/pdfs/ExportedFolderContents_1/1923/03 - March/35071041520000_MCDANIELS 1_8001503.pdf,1,1923,03 - March,early,1920s,unknown,unknown,,Unclassified failure,pending,,,pending,,,,,pending,,,pending,,,pending,,,
35079002150000_C MCMURTERY 32_1443119,s3://osu-well-records-225989338968/pdfs/ExportedFolderContents_1/1923/03 - March/35079002150000_C MCMURTERY 32_1443119.pdf,1,1923,03 - March,early,1920s,unknown,unknown,,Unclassified failure,pending,,,pending,,,,,pending,,,pending,,,pending,,,
35095001850000_STATE FARM 1_1384816,s3://osu-well-records-225989338968/pdfs/ExportedFolderContents_1/1923/03 - March/35095001850000_STATE FARM 1_1384816.pdf,1,1923,03 - March,early,1920s,unknown,unknown,,Unclassified failure,pending,,,pending,,,,,pending,,,pending,,,pending,,,
35101026070000_RULISON 1_2364280,s3://osu-well-records-225989338968/pdfs/ExportedFolderContents_1/1923/03 - March/35101026070000_RULISON 1_2364280.pdf,1,1923,03 - March,early,1920s,unknown,unknown,,Unclassified failure,pending,,,pending,,,,,pending,,,pending,,,pending,,,
35103024310000_HELEN BARNES 1_2288592,s3://osu-well-records-225989338968/pdfs/ExportedFolderContents_1/1923/03 - March/35103024310000_HELEN BARNES 1_2288592.pdf,1,1923,03 - March,early,1920s,unknown,unknown,,Unclassified failure,pending,,,pending,,,,,pending,,,pending,,,pending,,,
35103028710000_BLUBAUGH 5_8001421,s3://osu-well-records-225989338968/pdfs/ExportedFolderContents_1/1923/03 - March/35103028710000_BLUBAUGH 5_8001421.pdf,1,1923,03 - March,early,1920s,unknown,unknown,,Unclassified failure,pending,,,pending,,,,,pending,,,pending,,,pending,,,
35103028980000_BLUBAUGH 6-A_8001470,s3://osu-well-records-225989338968/pdfs/ExportedFolderContents_1/1923/03 - March/35103028980000_BLUBAUGH 6-A_8001470.pdf,1,1923,03 - March,early,1920s,unknown,unknown,,Unclassified failure,pending,,,pending,,,,,pending,,,pending,,,pending,,,
35103030230000_LEE SHAWVER 20_3146587,s3://osu-well-records-225989338968/pdfs/ExportedFolderContents_1/1923/03 - March/35103030230000_LEE SHAWVER 20_3146587.pdf,1,1923,03 - March,early,1920s,unknown,unknown,,Unclassified failure,pending,,,pending,,,,,pending,,,pending,,,pending,,,
35103030230000_LEE SHAWVER 20_8001495,s3://osu-well-records-225989338968/pdfs/ExportedFolderContents_1/1923/03 - March/35103030230000_LEE SHAWVER 20_8001495.pdf,1,1923,03 - March,early,1920s,unknown,unknown,,Unclassified failure,pending,,,pending,,,,,pending,,,pending,,,pending,,,
35103031340000_J CARMICHAEL 5_8001430,s3://osu-well-records-225989338968/pdfs/ExportedFolderContents_1/1923/03 - March/35103031340000_J CARMICHAEL 5_8001430.pdf,1,1923,03 - March,early,1920s,unknown,unknown,,Unclassified failure,pending,,,pending,,,,,pending,,,pending,,,pending,,,
00000000_JOHN SHADE 1_1414732,s3://osu-well-records-225989338968/pdfs/ExportedFolderContents_1/1923/04 - April/00000000_JOHN SHADE 1_1414732.pdf,1,1923,04 - April,early,1920s,unknown,unknown,,Unclassified failure,pending,,,pending,,,,,pending,,,pending,,,pending,,,
00000000_No Data_1054009,s3://osu-well-records-225989338968/pdfs/ExportedFolderContents_1/1923/04 - April/00000000_No Data_1054009.pdf,1,1923,04 - April,early,1920s,unknown,unknown,,Unclassified failure,pending,,,pending,,,,,pending,,,pending,,,pending,,,
00000000_No Data_1054025,s3://osu-well-records-225989338968/pdfs/ExportedFolderContents_1/1923/04 - April/00000000_No Data_1054025.pdf,1,1923,04 - April,early,1920s,unknown,unknown,,Unclassified failure,pending,,,pending,,,,,pending,,,pending,,,pending,,,
00000000_No Data_1054093,s3://osu-well-records-225989338968/pdfs/ExportedFolderContents_1/1923/04 - April/00000000_No Data_1054093.pdf,1,1923,04 - April,early,1920s,unknown,unknown,,Unclassified failure,pending,,,pending,,,,,pending,,,pending,,,pending,,,
00000000_No Data_1054095,s3://osu-well-records-225989338968/pdfs/ExportedFolderContents_1/1923/04 - April/00000000_No Data_1054095.pdf,1,1923,04 - April,early,1920s,unknown,unknown,,Unclassified failure,pending,,,pending,,,,,pending,,,pending,,,pending,,,
00000000_No Data_1054099,s3://osu-well-records-225989338968/pdfs/ExportedFolderContents_1/1923/04 - April/00000000_No Data_1054099.pdf,1,1923,04 - April,early,1920s,unknown,unknown,,Unclassified failure,pending,,,pending,,,,,pending,,,pending,,,pending,,,
00000000_No Data_1054119,s3://osu-well-records-225989338968/pdfs/ExportedFolderContents_1/1923/04 - April/00000000_No Data_1054119.pdf,1,1923,04 - April,early,1920s,unknown,unknown,,Unclassified failure,pending,,,pending,,,,,pending,,,pending,,,pending,,,
00000000_No Data_1054190,s3://osu-well-records-225989338968/pdfs/ExportedFolderContents_1/1923/04 - April/00000000_No Data_1054190.pdf,1,1923,04 - April,early,1920s,unknown,unknown,,Unclassified failure,pending,,,pending,,,,,pending,,,pending,,,pending,,,
00000000_No Data_1054191,s3://osu-well-records-225989338968/pdfs/ExportedFolderContents_1/1923/04 - April/00000000_No Data_1054191.pdf,1,1923,04 - April,early,1920s,unknown,unknown,,Unclassified failure,pending,,,pending,,,,,pending,,,pending,,,pending,,,
00000000_No Data_1054275,s3://osu-well-records-225989338968/pdfs/ExportedFolderContents_1/1923/04 - April/00000000_No Data_1054275.pdf,1,1923,04 - April,early,1920s,unknown,unknown,,Unclassified failure,pending,,,pending,,,,,pending,,,pending,,,pending,,,
00000000_No Data_1054321,s3://osu-well-records-225989338968/pdfs/ExportedFolderContents_1/1923/04 - April/00000000_No Data_1054321.pdf,1,1923,04 - April,early,1920s,unknown,unknown,,Unclassified failure,pending,,,pending,,,,,pending,,,pending,,,pending,,,
00000000_No Data_1054323,s3://osu-well-records-225989338968/pdfs/ExportedFolderContents_1/1923/04 - April/00000000_No Data_1054323.pdf,1,1923,04 - April,early,1920s,unknown,unknown,,Unclassified failure,pending,,,pending,,,,,pending,,,pending,,,pending,,,
00000000_No Data_1054356,s3://osu-well-records-225989338968/pdfs/ExportedFolderContents_1/1923/04 - April/00000000_No Data_1054356.pdf,1,1923,04 - April,early,1920s,unknown,unknown,,Unclassified failure,pending,,,pending,,,,,pending,,,pending,,,pending,,,
00000000_No Data_1054374,s3://osu-well-records-225989338968/pdfs/ExportedFolderContents_1/1923/04 - April/00000000_No Data_1054374.pdf,1,1923,04 - April,early,1920s,unknown,unknown,,Unclassified failure,pending,,,pending,,,,,pending,,,pending,,,pending,,,
00000000_No Data_1414659,s3://osu-well-records-225989338968/pdfs/ExportedFolderContents_1/1923/04 - April/00000000_No Data_1414659.pdf,1,1923,04 - April,early,1920s,unknown,unknown,,Unclassified failure,pending,,,pending,,,,,pending,,,pending,,,pending,,,
00000000_No Data_1414831,s3://osu-well-records-225989338968/pdfs/ExportedFolderContents_1/1923/04 - April/00000000_No Data_1414831.pdf,1,1923,04 - April,early,1920s,unknown,unknown,,Unclassified failure,pending,,,pending,,,,,pending,,,pending,,,pending,,,
00000000_No Data_516573,s3://osu-well-records-225989338968/pdfs/ExportedFolderContents_1/1923/04 - April/00000000_No Data_516573.pdf,1,1923,04 - April,early,1920s,unknown,unknown,,Unclassified failure,pending,,,pending,,,,,pending,,,pending,,,pending,,,
00000000_No Data_516574,s3://osu-well-records-225989338968/pdfs/ExportedFolderContents_1/1923/04 - April/00000000_No Data_516574.pdf,1,1923,04 - April,early,1920s,unknown,unknown,,Unclassified failure,pending,,,pending,,,,,pending,,,pending,,,pending,,,
00000000_No Data_589568,s3://osu-well-records-225989338968/pdfs/ExportedFolderContents_1/1923/04 - April/00000000_No Data_589568.pdf,1,1923,04 - April,early,1920s,unknown,unknown,,Unclassified failure,pending,,,pending,,,,,pending,,,pending,,,pending,,,
00000000_TIGER TOWNE 17_1364444,s3://osu-well-records-225989338968/pdfs/ExportedFolderContents_1/1923/04 - April/00000000_TIGER TOWNE 17_1364444.pdf,1,1923,04 - April,early,1920s,unknown,unknown,,Unclassified failure,pending,,,pending,,,,,pending,,,pending,,,pending,,,
00900173_WINDLE 1_678392,s3://osu-well-records-225989338968/pdfs/ExportedFolderContents_1/1923/04 - April/00900173_WINDLE 1_678392.pdf,1,1923,04 - April,early,1920s,unknown,unknown,,Unclassified failure,pending,,,pending,,,,,pending,,,pending,,,pending,,,
00900173_WINDLE 1_678393,s3://osu-well-records-225989338968/pdfs/ExportedFolderContents_1/1923/04 - April/00900173_WINDLE 1_678393.pdf,1,1923,04 - April,early,1920s,unknown,unknown,,Unclassified failure,pending,,,pending,,,,,pending,,,pending,,,pending,,,
01500034_WOOS SICK KERR 1_782290,s3://osu-well-records-225989338968/pdfs/ExportedFolderContents_1/1923/04 - April/01500034_WOOS SICK KERR 1_782290.pdf,1,1923,04 - April,early,1920s,unknown,unknown,,Unclassified failure,pending,,,pending,,,,,pending,,,pending,,,pending,,,
01500391_SCHOOL LAND 6_782259,s3://osu-well-records-225989338968/pdfs/ExportedFolderContents_1/1923/04 - April/01500391_SCHOOL LAND 6_782259.pdf,1,1923,04 - April,early,1920s,unknown,unknown,,Unclassified failure,pending,,,pending,,,,,pending,,,pending,,,pending,,,
01537244_WAGNER 6_782287,s3://osu-well-records-225989338968/pdfs/ExportedFolderContents_1/1923/04 - April/01537244_WAGNER 6_782287.pdf,1,1923,04 - April,early,1920s,unknown,unknown,,Unclassified failure,pending,,,pending,,,,,pending,,,pending,,,pending,,,
01900684_S BAPTISTE 1_516597,s3://osu-well-records-225989338968/pdfs/ExportedFolderContents_1/1923/04 - April/01900684_S BAPTISTE 1_516597.pdf,1,1923,04 - April,early,1920s,unknown,unknown,,Unclassified failure,pending,,,pending,,,,,pending,,,pending,,,pending,,,
01900788_SUGGS 1_516602,s3://osu-well-records-225989338968/pdfs/ExportedFolderContents_1/1923/04 - April/01900788_SUGGS 1_516602.pdf,1,1923,04 - April,early,1920s,unknown,unknown,,Unclassified failure,pending,,,pending,,,,,pending,,,pending,,,pending,,,
01909539_RINGLING 4_920646,s3://osu-well-records-225989338968/pdfs/ExportedFolderContents_1/1923/04 - April/01909539_RINGLING 4_920646.pdf,1,1923,04 - April,early,1920s,unknown,unknown,,Unclassified failure,pending,,,pending,,,,,pending,,,pending,,,pending,,,
01909553_WESLEY LESTER 2_920648,s3://osu-well-records-225989338968/pdfs/ExportedFolderContents_1/1923/04 - April/01909553_WESLEY LESTER 2_920648.pdf,1,1923,04 - April,early,1920s,unknown,unknown,,Unclassified failure,pending,,,pending,,,,,pending,,,pending,,,pending,,,
01909583_W L PIERCE 5_920644,s3://osu-well-records-225989338968/pdfs/ExportedFolderContents_1/1923/04 - April/01909583_W L PIERCE 5_920644.pdf,1,1923,04 - April,early,1920s,unknown,unknown,,Unclassified failure,pending,,,pending,,,,,pending,,,pending,,,pending,,,
01910668_WALKER VOORHEES 15_920582,s3://osu-well-records-225989338968/pdfs/ExportedFolderContents_1/1923/04 - April/01910668_WALKER VOORHEES 15_920582.pdf,1,1923,04 - April,early,1920s,unknown,unknown,,Unclassified failure,pending,,,pending,,,,,pending,,,pending,,,pending,,,
01910718_MARTIN 5_920680,s3://osu-well-records-225989338968/pdfs/ExportedFolderContents_1/1923/04 - April/01910718_MARTIN 5_920680.pdf,1,1923,04 - April,early,1920s,unknown,unknown,,Unclassified failure,pending,,,pending,,,,,pending,,,pending,,,pending,,,
01911307_J H DILLARD 10A 3_920600,s3://osu-well-records-225989338968/pdfs/ExportedFolderContents_1/1923/04 - April/01911307_J H DILLARD 10A 3_920600.pdf,1,1923,04 - April,early,1920s,unknown,unknown,,Unclassified failure,pending,,,pending,,,,,pending,,,pending,,,pending,,,
01911310_DILLARD 6_920636,s3://osu-well-records-225989338968/pdfs/ExportedFolderContents_1/1923/04 - April/01911310_DILLARD 6_920636.pdf,1,1923,04 - April,early,1920s,unknown,unknown,,Unclassified failure,pending,,,pending,,,,,pending,,,pending,,,pending,,,
01911323_EVERETT NOBLE 1_920599,s3://osu-well-records-225989338968/pdfs/ExportedFolderContents_1/1923/04 - April/01911323_EVERETT NOBLE 1_920599.pdf,1,1923,04 - April,early,1920s,unknown,unknown,,Unclassified failure,pending,,,pending,,,,,pending,,,pending,,,pending,,,
01911384_DILLARD 50_920647,s3://osu-well-records-225989338968/pdfs/ExportedFolderContents_1/1923/04 - April/01911384_DILLARD 50_920647.pdf,1,1923,04 - April,early,1920s,unknown,unknown,,Unclassified failure,pending,,,pending,,,,,pending,,,pending,,,pending,,,
01911388_DILLARD 56_920603,s3://osu-well-records-225989338968/pdfs/ExportedFolderContents_1/1923/04 - April/01911388_DILLARD 56_920603.pdf,1,1923,04 - April,early,1920s,unknown,unknown,,Unclassified failure,pending,,,pending,,,,,pending,,,pending,,,pending,,,
01911409_J H DILLARD 82_920643,s3://osu-well-records-225989338968/pdfs/ExportedFolderContents_1/1923/04 - April/01911409_J H DILLARD 82_920643.pdf,1,1923,04 - April,early,1920s,unknown,unknown,,Unclassified failure,pending,,,pending,,,,,pending,,,pending,,,pending,,,
01911531_BENNETT 3_920618,s3://osu-well-records-225989338968/pdfs/ExportedFolderContents_1/1923/04 - April/01911531_BENNETT 3_920618.pdf,1,1923,04 - April,early,1920s,unknown,unknown,,Unclassified failure,pending,,,pending,,,,,pending,,,pending,,,pending,,,
01911549_W.I. CRUCE 11-DD_920611,s3://osu-well-records-225989338968/pdfs/ExportedFolderContents_1/1923/04 - April/01911549_W.I. CRUCE 11-DD_920611.pdf,1,1923,04 - April,early,1920s,unknown,unknown,,Unclassified failure,pending,,,pending,,,,,pending,,,pending,,,pending,,,
01911688_E NOBLE 4_920604,s3://osu-well-records-225989338968/pdfs/ExportedFolderContents_1/1923/04 - April/01911688_E NOBLE 4_920604.pdf,1,1923,04 - April,early,1920s,unknown,unknown,,Unclassified failure,pending,,,pending,,,,,pending,,,pending,,,pending,,,
01911732_EVA NOBLE 11_920601,s3://osu-well-records-225989338968/pdfs/ExportedFolderContents_1/1923/04 - April/01911732_EVA NOBLE 11_920601.pdf,1,1923,04 - April,early,1920s,unknown,unknown,,Unclassified failure,pending,,,pending,,,,,pending,,,pending,,,pending,,,
01911880_DENNY B 8_920638,s3://osu-well-records-225989338968/pdfs/ExportedFolderContents_1/1923/04 - April/01911880_DENNY B 8_920638.pdf,1,1923,04 - April,early,1920s,unknown,unknown,,Unclassified failure,pending,,,pending,,,,,pending,,,pending,,,pending,,,
01912032_K W DAWSON 2DD_920649,s3://osu-well-records-225989338968/pdfs/ExportedFolderContents_1/1923/04 - April/01912032_K W DAWSON 2DD_920649.pdf,1,1923,04 - April,early,1920s,unknown,unknown,,Unclassified failure,pending,,,pending,,,,,pending,,,pending,,,pending,,,
01912113_HEALDTON II UNIT 14_920642,s3://osu-well-records-225989338968/pdfs/ExportedFolderContents_1/1923/04 - April/01912113_HEALDTON II UNIT 14_920642.pdf,1,1923,04 - April,early,1920s,unknown,unknown,,Unclassified failure,pending,,,pending,,,,,pending,,,pending,,,pending,,,
01913023_E NOBLE 1_920670,s3://osu-well-records-225989338968/pdfs/ExportedFolderContents_1/1923/04 - April/01913023_E NOBLE 1_920670.pdf,1,1923,04 - April,early,1920s,unknown,unknown,,Unclassified failure,pending,,,pending,,,,,pending,,,pending,,,pending,,,
01913596_HARMON 5_920588,s3://osu-well-records-225989338968/pdfs/ExportedFolderContents_1/1923/04 - April/01913596_HARMON 5_920588.pdf,1,1923,04 - April,early,1920s,unknown,unknown,,Unclassified failure,pending,,,pending,,,,,pending,,,pending,,,pending,,,
01913602_MORRIS & LESTER 5_920650,s3://osu-well-records-225989338968/pdfs/ExportedFolderContents_1/1923/04 - April/01913602_MORRIS & LESTER 5_920650.pdf,1,1923,04 - April,early,1920s,unknown,unknown,,Unclassified failure,pending,,,pending,,,,,pending,,,pending,,,pending,,,
01913602_MORRIS LESTER 1_920653,s3://osu-well-records-225989338968/pdfs/ExportedFolderContents_1/1923/04 - April/01913602_MORRIS LESTER 1_920653.pdf,1,1923,04 - April,early,1920s,unknown,unknown,,Unclassified failure,pending,,,pending,,,,,pending,,,pending,,,pending,,,
01913674_HICKS-PALMER 4_920632,s3://osu-well-records-225989338968/pdfs/ExportedFolderContents_1/1923/04 - April/01913674_HICKS-PALMER 4_920632.pdf,1,1923,04 - April,early,1920s,unknown,unknown,,Unclassified failure,pending,,,pending,,,,,pending,,,pending,,,pending,,,
01913787_APPLE FRANKLIN 7_920602,s3://osu-well-records-225989338968/pdfs/ExportedFolderContents_1/1923/04 - April/01913787_APPLE FRANKLIN 7_920602.pdf,1,1923,04 - April,early,1920s,unknown,unknown,,Unclassified failure,pending,,,pending,,,,,pending,,,pending,,,pending,,,
01914142_JACKSON 7_920592,s3://osu-well-records-225989338968/pdfs/ExportedFolderContents_1/1923/04 - April/01914142_JACKSON 7_920592.pdf,1,1923,04 - April,early,1920s,unknown,unknown,,Unclassified failure,pending,,,pending,,,,,pending,,,pending,,,pending,,,
01976013_DUNLAP 1_920614,s3://osu-well-records-225989338968/pdfs/ExportedFolderContents_1/1923/04 - April/01976013_DUNLAP 1_920614.pdf,1,1923,04 - April,early,1920s,unknown,unknown,,Unclassified failure,pending,,,pending,,,,,pending,,,pending,,,pending,,,
03700608_EVA DOYLE 1_1053963,s3://osu-well-records-225989338968/pdfs/ExportedFolderContents_1/1923/04 - April/03700608_EVA DOYLE 1_1053963.pdf,1,1923,04 - April,early,1920s,unknown,unknown,,Unclassified failure,pending,,,pending,,,,,pending,,,pending,,,pending,,,
03701122_FEWELL 7_1054285,s3://osu-well-records-225989338968/pdfs/ExportedFolderContents_1/1923/04 - April/03701122_FEWELL 7_1054285.pdf,1,1923,04 - April,early,1920s,unknown,unknown,,Unclassified failure,pending,,,pending,,,,,pending,,,pending,,,pending,,,
03702227_ESTHER RENTIE 5_1054178,s3://osu-well-records-225989338968/pdfs/ExportedFolderContents_1/1923/04 - April/03702227_ESTHER RENTIE 5_1054178.pdf,1,1923,04 - April,early,1920s,unknown,unknown,,Unclassified failure,pending,,,pending,,,,,pending,,,pending,,,pending,,,
03702386_MCNACK 1_1054258,s3://osu-well-records-225989338968/pdfs/ExportedFolderContents_1/1923/04 - April/03702386_MCNACK 1_1054258.pdf,1,1923,04 - April,early,1920s,unknown,unknown,,Unclassified failure,pending,,,pending,,,,,pending,,,pending,,,pending,,,
03702408_ALBERT HARRY 1_1054237,s3://osu-well-records-225989338968/pdfs/ExportedFolderContents_1/1923/04 - April/03702408_ALBERT HARRY 1_1054237.pdf,1,1923,04 - April,early,1920s,unknown,unknown,,Unclassified failure,pending,,,pending,,,,,pending,,,pending,,,pending,,,
03702432_HARRISON 1_1054072,s3://osu-well-records-225989338968/pdfs/ExportedFolderContents_1/1923/04 - April/03702432_HARRISON 1_1054072.pdf,1,1923,04 - April,early,1920s,unknown,unknown,,Unclassified failure,pending,,,pending,,,,,pending,,,pending,,,pending,,,
03702436_HARPLEY JOHNSON 2_1054239,s3://osu-well-records-225989338968/pdfs/ExportedFolderContents_1/1923/04 - April/03702436_HARPLEY JOHNSON 2_1054239.pdf,1,1923,04 - April,early,1920s,unknown,unknown,,Unclassified failure,pending,,,pending,,,,,pending,,,pending,,,pending,,,
03702767_TAYLOR BEAR 8_1054079,s3://osu-well-records-225989338968/pdfs/ExportedFolderContents_1/1923/04 - April/03702767_TAYLOR BEAR 8_1054079.pdf,1,1923,04 - April,early,1920s,unknown,unknown,,Unclassified failure,pending,,,pending,,,,,pending,,,pending,,,pending,,,
03703122_YOUMAN JOHNSON 2_1054157,s3://osu-well-records-225989338968/pdfs/ExportedFolderContents_1/1923/04 - April/03703122_YOUMAN JOHNSON 2_1054157.pdf,1,1923,04 - April,early,1920s,unknown,unknown,,Unclassified failure,pending,,,pending,,,,,pending,,,pending,,,pending,,,
03703541_HAREM 2_1054257,s3://osu-well-records-225989338968/pdfs/ExportedFolderContents_1/1923/04 - April/03703541_HAREM 2_1054257.pdf,1,1923,04 - April,early,1920s,unknown,unknown,,Unclassified failure,pending,,,pending,,,,,pending,,,pending,,,pending,,,
03703557_MUNNIE BEAR 4_1054108,s3://osu-well-records-225989338968/pdfs/ExportedFolderContents_1/1923/04 - April/03703557_MUNNIE BEAR 4_1054108.pdf,1,1923,04 - April,early,1920s,unknown,unknown,,Unclassified failure,pending,,,pending,,,,,pending,,,pending,,,pending,,,
03703775_ROBERSON 3_1053940,s3://osu-well-records-225989338968/pdfs/ExportedFolderContents_1/1923/04 - April/03703775_ROBERSON 3_1053940.pdf,1,1923,04 - April,early,1920s,unknown,unknown,,Unclassified failure,pending,,,pending,,,,,pending,,,pending,,,pending,,,
03703777_ROBERSON 2_1053943,s3://osu-well-records-225989338968/pdfs/ExportedFolderContents_1/1923/04 - April/03703777_ROBERSON 2_1053943.pdf,1,1923,04 - April,early,1920s,unknown,unknown,,Unclassified failure,pending,,,pending,,,,,pending,,,pending,,,pending,,,
03703884_OGLESBY 1_1054008,s3://osu-well-records-225989338968/pdfs/ExportedFolderContents_1/1923/04 - April/03703884_OGLESBY 1_1054008.pdf,1,1923,04 - April,early,1920s,unknown,unknown,,Unclassified failure,pending,,,pending,,,,,pending,,,pending,,,pending,,,
03703884_OGLESBY 1_1054013,s3://osu-well-records-225989338968/pdfs/ExportedFolderContents_1/1923/04 - April/03703884_OGLESBY 1_1054013.pdf,1,1923,04 - April,early,1920s,unknown,unknown,,Unclassified failure,pending,,,pending,,,,,pending,,,pending,,,pending,,,
03704168_P TIGER 1_1054388,s3://osu-well-records-225989338968/pdfs/ExportedFolderContents_1/1923/04 - April/03704168_P TIGER 1_1054388.pdf,1,1923,04 - April,early,1920s,unknown,unknown,,Unclassified failure,pending,,,pending,,,,,pending,,,pending,,,pending,,,
03704822_NORA ROBINS 8 (SUDS WEST 2008)_1053970,s3://osu-well-records-225989338968/pdfs/ExportedFolderContents_1/1923/04 - April/03704822_NORA ROBINS 8 (SUDS WEST 2008)_1053970.pdf,1,1923,04 - April,early,1920s,unknown,unknown,,Unclassified failure,pending,,,pending,,,,,pending,,,pending,,,pending,,,
03706768_DAVIS & YOUNGER 1_1054318,s3://osu-well-records-225989338968/pdfs/ExportedFolderContents_1/1923/04 - April/03706768_DAVIS & YOUNGER 1_1054318.pdf,1,1923,04 - April,early,1920s,unknown,unknown,,Unclassified failure,pending,,,pending,,,,,pending,,,pending,,,pending,,,
03706811_IRENE ROBERTS 6_1054339,s3://osu-well-records-225989338968/pdfs/ExportedFolderContents_1/1923/04 - April/03706811_IRENE ROBERTS 6_1054339.pdf,1,1923,04 - April,early,1920s,unknown,unknown,,Unclassified failure,pending,,,pending,,,,,pending,,,pending,,,pending,,,
03706885_A W RALSTON 1_1053999,s3://osu-well-records-225989338968/pdfs/ExportedFolderContents_1/1923/04 - April/03706885_A W RALSTON 1_1053999.pdf,1,1923,04 - April,early,1920s,unknown,unknown,,Unclassified failure,pending,,,pending,,,,,pending,,,pending,,,pending,,,
03707053_NIPP 1-A_1054122,s3://osu-well-records-225989338968/pdfs/ExportedFolderContents_1/1923/04 - April/03707053_NIPP 1-A_1054122.pdf,1,1923,04 - April,early,1920s,unknown,unknown,,Unclassified failure,pending,,,pending,,,,,pending,,,pending,,,pending,,,
03707058_CORA TUCKER 1_1054026,s3://osu-well-records-225989338968/pdfs/ExportedFolderContents_1/1923/04 - April/03707058_CORA TUCKER 1_1054026.pdf,1,1923,04 - April,early,1920s,unknown,unknown,,Unclassified failure,pending,,,pending,,,,,pending,,,pending,,,pending,,,
03707064_L STUBBLEFIELD 1_1054159,s3://osu-well-records-225989338968/pdfs/ExportedFolderContents_1/1923/04 - April/03707064_L STUBBLEFIELD 1_1054159.pdf,1,1923,04 - April,early,1920s,unknown,unknown,,Unclassified failure,pending,,,pending,,,,,pending,,,pending,,,pending,,,
03707074_ALICE JACOBS 3_1054097,s3://osu-well-records-225989338968/pdfs/ExportedFolderContents_1/1923/04 - April/03707074_ALICE JACOBS 3_1054097.pdf,1,1923,04 - April,early,1920s,unknown,unknown,,Unclassified failure,pending,,,pending,,,,,pending,,,pending,,,pending,,,
03707104_B DURANT 7_1054015,s3://osu-well-records-225989338968/pdfs/ExportedFolderContents_1/1923/04 - April/03707104_B DURANT 7_1054015.pdf,1,1923,04 - April,early,1920s,unknown,unknown,,Unclassified failure,pending,,,pending,,,,,pending,,,pending,,,pending,,,
03707194_L DEERE 6_1054125,s3://osu-well-records-225989338968/pdfs/ExportedFolderContents_1/1923/04 - April/03707194_L DEERE 6_1054125.pdf,1,1923,04 - April,early,1920s,unknown,unknown,,Unclassified failure,pending,,,pending,,,,,pending,,,pending,,,pending,,,
03707346_ROBERT SOLDIER 1_1054000,s3://osu-well-records-225989338968/pdfs/ExportedFolderContents_1/1923/04 - April/03707346_ROBERT SOLDIER 1_1054000.pdf,1,1923,04 - April,early,1920s,unknown,unknown,,Unclassified failure,pending,,,pending,,,,,pending,,,pending,,,pending,,,
07104299_ENDICOTT 9-A_1539411,s3://osu-well-records-225989338968/pdfs/ExportedFolderContents_1/1923/04 - April/07104299_ENDICOTT 9-A_1539411.pdf,1,1923,04 - April,early,1920s,unknown,unknown,,Unclassified failure,pending,,,pending,,,,,pending,,,pending,,,pending,,,
07104309_KOFFENBRINK 1_1539325,s3://osu-well-records-225989338968/pdfs/ExportedFolderContents_1/1923/04 - April/07104309_KOFFENBRINK 1_1539325.pdf,1,1923,04 - April,early,1920s,unknown,unknown,,Unclassified failure,pending,,,pending,,,,,pending,,,pending,,,pending,,,
07104310_KOFFENBRINK 1 1_2_1539324,s3://osu-well-records-225989338968/pdfs/ExportedFolderContents_1/1923/04 - April/07104310_KOFFENBRINK 1 1_2_1539324.pdf,1,1923,04 - April,early,1920s,unknown,unknown,,Unclassified failure,pending,,,pending,,,,,pending,,,pending,,,pending,,,
07104312_KOFFENBRINK 3_1539407,s3://osu-well-records-225989338968/pdfs/ExportedFolderContents_1/1923/04 - April/07104312_KOFFENBRINK 3_1539407.pdf,1,1923,04 - April,early,1920s,unknown,unknown,,Unclassified failure,pending,,,pending,,,,,pending,,,pending,,,pending,,,
07104419_BUTCHER 1_1539318,s3://osu-well-records-225989338968/pdfs/ExportedFolderContents_1/1923/04 - April/07104419_BUTCHER 1_1539318.pdf,1,1923,04 - April,early,1920s,unknown,unknown,,Unclassified failure,pending,,,pending,,,,,pending,,,pending,,,pending,,,
07500534_PATTERSON 1_678396,s3://osu-well-records-225989338968/pdfs/ExportedFolderContents_1/1923/04 - April/07500534_PATTERSON 1_678396.pdf,1,1923,04 - April,early,1920s,unknown,unknown,,Unclassified failure,pending,,,pending,,,,,pending,,,pending,,,pending,,,
07900212_HOLTON 31_1017387,s3://osu-well-records-225989338968/pdfs/ExportedFolderContents_1/1923/04 - April/07900212_HOLTON 31_1017387.pdf,1,1923,04 - April,early,1920s,unknown,unknown,,Unclassified failure,pending,,,pending,,,,,pending,,,pending,,,pending,,,
08700248_WANTLAND 1_5724665,s3://osu-well-records-225989338968/pdfs/ExportedFolderContents_1/1923/04 - April/08700248_WANTLAND 1_5724665.pdf,1,1923,04 - April,early,1920s,unknown,unknown,,Unclassified failure,pending,,,pending,,,,,pending,,,pending,,,pending,,,
08700248_WANTLAND 1_782276,s3://osu-well-records-225989338968/pdfs/ExportedFolderContents_1/1923/04 - April/08700248_WANTLAND 1_782276.pdf,1,1923,04 - April,early,1920s,unknown,unknown,,Unclassified failure,pending,,,pending,,,,,pending,,,pending,,,pending,,,
09100910_LACKEY 2_1364448,s3://osu-well-records-225989338968/pdfs/ExportedFolderContents_1/1923/04 - April/09100910_LACKEY 2_1364448.pdf,1,1923,04 - April,early,1920s,unknown,unknown,,Unclassified failure,pending,,,pending,,,,,pending,,,pending,,,pending,,,
09501183_No Data_516605,s3://osu-well-records-225989338968/pdfs/ExportedFolderContents_1/1923/04 - April/09501183_No Data_516605.pdf,1,1923,04 - April,early,1920s,unknown,unknown,,Unclassified failure,pending,,,pending,,,,,pending,,,pending,,,pending,,,
09501183_No Data_516607,s3://osu-well-records-225989338968/pdfs/ExportedFolderContents_1/1923/04 - April/09501183_No Data_516607.pdf,1,1923,04 - April,early,1920s,unknown,unknown,,Unclassified failure,pending,,,pending,,,,,pending,,,pending,,,pending,,,
10100668_STANDFIELD 1_1364447,s3://osu-well-records-225989338968/pdfs/ExportedFolderContents_1/1923/04 - April/10100668_STANDFIELD 1_1364447.pdf,1,1923,04 - April,early,1920s,unknown,unknown,,Unclassified failure,pending,,,pending,,,,,pending,,,pending,,,pending,,,
10101716_J L COMPTON 7_1364425,s3://osu-well-records-225989338968/pdfs/ExportedFolderContents_1/1923/04 - April/10101716_J L COMPTON 7_1364425.pdf,1,1923,04 - April,early,1920s,unknown,unknown,,Unclassified failure,pending,,,pending,,,,,pending,,,pending,,,pending,,,
10104007_SIMON MORRISON 13_1364436,s3://osu-well-records-225989338968/pdfs/ExportedFolderContents_1/1923/04 - April/10104007_SIMON MORRISON 13_1364436.pdf,1,1923,04 - April,early,1920s,unknown,unknown,,Unclassified failure,pending,,,pending,,,,,pending,,,pending,,,pending,,,
10302778_MCCAUGHTRY 2_1539343,s3://osu-well-records-225989338968/pdfs/ExportedFolderContents_1/1923/04 - April/10302778_MCCAUGHTRY 2_1539343.pdf,1,1923,04 - April,early,1920s,unknown,unknown,,Unclassified failure,pending,,,pending,,,,,pending,,,pending,,,pending,,,
10302918_BLUBAUGH 1B_1539364,s3://osu-well-records-225989338968/pdfs/ExportedFolderContents_1/1923/04 - April/10302918_BLUBAUGH 1B_1539364.pdf,1,1923,04 - April,early,1920s,unknown,unknown,,Unclassified failure,pending,,,pending,,,,,pending,,,pending,,,pending,,,
10302976_S GAUME 1-A_1539355,s3://osu-well-records-225989338968/pdfs/ExportedFolderContents_1/1923/04 - April/10302976_S GAUME 1-A_1539355.pdf,1,1923,04 - April,early,1920s,unknown,unknown,,Unclassified failure,pending,,,pending,,,,,pending,,,pending,,,pending,,,
10303011_LEE SHAWVER 8_1539326,s3://osu-well-records-225989338968/pdfs/ExportedFolderContents_1/1923/04 - April/10303011_LEE SHAWVER 8_1539326.pdf,1,1923,04 - April,early,1920s,unknown,unknown,,Unclassified failure,pending,,,pending,,,,,pending,,,pending,,,pending,,,
10303011_LEE SHAWVER 8_50900772,s3://osu-well-records-225989338968/pdfs/ExportedFolderContents_1/1923/04 - April/10303011_LEE SHAWVER 8_50900772.pdf,1,1923,04 - April,early,1920s,unknown,unknown,,Unclassified failure,pending,,,pending,,,,,pending,,,pending,,,pending,,,
10303018_LEE SHAWVER 15_1539356,s3://osu-well-records-225989338968/pdfs/ExportedFolderContents_1/1923/04 - April/10303018_LEE SHAWVER 15_1539356.pdf,1,1923,04 - April,early,1920s,unknown,unknown,,Unclassified failure,pending,,,pending,,,,,pending,,,pending,,,pending,,,
10303018_LEE SHAWVER 15_50900777,s3://osu-well-records-225989338968/pdfs/ExportedFolderContents_1/1923/04 - April/10303018_LEE SHAWVER 15_50900777.pdf,1,1923,04 - April,early,1920s,unknown,unknown,,Unclassified failure,pending,,,pending,,,,,pending,,,pending,,,pending,,,
10303019_LEE SHAWVER 16_1539335,s3://osu-well-records-225989338968/pdfs/ExportedFolderContents_1/1923/04 - April/10303019_LEE SHAWVER 16_1539335.pdf,1,1923,04 - April,early,1920s,unknown,unknown,,Unclassified failure,pending,,,pending,,,,,pending,,,pending,,,pending,,,
10303020_LEE SHAWVER 17_1539344,s3://osu-well-records-225989338968/pdfs/ExportedFolderContents_1/1923/04 - April/10303020_LEE SHAWVER 17_1539344.pdf,1,1923,04 - April,early,1920s,unknown,unknown,,Unclassified failure,pending,,,pending,,,,,pending,,,pending,,,pending,,,
10303021_LEE SHAWVER 18_1539397,s3://osu-well-records-225989338968/pdfs/ExportedFolderContents_1/1923/04 - April/10303021_LEE SHAWVER 18_1539397.pdf,1,1923,04 - April,early,1920s,unknown,unknown,,Unclassified failure,pending,,,pending,,,,,pending,,,pending,,,pending,,,
10303021_LEE SHAWVER 18_50900781,s3://osu-well-records-225989338968/pdfs/ExportedFolderContents_1/1923/04 - April/10303021_LEE SHAWVER 18_50900781.pdf,1,1923,04 - April,early,1920s,unknown,unknown,,Unclassified failure,pending,,,pending,,,,,pending,,,pending,,,pending,,,
10303024_LEE SHAWVER 21_1539368,s3://osu-well-records-225989338968/pdfs/ExportedFolderContents_1/1923/04 - April/10303024_LEE SHAWVER 21_1539368.pdf,1,1923,04 - April,early,1920s,unknown,unknown,,Unclassified failure,pending,,,pending,,,,,pending,,,pending,,,pending,,,
10303024_LEE SHAWVER 21_50900800,s3://osu-well-records-225989338968/pdfs/ExportedFolderContents_1/1923/04 - April/10303024_LEE SHAWVER 21_50900800.pdf,1,1923,04 - April,early,1920s,unknown,unknown,,Unclassified failure,pending,,,pending,,,,,pending,,,pending,,,pending,,,
10303025_LEE SHAWVER 22_1539380,s3://osu-well-records-225989338968/pdfs/ExportedFolderContents_1/1923/04 - April/10303025_LEE SHAWVER 22_1539380.pdf,1,1923,04 - April,early,1920s,unknown,unknown,,Unclassified failure,pending,,,pending,,,,,pending,,,pending,,,pending,,,
10303025_LEE SHAWVER 22_50895824,s3://osu-well-records-225989338968/pdfs/ExportedFolderContents_1/1923/04 - April/10303025_LEE SHAWVER 22_50895824.pdf,1,1923,04 - April,early,1920s,unknown,unknown,,Unclassified failure,pending,,,pending,,,,,pending,,,pending,,,pending,,,
10303027_LEE SHAWVER 24_1539365,s3://osu-well-records-225989338968/pdfs/ExportedFolderContents_1/1923/04 - April/10303027_LEE SHAWVER 24_1539365.pdf,1,1923,04 - April,early,1920s,unknown,unknown,,Unclassified failure,pending,,,pending,,,,,pending,,,pending,,,pending,,,
10303027_LEE SHAWVER 24_50900757,s3://osu-well-records-225989338968/pdfs/ExportedFolderContents_1/1923/04 - April/10303027_LEE SHAWVER 24_50900757.pdf,1,1923,04 - April,early,1920s,unknown,unknown,,Unclassified failure,pending,,,pending,,,,,pending,,,pending,,,pending,,,
10303032_LEE SHAWVER 29_1539384,s3://osu-well-records-225989338968/pdfs/ExportedFolderContents_1/1923/04 - April/10303032_LEE SHAWVER 29_1539384.pdf,1,1923,04 - April,early,1920s,unknown,unknown,,Unclassified failure,pending,,,pending,,,,,pending,,,pending,,,pending,,,
10303032_LEE SHAWVER 29_50900779,s3://osu-well-records-225989338968/pdfs/ExportedFolderContents_1/1923/04 - April/10303032_LEE SHAWVER 29_50900779.pdf,1,1923,04 - April,early,1920s,unknown,unknown,,Unclassified failure,pending,,,pending,,,,,pending,,,pending,,,pending,,,
10303048_LEE SHAWVER 45_1539342,s3://osu-well-records-225989338968/pdfs/ExportedFolderContents_1/1923/04 - April/10303048_LEE SHAWVER 45_1539342.pdf,1,1923,04 - April,early,1920s,unknown,unknown,,Unclassified failure,pending,,,pending,,,,,pending,,,pending,,,pending,,,
10303111_RUZEK 7-A_1539357,s3://osu-well-records-225989338968/pdfs/ExportedFolderContents_1/1923/04 - April/10303111_RUZEK 7-A_1539357.pdf,1,1923,04 - April,early,1920s,unknown,unknown,,Unclassified failure,pending,,,pending,,,,,pending,,,pending,,,pending,,,
10303111_RUZEK 7-A_50980064,s3://osu-well-records-225989338968/pdfs/ExportedFolderContents_1/1923/04 - April/10303111_RUZEK 7-A_50980064.pdf,1,1923,04 - April,early,1920s,unknown,unknown,,Unclassified failure,pending,,,pending,,,,,pending,,,pending,,,pending,,,
10303147_CARMICHAEL 10-A_1539370,s3://osu-well-records-225989338968/pdfs/ExportedFolderContents_1/1923/04 - April/10303147_CARMICHAEL 10-A_1539370.pdf,1,1923,04 - April,early,1920s,unknown,unknown,,Unclassified failure,pending,,,pending,,,,,pending,,,pending,,,pending,,,
10303190_P RUZEK 3-B_1539329,s3://osu-well-records-225989338968/pdfs/ExportedFolderContents_1/1923/04 - April/10303190_P RUZEK 3-B_1539329.pdf,1,1923,04 - April,early,1920s,unknown,unknown,,Unclassified failure,pending,,,pending,,,,,pending,,,pending,,,pending,,,
10303192_P RUZEK 4_1539388,s3://osu-well-records-225989338968/pdfs/ExportedFolderContents_1/1923/04 - April/10303192_P RUZEK 4_1539388.pdf,1,1923,04 - April,early,1920s,unknown,unknown,,Unclassified failure,pending,,,pending,,,,,pending,,,pending,,,pending,,,
10303194_P RUZEK 5_1539348,s3://osu-well-records-225989338968/pdfs/ExportedFolderContents_1/1923/04 - April/10303194_P RUZEK 5_1539348.pdf,1,1923,04 - April,early,1920s,unknown,unknown,,Unclassified failure,pending,,,pending,,,,,pending,,,pending,,,pending,,,
10303195_P RUZEK 5-A_1539396,s3://osu-well-records-225989338968/pdfs/ExportedFolderContents_1/1923/04 - April/10303195_P RUZEK 5-A_1539396.pdf,1,1923,04 - April,early,1920s,unknown,unknown,,Unclassified failure,pending,,,pending,,,,,pending,,,pending,,,pending,,,
10303205_RUZEK 10_50980059,s3://osu-well-records-225989338968/pdfs/ExportedFolderContents_1/1923/04 - April/10303205_RUZEK 10_50980059.pdf,1,1923,04 - April,early,1920s,unknown,unknown,,Unclassified failure,pending,,,pending,,,,,pending,,,pending,,,pending,,,
10303248_JOSEPH A NOVOTNY B 2_1539350,s3://osu-well-records-225989338968/pdfs/ExportedFolderContents_1/1923/04 - April/10303248_JOSEPH A NOVOTNY B 2_1539350.pdf,1,1923,04 - April,early,1920s,unknown,unknown,,Unclassified failure,pending,,,pending,,,,,pending,,,pending,,,pending,,,
10303266_D.E. EVANS 9_1539345,s3://osu-well-records-225989338968/pdfs/ExportedFolderContents_1/1923/04 - April/10303266_D.E. EVANS 9_1539345.pdf,1,1923,04 - April,early,1920s,unknown,unknown,,Unclassified failure,pending,,,pending,,,,,pending,,,pending,,,pending,,,
10303267_D.E. EVANS 10_1539336,s3://osu-well-records-225989338968/pdfs/ExportedFolderContents_1/1923/04 - April/10303267_D.E. EVANS 10_1539336.pdf,1,1923,04 - April,early,1920s,unknown,unknown,,Unclassified failure,pending,,,pending,,,,,pending,,,pending,,,pending,,,
10303268_D.E. EVANS 11_1539402,s3://osu-well-records-225989338968/pdfs/ExportedFolderContents_1/1923/04 - April/10303268_D.E. EVANS 11_1539402.pdf,1,1923,04 - April,early,1920s,unknown,unknown,,Unclassified failure,pending,,,pending,,,,,pending,,,pending,,,pending,,,
10303384_SCHOOL LAND 13 1_1539382,s3://osu-well-records-225989338968/pdfs/ExportedFolderContents_1/1923/04 - April/10303384_SCHOOL LAND 13 1_1539382.pdf,1,1923,04 - April,early,1920s,unknown,unknown,,Unclassified failure,pending,,,pending,,,,,pending,,,pending,,,pending,,,
10501815_S NEWCOMB 8_1618340,s3://osu-well-records-225989338968/pdfs/ExportedFolderContents_1/1923/04 - April/10501815_S NEWCOMB 8_1618340.pdf,1,1923,04 - April,early,1920s,unknown,unknown,,Unclassified failure,pending,,,pending,,,,,pending,,,pending,,,pending,,,
10502640_L L YOUNG 4_1618320,s3://osu-well-records-225989338968/pdfs/ExportedFolderContents_1/1923/04 - April/10502640_L L YOUNG 4_1618320.pdf,1,1923,04 - April,early,1920s,unknown,unknown,,Unclassified failure,pending,,,pending,,,,,pending,,,pending,,,pending,,,
10503967_BELLE DICK 1_1414805,s3://osu-well-records-225989338968/pdfs/ExportedFolderContents_1/1923/04 - April/10503967_BELLE DICK 1_1414805.pdf,1,1923,04 - April,early,1920s,unknown,unknown,,Unclassified failure,pending,,,pending,,,,,pending,,,pending,,,pending,,,
10504459_KATY LOWTHERS MCCAY 4_1414719,s3://osu-well-records-225989338968/pdfs/ExportedFolderContents_1/1923/04 - April/10504459_KATY LOWTHERS MCCAY 4_1414719.pdf,1,1923,04 - April,early,1920s,unknown,unknown,,Unclassified failure,pending,,,pending,,,,,pending,,,pending,,,pending,,,
10505355_J KREIDER 5_1618316,s3://osu-well-records-225989338968/pdfs/ExportedFolderContents_1/1923/04 - April/10505355_J KREIDER 5_1618316.pdf,1,1923,04 - April,early,1920s,unknown,unknown,,Unclassified failure,pending,,,pending,,,,,pending,,,pending,,,pending,,,
10700943_GEORGE HARVISON 1_1054101,s3://osu-well-records-225989338968/pdfs/ExportedFolderContents_1/1923/04 - April/10700943_GEORGE HARVISON 1_1054101.pdf,1,1923,04 - April,early,1920s,unknown,unknown,,Unclassified failure,pending,,,pending,,,,,pending,,,pending,,,pending,,,
10701896_E WHITLOW 1_1054251,s3://osu-well-records-225989338968/pdfs/ExportedFolderContents_1/1923/04 - April/10701896_E WHITLOW 1_1054251.pdf,1,1923,04 - April,early,1920s,unknown,unknown,,Unclassified failure,pending,,,pending,,,,,pending,,,pending,,,pending,,,
10701896_E WHITLOW 1_589579,s3://osu-well-records-225989338968/pdfs/ExportedFolderContents_1/1923/04 - April/10701896_E WHITLOW 1_589579.pdf,1,1923,04 - April,early,1920s,unknown,unknown,,Unclassified failure,pending,,,pending,,,,,pending,,,pending,,,pending,,,
10703082_BARNES 1_1054387,s3://osu-well-records-225989338968/pdfs/ExportedFolderContents_1/1923/04 - April/10703082_BARNES 1_1054387.pdf,1,1923,04 - April,early,1920s,unknown,unknown,,Unclassified failure,pending,,,pending,,,,,pending,,,pending,,,pending,,,
10704113_UNAH DANIEL 1_1054261,s3://osu-well-records-225989338968/pdfs/ExportedFolderContents_1/1923/04 - April/10704113_UNAH DANIEL 1_1054261.pdf,1,1923,04 - April,early,1920s,unknown,unknown,,Unclassified failure,pending,,,pending,,,,,pending,,,pending,,,pending,,,
10704121_DANIEL 4_1054176,s3://osu-well-records-225989338968/pdfs/ExportedFolderContents_1/1923/04 - April/10704121_DANIEL 4_1054176.pdf,1,1923,04 - April,early,1920s,unknown,unknown,,Unclassified failure,pending,,,pending,,,,,pending,,,pending,,,pending,,,
10705336_LAURA BROOKS 3_589574,s3://osu-well-records-225989338968/pdfs/ExportedFolderContents_1/1923/04 - April/10705336_LAURA BROOKS 3_589574.pdf,1,1923,04 - April,early,1920s,unknown,unknown,,Unclassified failure,pending,,,pending,,,,,pending,,,pending,,,pending,,,
10776006_ARNETT 3_1053978,s3://osu-well-records-225989338968/pdfs/ExportedFolderContents_1/1923/04 - April/10776006_ARNETT 3_1053978.pdf,1,1923,04 - April,early,1920s,unknown,unknown,,Unclassified failure,pending,,,pending,,,,,pending,,,pending,,,pending,,,
11100169_THOMPSON 1_1054132,s3://osu-well-records-225989338968/pdfs/ExportedFolderContents_1/1923/04 - April/11100169_THOMPSON 1_1054132.pdf,1,1923,04 - April,early,1920s,unknown,unknown,,Unclassified failure,pending,,,pending,,,,,pending,,,pending,,,pending,,,
11100169_THOMPSON 1_516581,s3://osu-well-records-225989338968/pdfs/ExportedFolderContents_1/1923/04 - April/11100169_THOMPSON 1_516581.pdf,1,1923,04 - April,early,1920s,unknown,unknown,,Unclassified failure,pending,,,pending,,,,,pending,,,pending,,,pending,,,
11100299_Proctor 1_1053995,s3://osu-well-records-225989338968/pdfs/ExportedFolderContents_1/1923/04 - April/11100299_Proctor 1_1053995.pdf,1,1923,04 - April,early,1920s,unknown,unknown,,Unclassified failure,pending,,,pending,,,,,pending,,,pending,,,pending,,,
11100299_Proctor 1_1054011,s3://osu-well-records-225989338968/pdfs/ExportedFolderContents_1/1923/04 - April/11100299_Proctor 1_1054011.pdf,1,1923,04 - April,early,1920s,unknown,unknown,,Unclassified failure,pending,,,pending,,,,,pending,,,pending,,,pending,,,
11100866_J L SNOW 1_1053966,s3://osu-well-records-225989338968/pdfs/ExportedFolderContents_1/1923/04 - April/11100866_J L SNOW 1_1053966.pdf,1,1923,04 - April,early,1920s,unknown,unknown,,Unclassified failure,pending,,,pending,,,,,pending,,,pending,,,pending,,,
11102663_HENRY SCHACHT 13_1054362,s3://osu-well-records-225989338968/pdfs/ExportedFolderContents_1/1923/04 - April/11102663_HENRY SCHACHT 13_1054362.pdf,1,1923,04 - April,early,1920s,unknown,unknown,,Unclassified failure,pending,,,pending,,,,,pending,,,pending,,,pending,,,
11102679_SCHACHT 5_1054065,s3://osu-well-records-225989338968/pdfs/ExportedFolderContents_1/1923/04 - April/11102679_SCHACHT 5_1054065.pdf,1,1923,04 - April,early,1920s,unknown,unknown,,Unclassified failure,pending,,,pending,,,,,pending,,,pending,,,pending,,,
11103345_MATTIE MARSHALL 1_516616,s3://osu-well-records-225989338968/pdfs/ExportedFolderContents_1/1923/04 - April/11103345_MATTIE MARSHALL 1_516616.pdf,1,1923,04 - April,early,1920s,unknown,unknown,,Unclassified failure,pending,,,pending,,,,,pending,,,pending,,,pending,,,
11103354_HARRIS 1_516591,s3://osu-well-records-225989338968/pdfs/ExportedFolderContents_1/1923/04 - April/11103354_HARRIS 1_516591.pdf,1,1923,04 - April,early,1920s,unknown,unknown,,Unclassified failure,pending,,,pending,,,,,pending,,,pending,,,pending,,,
11103769_GREER 5_1364453,s3://osu-well-records-225989338968/pdfs/ExportedFolderContents_1/1923/04 - April/11103769_GREER 5_1364453.pdf,1,1923,04 - April,early,1920s,unknown,unknown,,Unclassified failure,pending,,,pending,,,,,pending,,,pending,,,pending,,,
11104290_Adams 3_1054183,s3://osu-well-records-225989338968/pdfs/ExportedFolderContents_1/1923/04 - April/11104290_Adams 3_1054183.pdf,1,1923,04 - April,early,1920s,unknown,unknown,,Unclassified failure,pending,,,pending,,,,,pending,,,pending,,,pending,,,
11104313_JAMES R ADAMS 11_1054333,s3://osu-well-records-225989338968/pdfs/ExportedFolderContents_1/1923/04 - April/11104313_JAMES R ADAMS 11_1054333.pdf,1,1923,04 - April,early,1920s,unknown,unknown,,Unclassified failure,pending,,,pending,,,,,pending,,,pending,,,pending,,,
11104328_DIX & SHACKELFORD 4_1054216,s3://osu-well-records-225989338968/pdfs/ExportedFolderContents_1/1923/04 - April/11104328_DIX & SHACKELFORD 4_1054216.pdf,1,1923,04 - April,early,1920s,unknown,unknown,,Unclassified failure,pending,,,pending,,,,,pending,,,pending,,,pending,,,
11104372_Marshall Lizzie C 5_1054130,s3://osu-well-records-225989338968/pdfs/ExportedFolderContents_1/1923/04 - April/11104372_Marshall Lizzie C 5_1054130.pdf,1,1923,04 - April,early,1920s,unknown,unknown,,Unclassified failure,pending,,,pending,,,,,pending,,,pending,,,pending,,,
11104844_Bearhead Louisa 2_1054197,s3://osu-well-records-225989338968/pdfs/ExportedFolderContents_1/1923/04 - April/11104844_Bearhead Louisa 2_1054197.pdf,1,1923,04 - April,early,1920s,unknown,unknown,,Unclassified failure,pending,,,pending,,,,,pending,,,pending,,,pending,,,
11105493_No Data_1054322,s3://osu-well-records-225989338968/pdfs/ExportedFolderContents_1/1923/04 - April/11105493_No Data_1054322.pdf,1,1923,04 - April,early,1920s,unknown,unknown,,Unclassified failure,pending,,,pending,,,,,pending,,,pending,,,pending,,,
11105789_LOUNEY 1_1054092,s3://osu-well-records-225989338968/pdfs/ExportedFolderContents_1/1923/04 - April/11105789_LOUNEY 1_1054092.pdf,1,1923,04 - April,early,1920s,unknown,unknown,,Unclassified failure,pending,,,pending,,,,,pending,,,pending,,,pending,,,
11105789_LOUNEY 1_516575,s3://osu-well-records-225989338968/pdfs/ExportedFolderContents_1/1923/04 - April/11105789_LOUNEY 1_516575.pdf,1,1923,04 - April,early,1920s,unknown,unknown,,Unclassified failure,pending,,,pending,,,,,pending,,,pending,,,pending,,,
11105962_BRUNER 1_1054289,s3://osu-well-records-225989338968/pdfs/ExportedFolderContents_1/1923/04 - April/11105962_BRUNER 1_1054289.pdf,1,1923,04 - April,early,1920s,unknown,unknown,,Unclassified failure,pending,,,pending,,,,,pending,,,pending,,,pending,,,
11106076_W SAMPSON 4_1054320,s3://osu-well-records-225989338968/pdfs/ExportedFolderContents_1/1923/04 - April/11106076_W SAMPSON 4_1054320.pdf,1,1923,04 - April,early,1920s,unknown,unknown,,Unclassified failure,pending,,,pending,,,,,pending,,,pending,,,pending,,,
11106076_W SAMPSON 4_1054324,s3://osu-well-records-225989338968/pdfs/ExportedFolderContents_1/1923/04 - April/11106076_W SAMPSON 4_1054324.pdf,1,1923,04 - April,early,1920s,unknown,unknown,,Unclassified failure,pending,,,pending,,,,,pending,,,pending,,,pending,,,
11106076_W SAMPSON 4_516608,s3://osu-well-records-225989338968/pdfs/ExportedFolderContents_1/1923/04 - April/11106076_W SAMPSON 4_516608.pdf,1,1923,04 - April,early,1920s,unknown,unknown,,Unclassified failure,pending,,,pending,,,,,pending,,,pending,,,pending,,,
11106605_L GRAYSON 28_1054348,s3://osu-well-records-225989338968/pdfs/ExportedFolderContents_1/1923/04 - April/11106605_L GRAYSON 28_1054348.pdf,1,1923,04 - April,early,1920s,unknown,unknown,,Unclassified failure,pending,,,pending,,,,,pending,,,pending,,,pending,,,
11106986_GARFIELD ADAMS 4_1054043,s3://osu-well-records-225989338968/pdfs/ExportedFolderContents_1/1923/04 - April/11106986_GARFIELD ADAMS 4_1054043.pdf,1,1923,04 - April,early,1920s,unknown,unknown,,Unclassified failure,pending,,,pending,,,,,pending,,,pending,,,pending,,,
11107355_A FIELDS 1_1053947,s3://osu-well-records-225989338968/pdfs/ExportedFolderContents_1/1923/04 - April/11107355_A FIELDS 1_1053947.pdf,1,1923,04 - April,early,1920s,unknown,unknown,,Unclassified failure,pending,,,pending,,,,,pending,,,pending,,,pending,,,
11107755_Minnie Tiger 3_1054111,s3://osu-well-records-225989338968/pdfs/ExportedFolderContents_1/1923/04 - April/11107755_Minnie Tiger 3_1054111.pdf,1,1923,04 - April,early,1920s,unknown,unknown,,Unclassified failure,pending,,,pending,,,,,pending,,,pending,,,pending,,,
11108177_PURVINE 1  _516569,s3://osu-well-records-225989338968/pdfs/ExportedFolderContents_1/1923/04 - April/11108177_PURVINE 1  _516569.pdf,1,1923,04 - April,early,1920s,unknown,unknown,,Unclassified failure,pending,,,pending,,,,,pending,,,pending,,,pending,,,
11110343_SULLIVAN 8_1054052,s3://osu-well-records-225989338968/pdfs/ExportedFolderContents_1/1923/04 - April/11110343_SULLIVAN 8_1054052.pdf,1,1923,04 - April,early,1920s,unknown,unknown,,Unclassified failure,pending,,,pending,,,,,pending,,,pending,,,pending,,,
11111055_MOSES CROSS 1_1054303,s3://osu-well-records-225989338968/pdfs/ExportedFolderContents_1/1923/04 - April/11111055_MOSES CROSS 1_1054303.pdf,1,1923,04 - April,early,1920s,unknown,unknown,,Unclassified failure,pending,,,pending,,,,,pending,,,pending,,,pending,,,
11111056_MOSES CROSS 2_1054380,s3://osu-well-records-225989338968/pdfs/ExportedFolderContents_1/1923/04 - April/11111056_MOSES CROSS 2_1054380.pdf,1,1923,04 - April,early,1920s,unknown,unknown,,Unclassified failure,pending,,,pending,,,,,pending,,,pending,,,pending,,,
11111153_J L FUQUA 1_1054305,s3://osu-well-records-225989338968/pdfs/ExportedFolderContents_1/1923/04 - April/11111153_J L FUQUA 1_1054305.pdf,1,1923,04 - April,early,1920s,unknown,unknown,,Unclassified failure,pending,,,pending,,,,,pending,,,pending,,,pending,,,
11111449_RENTIE 6_1364430,s3://osu-well-records-225989338968/pdfs/ExportedFolderContents_1/1923/04 - April/11111449_RENTIE 6_1364430.pdf,1,1923,04 - April,early,1920s,unknown,unknown,,Unclassified failure,pending,,,pending,,,,,pending,,,pending,,,pending,,,
11117171_Jesse Rowe 2_1054067,s3://osu-well-records-225989338968/pdfs/ExportedFolderContents_1/1923/04 - April/11117171_Jesse Rowe 2_1054067.pdf,1,1923,04 - April,early,1920s,unknown,unknown,,Unclassified failure,pending,,,pending,,,,,pending,,,pending,,,pending,,,
11117995_ELSIE RANDALL 4_516572,s3://osu-well-records-225989338968/pdfs/ExportedFolderContents_1/1923/04 - April/11117995_ELSIE RANDALL 4_516572.pdf,1,1923,04 - April,early,1920s,unknown,unknown,,Unclassified failure,pending,,,pending,,,,,pending,,,pending,,,pending,,,
11117995_RANDALL 4_1054106,s3://osu-well-records-225989338968/pdfs/ExportedFolderContents_1/1923/04 - April/11117995_RANDALL 4_1054106.pdf,1,1923,04 - April,early,1920s,unknown,unknown,,Unclassified failure,pending,,,pending,,,,,pending,,,pending,,,pending,,,
11118400_GALLEE 13_1054046,s3://osu-well-records-225989338968/pdfs/ExportedFolderContents_1/1923/04 - April/11118400_GALLEE 13_1054046.pdf,1,1923,04 - April,early,1920s,unknown,unknown,,Unclassified failure,pending,,,pending,,,,,pending,,,pending,,,pending,,,
11701461A_A J VICKERS 1 WIW_1054105,s3://osu-well-records-225989338968/pdfs/ExportedFolderContents_1/1923/04 - April/11701461A_A J VICKERS 1 WIW_1054105.pdf,1,1923,04 - April,early,1920s,unknown,unknown,,Unclassified failure,pending,,,pending,,,,,pending,,,pending,,,pending,,,
11701507_MARTIN 1-A_1053941,s3://osu-well-records-225989338968/pdfs/ExportedFolderContents_1/1923/04 - April/11701507_MARTIN 1-A_1053941.pdf,1,1923,04 - April,early,1920s,unknown,unknown,,Unclassified failure,pending,,,pending,,,,,pending,,,pending,,,pending,,,
11701809_YOUNGHAWK 1_1751225,s3://osu-well-records-225989338968/pdfs/ExportedFolderContents_1/1923/04 - April/11701809_YOUNGHAWK 1_1751225.pdf,1,1923,04 - April,early,1920s,unknown,unknown,,Unclassified failure,pending,,,pending,,,,,pending,,,pending,,,pending,,,
11701884_MCMILLAN 2_1054232,s3://osu-well-records-225989338968/pdfs/ExportedFolderContents_1/1923/04 - April/11701884_MCMILLAN 2_1054232.pdf,1,1923,04 - April,early,1920s,unknown,unknown,,Unclassified failure,pending,,,pending,,,,,pending,,,pending,,,pending,,,
11703224_APPALACHIA TOWNSITE BLK 102 1_1054192,s3://osu-well-records-225989338968/pdfs/ExportedFolderContents_1/1923/04 - April/11703224_APPALACHIA TOWNSITE BLK 102 1_1054192.pdf,1,1923,04 - April,early,1920s,unknown,unknown,,Unclassified failure,pending,,,pending,,,,,pending,,,pending,,,pending,,,
11703855_ADLER 1_1054035,s3://osu-well-records-225989338968/pdfs/ExportedFolderContents_1/1923/04 - April/11703855_ADLER 1_1054035.pdf,1,1923,04 - April,early,1920s,unknown,unknown,,Unclassified failure,pending,,,pending,,,,,pending,,,pending,,,pending,,,
11704029_DIAMOND-MILLER 3_1414823,s3://osu-well-records-225989338968/pdfs/ExportedFolderContents_1/1923/04 - April/11704029_DIAMOND-MILLER 3_1414823.pdf,1,1923,04 - April,early,1920s,unknown,unknown,,Unclassified failure,pending,,,pending,,,,,pending,,,pending,,,pending,,,
11715014_STRIP 11_1054118,s3://osu-well-records-225989338968/pdfs/ExportedFolderContents_1/1923/04 - April/11715014_STRIP 11_1054118.pdf,1,1923,04 - April,early,1920s,unknown,unknown,,Unclassified failure,pending,,,pending,,,,,pending,,,pending,,,pending,,,
11721203_WARD 1-A_1054175,s3://osu-well-records-225989338968/pdfs/ExportedFolderContents_1/1923/04 - April/11721203_WARD 1-A_1054175.pdf,1,1923,04 - April,early,1920s,unknown,unknown,,Unclassified failure,pending,,,pending,,,,,pending,,,pending,,,pending,,,
11722323_SCHOOL LAND 1_1053949,s3://osu-well-records-225989338968/pdfs/ExportedFolderContents_1/1923/04 - April/11722323_SCHOOL LAND 1_1053949.pdf,1,1923,04 - April,early,1920s,unknown,unknown,,Unclassified failure,pending,,,pending,,,,,pending,,,pending,,,pending,,,
12100249_Pickerel 1_555840,s3://osu-well-records-225989338968/pdfs/ExportedFolderContents_1/1923/04 - April/12100249_Pickerel 1_555840.pdf,1,1923,04 - April,early,1920s,unknown,unknown,,Unclassified failure,pending,,,pending,,,,,pending,,,pending,,,pending,,,
13100758_DEGROOT 31_1364427,s3://osu-well-records-225989338968/pdfs/ExportedFolderContents_1/1923/04 - April/13100758_DEGROOT 31_1364427.pdf,1,1923,04 - April,early,1920s,unknown,unknown,,Unclassified failure,pending,,,pending,,,,,pending,,,pending,,,pending,,,
13101011_C MAYES 1_1364432,s3://osu-well-records-225989338968/pdfs/ExportedFolderContents_1/1923/04 - April/13101011_C MAYES 1_1364432.pdf,1,1923,04 - April,early,1920s,unknown,unknown,,Unclassified failure,pending,,,pending,,,,,pending,,,pending,,,pending,,,
13102051_JOHN DAWSON 1_1618321,s3://osu-well-records-225989338968/pdfs/ExportedFolderContents_1/1923/04 - April/13102051_JOHN DAWSON 1_1618321.pdf,1,1923,04 - April,early,1920s,unknown,unknown,,Unclassified failure,pending,,,pending,,,,,pending,,,pending,,,pending,,,
13102480_SHEPARD 1_1618312,s3://osu-well-records-225989338968/pdfs/ExportedFolderContents_1/1923/04 - April/13102480_SHEPARD 1_1618312.pdf,1,1923,04 - April,early,1920s,unknown,unknown,,Unclassified failure,pending,,,pending,,,,,pending,,,pending,,,pending,,,
13102522_BURRIS 1_1618333,s3://osu-well-records-225989338968/pdfs/ExportedFolderContents_1/1923/04 - April/13102522_BURRIS 1_1618333.pdf,1,1923,04 - April,early,1920s,unknown,unknown,,Unclassified failure,pending,,,pending,,,,,pending,,,pending,,,pending,,,
13103168_WAGNON 16_1618319,s3://osu-well-records-225989338968/pdfs/ExportedFolderContents_1/1923/04 - April/13103168_WAGNON 16_1618319.pdf,1,1923,04 - April,early,1920s,unknown,unknown,,Unclassified failure,pending,,,pending,,,,,pending,,,pending,,,pending,,,
13103169_WAGNON 17_1618337,s3://osu-well-records-225989338968/pdfs/ExportedFolderContents_1/1923/04 - April/13103169_WAGNON 17_1618337.pdf,1,1923,04 - April,early,1920s,unknown,unknown,,Unclassified failure,pending,,,pending,,,,,pending,,,pending,,,pending,,,
13103294_CHRISTZE (STRITZKE) 2_1618329,s3://osu-well-records-225989338968/pdfs/ExportedFolderContents_1/1923/04 - April/13103294_CHRISTZE (STRITZKE) 2_1618329.pdf,1,1923,04 - April,early,1920s,unknown,unknown,,Unclassified failure,pending,,,pending,,,,,pending,,,pending,,,pending,,,
13103294_STRITZKE 2_1618325,s3://osu-well-records-225989338968/pdfs/ExportedFolderContents_1/1923/04 - April/13103294_STRITZKE 2_1618325.pdf,1,1923,04 - April,early,1920s,unknown,unknown,,Unclassified failure,pending,,,pending,,,,,pending,,,pending,,,pending,,,
13103588_HICKS 24_1618346,s3://osu-well-records-225989338968/pdfs/ExportedFolderContents_1/1923/04 - April/13103588_HICKS 24_1618346.pdf,1,1923,04 - April,early,1920s,unknown,unknown,,Unclassified failure,pending,,,pending,,,,,pending,,,pending,,,pending,,,
13701471_JACKSON 1_782281,s3://osu-well-records-225989338968/pdfs/ExportedFolderContents_1/1923/04 - April/13701471_JACKSON 1_782281.pdf,1,1923,04 - April,early,1920s,unknown,unknown,,Unclassified failure,pending,,,pending,,,,,pending,,,pending,,,pending,,,
13701474_BURNS 1_782258,s3://osu-well-records-225989338968/pdfs/ExportedFolderContents_1/1923/04 - April/13701474_BURNS 1_782258.pdf,1,1923,04 - April,early,1920s,unknown,unknown,,Unclassified failure,pending,,,pending,,,,,pending,,,pending,,,pending,,,
13701490_L S HARRIS 3_782295,s3://osu-well-records-225989338968/pdfs/ExportedFolderContents_1/1923/04 - April/13701490_L S HARRIS 3_782295.pdf,1,1923,04 - April,early,1920s,unknown,unknown,,Unclassified failure,pending,,,pending,,,,,pending,,,pending,,,pending,,,
13701490_L S HARRIS 3_782298,s3://osu-well-records-225989338968/pdfs/ExportedFolderContents_1/1923/04 - April/13701490_L S HARRIS 3_782298.pdf,1,1923,04 - April,early,1920s,unknown,unknown,,Unclassified failure,pending,,,pending,,,,,pending,,,pending,,,pending,,,
13701499_J W PARKER 1_920663,s3://osu-well-records-225989338968/pdfs/ExportedFolderContents_1/1923/04 - April/13701499_J W PARKER 1_920663.pdf,1,1923,04 - April,early,1920s,unknown,unknown,,Unclassified failure,pending,,,pending,,,,,pending,,,pending,,,pending,,,
13701499_J W PARKER 1_920664,s3://osu-well-records-225989338968/pdfs/ExportedFolderContents_1/1923/04 - April/13701499_J W PARKER 1_920664.pdf,1,1923,04 - April,early,1920s,unknown,unknown,,Unclassified failure,pending,,,pending,,,,,pending,,,pending,,,pending,,,
13701499_J W PARKER 1_920667,s3://osu-well-records-225989338968/pdfs/ExportedFolderContents_1/1923/04 - April/13701499_J W PARKER 1_920667.pdf,1,1923,04 - April,early,1920s,unknown,unknown,,Unclassified failure,pending,,,pending,,,,,pending,,,pending,,,pending,,,
13701500_SANNER 1_920677,s3://osu-well-records-225989338968/pdfs/ExportedFolderContents_1/1923/04 - April/13701500_SANNER 1_920677.pdf,1,1923,04 - April,early,1920s,unknown,unknown,,Unclassified failure,pending,,,pending,,,,,pending,,,pending,,,pending,,,
13701502_CROSBIE 5_920583,s3://osu-well-records-225989338968/pdfs/ExportedFolderContents_1/1923/04 - April/13701502_CROSBIE 5_920583.pdf,1,1923,04 - April,early,1920s,unknown,unknown,,Unclassified failure,pending,,,pending,,,,,pending,,,pending,,,pending,,,
13701519_DRUMMOND 1_920655,s3://osu-well-records-225989338968/pdfs/ExportedFolderContents_1/1923/04 - April/13701519_DRUMMOND 1_920655.pdf,1,1923,04 - April,early,1920s,unknown,unknown,,Unclassified failure,pending,,,pending,,,,,pending,,,pending,,,pending,,,
13701519_DRUMMOND 1_920656,s3://osu-well-records-225989338968/pdfs/ExportedFolderContents_1/1923/04 - April/13701519_DRUMMOND 1_920656.pdf,1,1923,04 - April,early,1920s,unknown,unknown,,Unclassified failure,pending,,,pending,,,,,pending,,,pending,,,pending,,,
13709051_E JAMES 4_920616,s3://osu-well-records-225989338968/pdfs/ExportedFolderContents_1/1923/04 - April/13709051_E JAMES 4_920616.pdf,1,1923,04 - April,early,1920s,unknown,unknown,,Unclassified failure,pending,,,pending,,,,,pending,,,pending,,,pending,,,
13709053_R E FARRIS 4_920617,s3://osu-well-records-225989338968/pdfs/ExportedFolderContents_1/1923/04 - April/13709053_R E FARRIS 4_920617.pdf,1,1923,04 - April,early,1920s,unknown,unknown,,Unclassified failure,pending,,,pending,,,,,pending,,,pending,,,pending,,,
13709206_WM A WADE 1_782260,s3://osu-well-records-225989338968/pdfs/ExportedFolderContents_1/1923/04 - April/13709206_WM A WADE 1_782260.pdf,1,1923,04 - April,early,1920s,unknown,unknown,,Unclassified failure,pending,,,pending,,,,,pending,,,pending,,,pending,,,
13709369_L AKERS 3_782273,s3://osu-well-records-225989338968/pdfs/ExportedFolderContents_1/1923/04 - April/13709369_L AKERS 3_782273.pdf,1,1923,04 - April,early,1920s,unknown,unknown,,Unclassified failure,pending,,,pending,,,,,pending,,,pending,,,pending,,,
13709765_BRYMER 1_782291,s3://osu-well-records-225989338968/pdfs/ExportedFolderContents_1/1923/04 - April/13709765_BRYMER 1_782291.pdf,1,1923,04 - April,early,1920s,unknown,unknown,,Unclassified failure,pending,,,pending,,,,,pending,,,pending,,,pending,,,
13710342_SMITH 6_920607,s3://osu-well-records-225989338968/pdfs/ExportedFolderContents_1/1923/04 - April/13710342_SMITH 6_920607.pdf,1,1923,04 - April,early,1920s,unknown,unknown,,Unclassified failure,pending,,,pending,,,,,pending,,,pending,,,pending,,,
13710342_SMITH 6_920608,s3://osu-well-records-225989338968/pdfs/ExportedFolderContents_1/1923/04 - April/13710342_SMITH 6_920608.pdf,1,1923,04 - April,early,1920s,unknown,unknown,,Unclassified failure,pending,,,pending,,,,,pending,,,pending,,,pending,,,
13710446_LEVY WILLIS 2_920622,s3://osu-well-records-225989338968/pdfs/ExportedFolderContents_1/1923/04 - April/13710446_LEVY WILLIS 2_920622.pdf,1,1923,04 - April,early,1920s,unknown,unknown,,Unclassified failure,pending,,,pending,,,,,pending,,,pending,,,pending,,,
13710526_MYRTLE DILLARD 5_5765150,s3://osu-well-records-225989338968/pdfs/ExportedFolderContents_1/1923/04 - April/13710526_MYRTLE DILLARD 5_5765150.pdf,1,1923,04 - April,early,1920s,unknown,unknown,,Unclassified failure,pending,,,pending,,,,,pending,,,pending,,,pending,,,
13710526_MYRTLE DILLARD 5_920668,s3://osu-well-records-225989338968/pdfs/ExportedFolderContents_1/1923/04 - April/13710526_MYRTLE DILLARD 5_920668.pdf,1,1923,04 - April,early,1920s,unknown,unknown,,Unclassified failure,pending,,,pending,,,,,pending,,,pending,,,pending,,,
13711189_HOLMAN ET AL 5_920629,s3://osu-well-records-225989338968/pdfs/ExportedFolderContents_1/1923/04 - April/13711189_HOLMAN ET AL 5_920629.pdf,1,1923,04 - April,early,1920s,unknown,unknown,,Unclassified failure,pending,,,pending,,,,,pending,,,pending,,,pending,,,
13711205_CLARA WILSON 8_920591,s3://osu-well-records-225989338968/pdfs/ExportedFolderContents_1/1923/04 - April/13711205_CLARA WILSON 8_920591.pdf,1,1923,04 - April,early,1920s,unknown,unknown,,Unclassified failure,pending,,,pending,,,,,pending,,,pending,,,pending,,,
13711278_W M CARTER 1_920660,s3://osu-well-records-225989338968/pdfs/ExportedFolderContents_1/1923/04 - April/13711278_W M CARTER 1_920660.pdf,1,1923,04 - April,early,1920s,unknown,unknown,,Unclassified failure,pending,,,pending,,,,,pending,,,pending,,,pending,,,
13712239_TONEY-NEAL 4_920621,s3://osu-well-records-225989338968/pdfs/ExportedFolderContents_1/1923/04 - April/13712239_TONEY-NEAL 4_920621.pdf,1,1923,04 - April,early,1920s,unknown,unknown,,Unclassified failure,pending,,,pending,,,,,pending,,,pending,,,pending,,,
13712239_TONEY-NEAL 4_920626,s3://osu-well-records-225989338968/pdfs/ExportedFolderContents_1/1923/04 - April/13712239_TONEY-NEAL 4_920626.pdf,1,1923,04 - April,early,1920s,unknown,unknown,,Unclassified failure,pending,,,pending,,,,,pending,,,pending,,,pending,,,
13712291_SELBY 21_920590,s3://osu-well-records-225989338968/pdfs/ExportedFolderContents_1/1923/04 - April/13712291_SELBY 21_920590.pdf,1,1923,04 - April,early,1920s,unknown,unknown,,Unclassified failure,pending,,,pending,,,,,pending,,,pending,,,pending,,,
13712291_SELBY 21_920594,s3://osu-well-records-225989338968/pdfs/ExportedFolderContents_1/1923/04 - April/13712291_SELBY 21_920594.pdf,1,1923,04 - April,early,1920s,unknown,unknown,,Unclassified failure,pending,,,pending,,,,,pending,,,pending,,,pending,,,
13712423_TEXAS PECK 6_920585,s3://osu-well-records-225989338968/pdfs/ExportedFolderContents_1/1923/04 - April/13712423_TEXAS PECK 6_920585.pdf,1,1923,04 - April,early,1920s,unknown,unknown,,Unclassified failure,pending,,,pending,,,,,pending,,,pending,,,pending,,,
13712423_TEXAS PECK 6_920586,s3://osu-well-records-225989338968/pdfs/ExportedFolderContents_1/1923/04 - April/13712423_TEXAS PECK 6_920586.pdf,1,1923,04 - April,early,1920s,unknown,unknown,,Unclassified failure,pending,,,pending,,,,,pending,,,pending,,,pending,,,
13712454_ANGLE 8_920593,s3://osu-well-records-225989338968/pdfs/ExportedFolderContents_1/1923/04 - April/13712454_ANGLE 8_920593.pdf,1,1923,04 - April,early,1920s,unknown,unknown,,Unclassified failure,pending,,,pending,,,,,pending,,,pending,,,pending,,,
13712454_ANGLE 8_920595,s3://osu-well-records-225989338968/pdfs/ExportedFolderContents_1/1923/04 - April/13712454_ANGLE 8_920595.pdf,1,1923,04 - April,early,1920s,unknown,unknown,,Unclassified failure,pending,,,pending,,,,,pending,,,pending,,,pending,,,
13712583_FRENSLEY 12_920606,s3://osu-well-records-225989338968/pdfs/ExportedFolderContents_1/1923/04 - April/13712583_FRENSLEY 12_920606.pdf,1,1923,04 - April,early,1920s,unknown,unknown,,Unclassified failure,pending,,,pending,,,,,pending,,,pending,,,pending,,,
13712583_FRENSLEY 12_920609,s3://osu-well-records-225989338968/pdfs/ExportedFolderContents_1/1923/04 - April/13712583_FRENSLEY 12_920609.pdf,1,1923,04 - April,early,1920s,unknown,unknown,,Unclassified failure,pending,,,pending,,,,,pending,,,pending,,,pending,,,
13712584_FRENSLEY 13_920651,s3://osu-well-records-225989338968/pdfs/ExportedFolderContents_1/1923/04 - April/13712584_FRENSLEY 13_920651.pdf,1,1923,04 - April,early,1920s,unknown,unknown,,Unclassified failure,pending,,,pending,,,,,pending,,,pending,,,pending,,,
13712584_FRENSLEY 13_920652,s3://osu-well-records-225989338968/pdfs/ExportedFolderContents_1/1923/04 - April/13712584_FRENSLEY 13_920652.pdf,1,1923,04 - April,early,1920s,unknown,unknown,,Unclassified failure,pending,,,pending,,,,,pending,,,pending,,,pending,,,
13712613_R WILLIS 1_920665,s3://osu-well-records-225989338968/pdfs/ExportedFolderContents_1/1923/04 - April/13712613_R WILLIS 1_920665.pdf,1,1923,04 - April,early,1920s,unknown,unknown,,Unclassified failure,pending,,,pending,,,,,pending,,,pending,,,pending,,,
13712613_R WILLIS 1_920666,s3://osu-well-records-225989338968/pdfs/ExportedFolderContents_1/1923/04 - April/13712613_R WILLIS 1_920666.pdf,1,1923,04 - April,early,1920s,unknown,unknown,,Unclassified failure,pending,,,pending,,,,,pending,,,pending,,,pending,,,
13712711_J D WADE 4_920598,s3://osu-well-records-225989338968/pdfs/ExportedFolderContents_1/1923/04 - April/13712711_J D WADE 4_920598.pdf,1,1923,04 - April,early,1920s,unknown,unknown,,Unclassified failure,pending,,,pending,,,,,pending,,,pending,,,pending,,,
13712721_BRITTAIN 10_920580,s3://osu-well-records-225989338968/pdfs/ExportedFolderContents_1/1923/04 - April/13712721_BRITTAIN 10_920580.pdf,1,1923,04 - April,early,1920s,unknown,unknown,,Unclassified failure,pending,,,pending,,,,,pending,,,pending,,,pending,,,
13713273_ANDREA 2_920671,s3://osu-well-records-225989338968/pdfs/ExportedFolderContents_1/1923/04 - April/13713273_ANDREA 2_920671.pdf,1,1923,04 - April,early,1920s,unknown,unknown,,Unclassified failure,pending,,,pending,,,,,pending,,,pending,,,pending,,,
13713287_J F COX 1_920623,s3://osu-well-records-225989338968/pdfs/ExportedFolderContents_1/1923/04 - April/13713287_J F COX 1_920623.pdf,1,1923,04 - April,early,1920s,unknown,unknown,,Unclassified failure,pending,,,pending,,,,,pending,,,pending,,,pending,,,
13714167_KETCHUM 3_782297,s3://osu-well-records-225989338968/pdfs/ExportedFolderContents_1/1923/04 - April/13714167_KETCHUM 3_782297.pdf,1,1923,04 - April,early,1920s,unknown,unknown,,Unclassified failure,pending,,,pending,,,,,pending,,,pending,,,pending,,,
13714472_PAYNE 1_782283,s3://osu-well-records-225989338968/pdfs/ExportedFolderContents_1/1923/04 - April/13714472_PAYNE 1_782283.pdf,1,1923,04 - April,early,1920s,unknown,unknown,,Unclassified failure,pending,,,pending,,,,,pending,,,pending,,,pending,,,
14300208_WALKER 4-B_1054225,s3://osu-well-records-225989338968/pdfs/ExportedFolderContents_1/1923/04 - April/14300208_WALKER 4-B_1054225.pdf,1,1923,04 - April,early,1920s,unknown,unknown,,Unclassified failure,pending,,,pending,,,,,pending,,,pending,,,pending,,,
14300403_ROBINSON 1_1053952,s3://osu-well-records-225989338968/pdfs/ExportedFolderContents_1/1923/04 - April/14300403_ROBINSON 1_1053952.pdf,1,1923,04 - April,early,1920s,unknown,unknown,,Unclassified failure,pending,,,pending,,,,,pending,,,pending,,,pending,,,
14301760_LAYTON 1_1054056,s3://osu-well-records-225989338968/pdfs/ExportedFolderContents_1/1923/04 - April/14301760_LAYTON 1_1054056.pdf,1,1923,04 - April,early,1920s,unknown,unknown,,Unclassified failure,pending,,,pending,,,,,pending,,,pending,,,pending,,,
14302492_J C YORK 3_516614,s3://osu-well-records-225989338968/pdfs/ExportedFolderContents_1/1923/04 - April/14302492_J C YORK 3_516614.pdf,1,1923,04 - April,early,1920s,unknown,unknown,,Unclassified failure,pending,,,pending,,,,,pending,,,pending,,,pending,,,
14303093_JANIE SMITH 3_1054224,s3://osu-well-records-225989338968/pdfs/ExportedFolderContents_1/1923/04 - April/14303093_JANIE SMITH 3_1054224.pdf,1,1923,04 - April,early,1920s,unknown,unknown,,Unclassified failure,pending,,,pending,,,,,pending,,,pending,,,pending,,,
14303122_H HARDRIDGE 6_1054342,s3://osu-well-records-225989338968/pdfs/ExportedFolderContents_1/1923/04 - April/14303122_H HARDRIDGE 6_1054342.pdf,1,1923,04 - April,early,1920s,unknown,unknown,,Unclassified failure,pending,,,pending,,,,,pending,,,pending,,,pending,,,
14303123_H HARDRIDGE 7_1054266,s3://osu-well-records-225989338968/pdfs/ExportedFolderContents_1/1923/04 - April/14303123_H HARDRIDGE 7_1054266.pdf,1,1923,04 - April,early,1920s,unknown,unknown,,Unclassified failure,pending,,,pending,,,,,pending,,,pending,,,pending,,,
14303126_STANLEY 3_1054177,s3://osu-well-records-225989338968/pdfs/ExportedFolderContents_1/1923/04 - April/14303126_STANLEY 3_1054177.pdf,1,1923,04 - April,early,1920s,unknown,unknown,,Unclassified failure,pending,,,pending,,,,,pending,,,pending,,,pending,,,
14303408_LUVENA ISLAND 2_1054121,s3://osu-well-records-225989338968/pdfs/ExportedFolderContents_1/1923/04 - April/14303408_LUVENA ISLAND 2_1054121.pdf,1,1923,04 - April,early,1920s,unknown,unknown,,Unclassified failure,pending,,,pending,,,,,pending,,,pending,,,pending,,,
14303518_V EDWARDS 12_1054367,s3://osu-well-records-225989338968/pdfs/ExportedFolderContents_1/1923/04 - April/14303518_V EDWARDS 12_1054367.pdf,1,1923,04 - April,early,1920s,unknown,unknown,,Unclassified failure,pending,,,pending,,,,,pending,,,pending,,,pending,,,
14303526_JOHN COVEY 6_1054087,s3://osu-well-records-225989338968/pdfs/ExportedFolderContents_1/1923/04 - April/14303526_JOHN COVEY 6_1054087.pdf,1,1923,04 - April,early,1920s,unknown,unknown,,Unclassified failure,pending,,,pending,,,,,pending,,,pending,,,pending,,,
14304915_R G SALLES 1_1414842,s3://osu-well-records-225989338968/pdfs/ExportedFolderContents_1/1923/04 - April/14304915_R G SALLES 1_1414842.pdf,1,1923,04 - April,early,1920s,unknown,unknown,,Unclassified failure,pending,,,pending,,,,,pending,,,pending,,,pending,,,
14305157_C C CURTIS 3_1414861,s3://osu-well-records-225989338968/pdfs/ExportedFolderContents_1/1923/04 - April/14305157_C C CURTIS 3_1414861.pdf,1,1923,04 - April,early,1920s,unknown,unknown,,Unclassified failure,pending,,,pending,,,,,pending,,,pending,,,pending,,,
14305592_TODD 15_1414828,s3://osu-well-records-225989338968/pdfs/ExportedFolderContents_1/1923/04 - April/14305592_TODD 15_1414828.pdf,1,1923,04 - April,early,1920s,unknown,unknown,,Unclassified failure,pending,,,pending,,,,,pending,,,pending,,,pending,,,
14305695_VIOLA BURNS 1_1414771,s3://osu-well-records-225989338968/pdfs/ExportedFolderContents_1/1923/04 - April/14305695_VIOLA BURNS 1_1414771.pdf,1,1923,04 - April,early,1920s,unknown,unknown,,Unclassified failure,pending,,,pending,,,,,pending,,,pending,,,pending,,,
14305924_J ADKISSON 3-A_1414697,s3://osu-well-records-225989338968/pdfs/ExportedFolderContents_1/1923/04 - April/14305924_J ADKISSON 3-A_1414697.pdf,1,1923,04 - April,early,1920s,unknown,unknown,,Unclassified failure,pending,,,pending,,,,,pending,,,pending,,,pending,,,
14306677_B TUCKER 9_1414839,s3://osu-well-records-225989338968/pdfs/ExportedFolderContents_1/1923/04 - April/14306677_B TUCKER 9_1414839.pdf,1,1923,04 - April,early,1920s,unknown,unknown,,Unclassified failure,pending,,,pending,,,,,pending,,,pending,,,pending,,,
14309027_EDWARDS 10_1053953,s3://osu-well-records-225989338968/pdfs/ExportedFolderContents_1/1923/04 - April/14309027_EDWARDS 10_1053953.pdf,1,1923,04 - April,early,1920s,unknown,unknown,,Unclassified failure,pending,,,pending,,,,,pending,,,pending,,,pending,,,
14501608_KENWORTHY LOT 2-2_1364443,s3://osu-well-records-225989338968/pdfs/ExportedFolderContents_1/1923/04 - April/14501608_KENWORTHY LOT 2-2_1364443.pdf,1,1923,04 - April,early,1920s,unknown,unknown,,Unclassified failure,pending,,,pending,,,,,pending,,,pending,,,pending,,,
14501899_SMITH 1_1364421,s3://osu-well-records-225989338968/pdfs/ExportedFolderContents_1/1923/04 - April/14501899_SMITH 1_1364421.pdf,1,1923,04 - April,early,1920s,unknown,unknown,,Unclassified failure,pending,,,pending,,,,,pending,,,pending,,,pending,,,
14502046_JOE COLBERT 7_1364460,s3://osu-well-records-225989338968/pdfs/ExportedFolderContents_1/1923/04 - April/14502046_JOE COLBERT 7_1364460.pdf,1,1923,04 - April,early,1920s,unknown,unknown,,Unclassified failure,pending,,,pending,,,,,pending,,,pending,,,pending,,,
14502201_KELLY 1_1364458,s3://osu-well-records-225989338968/pdfs/ExportedFolderContents_1/1923/04 - April/14502201_KELLY 1_1364458.pdf,1,1923,04 - April,early,1920s,unknown,unknown,,Unclassified failure,pending,,,pending,,,,,pending,,,pending,,,pending,,,
14502215_KELLY 1_1364461,s3://osu-well-records-225989338968/pdfs/ExportedFolderContents_1/1923/04 - April/14502215_KELLY 1_1364461.pdf,1,1923,04 - April,early,1920s,unknown,unknown,,Unclassified failure,pending,,,pending,,,,,pending,,,pending,,,pending,,,
14502248_VOSS 1_1364455,s3://osu-well-records-225989338968/pdfs/ExportedFolderContents_1/1923/04 - April/14502248_VOSS 1_1364455.pdf,1,1923,04 - April,early,1920s,unknown,unknown,,Unclassified failure,pending,,,pending,,,,,pending,,,pending,,,pending,,,
14502981_SIMMONS 2_1364451,s3://osu-well-records-225989338968/pdfs/ExportedFolderContents_1/1923/04 - April/14502981_SIMMONS 2_1364451.pdf,1,1923,04 - April,early,1920s,unknown,unknown,,Unclassified failure,pending,,,pending,,,,,pending,,,pending,,,pending,,,
14503255_JAMESON 1_1364431,s3://osu-well-records-225989338968/pdfs/ExportedFolderContents_1/1923/04 - April/14503255_JAMESON 1_1364431.pdf,1,1923,04 - April,early,1920s,unknown,unknown,,Unclassified failure,pending,,,pending,,,,,pending,,,pending,,,pending,,,
14503914_BAXTER 1_1364422,s3://osu-well-records-225989338968/pdfs/ExportedFolderContents_1/1923/04 - April/14503914_BAXTER 1_1364422.pdf,1,1923,04 - April,early,1920s,unknown,unknown,,Unclassified failure,pending,,,pending,,,,,pending,,,pending,,,pending,,,
14504189_FINK 1_1364454,s3://osu-well-records-225989338968/pdfs/ExportedFolderContents_1/1923/04 - April/14504189_FINK 1_1364454.pdf,1,1923,04 - April,early,1920s,unknown,unknown,,Unclassified failure,pending,,,pending,,,,,pending,,,pending,,,pending,,,
14504430_COPPAGE 1_1364449,s3://osu-well-records-225989338968/pdfs/ExportedFolderContents_1/1923/04 - April/14504430_COPPAGE 1_1364449.pdf,1,1923,04 - April,early,1920s,unknown,unknown,,Unclassified failure,pending,,,pending,,,,,pending,,,pending,,,pending,,,
14506123_HAWKINS 1 _1364441,s3://osu-well-records-225989338968/pdfs/ExportedFolderContents_1/1923/04 - April/14506123_HAWKINS 1 _1364441.pdf,1,1923,04 - April,early,1920s,unknown,unknown,,Unclassified failure,pending,,,pending,,,,,pending,,,pending,,,pending,,,
14700465_ROGERS 1_1414855,s3://osu-well-records-225989338968/pdfs/ExportedFolderContents_1/1923/04 - April/14700465_ROGERS 1_1414855.pdf,1,1923,04 - April,early,1920s,unknown,unknown,,Unclassified failure,pending,,,pending,,,,,pending,,,pending,,,pending,,,
14700512_MAMIE RILEY 1_516600,s3://osu-well-records-225989338968/pdfs/ExportedFolderContents_1/1923/04 - April/14700512_MAMIE RILEY 1_516600.pdf,1,1923,04 - April,early,1920s,unknown,unknown,,Unclassified failure,pending,,,pending,,,,,pending,,,pending,,,pending,,,
14701298_WILSON 7_516596,s3://osu-well-records-225989338968/pdfs/ExportedFolderContents_1/1923/04 - April/14701298_WILSON 7_516596.pdf,1,1923,04 - April,early,1920s,unknown,unknown,,Unclassified failure,pending,,,pending,,,,,pending,,,pending,,,pending,,,
14701479_HOGNER 13_516583,s3://osu-well-records-225989338968/pdfs/ExportedFolderContents_1/1923/04 - April/14701479_HOGNER 13_516583.pdf,1,1923,04 - April,early,1920s,unknown,unknown,,Unclassified failure,pending,,,pending,,,,,pending,,,pending,,,pending,,,
14701480_HOGNER 14_516599,s3://osu-well-records-225989338968/pdfs/ExportedFolderContents_1/1923/04 - April/14701480_HOGNER 14_516599.pdf,1,1923,04 - April,early,1920s,unknown,unknown,,Unclassified failure,pending,,,pending,,,,,pending,,,pending,,,pending,,,
14701887_L. J. ELLIS,s3://osu-well-records-225989338968/pdfs/ExportedFolderContents_1/1923/04 - April/14701887_L. J. ELLIS.pdf,1,1923,04 - April,early,1920s,unknown,unknown,,Unclassified failure,pending,,,pending,,,,,pending,,,pending,,,pending,,,
14702196_LIZZIE STARR 2_1414691,s3://osu-well-records-225989338968/pdfs/ExportedFolderContents_1/1923/04 - April/14702196_LIZZIE STARR 2_1414691.pdf,1,1923,04 - April,early,1920s,unknown,unknown,,Unclassified failure,pending,,,pending,,,,,pending,,,pending,,,pending,,,
14702196_LIZZIE STARR 2_1414692,s3://osu-well-records-225989338968/pdfs/ExportedFolderContents_1/1923/04 - April/14702196_LIZZIE STARR 2_1414692.pdf,1,1923,04 - April,early,1920s,unknown,unknown,,Unclassified failure,pending,,,pending,,,,,pending,,,pending,,,pending,,,
14702196_LIZZIE STARR 2_516568,s3://osu-well-records-225989338968/pdfs/ExportedFolderContents_1/1923/04 - April/14702196_LIZZIE STARR 2_516568.pdf,1,1923,04 - April,early,1920s,unknown,unknown,,Unclassified failure,pending,,,pending,,,,,pending,,,pending,,,pending,,,
14702267_MALCOLM 1_516565,s3://osu-well-records-225989338968/pdfs/ExportedFolderContents_1/1923/04 - April/14702267_MALCOLM 1_516565.pdf,1,1923,04 - April,early,1920s,unknown,unknown,,Unclassified failure,pending,,,pending,,,,,pending,,,pending,,,pending,,,
14702526_JESSIE KEENER 4_548797,s3://osu-well-records-225989338968/pdfs/ExportedFolderContents_1/1923/04 - April/14702526_JESSIE KEENER 4_548797.pdf,1,1923,04 - April,early,1920s,unknown,unknown,,Unclassified failure,pending,,,pending,,,,,pending,,,pending,,,pending,,,
14702561_BEAVER 13_516592,s3://osu-well-records-225989338968/pdfs/ExportedFolderContents_1/1923/04 - April/14702561_BEAVER 13_516592.pdf,1,1923,04 - April,early,1920s,unknown,unknown,,Unclassified failure,pending,,,pending,,,,,pending,,,pending,,,pending,,,
14702626_SEARS 1_516552,s3://osu-well-records-225989338968/pdfs/ExportedFolderContents_1/1923/04 - April/14702626_SEARS 1_516552.pdf,1,1923,04 - April,early,1920s,unknown,unknown,,Unclassified failure,pending,,,pending,,,,,pending,,,pending,,,pending,,,
14702778_JESSIE BUNCH 7_516579,s3://osu-well-records-225989338968/pdfs/ExportedFolderContents_1/1923/04 - April/14702778_JESSIE BUNCH 7_516579.pdf,1,1923,04 - April,early,1920s,unknown,unknown,,Unclassified failure,pending,,,pending,,,,,pending,,,pending,,,pending,,,
14703269_L M BEAUBIE 3_516562,s3://osu-well-records-225989338968/pdfs/ExportedFolderContents_1/1923/04 - April/14703269_L M BEAUBIE 3_516562.pdf,1,1923,04 - April,early,1920s,unknown,unknown,,Unclassified failure,pending,,,pending,,,,,pending,,,pending,,,pending,,,
14703270_L BEAUBIN 4_516603,s3://osu-well-records-225989338968/pdfs/ExportedFolderContents_1/1923/04 - April/14703270_L BEAUBIN 4_516603.pdf,1,1923,04 - April,early,1920s,unknown,unknown,,Unclassified failure,pending,,,pending,,,,,pending,,,pending,,,pending,,,
14703277_JOHN STARR 2_516613,s3://osu-well-records-225989338968/pdfs/ExportedFolderContents_1/1923/04 - April/14703277_JOHN STARR 2_516613.pdf,1,1923,04 - April,early,1920s,unknown,unknown,,Unclassified failure,pending,,,pending,,,,,pending,,,pending,,,pending,,,
14703605_M W ROSS 10_1414620,s3://osu-well-records-225989338968/pdfs/ExportedFolderContents_1/1923/04 - April/14703605_M W ROSS 10_1414620.pdf,1,1923,04 - April,early,1920s,unknown,unknown,,Unclassified failure,pending,,,pending,,,,,pending,,,pending,,,pending,,,
14703606_MAUD ROSS 11_1414858,s3://osu-well-records-225989338968/pdfs/ExportedFolderContents_1/1923/04 - April/14703606_MAUD ROSS 11_1414858.pdf,1,1923,04 - April,early,1920s,unknown,unknown,,Unclassified failure,pending,,,pending,,,,,pending,,,pending,,,pending,,,
14706274_Davidson 1_1414711,s3://osu-well-records-225989338968/pdfs/ExportedFolderContents_1/1923/04 - April/14706274_Davidson 1_1414711.pdf,1,1923,04 - April,early,1920s,unknown,unknown,,Unclassified failure,pending,,,pending,,,,,pending,,,pending,,,pending,,,
14706351_YOUNG 3_1414702,s3://osu-well-records-225989338968/pdfs/ExportedFolderContents_1/1923/04 - April/14706351_YOUNG 3_1414702.pdf,1,1923,04 - April,early,1920s,unknown,unknown,,Unclassified failure,pending,,,pending,,,,,pending,,,pending,,,pending,,,
14706353_BRYANT 2_1414660,s3://osu-well-records-225989338968/pdfs/ExportedFolderContents_1/1923/04 - April/14706353_BRYANT 2_1414660.pdf,1,1923,04 - April,early,1920s,unknown,unknown,,Unclassified failure,pending,,,pending,,,,,pending,,,pending,,,pending,,,
147068230000_JUMPER DRY 7_2288780,s3://osu-well-records-225989338968/pdfs/ExportedFolderContents_1/1923/04 - April/147068230000_JUMPER DRY 7_2288780.pdf,1,1923,04 - April,early,1920s,unknown,unknown,,Unclassified failure,pending,,,pending,,,,,pending,,,pending,,,pending,,,
14707513_J M BOREN 1_1414817,s3://osu-well-records-225989338968/pdfs/ExportedFolderContents_1/1923/04 - April/14707513_J M BOREN 1_1414817.pdf,1,1923,04 - April,early,1920s,unknown,unknown,,Unclassified failure,pending,,,pending,,,,,pending,,,pending,,,pending,,,
14707636_CONNELLY 1_1414686,s3://osu-well-records-225989338968/pdfs/ExportedFolderContents_1/1923/04 - April/14707636_CONNELLY 1_1414686.pdf,1,1923,04 - April,early,1920s,unknown,unknown,,Unclassified failure,pending,,,pending,,,,,pending,,,pending,,,pending,,,
14707699_MACKEL 3_1414739,s3://osu-well-records-225989338968/pdfs/ExportedFolderContents_1/1923/04 - April/14707699_MACKEL 3_1414739.pdf,1,1923,04 - April,early,1920s,unknown,unknown,,Unclassified failure,pending,,,pending,,,,,pending,,,pending,,,pending,,,
14707755_No Data_1414772,s3://osu-well-records-225989338968/pdfs/ExportedFolderContents_1/1923/04 - April/14707755_No Data_1414772.pdf,1,1923,04 - April,early,1920s,unknown,unknown,,Unclassified failure,pending,,,pending,,,,,pending,,,pending,,,pending,,,
35019093220000_SIMPSON VOORHEES 7_1696760,s3://osu-well-records-225989338968/pdfs/ExportedFolderContents_1/1923/04 - April/35019093220000_SIMPSON VOORHEES 7_1696760.pdf,1,1923,04 - April,early,1920s,unknown,unknown,,Unclassified failure,pending,,,pending,,,,,pending,,,pending,,,pending,,,
35019095660000_G K WILLIAMS 3_1696773,s3://osu-well-records-225989338968/pdfs/ExportedFolderContents_1/1923/04 - April/35019095660000_G K WILLIAMS 3_1696773.pdf,1,1923,04 - April,early,1920s,unknown,unknown,,Unclassified failure,pending,,,pending,,,,,pending,,,pending,,,pending,,,
35019095660000_G K WILLIAMS 3_1696778,s3://osu-well-records-225989338968/pdfs/ExportedFolderContents_1/1923/04 - April/35019095660000_G K WILLIAMS 3_1696778.pdf,1,1923,04 - April,early,1920s,unknown,unknown,,Unclassified failure,pending,,,pending,,,,,pending,,,pending,,,pending,,,
35037022800000_C BEAR 8_2005141,s3://osu-well-records-225989338968/pdfs/ExportedFolderContents_1/1923/04 - April/35037022800000_C BEAR 8_2005141.pdf,1,1923,04 - April,early,1920s,unknown,unknown,,Unclassified failure,pending,,,pending,,,,,pending,,,pending,,,pending,,,
35037023390000_K BEAR 7_2005097,s3://osu-well-records-225989338968/pdfs/ExportedFolderContents_1/1923/04 - April/35037023390000_K BEAR 7_2005097.pdf,1,1923,04 - April,early,1920s,unknown,unknown,,Unclassified failure,pending,,,pending,,,,,pending,,,pending,,,pending,,,
35037023500000_KIZZIE BEAR 4_2005112,s3://osu-well-records-225989338968/pdfs/ExportedFolderContents_1/1923/04 - April/35037023500000_KIZZIE BEAR 4_2005112.pdf,1,1923,04 - April,early,1920s,unknown,unknown,,Unclassified failure,pending,,,pending,,,,,pending,,,pending,,,pending,,,
35037029910000_FRANK GEORGE 1_2005166,s3://osu-well-records-225989338968/pdfs/ExportedFolderContents_1/1923/04 - April/35037029910000_FRANK GEORGE 1_2005166.pdf,1,1923,04 - April,early,1920s,unknown,unknown,,Unclassified failure,pending,,,pending,,,,,pending,,,pending,,,pending,,,
35037029910000_FRANK GEORGE 1_2005171,s3://osu-well-records-225989338968/pdfs/ExportedFolderContents_1/1923/04 - April/35037029910000_FRANK GEORGE 1_2005171.pdf,1,1923,04 - April,early,1920s,unknown,unknown,,Unclassified failure,pending,,,pending,,,,,pending,,,pending,,,pending,,,
35037035360000_M BEAR 3_2004940,s3://osu-well-records-225989338968/pdfs/ExportedFolderContents_1/1923/04 - April/35037035360000_M BEAR 3_2004940.pdf,1,1923,04 - April,early,1920s,unknown,unknown,,Unclassified failure,pending,,,pending,,,,,pending,,,pending,,,pending,,,
35037035440000_EUGENE ALEX 3_2005121,s3://osu-well-records-225989338968/pdfs/ExportedFolderContents_1/1923/04 - April/35037035440000_EUGENE ALEX 3_2005121.pdf,1,1923,04 - April,early,1920s,unknown,unknown,,Unclassified failure,pending,,,pending,,,,,pending,,,pending,,,pending,,,
35037037280000_BUSH HATTIE 1_2004772,s3://osu-well-records-225989338968/pdfs/ExportedFolderContents_1/1923/04 - April/35037037280000_BUSH HATTIE 1_2004772.pdf,1,1923,04 - April,early,1920s,unknown,unknown,,Unclassified failure,pending,,,pending,,,,,pending,,,pending,,,pending,,,
35037041950000_LUCIAN TIGER 6_2005103,s3://osu-well-records-225989338968/pdfs/ExportedFolderContents_1/1923/04 - April/35037041950000_LUCIAN TIGER 6_2005103.pdf,1,1923,04 - April,early,1920s,unknown,unknown,,Unclassified failure,pending,,,pending,,,,,pending,,,pending,,,pending,,,
35037041960000_LUCIAN TIGER 5_2004944,s3://osu-well-records-225989338968/pdfs/ExportedFolderContents_1/1923/04 - April/35037041960000_LUCIAN TIGER 5_2004944.pdf,1,1923,04 - April,early,1920s,unknown,unknown,,Unclassified failure,pending,,,pending,,,,,pending,,,pending,,,pending,,,
35037041970000_LUCIAN TIGER 4_2005013,s3://osu-well-records-225989338968/pdfs/ExportedFolderContents_1/1923/04 - April/35037041970000_LUCIAN TIGER 4_2005013.pdf,1,1923,04 - April,early,1920s,unknown,unknown,,Unclassified failure,pending,,,pending,,,,,pending,,,pending,,,pending,,,
35037052990000_SAMANTHA POST_2005182,s3://osu-well-records-225989338968/pdfs/ExportedFolderContents_1/1923/04 - April/35037052990000_SAMANTHA POST_2005182.pdf,1,1923,04 - April,early,1920s,unknown,unknown,,Unclassified failure,pending,,,pending,,,,,pending,,,pending,,,pending,,,
35037052990000_SAMANTHA POST_2005192,s3://osu-well-records-225989338968/pdfs/ExportedFolderContents_1/1923/04 - April/35037052990000_SAMANTHA POST_2005192.pdf,1,1923,04 - April,early,1920s,unknown,unknown,,Unclassified failure,pending,,,pending,,,,,pending,,,pending,,,pending,,,
35037063250000_NANCY TIGER_2004950,s3://osu-well-records-225989338968/pdfs/ExportedFolderContents_1/1923/04 - April/35037063250000_NANCY TIGER_2004950.pdf,1,1923,04 - April,early,1920s,unknown,unknown,,Unclassified failure,pending,,,pending,,,,,pending,,,pending,,,pending,,,
35037068010000_STELLA CHILD 1_2004829,s3://osu-well-records-225989338968/pdfs/ExportedFolderContents_1/1923/04 - April/35037068010000_STELLA CHILD 1_2004829.pdf,1,1923,04 - April,early,1920s,unknown,unknown,,Unclassified failure,pending,,,pending,,,,,pending,,,pending,,,pending,,,
35037068020000_RENFROW 1_2005164,s3://osu-well-records-225989338968/pdfs/ExportedFolderContents_1/1923/04 - April/35037068020000_RENFROW 1_2005164.pdf,1,1923,04 - April,early,1920s,unknown,unknown,,Unclassified failure,pending,,,pending,,,,,pending,,,pending,,,pending,,,
35037069210000_BUCK GRAYSON 1_2004961,s3://osu-well-records-225989338968/pdfs/ExportedFolderContents_1/1923/04 - April/35037069210000_BUCK GRAYSON 1_2004961.pdf,1,1923,04 - April,early,1920s,unknown,unknown,,Unclassified failure,pending,,,pending,,,,,pending,,,pending,,,pending,,,
35037069230000_A GRAYSON 1_2004903,s3://osu-well-records-225989338968/pdfs/ExportedFolderContents_1/1923/04 - April/35037069230000_A GRAYSON 1_2004903.pdf,1,1923,04 - April,early,1920s,unknown,unknown,,Unclassified failure,pending,,,pending,,,,,pending,,,pending,,,pending,,,
35037069740000_WHITE AURENA 4_2004867,s3://osu-well-records-225989338968/pdfs/ExportedFolderContents_1/1923/04 - April/35037069740000_WHITE AURENA 4_2004867.pdf,1,1923,04 - April,early,1920s,unknown,unknown,,Unclassified failure,pending,,,pending,,,,,pending,,,pending,,,pending,,,
35037070770000_HARJO 1_2004892,s3://osu-well-records-225989338968/pdfs/ExportedFolderContents_1/1923/04 - April/35037070770000_HARJO 1_2004892.pdf,1,1923,04 - April,early,1920s,unknown,unknown,,Unclassified failure,pending,,,pending,,,,,pending,,,pending,,,pending,,,
35037073200000_NEWBLOCK 1_2004874,s3://osu-well-records-225989338968/pdfs/ExportedFolderContents_1/1923/04 - April/35037073200000_NEWBLOCK 1_2004874.pdf,1,1923,04 - April,early,1920s,unknown,unknown,,Unclassified failure,pending,,,pending,,,,,pending,,,pending,,,pending,,,
35037074120000_EMMA ROBERTS 1_2004840,s3://osu-well-records-225989338968/pdfs/ExportedFolderContents_1/1923/04 - April/35037074120000_EMMA ROBERTS 1_2004840.pdf,1,1923,04 - April,early,1920s,unknown,unknown,,Unclassified failure,pending,,,pending,,,,,pending,,,pending,,,pending,,,
35037074150000_EFFIE O HAMILTON 4_2004963,s3://osu-well-records-225989338968/pdfs/ExportedFolderContents_1/1923/04 - April/35037074150000_EFFIE O HAMILTON 4_2004963.pdf,1,1923,04 - April,early,1920s,unknown,unknown,,Unclassified failure,pending,,,pending,,,,,pending,,,pending,,,pending,,,
35037074160000_EFFIE O HAMILTON 3_2004811,s3://osu-well-records-225989338968/pdfs/ExportedFolderContents_1/1923/04 - April/35037074160000_EFFIE O HAMILTON 3_2004811.pdf,1,1923,04 - April,early,1920s,unknown,unknown,,Unclassified failure,pending,,,pending,,,,,pending,,,pending,,,pending,,,
35037075200000_W R DUNLAP 8_2005010,s3://osu-well-records-225989338968/pdfs/ExportedFolderContents_1/1923/04 - April/35037075200000_W R DUNLAP 8_2005010.pdf,1,1923,04 - April,early,1920s,unknown,unknown,,Unclassified failure,pending,,,pending,,,,,pending,,,pending,,,pending,,,
35037075680000_CLOUD LIZZIE_2004967,s3://osu-well-records-225989338968/pdfs/ExportedFolderContents_1/1923/04 - April/35037075680000_CLOUD LIZZIE_2004967.pdf,1,1923,04 - April,early,1920s,unknown,unknown,,Unclassified failure,pending,,,pending,,,,,pending,,,pending,,,pending,,,
35037075720000_HAMILTON J H_2005173,s3://osu-well-records-225989338968/pdfs/ExportedFolderContents_1/1923/04 - April/35037075720000_HAMILTON J H_2005173.pdf,1,1923,04 - April,early,1920s,unknown,unknown,,Unclassified failure,pending,,,pending,,,,,pending,,,pending,,,pending,,,
35037075810000_CARR ROSE_2004997,s3://osu-well-records-225989338968/pdfs/ExportedFolderContents_1/1923/04 - April/35037075810000_CARR ROSE_2004997.pdf,1,1923,04 - April,early,1920s,unknown,unknown,,Unclassified failure,pending,,,pending,,,,,pending,,,pending,,,pending,,,
35037075840000_ROSE CARR 5_2004975,s3://osu-well-records-225989338968/pdfs/ExportedFolderContents_1/1923/04 - April/35037075840000_ROSE CARR 5_2004975.pdf,1,1923,04 - April,early,1920s,unknown,unknown,,Unclassified failure,pending,,,pending,,,,,pending,,,pending,,,pending,,,
35037075930000_COLAW A L_2005082,s3://osu-well-records-225989338968/pdfs/ExportedFolderContents_1/1923/04 - April/35037075930000_COLAW A L_2005082.pdf,1,1923,04 - April,early,1920s,unknown,unknown,,Unclassified failure,pending,,,pending,,,,,pending,,,pending,,,pending,,,
35037076090000_JOE SMITH 1_2004973,s3://osu-well-records-225989338968/pdfs/ExportedFolderContents_1/1923/04 - April/35037076090000_JOE SMITH 1_2004973.pdf,1,1923,04 - April,early,1920s,unknown,unknown,,Unclassified failure,pending,,,pending,,,,,pending,,,pending,,,pending,,,
35037077230000_R BROWN_2004926,s3://osu-well-records-225989338968/pdfs/ExportedFolderContents_1/1923/04 - April/35037077230000_R BROWN_2004926.pdf,1,1923,04 - April,early,1920s,unknown,unknown,,Unclassified failure,pending,,,pending,,,,,pending,,,pending,,,pending,,,
35037077230000_R BROWN_2004935,s3://osu-well-records-225989338968/pdfs/ExportedFolderContents_1/1923/04 - April/35037077230000_R BROWN_2004935.pdf,1,1923,04 - April,early,1920s,unknown,unknown,,Unclassified failure,pending,,,pending,,,,,pending,,,pending,,,pending,,,
35037099460000_S S MUSSELLEM 2_2004895,s3://osu-well-records-225989338968/pdfs/ExportedFolderContents_1/1923/04 - April/35037099460000_S S MUSSELLEM 2_2004895.pdf,1,1923,04 - April,early,1920s,unknown,unknown,,Unclassified failure,pending,,,pending,,,,,pending,,,pending,,,pending,,,
35037101140000_AYERS 2_2005136,s3://osu-well-records-225989338968/pdfs/ExportedFolderContents_1/1923/04 - April/35037101140000_AYERS 2_2005136.pdf,1,1923,04 - April,early,1920s,unknown,unknown,,Unclassified failure,pending,,,pending,,,,,pending,,,pending,,,pending,,,
3503712911_PICKETT_2005175,s3://osu-well-records-225989338968/pdfs/ExportedFolderContents_1/1923/04 - April/3503712911_PICKETT_2005175.pdf,1,1923,04 - April,early,1920s,unknown,unknown,,Unclassified failure,pending,,,pending,,,,,pending,,,pending,,,pending,,,
35037129160000_BRUNER 1_2004857,s3://osu-well-records-225989338968/pdfs/ExportedFolderContents_1/1923/04 - April/35037129160000_BRUNER 1_2004857.pdf,1,1923,04 - April,early,1920s,unknown,unknown,,Unclassified failure,pending,,,pending,,,,,pending,,,pending,,,pending,,,
35037158040000_HARJOCHE ADAM 1_2004962,s3://osu-well-records-225989338968/pdfs/ExportedFolderContents_1/1923/04 - April/35037158040000_HARJOCHE ADAM 1_2004962.pdf,1,1923,04 - April,early,1920s,unknown,unknown,,Unclassified failure,pending,,,pending,,,,,pending,,,pending,,,pending,,,
35037174160000_WATSON 1_2004972,s3://osu-well-records-225989338968/pdfs/ExportedFolderContents_1/1923/04 - April/35037174160000_WATSON 1_2004972.pdf,1,1923,04 - April,early,1920s,unknown,unknown,,Unclassified failure,pending,,,pending,,,,,pending,,,pending,,,pending,,,
35037180620000_ROLLESTONE A A_2005023,s3://osu-well-records-225989338968/pdfs/ExportedFolderContents_1/1923/04 - April/35037180620000_ROLLESTONE A A_2005023.pdf,1,1923,04 - April,early,1920s,unknown,unknown,,Unclassified failure,pending,,,pending,,,,,pending,,,pending,,,pending,,,
35037180630000_ROLLESTONE_2005143,s3://osu-well-records-225989338968/pdfs/ExportedFolderContents_1/1923/04 - April/35037180630000_ROLLESTONE_2005143.pdf,1,1923,04 - April,early,1920s,unknown,unknown,,Unclassified failure,pending,,,pending,,,,,pending,,,pending,,,pending,,,
35037187400000_PIPER 2_2004775,s3://osu-well-records-225989338968/pdfs/ExportedFolderContents_1/1923/04 - April/35037187400000_PIPER 2_2004775.pdf,1,1923,04 - April,early,1920s,unknown,unknown,,Unclassified failure,pending,,,pending,,,,,pending,,,pending,,,pending,,,
35037192490000_BETTIE CAIN 14_2005151,s3://osu-well-records-225989338968/pdfs/ExportedFolderContents_1/1923/04 - April/35037192490000_BETTIE CAIN 14_2005151.pdf,1,1923,04 - April,early,1920s,unknown,unknown,,Unclassified failure,pending,,,pending,,,,,pending,,,pending,,,pending,,,
35049356860000_T E EDDINGS 1_1843989,s3://osu-well-records-225989338968/pdfs/ExportedFolderContents_1/1923/04 - April/35049356860000_T E EDDINGS 1_1843989.pdf,1,1923,04 - April,early,1920s,unknown,unknown,,Unclassified failure,pending,,,pending,,,,,pending,,,pending,,,pending,,,
35049356870000_T E EDDINGS 2_1843995,s3://osu-well-records-225989338968/pdfs/ExportedFolderContents_1/1923/04 - April/35049356870000_T E EDDINGS 2_1843995.pdf,1,1923,04 - April,early,1920s,unknown,unknown,,Unclassified failure,pending,,,pending,,,,,pending,,,pending,,,pending,,,
35051002270000_S R GLOVER 1_1843986,s3://osu-well-records-225989338968/pdfs/ExportedFolderContents_1/1923/04 - April/35051002270000_S R GLOVER 1_1843986.pdf,1,1923,04 - April,early,1920s,unknown,unknown,,Unclassified failure,pending,,,pending,,,,,pending,,,pending,,,pending,,,
35051006950000_WARREN 1_1843971,s3://osu-well-records-225989338968/pdfs/ExportedFolderContents_1/1923/04 - April/35051006950000_WARREN 1_1843971.pdf,1,1923,04 - April,early,1920s,unknown,unknown,,Unclassified failure,pending,,,pending,,,,,pending,,,pending,,,pending,,,
35063040660000_W J REDDING 2_1496541,s3://osu-well-records-225989338968/pdfs/ExportedFolderContents_1/1923/04 - April/35063040660000_W J REDDING 2_1496541.pdf,1,1923,04 - April,early,1920s,unknown,unknown,,Unclassified failure,pending,,,pending,,,,,pending,,,pending,,,pending,,,
35063040750000_MAYES 1_1496523,s3://osu-well-records-225989338968/pdfs/ExportedFolderContents_1/1923/04 - April/35063040750000_MAYES 1_1496523.pdf,1,1923,04 - April,early,1920s,unknown,unknown,,Unclassified failure,pending,,,pending,,,,,pending,,,pending,,,pending,,,
35063040750000_MAYES 1_2004931,s3://osu-well-records-225989338968/pdfs/ExportedFolderContents_1/1923/04 - April/35063040750000_MAYES 1_2004931.pdf,1,1923,04 - April,early,1920s,unknown,unknown,,Unclassified failure,pending,,,pending,,,,,pending,,,pending,,,pending,,,
35063042100000_HILDERBRANDT G 1_1496518,s3://osu-well-records-225989338968/pdfs/ExportedFolderContents_1/1923/04 - April/35063042100000_HILDERBRANDT G 1_1496518.pdf,1,1923,04 - April,early,1920s,unknown,unknown,,Unclassified failure,pending,,,pending,,,,,pending,,,pending,,,pending,,,
35063042100000_HILDERBRANDT G 1_2004801,s3://osu-well-records-225989338968/pdfs/ExportedFolderContents_1/1923/04 - April/35063042100000_HILDERBRANDT G 1_2004801.pdf,1,1923,04 - April,early,1920s,unknown,unknown,,Unclassified failure,pending,,,pending,,,,,pending,,,pending,,,pending,,,
35071026260000_WILLIE CRY 16_2288796,s3://osu-well-records-225989338968/pdfs/ExportedFolderContents_1/1923/04 - April/35071026260000_WILLIE CRY 16_2288796.pdf,1,1923,04 - April,early,1920s,unknown,unknown,,Unclassified failure,pending,,,pending,,,,,pending,,,pending,,,pending,,,
35071028220000_WAITE 1_2288847,s3://osu-well-records-225989338968/pdfs/ExportedFolderContents_1/1923/04 - April/35071028220000_WAITE 1_2288847.pdf,1,1923,04 - April,early,1920s,unknown,unknown,,Unclassified failure,pending,,,pending,,,,,pending,,,pending,,,pending,,,
3507103160_A PEPPER 1_2288880,s3://osu-well-records-225989338968/pdfs/ExportedFolderContents_1/1923/04 - April/3507103160_A PEPPER 1_2288880.pdf,1,1923,04 - April,early,1920s,unknown,unknown,,Unclassified failure,pending,,,pending,,,,,pending,,,pending,,,pending,,,
35071031880000_THOMPSON W 3_2004839,s3://osu-well-records-225989338968/pdfs/ExportedFolderContents_1/1923/04 - April/35071031880000_THOMPSON W 3_2004839.pdf,1,1923,04 - April,early,1920s,unknown,unknown,,Unclassified failure,pending,,,pending,,,,,pending,,,pending,,,pending,,,
35071031880000_THOMPSON W 3_2288746,s3://osu-well-records-225989338968/pdfs/ExportedFolderContents_1/1923/04 - April/35071031880000_THOMPSON W 3_2288746.pdf,1,1923,04 - April,early,1920s,unknown,unknown,,Unclassified failure,pending,,,pending,,,,,pending,,,pending,,,pending,,,
35071031920000_THOMPSON E 1_2288784,s3://osu-well-records-225989338968/pdfs/ExportedFolderContents_1/1923/04 - April/35071031920000_THOMPSON E 1_2288784.pdf,1,1923,04 - April,early,1920s,unknown,unknown,,Unclassified failure,pending,,,pending,,,,,pending,,,pending,,,pending,,,
35071039300000_THOMPSON 1_2004928,s3://osu-well-records-225989338968/pdfs/ExportedFolderContents_1/1923/04 - April/35071039300000_THOMPSON 1_2004928.pdf,1,1923,04 - April,early,1920s,unknown,unknown,,Unclassified failure,pending,,,pending,,,,,pending,,,pending,,,pending,,,
35071043240000_MILLER JOHN A 1_8001624,s3://osu-well-records-225989338968/pdfs/ExportedFolderContents_1/1923/04 - April/35071043240000_MILLER JOHN A 1_8001624.pdf,1,1923,04 - April,early,1920s,unknown,unknown,,Unclassified failure,pending,,,pending,,,,,pending,,,pending,,,pending,,,
3507104657_VANNATTE_8001566,s3://osu-well-records-225989338968/pdfs/ExportedFolderContents_1/1923/04 - April/3507104657_VANNATTE_8001566.pdf,1,1923,04 - April,early,1920s,unknown,unknown,,Unclassified failure,pending,,,pending,,,,,pending,,,pending,,,pending,,,
35073081890000_THOMPSON W 4_2288701,s3://osu-well-records-225989338968/pdfs/ExportedFolderContents_1/1923/04 - April/35073081890000_THOMPSON W 4_2288701.pdf,1,1923,04 - April,early,1920s,unknown,unknown,,Unclassified failure,pending,,,pending,,,,,pending,,,pending,,,pending,,,
35079002120000_HOLTON 31_1443121,s3://osu-well-records-225989338968/pdfs/ExportedFolderContents_1/1923/04 - April/35079002120000_HOLTON 31_1443121.pdf,1,1923,04 - April,early,1920s,unknown,unknown,,Unclassified failure,pending,,,pending,,,,,pending,,,pending,,,pending,,,
35091002020000_ROSENDAHL 1_2364393,s3://osu-well-records-225989338968/pdfs/ExportedFolderContents_1/1923/04 - April/35091002020000_ROSENDAHL 1_2364393.pdf,1,1923,04 - April,early,1920s,unknown,unknown,,Unclassified failure,pending,,,pending,,,,,pending,,,pending,,,pending,,,
35091012590000_R HANEY 1_1443120,s3://osu-well-records-225989338968/pdfs/ExportedFolderContents_1/1923/04 - April/35091012590000_R HANEY 1_1443120.pdf,1,1923,04 - April,early,1920s,unknown,unknown,,Unclassified failure,pending,,,pending,,,,,pending,,,pending,,,pending,,,
35101001660000_BARBARA SCHNEIDER 1_2364374,s3://osu-well-records-225989338968/pdfs/ExportedFolderContents_1/1923/04 - April/35101001660000_BARBARA SCHNEIDER 1_2364374.pdf,1,1923,04 - April,early,1920s,unknown,unknown,,Unclassified failure,pending,,,pending,,,,,pending,,,pending,,,pending,,,
35101027680000_W T TILLY 1_2364405,s3://osu-well-records-225989338968/pdfs/ExportedFolderContents_1/1923/04 - April/35101027680000_W T TILLY 1_2364405.pdf,1,1923,04 - April,early,1920s,unknown,unknown,,Unclassified failure,pending,,,pending,,,,,pending,,,pending,,,pending,,,
35101034040000_TANNER 1_2364409,s3://osu-well-records-225989338968/pdfs/ExportedFolderContents_1/1923/04 - April/35101034040000_TANNER 1_2364409.pdf,1,1923,04 - April,early,1920s,unknown,unknown,,Unclassified failure,pending,,,pending,,,,,pending,,,pending,,,pending,,,
00000000_No Data_1054459,s3://osu-well-records-225989338968/pdfs/ExportedFolderContents_1/1923/05 - May/00000000_No Data_1054459.pdf,1,1923,05 - May,early,1920s,unknown,unknown,,Unclassified failure,pending,,,pending,,,,,pending,,,pending,,,pending,,,
00000000_No Data_1054461,s3://osu-well-records-225989338968/pdfs/ExportedFolderContents_1/1923/05 - May/00000000_No Data_1054461.pdf,1,1923,05 - May,early,1920s,unknown,unknown,,Unclassified failure,pending,,,pending,,,,,pending,,,pending,,,pending,,,
00000000_No Data_1054585,s3://osu-well-records-225989338968/pdfs/ExportedFolderContents_1/1923/05 - May/00000000_No Data_1054585.pdf,1,1923,05 - May,early,1920s,unknown,unknown,,Unclassified failure,pending,,,pending,,,,,pending,,,pending,,,pending,,,
00000000_No Data_1054623,s3://osu-well-records-225989338968/pdfs/ExportedFolderContents_1/1923/05 - May/00000000_No Data_1054623.pdf,1,1923,05 - May,early,1920s,unknown,unknown,,Unclassified failure,pending,,,pending,,,,,pending,,,pending,,,pending,,,
00000000_No Data_1054630,s3://osu-well-records-225989338968/pdfs/ExportedFolderContents_1/1923/05 - May/00000000_No Data_1054630.pdf,1,1923,05 - May,early,1920s,unknown,unknown,,Unclassified failure,pending,,,pending,,,,,pending,,,pending,,,pending,,,
00000000_No Data_1054696,s3://osu-well-records-225989338968/pdfs/ExportedFolderContents_1/1923/05 - May/00000000_No Data_1054696.pdf,1,1923,05 - May,early,1920s,unknown,unknown,,Unclassified failure,pending,,,pending,,,,,pending,,,pending,,,pending,,,
00000000_No Data_1054701,s3://osu-well-records-225989338968/pdfs/ExportedFolderContents_1/1923/05 - May/00000000_No Data_1054701.pdf,1,1923,05 - May,early,1920s,unknown,unknown,,Unclassified failure,pending,,,pending,,,,,pending,,,pending,,,pending,,,
00000000_No Data_1054718,s3://osu-well-records-225989338968/pdfs/ExportedFolderContents_1/1923/05 - May/00000000_No Data_1054718.pdf,1,1923,05 - May,early,1920s,unknown,unknown,,Unclassified failure,pending,,,pending,,,,,pending,,,pending,,,pending,,,
00000000_No Data_1054720,s3://osu-well-records-225989338968/pdfs/ExportedFolderContents_1/1923/05 - May/00000000_No Data_1054720.pdf,1,1923,05 - May,early,1920s,unknown,unknown,,Unclassified failure,pending,,,pending,,,,,pending,,,pending,,,pending,,,
00000000_No Data_1054749,s3://osu-well-records-225989338968/pdfs/ExportedFolderContents_1/1923/05 - May/00000000_No Data_1054749.pdf,1,1923,05 - May,early,1920s,unknown,unknown,,Unclassified failure,pending,,,pending,,,,,pending,,,pending,,,pending,,,
00000000_No Data_1054754,s3://osu-well-records-225989338968/pdfs/ExportedFolderContents_1/1923/05 - May/00000000_No Data_1054754.pdf,1,1923,05 - May,early,1920s,unknown,unknown,,Unclassified failure,pending,,,pending,,,,,pending,,,pending,,,pending,,,
00000000_No Data_1054852,s3://osu-well-records-225989338968/pdfs/ExportedFolderContents_1/1923/05 - May/00000000_No Data_1054852.pdf,1,1923,05 - May,early,1920s,unknown,unknown,,Unclassified failure,pending,,,pending,,,,,pending,,,pending,,,pending,,,
00000000_No Data_1364509,s3://osu-well-records-225989338968/pdfs/ExportedFolderContents_1/1923/05 - May/00000000_No Data_1364509.pdf,1,1923,05 - May,early,1920s,unknown,unknown,,Unclassified failure,pending,,,pending,,,,,pending,,,pending,,,pending,,,
00000000_No Data_1414952,s3://osu-well-records-225989338968/pdfs/ExportedFolderContents_1/1923/05 - May/00000000_No Data_1414952.pdf,1,1923,05 - May,early,1920s,unknown,unknown,,Unclassified failure,pending,,,pending,,,,,pending,,,pending,,,pending,,,
00000000_No Data_589592,s3://osu-well-records-225989338968/pdfs/ExportedFolderContents_1/1923/05 - May/00000000_No Data_589592.pdf,1,1923,05 - May,early,1920s,unknown,unknown,,Unclassified failure,pending,,,pending,,,,,pending,,,pending,,,pending,,,
00000000_No Data_589603,s3://osu-well-records-225989338968/pdfs/ExportedFolderContents_1/1923/05 - May/00000000_No Data_589603.pdf,1,1923,05 - May,early,1920s,unknown,unknown,,Unclassified failure,pending,,,pending,,,,,pending,,,pending,,,pending,,,
01500542_LOU WOOTEN 1_782308,s3://osu-well-records-225989338968/pdfs/ExportedFolderContents_1/1923/05 - May/01500542_LOU WOOTEN 1_782308.pdf,1,1923,05 - May,early,1920s,unknown,unknown,,Unclassified failure,pending,,,pending,,,,,pending,,,pending,,,pending,,,
01535912_BRUCE 1_782328,s3://osu-well-records-225989338968/pdfs/ExportedFolderContents_1/1923/05 - May/01535912_BRUCE 1_782328.pdf,1,1923,05 - May,early,1920s,unknown,unknown,,Unclassified failure,pending,,,pending,,,,,pending,,,pending,,,pending,,,
01537268_RIGNEY 3_782319,s3://osu-well-records-225989338968/pdfs/ExportedFolderContents_1/1923/05 - May/01537268_RIGNEY 3_782319.pdf,1,1923,05 - May,early,1920s,unknown,unknown,,Unclassified failure,pending,,,pending,,,,,pending,,,pending,,,pending,,,
01900625_GAZAWAY 1_920714,s3://osu-well-records-225989338968/pdfs/ExportedFolderContents_1/1923/05 - May/01900625_GAZAWAY 1_920714.pdf,1,1923,05 - May,early,1920s,unknown,unknown,,Unclassified failure,pending,,,pending,,,,,pending,,,pending,,,pending,,,
01900628_WALKER VOORHEES 5_920758,s3://osu-well-records-225989338968/pdfs/ExportedFolderContents_1/1923/05 - May/01900628_WALKER VOORHEES 5_920758.pdf,1,1923,05 - May,early,1920s,unknown,unknown,,Unclassified failure,pending,,,pending,,,,,pending,,,pending,,,pending,,,
01900751_HARMON 1_920738,s3://osu-well-records-225989338968/pdfs/ExportedFolderContents_1/1923/05 - May/01900751_HARMON 1_920738.pdf,1,1923,05 - May,early,1920s,unknown,unknown,,Unclassified failure,pending,,,pending,,,,,pending,,,pending,,,pending,,,
01900751_HARMON 1_987893,s3://osu-well-records-225989338968/pdfs/ExportedFolderContents_1/1923/05 - May/01900751_HARMON 1_987893.pdf,1,1923,05 - May,early,1920s,unknown,unknown,,Unclassified failure,pending,,,pending,,,,,pending,,,pending,,,pending,,,
01900752_AMERSON 1_920682,s3://osu-well-records-225989338968/pdfs/ExportedFolderContents_1/1923/05 - May/01900752_AMERSON 1_920682.pdf,1,1923,05 - May,early,1920s,unknown,unknown,,Unclassified failure,pending,,,pending,,,,,pending,,,pending,,,pending,,,
01900866_JENNINGS 1_920769,s3://osu-well-records-225989338968/pdfs/ExportedFolderContents_1/1923/05 - May/01900866_JENNINGS 1_920769.pdf,1,1923,05 - May,early,1920s,unknown,unknown,,Unclassified failure,pending,,,pending,,,,,pending,,,pending,,,pending,,,
01907823_B C RICKETTS 2_920694,s3://osu-well-records-225989338968/pdfs/ExportedFolderContents_1/1923/05 - May/01907823_B C RICKETTS 2_920694.pdf,1,1923,05 - May,early,1920s,unknown,unknown,,Unclassified failure,pending,,,pending,,,,,pending,,,pending,,,pending,,,
01908134_S MARRIS 3_516651,s3://osu-well-records-225989338968/pdfs/ExportedFolderContents_1/1923/05 - May/01908134_S MARRIS 3_516651.pdf,1,1923,05 - May,early,1920s,unknown,unknown,,Unclassified failure,pending,,,pending,,,,,pending,,,pending,,,pending,,,
01908134_S MARRIS 3_516652,s3://osu-well-records-225989338968/pdfs/ExportedFolderContents_1/1923/05 - May/01908134_S MARRIS 3_516652.pdf,1,1923,05 - May,early,1920s,unknown,unknown,,Unclassified failure,pending,,,pending,,,,,pending,,,pending,,,pending,,,
01908347_JACKSON 3_920741,s3://osu-well-records-225989338968/pdfs/ExportedFolderContents_1/1923/05 - May/01908347_JACKSON 3_920741.pdf,1,1923,05 - May,early,1920s,unknown,unknown,,Unclassified failure,pending,,,pending,,,,,pending,,,pending,,,pending,,,
01908914_WALKER VOORHEES 13_920794,s3://osu-well-records-225989338968/pdfs/ExportedFolderContents_1/1923/05 - May/01908914_WALKER VOORHEES 13_920794.pdf,1,1923,05 - May,early,1920s,unknown,unknown,,Unclassified failure,pending,,,pending,,,,,pending,,,pending,,,pending,,,
01908921_WALKER VOORHEES 4_920686,s3://osu-well-records-225989338968/pdfs/ExportedFolderContents_1/1923/05 - May/01908921_WALKER VOORHEES 4_920686.pdf,1,1923,05 - May,early,1920s,unknown,unknown,,Unclassified failure,pending,,,pending,,,,,pending,,,pending,,,pending,,,
01908972_PHOEBE REXROAT A7_920752,s3://osu-well-records-225989338968/pdfs/ExportedFolderContents_1/1923/05 - May/01908972_PHOEBE REXROAT A7_920752.pdf,1,1923,05 - May,early,1920s,unknown,unknown,,Unclassified failure,pending,,,pending,,,,,pending,,,pending,,,pending,,,
019090160001_HEWITT UNIT 21-2602 (E E NOBLE 35)_500260258,s3://osu-well-records-225989338968/pdfs/ExportedFolderContents_1/1923/05 - May/019090160001_HEWITT UNIT 21-2602 (E E NOBLE 35)_500260258.pdf,1,1923,05 - May,early,1920s,unknown,unknown,,Unclassified failure,pending,,,pending,,,,,pending,,,pending,,,pending,,,
01909016_E E NOBLE 35_920747,s3://osu-well-records-225989338968/pdfs/ExportedFolderContents_1/1923/05 - May/01909016_E E NOBLE 35_920747.pdf,1,1923,05 - May,early,1920s,unknown,unknown,,Unclassified failure,pending,,,pending,,,,,pending,,,pending,,,pending,,,
01909117_R CHOATE 3_920721,s3://osu-well-records-225989338968/pdfs/ExportedFolderContents_1/1923/05 - May/01909117_R CHOATE 3_920721.pdf,1,1923,05 - May,early,1920s,unknown,unknown,,Unclassified failure,pending,,,pending,,,,,pending,,,pending,,,pending,,,
01909117_R CHOATE 3_920790,s3://osu-well-records-225989338968/pdfs/ExportedFolderContents_1/1923/05 - May/01909117_R CHOATE 3_920790.pdf,1,1923,05 - May,early,1920s,unknown,unknown,,Unclassified failure,pending,,,pending,,,,,pending,,,pending,,,pending,,,
01909126_NOBLE 3_920703,s3://osu-well-records-225989338968/pdfs/ExportedFolderContents_1/1923/05 - May/01909126_NOBLE 3_920703.pdf,1,1923,05 - May,early,1920s,unknown,unknown,,Unclassified failure,pending,,,pending,,,,,pending,,,pending,,,pending,,,
01909323_SIMPSON-VOORHEES 8_920732,s3://osu-well-records-225989338968/pdfs/ExportedFolderContents_1/1923/05 - May/01909323_SIMPSON-VOORHEES 8_920732.pdf,1,1923,05 - May,early,1920s,unknown,unknown,,Unclassified failure,pending,,,pending,,,,,pending,,,pending,,,pending,,,
01909554_SMALLWOOD FRAZIER 1_920742,s3://osu-well-records-225989338968/pdfs/ExportedFolderContents_1/1923/05 - May/01909554_SMALLWOOD FRAZIER 1_920742.pdf,1,1923,05 - May,early,1920s,unknown,unknown,,Unclassified failure,pending,,,pending,,,,,pending,,,pending,,,pending,,,
01909644_D FITZGERALD 2_920704,s3://osu-well-records-225989338968/pdfs/ExportedFolderContents_1/1923/05 - May/01909644_D FITZGERALD 2_920704.pdf,1,1923,05 - May,early,1920s,unknown,unknown,,Unclassified failure,pending,,,pending,,,,,pending,,,pending,,,pending,,,
01909655_FEE 3_920691,s3://osu-well-records-225989338968/pdfs/ExportedFolderContents_1/1923/05 - May/01909655_FEE 3_920691.pdf,1,1923,05 - May,early,1920s,unknown,unknown,,Unclassified failure,pending,,,pending,,,,,pending,,,pending,,,pending,,,
01909974_R W LAHMAN 1_920748,s3://osu-well-records-225989338968/pdfs/ExportedFolderContents_1/1923/05 - May/01909974_R W LAHMAN 1_920748.pdf,1,1923,05 - May,early,1920s,unknown,unknown,,Unclassified failure,pending,,,pending,,,,,pending,,,pending,,,pending,,,
01910358_B C RICKETS 1_920726,s3://osu-well-records-225989338968/pdfs/ExportedFolderContents_1/1923/05 - May/01910358_B C RICKETS 1_920726.pdf,1,1923,05 - May,early,1920s,unknown,unknown,,Unclassified failure,pending,,,pending,,,,,pending,,,pending,,,pending,,,
01910646_HEWITT WALKER 12_920756,s3://osu-well-records-225989338968/pdfs/ExportedFolderContents_1/1923/05 - May/01910646_HEWITT WALKER 12_920756.pdf,1,1923,05 - May,early,1920s,unknown,unknown,,Unclassified failure,pending,,,pending,,,,,pending,,,pending,,,pending,,,
01910657_WALKER VOORHEES 6_920724,s3://osu-well-records-225989338968/pdfs/ExportedFolderContents_1/1923/05 - May/01910657_WALKER VOORHEES 6_920724.pdf,1,1923,05 - May,early,1920s,unknown,unknown,,Unclassified failure,pending,,,pending,,,,,pending,,,pending,,,pending,,,
01911319_J H DILLARD 15_920791,s3://osu-well-records-225989338968/pdfs/ExportedFolderContents_1/1923/05 - May/01911319_J H DILLARD 15_920791.pdf,1,1923,05 - May,early,1920s,unknown,unknown,,Unclassified failure,pending,,,pending,,,,,pending,,,pending,,,pending,,,
01911403_J H DILLARD 76_920774,s3://osu-well-records-225989338968/pdfs/ExportedFolderContents_1/1923/05 - May/01911403_J H DILLARD 76_920774.pdf,1,1923,05 - May,early,1920s,unknown,unknown,,Unclassified failure,pending,,,pending,,,,,pending,,,pending,,,pending,,,
01911415_J H DILLARD 94_920712,s3://osu-well-records-225989338968/pdfs/ExportedFolderContents_1/1923/05 - May/01911415_J H DILLARD 94_920712.pdf,1,1923,05 - May,early,1920s,unknown,unknown,,Unclassified failure,pending,,,pending,,,,,pending,,,pending,,,pending,,,
01911509_L.J. WOODRUFF 22_920723,s3://osu-well-records-225989338968/pdfs/ExportedFolderContents_1/1923/05 - May/01911509_L.J. WOODRUFF 22_920723.pdf,1,1923,05 - May,early,1920s,unknown,unknown,,Unclassified failure,pending,,,pending,,,,,pending,,,pending,,,pending,,,
01911689_E NOBLE 5_920765,s3://osu-well-records-225989338968/pdfs/ExportedFolderContents_1/1923/05 - May/01911689_E NOBLE 5_920765.pdf,1,1923,05 - May,early,1920s,unknown,unknown,,Unclassified failure,pending,,,pending,,,,,pending,,,pending,,,pending,,,
01911765_EVA HEFNER 7_5842604,s3://osu-well-records-225989338968/pdfs/ExportedFolderContents_1/1923/05 - May/01911765_EVA HEFNER 7_5842604.pdf,1,1923,05 - May,early,1920s,unknown,unknown,,Unclassified failure,pending,,,pending,,,,,pending,,,pending,,,pending,,,
01911765_EVA HEFNER 7_920731,s3://osu-well-records-225989338968/pdfs/ExportedFolderContents_1/1923/05 - May/01911765_EVA HEFNER 7_920731.pdf,1,1923,05 - May,early,1920s,unknown,unknown,,Unclassified failure,pending,,,pending,,,,,pending,,,pending,,,pending,,,
01911879_DENNY B 7_920772,s3://osu-well-records-225989338968/pdfs/ExportedFolderContents_1/1923/05 - May/01911879_DENNY B 7_920772.pdf,1,1923,05 - May,early,1920s,unknown,unknown,,Unclassified failure,pending,,,pending,,,,,pending,,,pending,,,pending,,,
01912330_W FRANKLIN 12_920740,s3://osu-well-records-225989338968/pdfs/ExportedFolderContents_1/1923/05 - May/01912330_W FRANKLIN 12_920740.pdf,1,1923,05 - May,early,1920s,unknown,unknown,,Unclassified failure,pending,,,pending,,,,,pending,,,pending,,,pending,,,
01912543_S BAPTIST 15_516631,s3://osu-well-records-225989338968/pdfs/ExportedFolderContents_1/1923/05 - May/01912543_S BAPTIST 15_516631.pdf,1,1923,05 - May,early,1920s,unknown,unknown,,Unclassified failure,pending,,,pending,,,,,pending,,,pending,,,pending,,,
01912543_S BAPTIST 15_516632,s3://osu-well-records-225989338968/pdfs/ExportedFolderContents_1/1923/05 - May/01912543_S BAPTIST 15_516632.pdf,1,1923,05 - May,early,1920s,unknown,unknown,,Unclassified failure,pending,,,pending,,,,,pending,,,pending,,,pending,,,
01912544_S BAPTISTE 16_516643,s3://osu-well-records-225989338968/pdfs/ExportedFolderContents_1/1923/05 - May/01912544_S BAPTISTE 16_516643.pdf,1,1923,05 - May,early,1920s,unknown,unknown,,Unclassified failure,pending,,,pending,,,,,pending,,,pending,,,pending,,,
01912575_SALLIE MARRIS 2_516670,s3://osu-well-records-225989338968/pdfs/ExportedFolderContents_1/1923/05 - May/01912575_SALLIE MARRIS 2_516670.pdf,1,1923,05 - May,early,1920s,unknown,unknown,,Unclassified failure,pending,,,pending,,,,,pending,,,pending,,,pending,,,
01913593_HARMON 1_920746,s3://osu-well-records-225989338968/pdfs/ExportedFolderContents_1/1923/05 - May/01913593_HARMON 1_920746.pdf,1,1923,05 - May,early,1920s,unknown,unknown,,Unclassified failure,pending,,,pending,,,,,pending,,,pending,,,pending,,,
01913596_HARMON 5_920743,s3://osu-well-records-225989338968/pdfs/ExportedFolderContents_1/1923/05 - May/01913596_HARMON 5_920743.pdf,1,1923,05 - May,early,1920s,unknown,unknown,,Unclassified failure,pending,,,pending,,,,,pending,,,pending,,,pending,,,
01913597_W Y JACKSON 2_920705,s3://osu-well-records-225989338968/pdfs/ExportedFolderContents_1/1923/05 - May/01913597_W Y JACKSON 2_920705.pdf,1,1923,05 - May,early,1920s,unknown,unknown,,Unclassified failure,pending,,,pending,,,,,pending,,,pending,,,pending,,,
01913597_W Y JACKSON 2_920779,s3://osu-well-records-225989338968/pdfs/ExportedFolderContents_1/1923/05 - May/01913597_W Y JACKSON 2_920779.pdf,1,1923,05 - May,early,1920s,unknown,unknown,,Unclassified failure,pending,,,pending,,,,,pending,,,pending,,,pending,,,
01913683_W B JOHNSON 7_920693,s3://osu-well-records-225989338968/pdfs/ExportedFolderContents_1/1923/05 - May/01913683_W B JOHNSON 7_920693.pdf,1,1923,05 - May,early,1920s,unknown,unknown,,Unclassified failure,pending,,,pending,,,,,pending,,,pending,,,pending,,,
01914148_J.S. MULLEN 1_920690,s3://osu-well-records-225989338968/pdfs/ExportedFolderContents_1/1923/05 - May/01914148_J.S. MULLEN 1_920690.pdf,1,1923,05 - May,early,1920s,unknown,unknown,,Unclassified failure,pending,,,pending,,,,,pending,,,pending,,,pending,,,
01914235_BURROW 3_327457,s3://osu-well-records-225989338968/pdfs/ExportedFolderContents_1/1923/05 - May/01914235_BURROW 3_327457.pdf,1,1923,05 - May,early,1920s,unknown,unknown,,Unclassified failure,pending,,,pending,,,,,pending,,,pending,,,pending,,,
01976038_J H BENNETT 9_920760,s3://osu-well-records-225989338968/pdfs/ExportedFolderContents_1/1923/05 - May/01976038_J H BENNETT 9_920760.pdf,1,1923,05 - May,early,1920s,unknown,unknown,,Unclassified failure,pending,,,pending,,,,,pending,,,pending,,,pending,,,
03100270_VOGT 1_782340,s3://osu-well-records-225989338968/pdfs/ExportedFolderContents_1/1923/05 - May/03100270_VOGT 1_782340.pdf,1,1923,05 - May,early,1920s,unknown,unknown,,Unclassified failure,pending,,,pending,,,,,pending,,,pending,,,pending,,,
03303934_LOUIS WEST 1_516641,s3://osu-well-records-225989338968/pdfs/ExportedFolderContents_1/1923/05 - May/03303934_LOUIS WEST 1_516641.pdf,1,1923,05 - May,early,1920s,unknown,unknown,,Unclassified failure,pending,,,pending,,,,,pending,,,pending,,,pending,,,
03700570_JOE JOHNSON 1_1054658,s3://osu-well-records-225989338968/pdfs/ExportedFolderContents_1/1923/05 - May/03700570_JOE JOHNSON 1_1054658.pdf,1,1923,05 - May,early,1920s,unknown,unknown,,Unclassified failure,pending,,,pending,,,,,pending,,,pending,,,pending,,,
03700895_L CANADY 6_1054672,s3://osu-well-records-225989338968/pdfs/ExportedFolderContents_1/1923/05 - May/03700895_L CANADY 6_1054672.pdf,1,1923,05 - May,early,1920s,unknown,unknown,,Unclassified failure,pending,,,pending,,,,,pending,,,pending,,,pending,,,
03701820_THEO WATSON 1_1054657,s3://osu-well-records-225989338968/pdfs/ExportedFolderContents_1/1923/05 - May/03701820_THEO WATSON 1_1054657.pdf,1,1923,05 - May,early,1920s,unknown,unknown,,Unclassified failure,pending,,,pending,,,,,pending,,,pending,,,pending,,,
03702211_EDDIE PONDS 2_1054677,s3://osu-well-records-225989338968/pdfs/ExportedFolderContents_1/1923/05 - May/03702211_EDDIE PONDS 2_1054677.pdf,1,1923,05 - May,early,1920s,unknown,unknown,,Unclassified failure,pending,,,pending,,,,,pending,,,pending,,,pending,,,
03702331_FEE 1_1054637,s3://osu-well-records-225989338968/pdfs/ExportedFolderContents_1/1923/05 - May/03702331_FEE 1_1054637.pdf,1,1923,05 - May,early,1920s,unknown,unknown,,Unclassified failure,pending,,,pending,,,,,pending,,,pending,,,pending,,,
03702351A_KIZZIE BEAR 5_1753244,s3://osu-well-records-225989338968/pdfs/ExportedFolderContents_1/1923/05 - May/03702351A_KIZZIE BEAR 5_1753244.pdf,1,1923,05 - May,early,1920s,unknown,unknown,,Unclassified failure,pending,,,pending,,,,,pending,,,pending,,,pending,,,
03702351_KIZZIE BEAR 5_1054577,s3://osu-well-records-225989338968/pdfs/ExportedFolderContents_1/1923/05 - May/03702351_KIZZIE BEAR 5_1054577.pdf,1,1923,05 - May,early,1920s,unknown,unknown,,Unclassified failure,pending,,,pending,,,,,pending,,,pending,,,pending,,,
03702422_A WRIGHT 2_1054483,s3://osu-well-records-225989338968/pdfs/ExportedFolderContents_1/1923/05 - May/03702422_A WRIGHT 2_1054483.pdf,1,1923,05 - May,early,1920s,unknown,unknown,,Unclassified failure,pending,,,pending,,,,,pending,,,pending,,,pending,,,
03702423_A WRIGHT 3_1054691,s3://osu-well-records-225989338968/pdfs/ExportedFolderContents_1/1923/05 - May/03702423_A WRIGHT 3_1054691.pdf,1,1923,05 - May,early,1920s,unknown,unknown,,Unclassified failure,pending,,,pending,,,,,pending,,,pending,,,pending,,,
03702946_HARRY KERNAL A 1_1054610,s3://osu-well-records-225989338968/pdfs/ExportedFolderContents_1/1923/05 - May/03702946_HARRY KERNAL A 1_1054610.pdf,1,1923,05 - May,early,1920s,unknown,unknown,,Unclassified failure,pending,,,pending,,,,,pending,,,pending,,,pending,,,
03702958_MITCHELL 1_1054504,s3://osu-well-records-225989338968/pdfs/ExportedFolderContents_1/1923/05 - May/03702958_MITCHELL 1_1054504.pdf,1,1923,05 - May,early,1920s,unknown,unknown,,Unclassified failure,pending,,,pending,,,,,pending,,,pending,,,pending,,,
03703555_MUNNIE BEAR 5_1054490,s3://osu-well-records-225989338968/pdfs/ExportedFolderContents_1/1923/05 - May/03703555_MUNNIE BEAR 5_1054490.pdf,1,1923,05 - May,early,1920s,unknown,unknown,,Unclassified failure,pending,,,pending,,,,,pending,,,pending,,,pending,,,
03703814_HATTIE ROBERTS 3_1054822,s3://osu-well-records-225989338968/pdfs/ExportedFolderContents_1/1923/05 - May/03703814_HATTIE ROBERTS 3_1054822.pdf,1,1923,05 - May,early,1920s,unknown,unknown,,Unclassified failure,pending,,,pending,,,,,pending,,,pending,,,pending,,,
03703927_COONROD 3_1054746,s3://osu-well-records-225989338968/pdfs/ExportedFolderContents_1/1923/05 - May/03703927_COONROD 3_1054746.pdf,1,1923,05 - May,early,1920s,unknown,unknown,,Unclassified failure,pending,,,pending,,,,,pending,,,pending,,,pending,,,
03704045_LIZZIE STARR 2_1054437,s3://osu-well-records-225989338968/pdfs/ExportedFolderContents_1/1923/05 - May/03704045_LIZZIE STARR 2_1054437.pdf,1,1923,05 - May,early,1920s,unknown,unknown,,Unclassified failure,pending,,,pending,,,,,pending,,,pending,,,pending,,,
03704192_LUCIEN TIGER 8_1054484,s3://osu-well-records-225989338968/pdfs/ExportedFolderContents_1/1923/05 - May/03704192_LUCIEN TIGER 8_1054484.pdf,1,1923,05 - May,early,1920s,unknown,unknown,,Unclassified failure,pending,,,pending,,,,,pending,,,pending,,,pending,,,
03704215_CLINTON 1_1054684,s3://osu-well-records-225989338968/pdfs/ExportedFolderContents_1/1923/05 - May/03704215_CLINTON 1_1054684.pdf,1,1923,05 - May,early,1920s,unknown,unknown,,Unclassified failure,pending,,,pending,,,,,pending,,,pending,,,pending,,,
03704230_BIGPOND 1_1054717,s3://osu-well-records-225989338968/pdfs/ExportedFolderContents_1/1923/05 - May/03704230_BIGPOND 1_1054717.pdf,1,1923,05 - May,early,1920s,unknown,unknown,,Unclassified failure,pending,,,pending,,,,,pending,,,pending,,,pending,,,
03704233_A HILL 1_1054625,s3://osu-well-records-225989338968/pdfs/ExportedFolderContents_1/1923/05 - May/03704233_A HILL 1_1054625.pdf,1,1923,05 - May,early,1920s,unknown,unknown,,Unclassified failure,pending,,,pending,,,,,pending,,,pending,,,pending,,,
03704344_MICCO-LEWIS 2_1054566,s3://osu-well-records-225989338968/pdfs/ExportedFolderContents_1/1923/05 - May/03704344_MICCO-LEWIS 2_1054566.pdf,1,1923,05 - May,early,1920s,unknown,unknown,,Unclassified failure,pending,,,pending,,,,,pending,,,pending,,,pending,,,
03704599_TONEY 10_1054582,s3://osu-well-records-225989338968/pdfs/ExportedFolderContents_1/1923/05 - May/03704599_TONEY 10_1054582.pdf,1,1923,05 - May,early,1920s,unknown,unknown,,Unclassified failure,pending,,,pending,,,,,pending,,,pending,,,pending,,,
03704666_BORDERS 1_1054722,s3://osu-well-records-225989338968/pdfs/ExportedFolderContents_1/1923/05 - May/03704666_BORDERS 1_1054722.pdf,1,1923,05 - May,early,1920s,unknown,unknown,,Unclassified failure,pending,,,pending,,,,,pending,,,pending,,,pending,,,
03705297_SAMANTHA POST 6_1054503,s3://osu-well-records-225989338968/pdfs/ExportedFolderContents_1/1923/05 - May/03705297_SAMANTHA POST 6_1054503.pdf,1,1923,05 - May,early,1920s,unknown,unknown,,Unclassified failure,pending,,,pending,,,,,pending,,,pending,,,pending,,,
03705298_SAMANTHA POST 5_1054494,s3://osu-well-records-225989338968/pdfs/ExportedFolderContents_1/1923/05 - May/03705298_SAMANTHA POST 5_1054494.pdf,1,1923,05 - May,early,1920s,unknown,unknown,,Unclassified failure,pending,,,pending,,,,,pending,,,pending,,,pending,,,
03705327_ROBERT LEROY ANSIEL 3_1054821,s3://osu-well-records-225989338968/pdfs/ExportedFolderContents_1/1923/05 - May/03705327_ROBERT LEROY ANSIEL 3_1054821.pdf,1,1923,05 - May,early,1920s,unknown,unknown,,Unclassified failure,pending,,,pending,,,,,pending,,,pending,,,pending,,,
03705328_ROBERT LEROY ANSIEL 2_1054600,s3://osu-well-records-225989338968/pdfs/ExportedFolderContents_1/1923/05 - May/03705328_ROBERT LEROY ANSIEL 2_1054600.pdf,1,1923,05 - May,early,1920s,unknown,unknown,,Unclassified failure,pending,,,pending,,,,,pending,,,pending,,,pending,,,
03706757_BIGPOND 4_1054681,s3://osu-well-records-225989338968/pdfs/ExportedFolderContents_1/1923/05 - May/03706757_BIGPOND 4_1054681.pdf,1,1923,05 - May,early,1920s,unknown,unknown,,Unclassified failure,pending,,,pending,,,,,pending,,,pending,,,pending,,,
03707280_BROADNAX 1_1054457,s3://osu-well-records-225989338968/pdfs/ExportedFolderContents_1/1923/05 - May/03707280_BROADNAX 1_1054457.pdf,1,1923,05 - May,early,1920s,unknown,unknown,,Unclassified failure,pending,,,pending,,,,,pending,,,pending,,,pending,,,
03707285_L CANADY 5_1054473,s3://osu-well-records-225989338968/pdfs/ExportedFolderContents_1/1923/05 - May/03707285_L CANADY 5_1054473.pdf,1,1923,05 - May,early,1920s,unknown,unknown,,Unclassified failure,pending,,,pending,,,,,pending,,,pending,,,pending,,,
03707286_L CANADY 4_1054541,s3://osu-well-records-225989338968/pdfs/ExportedFolderContents_1/1923/05 - May/03707286_L CANADY 4_1054541.pdf,1,1923,05 - May,early,1920s,unknown,unknown,,Unclassified failure,pending,,,pending,,,,,pending,,,pending,,,pending,,,
03707336_WILLS 2_1054599,s3://osu-well-records-225989338968/pdfs/ExportedFolderContents_1/1923/05 - May/03707336_WILLS 2_1054599.pdf,1,1923,05 - May,early,1920s,unknown,unknown,,Unclassified failure,pending,,,pending,,,,,pending,,,pending,,,pending,,,
03707336_WILLS 2_1054608,s3://osu-well-records-225989338968/pdfs/ExportedFolderContents_1/1923/05 - May/03707336_WILLS 2_1054608.pdf,1,1923,05 - May,early,1920s,unknown,unknown,,Unclassified failure,pending,,,pending,,,,,pending,,,pending,,,pending,,,
03707436_HAMILTON 2_1054467,s3://osu-well-records-225989338968/pdfs/ExportedFolderContents_1/1923/05 - May/03707436_HAMILTON 2_1054467.pdf,1,1923,05 - May,early,1920s,unknown,unknown,,Unclassified failure,pending,,,pending,,,,,pending,,,pending,,,pending,,,
03707631_No Data_1054833,s3://osu-well-records-225989338968/pdfs/ExportedFolderContents_1/1923/05 - May/03707631_No Data_1054833.pdf,1,1923,05 - May,early,1920s,unknown,unknown,,Unclassified failure,pending,,,pending,,,,,pending,,,pending,,,pending,,,
03708601_MAXWELL 1_5769284,s3://osu-well-records-225989338968/pdfs/ExportedFolderContents_1/1923/05 - May/03708601_MAXWELL 1_5769284.pdf,1,1923,05 - May,early,1920s,unknown,unknown,,Unclassified failure,pending,,,pending,,,,,pending,,,pending,,,pending,,,
03712148_M HARJOCHE 2_1054586,s3://osu-well-records-225989338968/pdfs/ExportedFolderContents_1/1923/05 - May/03712148_M HARJOCHE 2_1054586.pdf,1,1923,05 - May,early,1920s,unknown,unknown,,Unclassified failure,pending,,,pending,,,,,pending,,,pending,,,pending,,,
03713500_P. MILLER_1054728,s3://osu-well-records-225989338968/pdfs/ExportedFolderContents_1/1923/05 - May/03713500_P. MILLER_1054728.pdf,1,1923,05 - May,early,1920s,unknown,unknown,,Unclassified failure,pending,,,pending,,,,,pending,,,pending,,,pending,,,
03714417_H MCKELLOP 1_1054838,s3://osu-well-records-225989338968/pdfs/ExportedFolderContents_1/1923/05 - May/03714417_H MCKELLOP 1_1054838.pdf,1,1923,05 - May,early,1920s,unknown,unknown,,Unclassified failure,pending,,,pending,,,,,pending,,,pending,,,pending,,,
03715003_L PINEHILL 1_1054614,s3://osu-well-records-225989338968/pdfs/ExportedFolderContents_1/1923/05 - May/03715003_L PINEHILL 1_1054614.pdf,1,1923,05 - May,early,1920s,unknown,unknown,,Unclassified failure,pending,,,pending,,,,,pending,,,pending,,,pending,,,
03715730_BUCKTROT 1_1054631,s3://osu-well-records-225989338968/pdfs/ExportedFolderContents_1/1923/05 - May/03715730_BUCKTROT 1_1054631.pdf,1,1923,05 - May,early,1920s,unknown,unknown,,Unclassified failure,pending,,,pending,,,,,pending,,,pending,,,pending,,,
03715730_BUCKTROT 1_1054634,s3://osu-well-records-225989338968/pdfs/ExportedFolderContents_1/1923/05 - May/03715730_BUCKTROT 1_1054634.pdf,1,1923,05 - May,early,1920s,unknown,unknown,,Unclassified failure,pending,,,pending,,,,,pending,,,pending,,,pending,,,
03716011_L MANUEL 1_1054476,s3://osu-well-records-225989338968/pdfs/ExportedFolderContents_1/1923/05 - May/03716011_L MANUEL 1_1054476.pdf,1,1923,05 - May,early,1920s,unknown,unknown,,Unclassified failure,pending,,,pending,,,,,pending,,,pending,,,pending,,,
03716013_LUTHER MANUEL 3_1054816,s3://osu-well-records-225989338968/pdfs/ExportedFolderContents_1/1923/05 - May/03716013_LUTHER MANUEL 3_1054816.pdf,1,1923,05 - May,early,1920s,unknown,unknown,,Unclassified failure,pending,,,pending,,,,,pending,,,pending,,,pending,,,
03717044_EXIE FIFE 15_1054560,s3://osu-well-records-225989338968/pdfs/ExportedFolderContents_1/1923/05 - May/03717044_EXIE FIFE 15_1054560.pdf,1,1923,05 - May,early,1920s,unknown,unknown,,Unclassified failure,pending,,,pending,,,,,pending,,,pending,,,pending,,,
03718415_A A HAMMER 5_1054865,s3://osu-well-records-225989338968/pdfs/ExportedFolderContents_1/1923/05 - May/03718415_A A HAMMER 5_1054865.pdf,1,1923,05 - May,early,1920s,unknown,unknown,,Unclassified failure,pending,,,pending,,,,,pending,,,pending,,,pending,,,
03735803_SAM VANCE 15_1054870,s3://osu-well-records-225989338968/pdfs/ExportedFolderContents_1/1923/05 - May/03735803_SAM VANCE 15_1054870.pdf,1,1923,05 - May,early,1920s,unknown,unknown,,Unclassified failure,pending,,,pending,,,,,pending,,,pending,,,pending,,,
04702087_R M HARTLEY 16_1539520,s3://osu-well-records-225989338968/pdfs/ExportedFolderContents_1/1923/05 - May/04702087_R M HARTLEY 16_1539520.pdf,1,1923,05 - May,early,1920s,unknown,unknown,,Unclassified failure,pending,,,pending,,,,,pending,,,pending,,,pending,,,
04702125_WALKER SOUTH 21_1539489,s3://osu-well-records-225989338968/pdfs/ExportedFolderContents_1/1923/05 - May/04702125_WALKER SOUTH 21_1539489.pdf,1,1923,05 - May,early,1920s,unknown,unknown,,Unclassified failure,pending,,,pending,,,,,pending,,,pending,,,pending,,,
04702439_W WINDLER 8_1539472,s3://osu-well-records-225989338968/pdfs/ExportedFolderContents_1/1923/05 - May/04702439_W WINDLER 8_1539472.pdf,1,1923,05 - May,early,1920s,unknown,unknown,,Unclassified failure,pending,,,pending,,,,,pending,,,pending,,,pending,,,
04702770_BELVEAL 22_1539431,s3://osu-well-records-225989338968/pdfs/ExportedFolderContents_1/1923/05 - May/04702770_BELVEAL 22_1539431.pdf,1,1923,05 - May,early,1920s,unknown,unknown,,Unclassified failure,pending,,,pending,,,,,pending,,,pending,,,pending,,,
04702987_CROOK 1_1539515,s3://osu-well-records-225989338968/pdfs/ExportedFolderContents_1/1923/05 - May/04702987_CROOK 1_1539515.pdf,1,1923,05 - May,early,1920s,unknown,unknown,,Unclassified failure,pending,,,pending,,,,,pending,,,pending,,,pending,,,
04703044_D METSCHER 13_1539473,s3://osu-well-records-225989338968/pdfs/ExportedFolderContents_1/1923/05 - May/04703044_D METSCHER 13_1539473.pdf,1,1923,05 - May,early,1920s,unknown,unknown,,Unclassified failure,pending,,,pending,,,,,pending,,,pending,,,pending,,,
04703075_REIGER 1_1539423,s3://osu-well-records-225989338968/pdfs/ExportedFolderContents_1/1923/05 - May/04703075_REIGER 1_1539423.pdf,1,1923,05 - May,early,1920s,unknown,unknown,,Unclassified failure,pending,,,pending,,,,,pending,,,pending,,,pending,,,
04703077_J REIGER 1-B_1539427,s3://osu-well-records-225989338968/pdfs/ExportedFolderContents_1/1923/05 - May/04703077_J REIGER 1-B_1539427.pdf,1,1923,05 - May,early,1920s,unknown,unknown,,Unclassified failure,pending,,,pending,,,,,pending,,,pending,,,pending,,,
04703079_J RIEGER 3_1539506,s3://osu-well-records-225989338968/pdfs/ExportedFolderContents_1/1923/05 - May/04703079_J RIEGER 3_1539506.pdf,1,1923,05 - May,early,1920s,unknown,unknown,,Unclassified failure,pending,,,pending,,,,,pending,,,pending,,,pending,,,
04900671_W J GOOD 2_782309,s3://osu-well-records-225989338968/pdfs/ExportedFolderContents_1/1923/05 - May/04900671_W J GOOD 2_782309.pdf,1,1923,05 - May,early,1920s,unknown,unknown,,Unclassified failure,pending,,,pending,,,,,pending,,,pending,,,pending,,,
04900691_ELLA COOK 1_844547,s3://osu-well-records-225989338968/pdfs/ExportedFolderContents_1/1923/05 - May/04900691_ELLA COOK 1_844547.pdf,1,1923,05 - May,early,1920s,unknown,unknown,,Unclassified failure,pending,,,pending,,,,,pending,,,pending,,,pending,,,
04901028_R J MAULDIN B-11_782320,s3://osu-well-records-225989338968/pdfs/ExportedFolderContents_1/1923/05 - May/04901028_R J MAULDIN B-11_782320.pdf,1,1923,05 - May,early,1920s,unknown,unknown,,Unclassified failure,pending,,,pending,,,,,pending,,,pending,,,pending,,,
04901059_JOHN & LULA JAMES 4_782324,s3://osu-well-records-225989338968/pdfs/ExportedFolderContents_1/1923/05 - May/04901059_JOHN & LULA JAMES 4_782324.pdf,1,1923,05 - May,early,1920s,unknown,unknown,,Unclassified failure,pending,,,pending,,,,,pending,,,pending,,,pending,,,
04901154_TOM PERNELL ACCOUNT 2 2_782344,s3://osu-well-records-225989338968/pdfs/ExportedFolderContents_1/1923/05 - May/04901154_TOM PERNELL ACCOUNT 2 2_782344.pdf,1,1923,05 - May,early,1920s,unknown,unknown,,Unclassified failure,pending,,,pending,,,,,pending,,,pending,,,pending,,,
04901226_CANTWELL1_782336,s3://osu-well-records-225989338968/pdfs/ExportedFolderContents_1/1923/05 - May/04901226_CANTWELL1_782336.pdf,1,1923,05 - May,early,1920s,unknown,unknown,,Unclassified failure,pending,,,pending,,,,,pending,,,pending,,,pending,,,
04935408_S H COWAN 20_782335,s3://osu-well-records-225989338968/pdfs/ExportedFolderContents_1/1923/05 - May/04935408_S H COWAN 20_782335.pdf,1,1923,05 - May,early,1920s,unknown,unknown,,Unclassified failure,pending,,,pending,,,,,pending,,,pending,,,pending,,,
04935453_FITZGERALD 4_782318,s3://osu-well-records-225989338968/pdfs/ExportedFolderContents_1/1923/05 - May/04935453_FITZGERALD 4_782318.pdf,1,1923,05 - May,early,1920s,unknown,unknown,,Unclassified failure,pending,,,pending,,,,,pending,,,pending,,,pending,,,
04935478_HART NEWBERRY 6_782333,s3://osu-well-records-225989338968/pdfs/ExportedFolderContents_1/1923/05 - May/04935478_HART NEWBERRY 6_782333.pdf,1,1923,05 - May,early,1920s,unknown,unknown,,Unclassified failure,pending,,,pending,,,,,pending,,,pending,,,pending,,,
04935486_WILLIE NEWBERRY 6_782322,s3://osu-well-records-225989338968/pdfs/ExportedFolderContents_1/1923/05 - May/04935486_WILLIE NEWBERRY 6_782322.pdf,1,1923,05 - May,early,1920s,unknown,unknown,,Unclassified failure,pending,,,pending,,,,,pending,,,pending,,,pending,,,
04935497_MOLLIE NEWBERRY 1_782313,s3://osu-well-records-225989338968/pdfs/ExportedFolderContents_1/1923/05 - May/04935497_MOLLIE NEWBERRY 1_782313.pdf,1,1923,05 - May,early,1920s,unknown,unknown,,Unclassified failure,pending,,,pending,,,,,pending,,,pending,,,pending,,,
04935566_LULA JAMES 3_782307,s3://osu-well-records-225989338968/pdfs/ExportedFolderContents_1/1923/05 - May/04935566_LULA JAMES 3_782307.pdf,1,1923,05 - May,early,1920s,unknown,unknown,,Unclassified failure,pending,,,pending,,,,,pending,,,pending,,,pending,,,
04936354_ZARA GANN 2_782321,s3://osu-well-records-225989338968/pdfs/ExportedFolderContents_1/1923/05 - May/04936354_ZARA GANN 2_782321.pdf,1,1923,05 - May,early,1920s,unknown,unknown,,Unclassified failure,pending,,,pending,,,,,pending,,,pending,,,pending,,,
04936386_ALLIE VAN HOOZER 1_782334,s3://osu-well-records-225989338968/pdfs/ExportedFolderContents_1/1923/05 - May/04936386_ALLIE VAN HOOZER 1_782334.pdf,1,1923,05 - May,early,1920s,unknown,unknown,,Unclassified failure,pending,,,pending,,,,,pending,,,pending,,,pending,,,
05100664_PETTIT 1_782316,s3://osu-well-records-225989338968/pdfs/ExportedFolderContents_1/1923/05 - May/05100664_PETTIT 1_782316.pdf,1,1923,05 - May,early,1920s,unknown,unknown,,Unclassified failure,pending,,,pending,,,,,pending,,,pending,,,pending,,,
05135790_MOSS 1_782337,s3://osu-well-records-225989338968/pdfs/ExportedFolderContents_1/1923/05 - May/05135790_MOSS 1_782337.pdf,1,1923,05 - May,early,1920s,unknown,unknown,,Unclassified failure,pending,,,pending,,,,,pending,,,pending,,,pending,,,
05135890_D H COX 1_782327,s3://osu-well-records-225989338968/pdfs/ExportedFolderContents_1/1923/05 - May/05135890_D H COX 1_782327.pdf,1,1923,05 - May,early,1920s,unknown,unknown,,Unclassified failure,pending,,,pending,,,,,pending,,,pending,,,pending,,,
05300363_MARTIN (MARTIN-REYNOLDS) 2_1539447,s3://osu-well-records-225989338968/pdfs/ExportedFolderContents_1/1923/05 - May/05300363_MARTIN (MARTIN-REYNOLDS) 2_1539447.pdf,1,1923,05 - May,early,1920s,unknown,unknown,,Unclassified failure,pending,,,pending,,,,,pending,,,pending,,,pending,,,
05301448_GEORGE T BOBBITT 1_1539457,s3://osu-well-records-225989338968/pdfs/ExportedFolderContents_1/1923/05 - May/05301448_GEORGE T BOBBITT 1_1539457.pdf,1,1923,05 - May,early,1920s,unknown,unknown,,Unclassified failure,pending,,,pending,,,,,pending,,,pending,,,pending,,,
06303167_WESLEY 1_1054487,s3://osu-well-records-225989338968/pdfs/ExportedFolderContents_1/1923/05 - May/06303167_WESLEY 1_1054487.pdf,1,1923,05 - May,early,1920s,unknown,unknown,,Unclassified failure,pending,,,pending,,,,,pending,,,pending,,,pending,,,
06303167_WESLEY 1_589594,s3://osu-well-records-225989338968/pdfs/ExportedFolderContents_1/1923/05 - May/06303167_WESLEY 1_589594.pdf,1,1923,05 - May,early,1920s,unknown,unknown,,Unclassified failure,pending,,,pending,,,,,pending,,,pending,,,pending,,,
06303905_S P EDDY 2_1054492,s3://osu-well-records-225989338968/pdfs/ExportedFolderContents_1/1923/05 - May/06303905_S P EDDY 2_1054492.pdf,1,1923,05 - May,early,1920s,unknown,unknown,,Unclassified failure,pending,,,pending,,,,,pending,,,pending,,,pending,,,
06303905_S P EDDY 2_589595,s3://osu-well-records-225989338968/pdfs/ExportedFolderContents_1/1923/05 - May/06303905_S P EDDY 2_589595.pdf,1,1923,05 - May,early,1920s,unknown,unknown,,Unclassified failure,pending,,,pending,,,,,pending,,,pending,,,pending,,,
06303907_AMOS KING 1_1054509,s3://osu-well-records-225989338968/pdfs/ExportedFolderContents_1/1923/05 - May/06303907_AMOS KING 1_1054509.pdf,1,1923,05 - May,early,1920s,unknown,unknown,,Unclassified failure,pending,,,pending,,,,,pending,,,pending,,,pending,,,
06303907_AMOS KING 1_589599,s3://osu-well-records-225989338968/pdfs/ExportedFolderContents_1/1923/05 - May/06303907_AMOS KING 1_589599.pdf,1,1923,05 - May,early,1920s,unknown,unknown,,Unclassified failure,pending,,,pending,,,,,pending,,,pending,,,pending,,,
06304063_MARTHA E GREGORY D 1_589608,s3://osu-well-records-225989338968/pdfs/ExportedFolderContents_1/1923/05 - May/06304063_MARTHA E GREGORY D 1_589608.pdf,1,1923,05 - May,early,1920s,unknown,unknown,,Unclassified failure,pending,,,pending,,,,,pending,,,pending,,,pending,,,
06304419_K HULLY 3_589590,s3://osu-well-records-225989338968/pdfs/ExportedFolderContents_1/1923/05 - May/06304419_K HULLY 3_589590.pdf,1,1923,05 - May,early,1920s,unknown,unknown,,Unclassified failure,pending,,,pending,,,,,pending,,,pending,,,pending,,,
07102579_ROBERT SANDS 1_1054791,s3://osu-well-records-225989338968/pdfs/ExportedFolderContents_1/1923/05 - May/07102579_ROBERT SANDS 1_1054791.pdf,1,1923,05 - May,early,1920s,unknown,unknown,,Unclassified failure,pending,,,pending,,,,,pending,,,pending,,,pending,,,
07102579_ROBERT SANDS 1_1415062,s3://osu-well-records-225989338968/pdfs/ExportedFolderContents_1/1923/05 - May/07102579_ROBERT SANDS 1_1415062.pdf,1,1923,05 - May,early,1920s,unknown,unknown,,Unclassified failure,pending,,,pending,,,,,pending,,,pending,,,pending,,,
07103082_R H RHOADS 1_1054841,s3://osu-well-records-225989338968/pdfs/ExportedFolderContents_1/1923/05 - May/07103082_R H RHOADS 1_1054841.pdf,1,1923,05 - May,early,1920s,unknown,unknown,,Unclassified failure,pending,,,pending,,,,,pending,,,pending,,,pending,,,
07103112_R SANDS 1_1054745,s3://osu-well-records-225989338968/pdfs/ExportedFolderContents_1/1923/05 - May/07103112_R SANDS 1_1054745.pdf,1,1923,05 - May,early,1920s,unknown,unknown,,Unclassified failure,pending,,,pending,,,,,pending,,,pending,,,pending,,,
07103131_H BARNUM 1_1054705,s3://osu-well-records-225989338968/pdfs/ExportedFolderContents_1/1923/05 - May/07103131_H BARNUM 1_1054705.pdf,1,1923,05 - May,early,1920s,unknown,unknown,,Unclassified failure,pending,,,pending,,,,,pending,,,pending,,,pending,,,
07103131_H BARNUM 1_1415024,s3://osu-well-records-225989338968/pdfs/ExportedFolderContents_1/1923/05 - May/07103131_H BARNUM 1_1415024.pdf,1,1923,05 - May,early,1920s,unknown,unknown,,Unclassified failure,pending,,,pending,,,,,pending,,,pending,,,pending,,,
07103519_HANSZ 1_1414936,s3://osu-well-records-225989338968/pdfs/ExportedFolderContents_1/1923/05 - May/07103519_HANSZ 1_1414936.pdf,1,1923,05 - May,early,1920s,unknown,unknown,,Unclassified failure,pending,,,pending,,,,,pending,,,pending,,,pending,,,
07103642_PRATT 8_1414884,s3://osu-well-records-225989338968/pdfs/ExportedFolderContents_1/1923/05 - May/07103642_PRATT 8_1414884.pdf,1,1923,05 - May,early,1920s,unknown,unknown,,Unclassified failure,pending,,,pending,,,,,pending,,,pending,,,pending,,,
07103863_R J SUITER 1_1539494,s3://osu-well-records-225989338968/pdfs/ExportedFolderContents_1/1923/05 - May/07103863_R J SUITER 1_1539494.pdf,1,1923,05 - May,early,1920s,unknown,unknown,,Unclassified failure,pending,,,pending,,,,,pending,,,pending,,,pending,,,
07103930_SCHOOL LAND 21 1-A_1539452,s3://osu-well-records-225989338968/pdfs/ExportedFolderContents_1/1923/05 - May/07103930_SCHOOL LAND 21 1-A_1539452.pdf,1,1923,05 - May,early,1920s,unknown,unknown,,Unclassified failure,pending,,,pending,,,,,pending,,,pending,,,pending,,,
07103935_SCHOOL LAND 21 5_1539451,s3://osu-well-records-225989338968/pdfs/ExportedFolderContents_1/1923/05 - May/07103935_SCHOOL LAND 21 5_1539451.pdf,1,1923,05 - May,early,1920s,unknown,unknown,,Unclassified failure,pending,,,pending,,,,,pending,,,pending,,,pending,,,
07103936_SCHOOL LAND 21 6_1539443,s3://osu-well-records-225989338968/pdfs/ExportedFolderContents_1/1923/05 - May/07103936_SCHOOL LAND 21 6_1539443.pdf,1,1923,05 - May,early,1920s,unknown,unknown,,Unclassified failure,pending,,,pending,,,,,pending,,,pending,,,pending,,,
07103954_C W GOLTRY 8_1539488,s3://osu-well-records-225989338968/pdfs/ExportedFolderContents_1/1923/05 - May/07103954_C W GOLTRY 8_1539488.pdf,1,1923,05 - May,early,1920s,unknown,unknown,,Unclassified failure,pending,,,pending,,,,,pending,,,pending,,,pending,,,
07103955_C W GOLTRY 9_1539414,s3://osu-well-records-225989338968/pdfs/ExportedFolderContents_1/1923/05 - May/07103955_C W GOLTRY 9_1539414.pdf,1,1923,05 - May,early,1920s,unknown,unknown,,Unclassified failure,pending,,,pending,,,,,pending,,,pending,,,pending,,,
07103959_C W GOLTRY 13_1539481,s3://osu-well-records-225989338968/pdfs/ExportedFolderContents_1/1923/05 - May/07103959_C W GOLTRY 13_1539481.pdf,1,1923,05 - May,early,1920s,unknown,unknown,,Unclassified failure,pending,,,pending,,,,,pending,,,pending,,,pending,,,
07103960_C W GOLTRY 14_1539462,s3://osu-well-records-225989338968/pdfs/ExportedFolderContents_1/1923/05 - May/07103960_C W GOLTRY 14_1539462.pdf,1,1923,05 - May,early,1920s,unknown,unknown,,Unclassified failure,pending,,,pending,,,,,pending,,,pending,,,pending,,,
07103963_C W GOLTRY 17_1539514,s3://osu-well-records-225989338968/pdfs/ExportedFolderContents_1/1923/05 - May/07103963_C W GOLTRY 17_1539514.pdf,1,1923,05 - May,early,1920s,unknown,unknown,,Unclassified failure,pending,,,pending,,,,,pending,,,pending,,,pending,,,
07103970_C W GOLTRY 22_1539471,s3://osu-well-records-225989338968/pdfs/ExportedFolderContents_1/1923/05 - May/07103970_C W GOLTRY 22_1539471.pdf,1,1923,05 - May,early,1920s,unknown,unknown,,Unclassified failure,pending,,,pending,,,,,pending,,,pending,,,pending,,,
07103995_MCDANIELS 3-A_1539465,s3://osu-well-records-225989338968/pdfs/ExportedFolderContents_1/1923/05 - May/07103995_MCDANIELS 3-A_1539465.pdf,1,1923,05 - May,early,1920s,unknown,unknown,,Unclassified failure,pending,,,pending,,,,,pending,,,pending,,,pending,,,
07104002_MCDANIEL 5_1539512,s3://osu-well-records-225989338968/pdfs/ExportedFolderContents_1/1923/05 - May/07104002_MCDANIEL 5_1539512.pdf,1,1923,05 - May,early,1920s,unknown,unknown,,Unclassified failure,pending,,,pending,,,,,pending,,,pending,,,pending,,,
07104005_MCDANIEL 7_1539436,s3://osu-well-records-225989338968/pdfs/ExportedFolderContents_1/1923/05 - May/07104005_MCDANIEL 7_1539436.pdf,1,1923,05 - May,early,1920s,unknown,unknown,,Unclassified failure,pending,,,pending,,,,,pending,,,pending,,,pending,,,
07104012_BEVERLIN 1-B_1539496,s3://osu-well-records-225989338968/pdfs/ExportedFolderContents_1/1923/05 - May/07104012_BEVERLIN 1-B_1539496.pdf,1,1923,05 - May,early,1920s,unknown,unknown,,Unclassified failure,pending,,,pending,,,,,pending,,,pending,,,pending,,,
07104015_F BEVERLIN 2-A_1539418,s3://osu-well-records-225989338968/pdfs/ExportedFolderContents_1/1923/05 - May/07104015_F BEVERLIN 2-A_1539418.pdf,1,1923,05 - May,early,1920s,unknown,unknown,,Unclassified failure,pending,,,pending,,,,,pending,,,pending,,,pending,,,
07104019_BEVERLIN 3-A_1539470,s3://osu-well-records-225989338968/pdfs/ExportedFolderContents_1/1923/05 - May/07104019_BEVERLIN 3-A_1539470.pdf,1,1923,05 - May,early,1920s,unknown,unknown,,Unclassified failure,pending,,,pending,,,,,pending,,,pending,,,pending,,,
07104023_F BEVERLIN 4-A_1539422,s3://osu-well-records-225989338968/pdfs/ExportedFolderContents_1/1923/05 - May/07104023_F BEVERLIN 4-A_1539422.pdf,1,1923,05 - May,early,1920s,unknown,unknown,,Unclassified failure,pending,,,pending,,,,,pending,,,pending,,,pending,,,
07104027_BEVERLIN 5-A_1539508,s3://osu-well-records-225989338968/pdfs/ExportedFolderContents_1/1923/05 - May/07104027_BEVERLIN 5-A_1539508.pdf,1,1923,05 - May,early,1920s,unknown,unknown,,Unclassified failure,pending,,,pending,,,,,pending,,,pending,,,pending,,,
07104077_C ENDICOTT 1-A_1539415,s3://osu-well-records-225989338968/pdfs/ExportedFolderContents_1/1923/05 - May/07104077_C ENDICOTT 1-A_1539415.pdf,1,1923,05 - May,early,1920s,unknown,unknown,,Unclassified failure,pending,,,pending,,,,,pending,,,pending,,,pending,,,
07104080_C C ENDICOTT 1 1_2_1539430,s3://osu-well-records-225989338968/pdfs/ExportedFolderContents_1/1923/05 - May/07104080_C C ENDICOTT 1 1_2_1539430.pdf,1,1923,05 - May,early,1920s,unknown,unknown,,Unclassified failure,pending,,,pending,,,,,pending,,,pending,,,pending,,,
07104083_C C ENDICOTT 2-B_1539467,s3://osu-well-records-225989338968/pdfs/ExportedFolderContents_1/1923/05 - May/07104083_C C ENDICOTT 2-B_1539467.pdf,1,1923,05 - May,early,1920s,unknown,unknown,,Unclassified failure,pending,,,pending,,,,,pending,,,pending,,,pending,,,
07104095_C C ENDICOTT 5-A_1539513,s3://osu-well-records-225989338968/pdfs/ExportedFolderContents_1/1923/05 - May/07104095_C C ENDICOTT 5-A_1539513.pdf,1,1923,05 - May,early,1920s,unknown,unknown,,Unclassified failure,pending,,,pending,,,,,pending,,,pending,,,pending,,,
07104116_C C ENDICOTT 1-A_1539442,s3://osu-well-records-225989338968/pdfs/ExportedFolderContents_1/1923/05 - May/07104116_C C ENDICOTT 1-A_1539442.pdf,1,1923,05 - May,early,1920s,unknown,unknown,,Unclassified failure,pending,,,pending,,,,,pending,,,pending,,,pending,,,
07104129_C C ENDICOTT 4_1539498,s3://osu-well-records-225989338968/pdfs/ExportedFolderContents_1/1923/05 - May/07104129_C C ENDICOTT 4_1539498.pdf,1,1923,05 - May,early,1920s,unknown,unknown,,Unclassified failure,pending,,,pending,,,,,pending,,,pending,,,pending,,,
07104136_C C ENDICOTT 5-B_1539492,s3://osu-well-records-225989338968/pdfs/ExportedFolderContents_1/1923/05 - May/07104136_C C ENDICOTT 5-B_1539492.pdf,1,1923,05 - May,early,1920s,unknown,unknown,,Unclassified failure,pending,,,pending,,,,,pending,,,pending,,,pending,,,
07104141_C C ENDICOTT 7_1539441,s3://osu-well-records-225989338968/pdfs/ExportedFolderContents_1/1923/05 - May/07104141_C C ENDICOTT 7_1539441.pdf,1,1923,05 - May,early,1920s,unknown,unknown,,Unclassified failure,pending,,,pending,,,,,pending,,,pending,,,pending,,,
07104154_W F MCDANIELS 2_1539432,s3://osu-well-records-225989338968/pdfs/ExportedFolderContents_1/1923/05 - May/07104154_W F MCDANIELS 2_1539432.pdf,1,1923,05 - May,early,1920s,unknown,unknown,,Unclassified failure,pending,,,pending,,,,,pending,,,pending,,,pending,,,
07104173_MCKEE 17_1539424,s3://osu-well-records-225989338968/pdfs/ExportedFolderContents_1/1923/05 - May/07104173_MCKEE 17_1539424.pdf,1,1923,05 - May,early,1920s,unknown,unknown,,Unclassified failure,pending,,,pending,,,,,pending,,,pending,,,pending,,,
07104174_MCKEE 18_1539486,s3://osu-well-records-225989338968/pdfs/ExportedFolderContents_1/1923/05 - May/07104174_MCKEE 18_1539486.pdf,1,1923,05 - May,early,1920s,unknown,unknown,,Unclassified failure,pending,,,pending,,,,,pending,,,pending,,,pending,,,
07104175_MCKEE 19_1539485,s3://osu-well-records-225989338968/pdfs/ExportedFolderContents_1/1923/05 - May/07104175_MCKEE 19_1539485.pdf,1,1923,05 - May,early,1920s,unknown,unknown,,Unclassified failure,pending,,,pending,,,,,pending,,,pending,,,pending,,,
07104210_L ENDICOTT 1-B_1539413,s3://osu-well-records-225989338968/pdfs/ExportedFolderContents_1/1923/05 - May/07104210_L ENDICOTT 1-B_1539413.pdf,1,1923,05 - May,early,1920s,unknown,unknown,,Unclassified failure,pending,,,pending,,,,,pending,,,pending,,,pending,,,
07104212_L ENDICOTT 2_1539448,s3://osu-well-records-225989338968/pdfs/ExportedFolderContents_1/1923/05 - May/07104212_L ENDICOTT 2_1539448.pdf,1,1923,05 - May,early,1920s,unknown,unknown,,Unclassified failure,pending,,,pending,,,,,pending,,,pending,,,pending,,,
07104221_ENDICOTT 5_1539454,s3://osu-well-records-225989338968/pdfs/ExportedFolderContents_1/1923/05 - May/07104221_ENDICOTT 5_1539454.pdf,1,1923,05 - May,early,1920s,unknown,unknown,,Unclassified failure,pending,,,pending,,,,,pending,,,pending,,,pending,,,
07104228_ENDICOTT 7-B_1539487,s3://osu-well-records-225989338968/pdfs/ExportedFolderContents_1/1923/05 - May/07104228_ENDICOTT 7-B_1539487.pdf,1,1923,05 - May,early,1920s,unknown,unknown,,Unclassified failure,pending,,,pending,,,,,pending,,,pending,,,pending,,,
07104242_C W GOLTRY 3_1539493,s3://osu-well-records-225989338968/pdfs/ExportedFolderContents_1/1923/05 - May/07104242_C W GOLTRY 3_1539493.pdf,1,1923,05 - May,early,1920s,unknown,unknown,,Unclassified failure,pending,,,pending,,,,,pending,,,pending,,,pending,,,
07104243_C W GOLTRY 4_1539456,s3://osu-well-records-225989338968/pdfs/ExportedFolderContents_1/1923/05 - May/07104243_C W GOLTRY 4_1539456.pdf,1,1923,05 - May,early,1920s,unknown,unknown,,Unclassified failure,pending,,,pending,,,,,pending,,,pending,,,pending,,,
07104254_C R OGG 1-A_1539416,s3://osu-well-records-225989338968/pdfs/ExportedFolderContents_1/1923/05 - May/07104254_C R OGG 1-A_1539416.pdf,1,1923,05 - May,early,1920s,unknown,unknown,,Unclassified failure,pending,,,pending,,,,,pending,,,pending,,,pending,,,
07104258_C R OGG 2 1_2_1539505,s3://osu-well-records-225989338968/pdfs/ExportedFolderContents_1/1923/05 - May/07104258_C R OGG 2 1_2_1539505.pdf,1,1923,05 - May,early,1920s,unknown,unknown,,Unclassified failure,pending,,,pending,,,,,pending,,,pending,,,pending,,,
07104260_C R OGG 4_1539455,s3://osu-well-records-225989338968/pdfs/ExportedFolderContents_1/1923/05 - May/07104260_C R OGG 4_1539455.pdf,1,1923,05 - May,early,1920s,unknown,unknown,,Unclassified failure,pending,,,pending,,,,,pending,,,pending,,,pending,,,
07104261_C R OGG 4-A_1539460,s3://osu-well-records-225989338968/pdfs/ExportedFolderContents_1/1923/05 - May/07104261_C R OGG 4-A_1539460.pdf,1,1923,05 - May,early,1920s,unknown,unknown,,Unclassified failure,pending,,,pending,,,,,pending,,,pending,,,pending,,,
11110097_CROWE 1_1054709,s3://osu-well-records-225989338968/pdfs/ExportedFolderContents_1/1923/05 - May/11110097_CROWE 1_1054709.pdf,1,1923,05 - May,early,1920s,unknown,unknown,,Unclassified failure,pending,,,pending,,,,,pending,,,pending,,,pending,,,
11110134_H HOCK 1_1054414,s3://osu-well-records-225989338968/pdfs/ExportedFolderContents_1/1923/05 - May/11110134_H HOCK 1_1054414.pdf,1,1923,05 - May,early,1920s,unknown,unknown,,Unclassified failure,pending,,,pending,,,,,pending,,,pending,,,pending,,,
11110211_LIGHTFOOT 1_1364517,s3://osu-well-records-225989338968/pdfs/ExportedFolderContents_1/1923/05 - May/11110211_LIGHTFOOT 1_1364517.pdf,1,1923,05 - May,early,1920s,unknown,unknown,,Unclassified failure,pending,,,pending,,,,,pending,,,pending,,,pending,,,
11111057_M CROSS 3_1054772,s3://osu-well-records-225989338968/pdfs/ExportedFolderContents_1/1923/05 - May/11111057_M CROSS 3_1054772.pdf,1,1923,05 - May,early,1920s,unknown,unknown,,Unclassified failure,pending,,,pending,,,,,pending,,,pending,,,pending,,,
11111138_T BRUNER 3_1054839,s3://osu-well-records-225989338968/pdfs/ExportedFolderContents_1/1923/05 - May/11111138_T BRUNER 3_1054839.pdf,1,1923,05 - May,early,1920s,unknown,unknown,,Unclassified failure,pending,,,pending,,,,,pending,,,pending,,,pending,,,
11111202_LEFFARD 2_1054832,s3://osu-well-records-225989338968/pdfs/ExportedFolderContents_1/1923/05 - May/11111202_LEFFARD 2_1054832.pdf,1,1923,05 - May,early,1920s,unknown,unknown,,Unclassified failure,pending,,,pending,,,,,pending,,,pending,,,pending,,,
11111202_LEFFARD 2_1054834,s3://osu-well-records-225989338968/pdfs/ExportedFolderContents_1/1923/05 - May/11111202_LEFFARD 2_1054834.pdf,1,1923,05 - May,early,1920s,unknown,unknown,,Unclassified failure,pending,,,pending,,,,,pending,,,pending,,,pending,,,
11111448_RENTIE 4_1364504,s3://osu-well-records-225989338968/pdfs/ExportedFolderContents_1/1923/05 - May/11111448_RENTIE 4_1364504.pdf,1,1923,05 - May,early,1920s,unknown,unknown,,Unclassified failure,pending,,,pending,,,,,pending,,,pending,,,pending,,,
11113794_LIZZIE MCINTOSH 1_1054435,s3://osu-well-records-225989338968/pdfs/ExportedFolderContents_1/1923/05 - May/11113794_LIZZIE MCINTOSH 1_1054435.pdf,1,1923,05 - May,early,1920s,unknown,unknown,,Unclassified failure,pending,,,pending,,,,,pending,,,pending,,,pending,,,
11701317_MILLER 4_1414963,s3://osu-well-records-225989338968/pdfs/ExportedFolderContents_1/1923/05 - May/11701317_MILLER 4_1414963.pdf,1,1923,05 - May,early,1920s,unknown,unknown,,Unclassified failure,pending,,,pending,,,,,pending,,,pending,,,pending,,,
11701318_D MILLER 4_1415048,s3://osu-well-records-225989338968/pdfs/ExportedFolderContents_1/1923/05 - May/11701318_D MILLER 4_1415048.pdf,1,1923,05 - May,early,1920s,unknown,unknown,,Unclassified failure,pending,,,pending,,,,,pending,,,pending,,,pending,,,
11701501_RAPER (SCL LND) 2_1054708,s3://osu-well-records-225989338968/pdfs/ExportedFolderContents_1/1923/05 - May/11701501_RAPER (SCL LND) 2_1054708.pdf,1,1923,05 - May,early,1920s,unknown,unknown,,Unclassified failure,pending,,,pending,,,,,pending,,,pending,,,pending,,,
11701512_SCHOOL LAND 2_1054559,s3://osu-well-records-225989338968/pdfs/ExportedFolderContents_1/1923/05 - May/11701512_SCHOOL LAND 2_1054559.pdf,1,1923,05 - May,early,1920s,unknown,unknown,,Unclassified failure,pending,,,pending,,,,,pending,,,pending,,,pending,,,
11701529_EDDY F ADKISON 1_1054619,s3://osu-well-records-225989338968/pdfs/ExportedFolderContents_1/1923/05 - May/11701529_EDDY F ADKISON 1_1054619.pdf,1,1923,05 - May,early,1920s,unknown,unknown,,Unclassified failure,pending,,,pending,,,,,pending,,,pending,,,pending,,,
11701740_FRANK DUNHAM 3_1054828,s3://osu-well-records-225989338968/pdfs/ExportedFolderContents_1/1923/05 - May/11701740_FRANK DUNHAM 3_1054828.pdf,1,1923,05 - May,early,1920s,unknown,unknown,,Unclassified failure,pending,,,pending,,,,,pending,,,pending,,,pending,,,
11701893_ERVIN CAIN 3_1054638,s3://osu-well-records-225989338968/pdfs/ExportedFolderContents_1/1923/05 - May/11701893_ERVIN CAIN 3_1054638.pdf,1,1923,05 - May,early,1920s,unknown,unknown,,Unclassified failure,pending,,,pending,,,,,pending,,,pending,,,pending,,,
11702678_TOWNSITE 1_1054792,s3://osu-well-records-225989338968/pdfs/ExportedFolderContents_1/1923/05 - May/11702678_TOWNSITE 1_1054792.pdf,1,1923,05 - May,early,1920s,unknown,unknown,,Unclassified failure,pending,,,pending,,,,,pending,,,pending,,,pending,,,
11702706_MCKIBBEN 2_1054651,s3://osu-well-records-225989338968/pdfs/ExportedFolderContents_1/1923/05 - May/11702706_MCKIBBEN 2_1054651.pdf,1,1923,05 - May,early,1920s,unknown,unknown,,Unclassified failure,pending,,,pending,,,,,pending,,,pending,,,pending,,,
11703226_BEAN 4_1054536,s3://osu-well-records-225989338968/pdfs/ExportedFolderContents_1/1923/05 - May/11703226_BEAN 4_1054536.pdf,1,1923,05 - May,early,1920s,unknown,unknown,,Unclassified failure,pending,,,pending,,,,,pending,,,pending,,,pending,,,
11704138_MARG MILLER 2_1414983,s3://osu-well-records-225989338968/pdfs/ExportedFolderContents_1/1923/05 - May/11704138_MARG MILLER 2_1414983.pdf,1,1923,05 - May,early,1920s,unknown,unknown,,Unclassified failure,pending,,,pending,,,,,pending,,,pending,,,pending,,,
11704164_H C CANFIELD 1_1414985,s3://osu-well-records-225989338968/pdfs/ExportedFolderContents_1/1923/05 - May/11704164_H C CANFIELD 1_1414985.pdf,1,1923,05 - May,early,1920s,unknown,unknown,,Unclassified failure,pending,,,pending,,,,,pending,,,pending,,,pending,,,
11902361_No Data_1054593,s3://osu-well-records-225989338968/pdfs/ExportedFolderContents_1/1923/05 - May/11902361_No Data_1054593.pdf,1,1923,05 - May,early,1920s,unknown,unknown,,Unclassified failure,pending,,,pending,,,,,pending,,,pending,,,pending,,,
13101541_W B PINE 6_1364480,s3://osu-well-records-225989338968/pdfs/ExportedFolderContents_1/1923/05 - May/13101541_W B PINE 6_1364480.pdf,1,1923,05 - May,early,1920s,unknown,unknown,,Unclassified failure,pending,,,pending,,,,,pending,,,pending,,,pending,,,
13101683_M RICHARDSON 1_1618365,s3://osu-well-records-225989338968/pdfs/ExportedFolderContents_1/1923/05 - May/13101683_M RICHARDSON 1_1618365.pdf,1,1923,05 - May,early,1920s,unknown,unknown,,Unclassified failure,pending,,,pending,,,,,pending,,,pending,,,pending,,,
13101776_MORRISON FEE 19_1618381,s3://osu-well-records-225989338968/pdfs/ExportedFolderContents_1/1923/05 - May/13101776_MORRISON FEE 19_1618381.pdf,1,1923,05 - May,early,1920s,unknown,unknown,,Unclassified failure,pending,,,pending,,,,,pending,,,pending,,,pending,,,
13102465_ANDREWS 2_1618375,s3://osu-well-records-225989338968/pdfs/ExportedFolderContents_1/1923/05 - May/13102465_ANDREWS 2_1618375.pdf,1,1923,05 - May,early,1920s,unknown,unknown,,Unclassified failure,pending,,,pending,,,,,pending,,,pending,,,pending,,,
13102672_WADSON 4_1415018,s3://osu-well-records-225989338968/pdfs/ExportedFolderContents_1/1923/05 - May/13102672_WADSON 4_1415018.pdf,1,1923,05 - May,early,1920s,unknown,unknown,,Unclassified failure,pending,,,pending,,,,,pending,,,pending,,,pending,,,
13103165_R H CROSBY 7_1618364,s3://osu-well-records-225989338968/pdfs/ExportedFolderContents_1/1923/05 - May/13103165_R H CROSBY 7_1618364.pdf,1,1923,05 - May,early,1920s,unknown,unknown,,Unclassified failure,pending,,,pending,,,,,pending,,,pending,,,pending,,,
13103166_CROSBY 8_1618394,s3://osu-well-records-225989338968/pdfs/ExportedFolderContents_1/1923/05 - May/13103166_CROSBY 8_1618394.pdf,1,1923,05 - May,early,1920s,unknown,unknown,,Unclassified failure,pending,,,pending,,,,,pending,,,pending,,,pending,,,
13103170_WAGNON 18_1618388,s3://osu-well-records-225989338968/pdfs/ExportedFolderContents_1/1923/05 - May/13103170_WAGNON 18_1618388.pdf,1,1923,05 - May,early,1920s,unknown,unknown,,Unclassified failure,pending,,,pending,,,,,pending,,,pending,,,pending,,,
13700988_MALONEY 1_920761,s3://osu-well-records-225989338968/pdfs/ExportedFolderContents_1/1923/05 - May/13700988_MALONEY 1_920761.pdf,1,1923,05 - May,early,1920s,unknown,unknown,,Unclassified failure,pending,,,pending,,,,,pending,,,pending,,,pending,,,
13701458_BEAUCHAM 1_782338,s3://osu-well-records-225989338968/pdfs/ExportedFolderContents_1/1923/05 - May/13701458_BEAUCHAM 1_782338.pdf,1,1923,05 - May,early,1920s,unknown,unknown,,Unclassified failure,pending,,,pending,,,,,pending,,,pending,,,pending,,,
13701515_NEWTON 1_920773,s3://osu-well-records-225989338968/pdfs/ExportedFolderContents_1/1923/05 - May/13701515_NEWTON 1_920773.pdf,1,1923,05 - May,early,1920s,unknown,unknown,,Unclassified failure,pending,,,pending,,,,,pending,,,pending,,,pending,,,
13701575_G S BROWN 4_920689,s3://osu-well-records-225989338968/pdfs/ExportedFolderContents_1/1923/05 - May/13701575_G S BROWN 4_920689.pdf,1,1923,05 - May,early,1920s,unknown,unknown,,Unclassified failure,pending,,,pending,,,,,pending,,,pending,,,pending,,,
13701638_SHAFFER-MORGAN 2_782317,s3://osu-well-records-225989338968/pdfs/ExportedFolderContents_1/1923/05 - May/13701638_SHAFFER-MORGAN 2_782317.pdf,1,1923,05 - May,early,1920s,unknown,unknown,,Unclassified failure,pending,,,pending,,,,,pending,,,pending,,,pending,,,
13701733_E T ZIGLER 6-DD_920727,s3://osu-well-records-225989338968/pdfs/ExportedFolderContents_1/1923/05 - May/13701733_E T ZIGLER 6-DD_920727.pdf,1,1923,05 - May,early,1920s,unknown,unknown,,Unclassified failure,pending,,,pending,,,,,pending,,,pending,,,pending,,,
13701733_E T ZIGLER 6-DD_920730,s3://osu-well-records-225989338968/pdfs/ExportedFolderContents_1/1923/05 - May/13701733_E T ZIGLER 6-DD_920730.pdf,1,1923,05 - May,early,1920s,unknown,unknown,,Unclassified failure,pending,,,pending,,,,,pending,,,pending,,,pending,,,
13709344_L SIMPSON 2_782304,s3://osu-well-records-225989338968/pdfs/ExportedFolderContents_1/1923/05 - May/13709344_L SIMPSON 2_782304.pdf,1,1923,05 - May,early,1920s,unknown,unknown,,Unclassified failure,pending,,,pending,,,,,pending,,,pending,,,pending,,,
13709345_LENA SIMPSON 1_782330,s3://osu-well-records-225989338968/pdfs/ExportedFolderContents_1/1923/05 - May/13709345_LENA SIMPSON 1_782330.pdf,1,1923,05 - May,early,1920s,unknown,unknown,,Unclassified failure,pending,,,pending,,,,,pending,,,pending,,,pending,,,
13709345_LENA SIMPSON 1_782331,s3://osu-well-records-225989338968/pdfs/ExportedFolderContents_1/1923/05 - May/13709345_LENA SIMPSON 1_782331.pdf,1,1923,05 - May,early,1920s,unknown,unknown,,Unclassified failure,pending,,,pending,,,,,pending,,,pending,,,pending,,,
13709367_L SIMPSON 3_782323,s3://osu-well-records-225989338968/pdfs/ExportedFolderContents_1/1923/05 - May/13709367_L SIMPSON 3_782323.pdf,1,1923,05 - May,early,1920s,unknown,unknown,,Unclassified failure,pending,,,pending,,,,,pending,,,pending,,,pending,,,
13709879_W H BROWN 1_782315,s3://osu-well-records-225989338968/pdfs/ExportedFolderContents_1/1923/05 - May/13709879_W H BROWN 1_782315.pdf,1,1923,05 - May,early,1920s,unknown,unknown,,Unclassified failure,pending,,,pending,,,,,pending,,,pending,,,pending,,,
13710343_J M SMITH 7_920710,s3://osu-well-records-225989338968/pdfs/ExportedFolderContents_1/1923/05 - May/13710343_J M SMITH 7_920710.pdf,1,1923,05 - May,early,1920s,unknown,unknown,,Unclassified failure,pending,,,pending,,,,,pending,,,pending,,,pending,,,
13710343_J M SMITH 7_920711,s3://osu-well-records-225989338968/pdfs/ExportedFolderContents_1/1923/05 - May/13710343_J M SMITH 7_920711.pdf,1,1923,05 - May,early,1920s,unknown,unknown,,Unclassified failure,pending,,,pending,,,,,pending,,,pending,,,pending,,,
13710423_RUBY E PATTERSON 2_920744,s3://osu-well-records-225989338968/pdfs/ExportedFolderContents_1/1923/05 - May/13710423_RUBY E PATTERSON 2_920744.pdf,1,1923,05 - May,early,1920s,unknown,unknown,,Unclassified failure,pending,,,pending,,,,,pending,,,pending,,,pending,,,
13710456_BUTLER 1_920764,s3://osu-well-records-225989338968/pdfs/ExportedFolderContents_1/1923/05 - May/13710456_BUTLER 1_920764.pdf,1,1923,05 - May,early,1920s,unknown,unknown,,Unclassified failure,pending,,,pending,,,,,pending,,,pending,,,pending,,,
13710525_MYRTLE DILLARD 5_5765149,s3://osu-well-records-225989338968/pdfs/ExportedFolderContents_1/1923/05 - May/13710525_MYRTLE DILLARD 5_5765149.pdf,1,1923,05 - May,early,1920s,unknown,unknown,,Unclassified failure,pending,,,pending,,,,,pending,,,pending,,,pending,,,
13710525_MYRTLE DILLARD 6_920707,s3://osu-well-records-225989338968/pdfs/ExportedFolderContents_1/1923/05 - May/13710525_MYRTLE DILLARD 6_920707.pdf,1,1923,05 - May,early,1920s,unknown,unknown,,Unclassified failure,pending,,,pending,,,,,pending,,,pending,,,pending,,,
13710529_CORBIN DILLARD 2_5765154,s3://osu-well-records-225989338968/pdfs/ExportedFolderContents_1/1923/05 - May/13710529_CORBIN DILLARD 2_5765154.pdf,1,1923,05 - May,early,1920s,unknown,unknown,,Unclassified failure,pending,,,pending,,,,,pending,,,pending,,,pending,,,
13710529_CORBIN DILLARD 2_920763,s3://osu-well-records-225989338968/pdfs/ExportedFolderContents_1/1923/05 - May/13710529_CORBIN DILLARD 2_920763.pdf,1,1923,05 - May,early,1920s,unknown,unknown,,Unclassified failure,pending,,,pending,,,,,pending,,,pending,,,pending,,,
13710539_BOLES-DILLARD 1 1ST HOLE_920706,s3://osu-well-records-225989338968/pdfs/ExportedFolderContents_1/1923/05 - May/13710539_BOLES-DILLARD 1 1ST HOLE_920706.pdf,1,1923,05 - May,early,1920s,unknown,unknown,,Unclassified failure,pending,,,pending,,,,,pending,,,pending,,,pending,,,
13710643_KILLINGSWORTH 2_5704258,s3://osu-well-records-225989338968/pdfs/ExportedFolderContents_1/1923/05 - May/13710643_KILLINGSWORTH 2_5704258.pdf,1,1923,05 - May,early,1920s,unknown,unknown,,Unclassified failure,pending,,,pending,,,,,pending,,,pending,,,pending,,,
13710729_CHAPMAN DOAK 4_920771,s3://osu-well-records-225989338968/pdfs/ExportedFolderContents_1/1923/05 - May/13710729_CHAPMAN DOAK 4_920771.pdf,1,1923,05 - May,early,1920s,unknown,unknown,,Unclassified failure,pending,,,pending,,,,,pending,,,pending,,,pending,,,
13710730_CHAPMAN DOAK 3_920720,s3://osu-well-records-225989338968/pdfs/ExportedFolderContents_1/1923/05 - May/13710730_CHAPMAN DOAK 3_920720.pdf,1,1923,05 - May,early,1920s,unknown,unknown,,Unclassified failure,pending,,,pending,,,,,pending,,,pending,,,pending,,,
13711110_LULU SIMS 14-DD_920745,s3://osu-well-records-225989338968/pdfs/ExportedFolderContents_1/1923/05 - May/13711110_LULU SIMS 14-DD_920745.pdf,1,1923,05 - May,early,1920s,unknown,unknown,,Unclassified failure,pending,,,pending,,,,,pending,,,pending,,,pending,,,
13711277_F F WILSON 2_920701,s3://osu-well-records-225989338968/pdfs/ExportedFolderContents_1/1923/05 - May/13711277_F F WILSON 2_920701.pdf,1,1923,05 - May,early,1920s,unknown,unknown,,Unclassified failure,pending,,,pending,,,,,pending,,,pending,,,pending,,,
13711277_F F WILSON 2_920702,s3://osu-well-records-225989338968/pdfs/ExportedFolderContents_1/1923/05 - May/13711277_F F WILSON 2_920702.pdf,1,1923,05 - May,early,1920s,unknown,unknown,,Unclassified failure,pending,,,pending,,,,,pending,,,pending,,,pending,,,
13712490_W FRANKLIN 16_920784,s3://osu-well-records-225989338968/pdfs/ExportedFolderContents_1/1923/05 - May/13712490_W FRANKLIN 16_920784.pdf,1,1923,05 - May,early,1920s,unknown,unknown,,Unclassified failure,pending,,,pending,,,,,pending,,,pending,,,pending,,,
13712490_W FRANKLIN 16_920787,s3://osu-well-records-225989338968/pdfs/ExportedFolderContents_1/1923/05 - May/13712490_W FRANKLIN 16_920787.pdf,1,1923,05 - May,early,1920s,unknown,unknown,,Unclassified failure,pending,,,pending,,,,,pending,,,pending,,,pending,,,
13712558_ED MARTIN 5_920749,s3://osu-well-records-225989338968/pdfs/ExportedFolderContents_1/1923/05 - May/13712558_ED MARTIN 5_920749.pdf,1,1923,05 - May,early,1920s,unknown,unknown,,Unclassified failure,pending,,,pending,,,,,pending,,,pending,,,pending,,,
13712558_ED MARTIN 5_920753,s3://osu-well-records-225989338968/pdfs/ExportedFolderContents_1/1923/05 - May/13712558_ED MARTIN 5_920753.pdf,1,1923,05 - May,early,1920s,unknown,unknown,,Unclassified failure,pending,,,pending,,,,,pending,,,pending,,,pending,,,
13712605_BARBER 1_920716,s3://osu-well-records-225989338968/pdfs/ExportedFolderContents_1/1923/05 - May/13712605_BARBER 1_920716.pdf,1,1923,05 - May,early,1920s,unknown,unknown,,Unclassified failure,pending,,,pending,,,,,pending,,,pending,,,pending,,,
13712605_BARBER 1_920718,s3://osu-well-records-225989338968/pdfs/ExportedFolderContents_1/1923/05 - May/13712605_BARBER 1_920718.pdf,1,1923,05 - May,early,1920s,unknown,unknown,,Unclassified failure,pending,,,pending,,,,,pending,,,pending,,,pending,,,
13712610_WILLIS 1_920734,s3://osu-well-records-225989338968/pdfs/ExportedFolderContents_1/1923/05 - May/13712610_WILLIS 1_920734.pdf,1,1923,05 - May,early,1920s,unknown,unknown,,Unclassified failure,pending,,,pending,,,,,pending,,,pending,,,pending,,,
13712610_WILLIS 1_920739,s3://osu-well-records-225989338968/pdfs/ExportedFolderContents_1/1923/05 - May/13712610_WILLIS 1_920739.pdf,1,1923,05 - May,early,1920s,unknown,unknown,,Unclassified failure,pending,,,pending,,,,,pending,,,pending,,,pending,,,
13712710_J D WADE 3_920733,s3://osu-well-records-225989338968/pdfs/ExportedFolderContents_1/1923/05 - May/13712710_J D WADE 3_920733.pdf,1,1923,05 - May,early,1920s,unknown,unknown,,Unclassified failure,pending,,,pending,,,,,pending,,,pending,,,pending,,,
13712842_WH HALL 2_920687,s3://osu-well-records-225989338968/pdfs/ExportedFolderContents_1/1923/05 - May/13712842_WH HALL 2_920687.pdf,1,1923,05 - May,early,1920s,unknown,unknown,,Unclassified failure,pending,,,pending,,,,,pending,,,pending,,,pending,,,
13713078_J W STEPHENS 11_920754,s3://osu-well-records-225989338968/pdfs/ExportedFolderContents_1/1923/05 - May/13713078_J W STEPHENS 11_920754.pdf,1,1923,05 - May,early,1920s,unknown,unknown,,Unclassified failure,pending,,,pending,,,,,pending,,,pending,,,pending,,,
13713274_REAVES 2_920688,s3://osu-well-records-225989338968/pdfs/ExportedFolderContents_1/1923/05 - May/13713274_REAVES 2_920688.pdf,1,1923,05 - May,early,1920s,unknown,unknown,,Unclassified failure,pending,,,pending,,,,,pending,,,pending,,,pending,,,
13713639_TALIFERRO 2_920735,s3://osu-well-records-225989338968/pdfs/ExportedFolderContents_1/1923/05 - May/13713639_TALIFERRO 2_920735.pdf,1,1923,05 - May,early,1920s,unknown,unknown,,Unclassified failure,pending,,,pending,,,,,pending,,,pending,,,pending,,,
13714017_W M ANGLE 1_920788,s3://osu-well-records-225989338968/pdfs/ExportedFolderContents_1/1923/05 - May/13714017_W M ANGLE 1_920788.pdf,1,1923,05 - May,early,1920s,unknown,unknown,,Unclassified failure,pending,,,pending,,,,,pending,,,pending,,,pending,,,
13714418_SANNER 4_920695,s3://osu-well-records-225989338968/pdfs/ExportedFolderContents_1/1923/05 - May/13714418_SANNER 4_920695.pdf,1,1923,05 - May,early,1920s,unknown,unknown,,Unclassified failure,pending,,,pending,,,,,pending,,,pending,,,pending,,,
13714418_SANNER 4_920696,s3://osu-well-records-225989338968/pdfs/ExportedFolderContents_1/1923/05 - May/13714418_SANNER 4_920696.pdf,1,1923,05 - May,early,1920s,unknown,unknown,,Unclassified failure,pending,,,pending,,,,,pending,,,pending,,,pending,,,
13770001_ROBINSON 1_782306,s3://osu-well-records-225989338968/pdfs/ExportedFolderContents_1/1923/05 - May/13770001_ROBINSON 1_782306.pdf,1,1923,05 - May,early,1920s,unknown,unknown,,Unclassified failure,pending,,,pending,,,,,pending,,,pending,,,pending,,,
14102194_CAPSHAW 1_516634,s3://osu-well-records-225989338968/pdfs/ExportedFolderContents_1/1923/05 - May/14102194_CAPSHAW 1_516634.pdf,1,1923,05 - May,early,1920s,unknown,unknown,,Unclassified failure,pending,,,pending,,,,,pending,,,pending,,,pending,,,
14102195_CAPSHAW 1_920717,s3://osu-well-records-225989338968/pdfs/ExportedFolderContents_1/1923/05 - May/14102195_CAPSHAW 1_920717.pdf,1,1923,05 - May,early,1920s,unknown,unknown,,Unclassified failure,pending,,,pending,,,,,pending,,,pending,,,pending,,,
14301206_RUTH SMITH 1_516647,s3://osu-well-records-225989338968/pdfs/ExportedFolderContents_1/1923/05 - May/14301206_RUTH SMITH 1_516647.pdf,1,1923,05 - May,early,1920s,unknown,unknown,,Unclassified failure,pending,,,pending,,,,,pending,,,pending,,,pending,,,
14301206_RUTH SMITH 1_516649,s3://osu-well-records-225989338968/pdfs/ExportedFolderContents_1/1923/05 - May/14301206_RUTH SMITH 1_516649.pdf,1,1923,05 - May,early,1920s,unknown,unknown,,Unclassified failure,pending,,,pending,,,,,pending,,,pending,,,pending,,,
14303109_TIGER LOT 3 3_1054635,s3://osu-well-records-225989338968/pdfs/ExportedFolderContents_1/1923/05 - May/14303109_TIGER LOT 3 3_1054635.pdf,1,1923,05 - May,early,1920s,unknown,unknown,,Unclassified failure,pending,,,pending,,,,,pending,,,pending,,,pending,,,
14303127_JOHN TIGER 3_1054767,s3://osu-well-records-225989338968/pdfs/ExportedFolderContents_1/1923/05 - May/14303127_JOHN TIGER 3_1054767.pdf,1,1923,05 - May,early,1920s,unknown,unknown,,Unclassified failure,pending,,,pending,,,,,pending,,,pending,,,pending,,,
14303706_NANNIE POSTOAK 9_1054548,s3://osu-well-records-225989338968/pdfs/ExportedFolderContents_1/1923/05 - May/14303706_NANNIE POSTOAK 9_1054548.pdf,1,1923,05 - May,early,1920s,unknown,unknown,,Unclassified failure,pending,,,pending,,,,,pending,,,pending,,,pending,,,
14303945_LOUISA ISLAND 2_1054526,s3://osu-well-records-225989338968/pdfs/ExportedFolderContents_1/1923/05 - May/14303945_LOUISA ISLAND 2_1054526.pdf,1,1923,05 - May,early,1920s,unknown,unknown,,Unclassified failure,pending,,,pending,,,,,pending,,,pending,,,pending,,,
14304319_R WILSON 9_1054428,s3://osu-well-records-225989338968/pdfs/ExportedFolderContents_1/1923/05 - May/14304319_R WILSON 9_1054428.pdf,1,1923,05 - May,early,1920s,unknown,unknown,,Unclassified failure,pending,,,pending,,,,,pending,,,pending,,,pending,,,
14304327_PERRY KELLY 3_1054477,s3://osu-well-records-225989338968/pdfs/ExportedFolderContents_1/1923/05 - May/14304327_PERRY KELLY 3_1054477.pdf,1,1923,05 - May,early,1920s,unknown,unknown,,Unclassified failure,pending,,,pending,,,,,pending,,,pending,,,pending,,,
14304368_EVANS 3_1054771,s3://osu-well-records-225989338968/pdfs/ExportedFolderContents_1/1923/05 - May/14304368_EVANS 3_1054771.pdf,1,1923,05 - May,early,1920s,unknown,unknown,,Unclassified failure,pending,,,pending,,,,,pending,,,pending,,,pending,,,
14304492_OWEN 3_1054412,s3://osu-well-records-225989338968/pdfs/ExportedFolderContents_1/1923/05 - May/14304492_OWEN 3_1054412.pdf,1,1923,05 - May,early,1920s,unknown,unknown,,Unclassified failure,pending,,,pending,,,,,pending,,,pending,,,pending,,,
14304702_C S AVERY 1_1054529,s3://osu-well-records-225989338968/pdfs/ExportedFolderContents_1/1923/05 - May/14304702_C S AVERY 1_1054529.pdf,1,1923,05 - May,early,1920s,unknown,unknown,,Unclassified failure,pending,,,pending,,,,,pending,,,pending,,,pending,,,
14304716_LULU LUSTER 1_1054550,s3://osu-well-records-225989338968/pdfs/ExportedFolderContents_1/1923/05 - May/14304716_LULU LUSTER 1_1054550.pdf,1,1923,05 - May,early,1920s,unknown,unknown,,Unclassified failure,pending,,,pending,,,,,pending,,,pending,,,pending,,,
14304829_MAUDLIN 1_1054581,s3://osu-well-records-225989338968/pdfs/ExportedFolderContents_1/1923/05 - May/14304829_MAUDLIN 1_1054581.pdf,1,1923,05 - May,early,1920s,unknown,unknown,,Unclassified failure,pending,,,pending,,,,,pending,,,pending,,,pending,,,
14304981_WILSON 1_1415004,s3://osu-well-records-225989338968/pdfs/ExportedFolderContents_1/1923/05 - May/14304981_WILSON 1_1415004.pdf,1,1923,05 - May,early,1920s,unknown,unknown,,Unclassified failure,pending,,,pending,,,,,pending,,,pending,,,pending,,,
351070522190000_DEERE 2_1496559,s3://osu-well-records-225989338968/pdfs/ExportedFolderContents_1/1923/05 - May/351070522190000_DEERE 2_1496559.pdf,1,1923,05 - May,early,1920s,unknown,unknown,,Unclassified failure,pending,,,pending,,,,,pending,,,pending,,,pending,,,
35107052250000_DOUGLAS 1_1496555,s3://osu-well-records-225989338968/pdfs/ExportedFolderContents_1/1923/05 - May/35107052250000_DOUGLAS 1_1496555.pdf,1,1923,05 - May,early,1920s,unknown,unknown,,Unclassified failure,pending,,,pending,,,,,pending,,,pending,,,pending,,,
35107052250000_DOUGLAS 1_2005323,s3://osu-well-records-225989338968/pdfs/ExportedFolderContents_1/1923/05 - May/35107052250000_DOUGLAS 1_2005323.pdf,1,1923,05 - May,early,1920s,unknown,unknown,,Unclassified failure,pending,,,pending,,,,,pending,,,pending,,,pending,,,
35107054170000_M A BYRD 1_1496546,s3://osu-well-records-225989338968/pdfs/ExportedFolderContents_1/1923/05 - May/35107054170000_M A BYRD 1_1496546.pdf,1,1923,05 - May,early,1920s,unknown,unknown,,Unclassified failure,pending,,,pending,,,,,pending,,,pending,,,pending,,,
35107054170000_M A BYRD 1_2005201,s3://osu-well-records-225989338968/pdfs/ExportedFolderContents_1/1923/05 - May/35107054170000_M A BYRD 1_2005201.pdf,1,1923,05 - May,early,1920s,unknown,unknown,,Unclassified failure,pending,,,pending,,,,,pending,,,pending,,,pending,,,
35107054190000_EMMA SCOTT 1_1496561,s3://osu-well-records-225989338968/pdfs/ExportedFolderContents_1/1923/05 - May/35107054190000_EMMA SCOTT 1_1496561.pdf,1,1923,05 - May,early,1920s,unknown,unknown,,Unclassified failure,pending,,,pending,,,,,pending,,,pending,,,pending,,,
35107054190000_EMMA SCOTT 1_2005447,s3://osu-well-records-225989338968/pdfs/ExportedFolderContents_1/1923/05 - May/35107054190000_EMMA SCOTT 1_2005447.pdf,1,1923,05 - May,early,1920s,unknown,unknown,,Unclassified failure,pending,,,pending,,,,,pending,,,pending,,,pending,,,
35111019020000_GRAHAM 5_1432353,s3://osu-well-records-225989338968/pdfs/ExportedFolderContents_1/1923/05 - May/35111019020000_GRAHAM 5_1432353.pdf,1,1923,05 - May,early,1920s,unknown,unknown,,Unclassified failure,pending,,,pending,,,,,pending,,,pending,,,pending,,,
35111020750000_GREGORY 1_1384932,s3://osu-well-records-225989338968/pdfs/ExportedFolderContents_1/1923/05 - May/35111020750000_GREGORY 1_1384932.pdf,1,1923,05 - May,early,1920s,unknown,unknown,,Unclassified failure,pending,,,pending,,,,,pending,,,pending,,,pending,,,
35111020750000_GREGORY 1_2005260,s3://osu-well-records-225989338968/pdfs/ExportedFolderContents_1/1923/05 - May/35111020750000_GREGORY 1_2005260.pdf,1,1923,05 - May,early,1920s,unknown,unknown,,Unclassified failure,pending,,,pending,,,,,pending,,,pending,,,pending,,,
35111026100000_A SCHACHT 9_2005318,s3://osu-well-records-225989338968/pdfs/ExportedFolderContents_1/1923/05 - May/35111026100000_A SCHACHT 9_2005318.pdf,1,1923,05 - May,early,1920s,unknown,unknown,,Unclassified failure,pending,,,pending,,,,,pending,,,pending,,,pending,,,
35111035450000_JOHNSON 1_2005425,s3://osu-well-records-225989338968/pdfs/ExportedFolderContents_1/1923/05 - May/35111035450000_JOHNSON 1_2005425.pdf,1,1923,05 - May,early,1920s,unknown,unknown,,Unclassified failure,pending,,,pending,,,,,pending,,,pending,,,pending,,,
35111035690000_THLOCCO 1_2005580,s3://osu-well-records-225989338968/pdfs/ExportedFolderContents_1/1923/05 - May/35111035690000_THLOCCO 1_2005580.pdf,1,1923,05 - May,early,1920s,unknown,unknown,,Unclassified failure,pending,,,pending,,,,,pending,,,pending,,,pending,,,
35111035690000_THLOCCO 1_2005587,s3://osu-well-records-225989338968/pdfs/ExportedFolderContents_1/1923/05 - May/35111035690000_THLOCCO 1_2005587.pdf,1,1923,05 - May,early,1920s,unknown,unknown,,Unclassified failure,pending,,,pending,,,,,pending,,,pending,,,pending,,,
35111042930000_W. D. CORNELIUS 10_2005634,s3://osu-well-records-225989338968/pdfs/ExportedFolderContents_1/1923/05 - May/35111042930000_W. D. CORNELIUS 10_2005634.pdf,1,1923,05 - May,early,1920s,unknown,unknown,,Unclassified failure,pending,,,pending,,,,,pending,,,pending,,,pending,,,
35111044340000_GRAYSON 1_2005309,s3://osu-well-records-225989338968/pdfs/ExportedFolderContents_1/1923/05 - May/35111044340000_GRAYSON 1_2005309.pdf,1,1923,05 - May,early,1920s,unknown,unknown,,Unclassified failure,pending,,,pending,,,,,pending,,,pending,,,pending,,,
35111055180000_BRIGHT 1_2005262,s3://osu-well-records-225989338968/pdfs/ExportedFolderContents_1/1923/05 - May/35111055180000_BRIGHT 1_2005262.pdf,1,1923,05 - May,early,1920s,unknown,unknown,,Unclassified failure,pending,,,pending,,,,,pending,,,pending,,,pending,,,
35111055230000_SISSIE RABBITT 3_2005395,s3://osu-well-records-225989338968/pdfs/ExportedFolderContents_1/1923/05 - May/35111055230000_SISSIE RABBITT 3_2005395.pdf,1,1923,05 - May,early,1920s,unknown,unknown,,Unclassified failure,pending,,,pending,,,,,pending,,,pending,,,pending,,,
35111066380000_JESSIE ADAMS_2125350,s3://osu-well-records-225989338968/pdfs/ExportedFolderContents_1/1923/05 - May/35111066380000_JESSIE ADAMS_2125350.pdf,1,1923,05 - May,early,1920s,unknown,unknown,,Unclassified failure,pending,,,pending,,,,,pending,,,pending,,,pending,,,
35111073450000_WILSON B 2_2005611,s3://osu-well-records-225989338968/pdfs/ExportedFolderContents_1/1923/05 - May/35111073450000_WILSON B 2_2005611.pdf,1,1923,05 - May,early,1920s,unknown,unknown,,Unclassified failure,pending,,,pending,,,,,pending,,,pending,,,pending,,,
35111076200000_SAMPLE 1_2005585,s3://osu-well-records-225989338968/pdfs/ExportedFolderContents_1/1923/05 - May/35111076200000_SAMPLE 1_2005585.pdf,1,1923,05 - May,early,1920s,unknown,unknown,,Unclassified failure,pending,,,pending,,,,,pending,,,pending,,,pending,,,
35111076240000_WILLSON 1_2005364,s3://osu-well-records-225989338968/pdfs/ExportedFolderContents_1/1923/05 - May/35111076240000_WILLSON 1_2005364.pdf,1,1923,05 - May,early,1920s,unknown,unknown,,Unclassified failure,pending,,,pending,,,,,pending,,,pending,,,pending,,,
35111085270000_E C BEAN WEBSTER 3_2005540,s3://osu-well-records-225989338968/pdfs/ExportedFolderContents_1/1923/05 - May/35111085270000_E C BEAN WEBSTER 3_2005540.pdf,1,1923,05 - May,early,1920s,unknown,unknown,,Unclassified failure,pending,,,pending,,,,,pending,,,pending,,,pending,,,
35111086070000_BEAN 5_2005228,s3://osu-well-records-225989338968/pdfs/ExportedFolderContents_1/1923/05 - May/35111086070000_BEAN 5_2005228.pdf,1,1923,05 - May,early,1920s,unknown,unknown,,Unclassified failure,pending,,,pending,,,,,pending,,,pending,,,pending,,,
35111088490000_LONA STARR 1_1384979,s3://osu-well-records-225989338968/pdfs/ExportedFolderContents_1/1923/05 - May/35111088490000_LONA STARR 1_1384979.pdf,1,1923,05 - May,early,1920s,unknown,unknown,,Unclassified failure,pending,,,pending,,,,,pending,,,pending,,,pending,,,
35111088490000_LONA STARR 1_2005628,s3://osu-well-records-225989338968/pdfs/ExportedFolderContents_1/1923/05 - May/35111088490000_LONA STARR 1_2005628.pdf,1,1923,05 - May,early,1920s,unknown,unknown,,Unclassified failure,pending,,,pending,,,,,pending,,,pending,,,pending,,,
35111092510000_CAMPBELL 4_2005441,s3://osu-well-records-225989338968/pdfs/ExportedFolderContents_1/1923/05 - May/35111092510000_CAMPBELL 4_2005441.pdf,1,1923,05 - May,early,1920s,unknown,unknown,,Unclassified failure,pending,,,pending,,,,,pending,,,pending,,,pending,,,
35111761490000_SIBERTS 4_1431944,s3://osu-well-records-225989338968/pdfs/ExportedFolderContents_1/1923/05 - May/35111761490000_SIBERTS 4_1431944.pdf,1,1923,05 - May,early,1920s,unknown,unknown,,Unclassified failure,pending,,,pending,,,,,pending,,,pending,,,pending,,,
35117015760000_LESHER 2_2005210,s3://osu-well-records-225989338968/pdfs/ExportedFolderContents_1/1923/05 - May/35117015760000_LESHER 2_2005210.pdf,1,1923,05 - May,early,1920s,unknown,unknown,,Unclassified failure,pending,,,pending,,,,,pending,,,pending,,,pending,,,
35117023700000_CHISMAN 6_2005208,s3://osu-well-records-225989338968/pdfs/ExportedFolderContents_1/1923/05 - May/35117023700000_CHISMAN 6_2005208.pdf,1,1923,05 - May,early,1920s,unknown,unknown,,Unclassified failure,pending,,,pending,,,,,pending,,,pending,,,pending,,,
35119024780000_H DUNKIN 1_2005203,s3://osu-well-records-225989338968/pdfs/ExportedFolderContents_1/1923/05 - May/35119024780000_H DUNKIN 1_2005203.pdf,1,1923,05 - May,early,1920s,unknown,unknown,,Unclassified failure,pending,,,pending,,,,,pending,,,pending,,,pending,,,
35119030100000_LAUGHLIN 1_2005335,s3://osu-well-records-225989338968/pdfs/ExportedFolderContents_1/1923/05 - May/35119030100000_LAUGHLIN 1_2005335.pdf,1,1923,05 - May,early,1920s,unknown,unknown,,Unclassified failure,pending,,,pending,,,,,pending,,,pending,,,pending,,,
35123054380000_GEO WADE 6_1496543,s3://osu-well-records-225989338968/pdfs/ExportedFolderContents_1/1923/05 - May/35123054380000_GEO WADE 6_1496543.pdf,1,1923,05 - May,early,1920s,unknown,unknown,,Unclassified failure,pending,,,pending,,,,,pending,,,pending,,,pending,,,
35131014470000_SETTLE 2_2464849,s3://osu-well-records-225989338968/pdfs/ExportedFolderContents_1/1923/05 - May/35131014470000_SETTLE 2_2464849.pdf,1,1923,05 - May,early,1920s,unknown,unknown,,Unclassified failure,pending,,,pending,,,,,pending,,,pending,,,pending,,,
3513102317_MARTIN SA 8_1618399,s3://osu-well-records-225989338968/pdfs/ExportedFolderContents_1/1923/05 - May/3513102317_MARTIN SA 8_1618399.pdf,1,1923,05 - May,early,1920s,unknown,unknown,,Unclassified failure,pending,,,pending,,,,,pending,,,pending,,,pending,,,
35131040740000_DAVIS 1_2464918,s3://osu-well-records-225989338968/pdfs/ExportedFolderContents_1/1923/05 - May/35131040740000_DAVIS 1_2464918.pdf,1,1923,05 - May,early,1920s,unknown,unknown,,Unclassified failure,pending,,,pending,,,,,pending,,,pending,,,pending,,,
35137140170000_W M ANGLE 1_1696932,s3://osu-well-records-225989338968/pdfs/ExportedFolderContents_1/1923/05 - May/35137140170000_W M ANGLE 1_1696932.pdf,1,1923,05 - May,early,1920s,unknown,unknown,,Unclassified failure,pending,,,pending,,,,,pending,,,pending,,,pending,,,
35137760290000_STEIFEL 9_1696857,s3://osu-well-records-225989338968/pdfs/ExportedFolderContents_1/1923/05 - May/35137760290000_STEIFEL 9_1696857.pdf,1,1923,05 - May,early,1920s,unknown,unknown,,Unclassified failure,pending,,,pending,,,,,pending,,,pending,,,pending,,,
35137760290000_STEIFEL 9_1696863,s3://osu-well-records-225989338968/pdfs/ExportedFolderContents_1/1923/05 - May/35137760290000_STEIFEL 9_1696863.pdf,1,1923,05 - May,early,1920s,unknown,unknown,,Unclassified failure,pending,,,pending,,,,,pending,,,pending,,,pending,,,
35137760430000_STEIFEL 10_1696913,s3://osu-well-records-225989338968/pdfs/ExportedFolderContents_1/1923/05 - May/35137760430000_STEIFEL 10_1696913.pdf,1,1923,05 - May,early,1920s,unknown,unknown,,Unclassified failure,pending,,,pending,,,,,pending,,,pending,,,pending,,,
35137760430000_STEIFEL 10_1696915,s3://osu-well-records-225989338968/pdfs/ExportedFolderContents_1/1923/05 - May/35137760430000_STEIFEL 10_1696915.pdf,1,1923,05 - May,early,1920s,unknown,unknown,,Unclassified failure,pending,,,pending,,,,,pending,,,pending,,,pending,,,
35143023440000_RENTIE 1_2005572,s3://osu-well-records-225989338968/pdfs/ExportedFolderContents_1/1923/05 - May/35143023440000_RENTIE 1_2005572.pdf,1,1923,05 - May,early,1920s,unknown,unknown,,Unclassified failure,pending,,,pending,,,,,pending,,,pending,,,pending,,,
35143041410000_MILEY CLOUD 1_2005237,s3://osu-well-records-225989338968/pdfs/ExportedFolderContents_1/1923/05 - May/35143041410000_MILEY CLOUD 1_2005237.pdf,1,1923,05 - May,early,1920s,unknown,unknown,,Unclassified failure,pending,,,pending,,,,,pending,,,pending,,,pending,,,
35143053990000_ELI ELLIS 1_2288913,s3://osu-well-records-225989338968/pdfs/ExportedFolderContents_1/1923/05 - May/35143053990000_ELI ELLIS 1_2288913.pdf,1,1923,05 - May,early,1920s,unknown,unknown,,Unclassified failure,pending,,,pending,,,,,pending,,,pending,,,pending,,,
3514305442_JOHNSON_2289089,s3://osu-well-records-225989338968/pdfs/ExportedFolderContents_1/1923/05 - May/3514305442_JOHNSON_2289089.pdf,1,1923,05 - May,early,1920s,unknown,unknown,,Unclassified failure,pending,,,pending,,,,,pending,,,pending,,,pending,,,
35143054710000_E BAKER 8_2289075,s3://osu-well-records-225989338968/pdfs/ExportedFolderContents_1/1923/05 - May/35143054710000_E BAKER 8_2289075.pdf,1,1923,05 - May,early,1920s,unknown,unknown,,Unclassified failure,pending,,,pending,,,,,pending,,,pending,,,pending,,,
35143057650000_ALLSUP_2289101,s3://osu-well-records-225989338968/pdfs/ExportedFolderContents_1/1923/05 - May/35143057650000_ALLSUP_2289101.pdf,1,1923,05 - May,early,1920s,unknown,unknown,,Unclassified failure,pending,,,pending,,,,,pending,,,pending,,,pending,,,
35143066550000_WINTON 7_2005319,s3://osu-well-records-225989338968/pdfs/ExportedFolderContents_1/1923/05 - May/35143066550000_WINTON 7_2005319.pdf,1,1923,05 - May,early,1920s,unknown,unknown,,Unclassified failure,pending,,,pending,,,,,pending,,,pending,,,pending,,,
35143087140000_BENGE J L_8062599,s3://osu-well-records-225989338968/pdfs/ExportedFolderContents_1/1923/05 - May/35143087140000_BENGE J L_8062599.pdf,1,1923,05 - May,early,1920s,unknown,unknown,,Unclassified failure,pending,,,pending,,,,,pending,,,pending,,,pending,,,
35145015970000_VERNON 3_2364469,s3://osu-well-records-225989338968/pdfs/ExportedFolderContents_1/1923/05 - May/35145015970000_VERNON 3_2364469.pdf,1,1923,05 - May,early,1920s,unknown,unknown,,Unclassified failure,pending,,,pending,,,,,pending,,,pending,,,pending,,,
35145052780000_JEFF HUDSON 1_2364465,s3://osu-well-records-225989338968/pdfs/ExportedFolderContents_1/1923/05 - May/35145052780000_JEFF HUDSON 1_2364465.pdf,1,1923,05 - May,early,1920s,unknown,unknown,,Unclassified failure,pending,,,pending,,,,,pending,,,pending,,,pending,,,
35147004970000_HALL FRED 1_1384943,s3://osu-well-records-225989338968/pdfs/ExportedFolderContents_1/1923/05 - May/35147004970000_HALL FRED 1_1384943.pdf,1,1923,05 - May,early,1920s,unknown,unknown,,Unclassified failure,pending,,,pending,,,,,pending,,,pending,,,pending,,,
35147004970000_HALL FRED 1_1384944,s3://osu-well-records-225989338968/pdfs/ExportedFolderContents_1/1923/05 - May/35147004970000_HALL FRED 1_1384944.pdf,1,1923,05 - May,early,1920s,unknown,unknown,,Unclassified failure,pending,,,pending,,,,,pending,,,pending,,,pending,,,
35147004970000_HALL FRED 1_2288977,s3://osu-well-records-225989338968/pdfs/ExportedFolderContents_1/1923/05 - May/35147004970000_HALL FRED 1_2288977.pdf,1,1923,05 - May,early,1920s,unknown,unknown,,Unclassified failure,pending,,,pending,,,,,pending,,,pending,,,pending,,,
35147004970000_HALL FRED 1_2288978,s3://osu-well-records-225989338968/pdfs/ExportedFolderContents_1/1923/05 - May/35147004970000_HALL FRED 1_2288978.pdf,1,1923,05 - May,early,1920s,unknown,unknown,,Unclassified failure,pending,,,pending,,,,,pending,,,pending,,,pending,,,
35147004970000_HALL FRED 1_2288979,s3://osu-well-records-225989338968/pdfs/ExportedFolderContents_1/1923/05 - May/35147004970000_HALL FRED 1_2288979.pdf,1,1923,05 - May,early,1920s,unknown,unknown,,Unclassified failure,pending,,,pending,,,,,pending,,,pending,,,pending,,,
35147010630000_WHITE TOM 11_2289085,s3://osu-well-records-225989338968/pdfs/ExportedFolderContents_1/1923/05 - May/35147010630000_WHITE TOM 11_2289085.pdf,1,1923,05 - May,early,1920s,unknown,unknown,,Unclassified failure,pending,,,pending,,,,,pending,,,pending,,,pending,,,
35147016060000_H LISTON 1_2288941,s3://osu-well-records-225989338968/pdfs/ExportedFolderContents_1/1923/05 - May/35147016060000_H LISTON 1_2288941.pdf,1,1923,05 - May,early,1920s,unknown,unknown,,Unclassified failure,pending,,,pending,,,,,pending,,,pending,,,pending,,,
35147035420000_FEE (L HICKS)_2289056,s3://osu-well-records-225989338968/pdfs/ExportedFolderContents_1/1923/05 - May/35147035420000_FEE (L HICKS)_2289056.pdf,1,1923,05 - May,early,1920s,unknown,unknown,,Unclassified failure,pending,,,pending,,,,,pending,,,pending,,,pending,,,
35147061120000_No Data_2288927,s3://osu-well-records-225989338968/pdfs/ExportedFolderContents_1/1923/05 - May/35147061120000_No Data_2288927.pdf,1,1923,05 - May,early,1920s,unknown,unknown,,Unclassified failure,pending,,,pending,,,,,pending,,,pending,,,pending,,,
35147069410000_DAVIS HILL 13_2289000,s3://osu-well-records-225989338968/pdfs/ExportedFolderContents_1/1923/05 - May/35147069410000_DAVIS HILL 13_2289000.pdf,1,1923,05 - May,early,1920s,unknown,unknown,,Unclassified failure,pending,,,pending,,,,,pending,,,pending,,,pending,,,
35147093080000_ROGERS 6_2288972,s3://osu-well-records-225989338968/pdfs/ExportedFolderContents_1/1923/05 - May/35147093080000_ROGERS 6_2288972.pdf,1,1923,05 - May,early,1920s,unknown,unknown,,Unclassified failure,pending,,,pending,,,,,pending,,,pending,,,pending,,,
5111076200000_SAMPLE 1_2005578,s3://osu-well-records-225989338968/pdfs/ExportedFolderContents_1/1923/05 - May/5111076200000_SAMPLE 1_2005578.pdf,1,1923,05 - May,early,1920s,unknown,unknown,,Unclassified failure,pending,,,pending,,,,,pending,,,pending,,,pending,,,
OKMULGEE_BAKER MILLIKEN 4_2005435,s3://osu-well-records-225989338968/pdfs/ExportedFolderContents_1/1923/05 - May/OKMULGEE_BAKER MILLIKEN 4_2005435.pdf,1,1923,05 - May,early,1920s,unknown,unknown,,Unclassified failure,pending,,,pending,,,,,pending,,,pending,,,pending,,,
OSAGE_1_2288914,s3://osu-well-records-225989338968/pdfs/ExportedFolderContents_1/1923/05 - May/OSAGE_1_2288914.pdf,1,1923,05 - May,early,1920s,unknown,unknown,,Unclassified failure,pending,,,pending,,,,,pending,,,pending,,,pending,,,
OSAGE_J A MOORE 12_2289018,s3://osu-well-records-225989338968/pdfs/ExportedFolderContents_1/1923/05 - May/OSAGE_J A MOORE 12_2289018.pdf,1,1923,05 - May,early,1920s,unknown,unknown,,Unclassified failure,pending,,,pending,,,,,pending,,,pending,,,pending,,,
OSAGE_KEELER 6_2289077,s3://osu-well-records-225989338968/pdfs/ExportedFolderContents_1/1923/05 - May/OSAGE_KEELER 6_2289077.pdf,1,1923,05 - May,early,1920s,unknown,unknown,,Unclassified failure,pending,,,pending,,,,,pending,,,pending,,,pending,,,
OSAGE_OSAGE_2288935,s3://osu-well-records-225989338968/pdfs/ExportedFolderContents_1/1923/05 - May/OSAGE_OSAGE_2288935.pdf,1,1923,05 - May,early,1920s,unknown,unknown,,Unclassified failure,pending,,,pending,,,,,pending,,,pending,,,pending,,,
OSAGE_OSAGE_2289082,s3://osu-well-records-225989338968/pdfs/ExportedFolderContents_1/1923/05 - May/OSAGE_OSAGE_2289082.pdf,1,1923,05 - May,early,1920s,unknown,unknown,,Unclassified failure,pending,,,pending,,,,,pending,,,pending,,,pending,,,
OSAGE_OSAGE_2289090,s3://osu-well-records-225989338968/pdfs/ExportedFolderContents_1/1923/05 - May/OSAGE_OSAGE_2289090.pdf,1,1923,05 - May,early,1920s,unknown,unknown,,Unclassified failure,pending,,,pending,,,,,pending,,,pending,,,pending,,,
00000000_No Data_1055228,s3://osu-well-records-225989338968/pdfs/ExportedFolderContents_1/1923/06 - June/00000000_No Data_1055228.pdf,1,1923,06 - June,early,1920s,unknown,unknown,,Unclassified failure,pending,,,pending,,,,,pending,,,pending,,,pending,,,
00000000_No Data_1415093,s3://osu-well-records-225989338968/pdfs/ExportedFolderContents_1/1923/06 - June/00000000_No Data_1415093.pdf,1,1923,06 - June,early,1920s,unknown,unknown,,Unclassified failure,pending,,,pending,,,,,pending,,,pending,,,pending,,,
00000000_No Data_1415122,s3://osu-well-records-225989338968/pdfs/ExportedFolderContents_1/1923/06 - June/00000000_No Data_1415122.pdf,1,1923,06 - June,early,1920s,unknown,unknown,,Unclassified failure,pending,,,pending,,,,,pending,,,pending,,,pending,,,
00000000_No Data_1415183,s3://osu-well-records-225989338968/pdfs/ExportedFolderContents_1/1923/06 - June/00000000_No Data_1415183.pdf,1,1923,06 - June,early,1920s,unknown,unknown,,Unclassified failure,pending,,,pending,,,,,pending,,,pending,,,pending,,,
00000000_No Data_1415184,s3://osu-well-records-225989338968/pdfs/ExportedFolderContents_1/1923/06 - June/00000000_No Data_1415184.pdf,1,1923,06 - June,early,1920s,unknown,unknown,,Unclassified failure,pending,,,pending,,,,,pending,,,pending,,,pending,,,
00000000_No Data_1415251,s3://osu-well-records-225989338968/pdfs/ExportedFolderContents_1/1923/06 - June/00000000_No Data_1415251.pdf,1,1923,06 - June,early,1920s,unknown,unknown,,Unclassified failure,pending,,,pending,,,,,pending,,,pending,,,pending,,,
00000000_No Data_516701,s3://osu-well-records-225989338968/pdfs/ExportedFolderContents_1/1923/06 - June/00000000_No Data_516701.pdf,1,1923,06 - June,early,1920s,unknown,unknown,,Unclassified failure,pending,,,pending,,,,,pending,,,pending,,,pending,,,
00000000_No Data_589620,s3://osu-well-records-225989338968/pdfs/ExportedFolderContents_1/1923/06 - June/00000000_No Data_589620.pdf,1,1923,06 - June,early,1920s,unknown,unknown,,Unclassified failure,pending,,,pending,,,,,pending,,,pending,,,pending,,,
00000000_SPURGEON 11_1364567,s3://osu-well-records-225989338968/pdfs/ExportedFolderContents_1/1923/06 - June/00000000_SPURGEON 11_1364567.pdf,1,1923,06 - June,early,1920s,unknown,unknown,,Unclassified failure,pending,,,pending,,,,,pending,,,pending,,,pending,,,
01535585_WHITE ESTATE 2_782386,s3://osu-well-records-225989338968/pdfs/ExportedFolderContents_1/1923/06 - June/01535585_WHITE ESTATE 2_782386.pdf,1,1923,06 - June,early,1920s,unknown,unknown,,Unclassified failure,pending,,,pending,,,,,pending,,,pending,,,pending,,,
01537077_J P MCKENNA 7_782353,s3://osu-well-records-225989338968/pdfs/ExportedFolderContents_1/1923/06 - June/01537077_J P MCKENNA 7_782353.pdf,1,1923,06 - June,early,1920s,unknown,unknown,,Unclassified failure,pending,,,pending,,,,,pending,,,pending,,,pending,,,
01537271_RIGNEY 3_782349,s3://osu-well-records-225989338968/pdfs/ExportedFolderContents_1/1923/06 - June/01537271_RIGNEY 3_782349.pdf,1,1923,06 - June,early,1920s,unknown,unknown,,Unclassified failure,pending,,,pending,,,,,pending,,,pending,,,pending,,,
01900732_E E NOBLE 33_920799,s3://osu-well-records-225989338968/pdfs/ExportedFolderContents_1/1923/06 - June/01900732_E E NOBLE 33_920799.pdf,1,1923,06 - June,early,1920s,unknown,unknown,,Unclassified failure,pending,,,pending,,,,,pending,,,pending,,,pending,,,
01900753_SUGGS 1_516685,s3://osu-well-records-225989338968/pdfs/ExportedFolderContents_1/1923/06 - June/01900753_SUGGS 1_516685.pdf,1,1923,06 - June,early,1920s,unknown,unknown,,Unclassified failure,pending,,,pending,,,,,pending,,,pending,,,pending,,,
01904566_HICKS PALMER 5 (SGDSU 25-5)_920874,s3://osu-well-records-225989338968/pdfs/ExportedFolderContents_1/1923/06 - June/01904566_HICKS PALMER 5 (SGDSU 25-5)_920874.pdf,1,1923,06 - June,early,1920s,unknown,unknown,,Unclassified failure,pending,,,pending,,,,,pending,,,pending,,,pending,,,
01908376_J E CARTER 4-DD_920862,s3://osu-well-records-225989338968/pdfs/ExportedFolderContents_1/1923/06 - June/01908376_J E CARTER 4-DD_920862.pdf,1,1923,06 - June,early,1920s,unknown,unknown,,Unclassified failure,pending,,,pending,,,,,pending,,,pending,,,pending,,,
01909018_J DILLARD 59_920842,s3://osu-well-records-225989338968/pdfs/ExportedFolderContents_1/1923/06 - June/01909018_J DILLARD 59_920842.pdf,1,1923,06 - June,early,1920s,unknown,unknown,,Unclassified failure,pending,,,pending,,,,,pending,,,pending,,,pending,,,
01909211_HEFNER-MILLS 9_920834,s3://osu-well-records-225989338968/pdfs/ExportedFolderContents_1/1923/06 - June/01909211_HEFNER-MILLS 9_920834.pdf,1,1923,06 - June,early,1920s,unknown,unknown,,Unclassified failure,pending,,,pending,,,,,pending,,,pending,,,pending,,,
01909550_WESLEY LESTER 5_920809,s3://osu-well-records-225989338968/pdfs/ExportedFolderContents_1/1923/06 - June/01909550_WESLEY LESTER 5_920809.pdf,1,1923,06 - June,early,1920s,unknown,unknown,,Unclassified failure,pending,,,pending,,,,,pending,,,pending,,,pending,,,
01909721_WILLIAMS A-3_920896,s3://osu-well-records-225989338968/pdfs/ExportedFolderContents_1/1923/06 - June/01909721_WILLIAMS A-3_920896.pdf,1,1923,06 - June,early,1920s,unknown,unknown,,Unclassified failure,pending,,,pending,,,,,pending,,,pending,,,pending,,,
01909956_R W LAHMAN 1_920830,s3://osu-well-records-225989338968/pdfs/ExportedFolderContents_1/1923/06 - June/01909956_R W LAHMAN 1_920830.pdf,1,1923,06 - June,early,1920s,unknown,unknown,,Unclassified failure,pending,,,pending,,,,,pending,,,pending,,,pending,,,
01909966_BROOKS 1_920800,s3://osu-well-records-225989338968/pdfs/ExportedFolderContents_1/1923/06 - June/01909966_BROOKS 1_920800.pdf,1,1923,06 - June,early,1920s,unknown,unknown,,Unclassified failure,pending,,,pending,,,,,pending,,,pending,,,pending,,,
01910362_CHILDRESS-DANIEL 1_920880,s3://osu-well-records-225989338968/pdfs/ExportedFolderContents_1/1923/06 - June/01910362_CHILDRESS-DANIEL 1_920880.pdf,1,1923,06 - June,early,1920s,unknown,unknown,,Unclassified failure,pending,,,pending,,,,,pending,,,pending,,,pending,,,
01910379_G A NELSON 1-DD_920844,s3://osu-well-records-225989338968/pdfs/ExportedFolderContents_1/1923/06 - June/01910379_G A NELSON 1-DD_920844.pdf,1,1923,06 - June,early,1920s,unknown,unknown,,Unclassified failure,pending,,,pending,,,,,pending,,,pending,,,pending,,,
01910385_R W LAHMAN 4_920861,s3://osu-well-records-225989338968/pdfs/ExportedFolderContents_1/1923/06 - June/01910385_R W LAHMAN 4_920861.pdf,1,1923,06 - June,early,1920s,unknown,unknown,,Unclassified failure,pending,,,pending,,,,,pending,,,pending,,,pending,,,
01910647_HEWITT WALKER 13_920839,s3://osu-well-records-225989338968/pdfs/ExportedFolderContents_1/1923/06 - June/01910647_HEWITT WALKER 13_920839.pdf,1,1923,06 - June,early,1920s,unknown,unknown,,Unclassified failure,pending,,,pending,,,,,pending,,,pending,,,pending,,,
01910678_HAZEL VOORHEES 2_920819,s3://osu-well-records-225989338968/pdfs/ExportedFolderContents_1/1923/06 - June/01910678_HAZEL VOORHEES 2_920819.pdf,1,1923,06 - June,early,1920s,unknown,unknown,,Unclassified failure,pending,,,pending,,,,,pending,,,pending,,,pending,,,
01911316_J H DILLARD 12_920810,s3://osu-well-records-225989338968/pdfs/ExportedFolderContents_1/1923/06 - June/01911316_J H DILLARD 12_920810.pdf,1,1923,06 - June,early,1920s,unknown,unknown,,Unclassified failure,pending,,,pending,,,,,pending,,,pending,,,pending,,,
01911337_V J WARD 4_920870,s3://osu-well-records-225989338968/pdfs/ExportedFolderContents_1/1923/06 - June/01911337_V J WARD 4_920870.pdf,1,1923,06 - June,early,1920s,unknown,unknown,,Unclassified failure,pending,,,pending,,,,,pending,,,pending,,,pending,,,
01911387_J H DILLARD 55_920866,s3://osu-well-records-225989338968/pdfs/ExportedFolderContents_1/1923/06 - June/01911387_J H DILLARD 55_920866.pdf,1,1923,06 - June,early,1920s,unknown,unknown,,Unclassified failure,pending,,,pending,,,,,pending,,,pending,,,pending,,,
01911421_DILLARD 101_920805,s3://osu-well-records-225989338968/pdfs/ExportedFolderContents_1/1923/06 - June/01911421_DILLARD 101_920805.pdf,1,1923,06 - June,early,1920s,unknown,unknown,,Unclassified failure,pending,,,pending,,,,,pending,,,pending,,,pending,,,
01911422_DILLARD 102_920814,s3://osu-well-records-225989338968/pdfs/ExportedFolderContents_1/1923/06 - June/01911422_DILLARD 102_920814.pdf,1,1923,06 - June,early,1920s,unknown,unknown,,Unclassified failure,pending,,,pending,,,,,pending,,,pending,,,pending,,,
01911428_J H DILLARD 108_920878,s3://osu-well-records-225989338968/pdfs/ExportedFolderContents_1/1923/06 - June/01911428_J H DILLARD 108_920878.pdf,1,1923,06 - June,early,1920s,unknown,unknown,,Unclassified failure,pending,,,pending,,,,,pending,,,pending,,,pending,,,
01911583_KALISH 14_920894,s3://osu-well-records-225989338968/pdfs/ExportedFolderContents_1/1923/06 - June/01911583_KALISH 14_920894.pdf,1,1923,06 - June,early,1920s,unknown,unknown,,Unclassified failure,pending,,,pending,,,,,pending,,,pending,,,pending,,,
01911766_EVA HEFNER 8_920879,s3://osu-well-records-225989338968/pdfs/ExportedFolderContents_1/1923/06 - June/01911766_EVA HEFNER 8_920879.pdf,1,1923,06 - June,early,1920s,unknown,unknown,,Unclassified failure,pending,,,pending,,,,,pending,,,pending,,,pending,,,
01911821_A E DENNY 11_920848,s3://osu-well-records-225989338968/pdfs/ExportedFolderContents_1/1923/06 - June/01911821_A E DENNY 11_920848.pdf,1,1923,06 - June,early,1920s,unknown,unknown,,Unclassified failure,pending,,,pending,,,,,pending,,,pending,,,pending,,,
01912545_S BAPTISTE 17_516714,s3://osu-well-records-225989338968/pdfs/ExportedFolderContents_1/1923/06 - June/01912545_S BAPTISTE 17_516714.pdf,1,1923,06 - June,early,1920s,unknown,unknown,,Unclassified failure,pending,,,pending,,,,,pending,,,pending,,,pending,,,
01913513_ELLIS 2_920873,s3://osu-well-records-225989338968/pdfs/ExportedFolderContents_1/1923/06 - June/01913513_ELLIS 2_920873.pdf,1,1923,06 - June,early,1920s,unknown,unknown,,Unclassified failure,pending,,,pending,,,,,pending,,,pending,,,pending,,,
01913546_O S SPARKS 1_920888,s3://osu-well-records-225989338968/pdfs/ExportedFolderContents_1/1923/06 - June/01913546_O S SPARKS 1_920888.pdf,1,1923,06 - June,early,1920s,unknown,unknown,,Unclassified failure,pending,,,pending,,,,,pending,,,pending,,,pending,,,
01913551_RICKETS 1_920836,s3://osu-well-records-225989338968/pdfs/ExportedFolderContents_1/1923/06 - June/01913551_RICKETS 1_920836.pdf,1,1923,06 - June,early,1920s,unknown,unknown,,Unclassified failure,pending,,,pending,,,,,pending,,,pending,,,pending,,,
01913566_SPARKS 5_920802,s3://osu-well-records-225989338968/pdfs/ExportedFolderContents_1/1923/06 - June/01913566_SPARKS 5_920802.pdf,1,1923,06 - June,early,1920s,unknown,unknown,,Unclassified failure,pending,,,pending,,,,,pending,,,pending,,,pending,,,
01913676_J F BENNETT 5 (S GRAHAM DEESE SAND UNIT 8-13)_920816,s3://osu-well-records-225989338968/pdfs/ExportedFolderContents_1/1923/06 - June/01913676_J F BENNETT 5 (S GRAHAM DEESE SAND UNIT 8-13)_920816.pdf,1,1923,06 - June,early,1920s,unknown,unknown,,Unclassified failure,pending,,,pending,,,,,pending,,,pending,,,pending,,,
01913763_DILLARD 53_920847,s3://osu-well-records-225989338968/pdfs/ExportedFolderContents_1/1923/06 - June/01913763_DILLARD 53_920847.pdf,1,1923,06 - June,early,1920s,unknown,unknown,,Unclassified failure,pending,,,pending,,,,,pending,,,pending,,,pending,,,
01914144_O S SPARKS 6_920798,s3://osu-well-records-225989338968/pdfs/ExportedFolderContents_1/1923/06 - June/01914144_O S SPARKS 6_920798.pdf,1,1923,06 - June,early,1920s,unknown,unknown,,Unclassified failure,pending,,,pending,,,,,pending,,,pending,,,pending,,,
01914173_J H DILLARD 7_920823,s3://osu-well-records-225989338968/pdfs/ExportedFolderContents_1/1923/06 - June/01914173_J H DILLARD 7_920823.pdf,1,1923,06 - June,early,1920s,unknown,unknown,,Unclassified failure,pending,,,pending,,,,,pending,,,pending,,,pending,,,
01914293_S GRAHAM DEESE SAND UNIT 20-3 (FOWLER 3)_920871,s3://osu-well-records-225989338968/pdfs/ExportedFolderContents_1/1923/06 - June/01914293_S GRAHAM DEESE SAND UNIT 20-3 (FOWLER 3)_920871.pdf,1,1923,06 - June,early,1920s,unknown,unknown,,Unclassified failure,pending,,,pending,,,,,pending,,,pending,,,pending,,,
01970247_J H BENNETT 8_920838,s3://osu-well-records-225989338968/pdfs/ExportedFolderContents_1/1923/06 - June/01970247_J H BENNETT 8_920838.pdf,1,1923,06 - June,early,1920s,unknown,unknown,,Unclassified failure,pending,,,pending,,,,,pending,,,pending,,,pending,,,
03102570_COX 1_782391,s3://osu-well-records-225989338968/pdfs/ExportedFolderContents_1/1923/06 - June/03102570_COX 1_782391.pdf,1,1923,06 - June,early,1920s,unknown,unknown,,Unclassified failure,pending,,,pending,,,,,pending,,,pending,,,pending,,,
03700544_M CLINTON 1_1054911,s3://osu-well-records-225989338968/pdfs/ExportedFolderContents_1/1923/06 - June/03700544_M CLINTON 1_1054911.pdf,1,1923,06 - June,early,1920s,unknown,unknown,,Unclassified failure,pending,,,pending,,,,,pending,,,pending,,,pending,,,
03700850_W AMARTHLA 2_1055141,s3://osu-well-records-225989338968/pdfs/ExportedFolderContents_1/1923/06 - June/03700850_W AMARTHLA 2_1055141.pdf,1,1923,06 - June,early,1920s,unknown,unknown,,Unclassified failure,pending,,,pending,,,,,pending,,,pending,,,pending,,,
03700894_L CANADY 5_1055120,s3://osu-well-records-225989338968/pdfs/ExportedFolderContents_1/1923/06 - June/03700894_L CANADY 5_1055120.pdf,1,1923,06 - June,early,1920s,unknown,unknown,,Unclassified failure,pending,,,pending,,,,,pending,,,pending,,,pending,,,
03701241_MAYS 7_1054904,s3://osu-well-records-225989338968/pdfs/ExportedFolderContents_1/1923/06 - June/03701241_MAYS 7_1054904.pdf,1,1923,06 - June,early,1920s,unknown,unknown,,Unclassified failure,pending,,,pending,,,,,pending,,,pending,,,pending,,,
03702281_CAESAR BEAR 9_1054954,s3://osu-well-records-225989338968/pdfs/ExportedFolderContents_1/1923/06 - June/03702281_CAESAR BEAR 9_1054954.pdf,1,1923,06 - June,early,1920s,unknown,unknown,,Unclassified failure,pending,,,pending,,,,,pending,,,pending,,,pending,,,
03702424_A WRIGHT 4_1055039,s3://osu-well-records-225989338968/pdfs/ExportedFolderContents_1/1923/06 - June/03702424_A WRIGHT 4_1055039.pdf,1,1923,06 - June,early,1920s,unknown,unknown,,Unclassified failure,pending,,,pending,,,,,pending,,,pending,,,pending,,,
03702433_O B HARRISON 3_1055144,s3://osu-well-records-225989338968/pdfs/ExportedFolderContents_1/1923/06 - June/03702433_O B HARRISON 3_1055144.pdf,1,1923,06 - June,early,1920s,unknown,unknown,,Unclassified failure,pending,,,pending,,,,,pending,,,pending,,,pending,,,
03702791_ESTHER RENTIE 6_1055066,s3://osu-well-records-225989338968/pdfs/ExportedFolderContents_1/1923/06 - June/03702791_ESTHER RENTIE 6_1055066.pdf,1,1923,06 - June,early,1920s,unknown,unknown,,Unclassified failure,pending,,,pending,,,,,pending,,,pending,,,pending,,,
03702941_FREEMAN KERNAL 2_1055171,s3://osu-well-records-225989338968/pdfs/ExportedFolderContents_1/1923/06 - June/03702941_FREEMAN KERNAL 2_1055171.pdf,1,1923,06 - June,early,1920s,unknown,unknown,,Unclassified failure,pending,,,pending,,,,,pending,,,pending,,,pending,,,
03703268_O OWENS 1_1054900,s3://osu-well-records-225989338968/pdfs/ExportedFolderContents_1/1923/06 - June/03703268_O OWENS 1_1054900.pdf,1,1923,06 - June,early,1920s,unknown,unknown,,Unclassified failure,pending,,,pending,,,,,pending,,,pending,,,pending,,,
03703268_O OWENS 1_1054902,s3://osu-well-records-225989338968/pdfs/ExportedFolderContents_1/1923/06 - June/03703268_O OWENS 1_1054902.pdf,1,1923,06 - June,early,1920s,unknown,unknown,,Unclassified failure,pending,,,pending,,,,,pending,,,pending,,,pending,,,
03703328_TURNER BEAVER 5_1055016,s3://osu-well-records-225989338968/pdfs/ExportedFolderContents_1/1923/06 - June/03703328_TURNER BEAVER 5_1055016.pdf,1,1923,06 - June,early,1920s,unknown,unknown,,Unclassified failure,pending,,,pending,,,,,pending,,,pending,,,pending,,,
03703772_ROBERSON 5_1055024,s3://osu-well-records-225989338968/pdfs/ExportedFolderContents_1/1923/06 - June/03703772_ROBERSON 5_1055024.pdf,1,1923,06 - June,early,1920s,unknown,unknown,,Unclassified failure,pending,,,pending,,,,,pending,,,pending,,,pending,,,
03703774_MYRTLE WEST 2_1055281,s3://osu-well-records-225989338968/pdfs/ExportedFolderContents_1/1923/06 - June/03703774_MYRTLE WEST 2_1055281.pdf,1,1923,06 - June,early,1920s,unknown,unknown,,Unclassified failure,pending,,,pending,,,,,pending,,,pending,,,pending,,,
03703783_MYRTLE WEST 2_1055272,s3://osu-well-records-225989338968/pdfs/ExportedFolderContents_1/1923/06 - June/03703783_MYRTLE WEST 2_1055272.pdf,1,1923,06 - June,early,1920s,unknown,unknown,,Unclassified failure,pending,,,pending,,,,,pending,,,pending,,,pending,,,
03703940_F M COONROD 1_1055199,s3://osu-well-records-225989338968/pdfs/ExportedFolderContents_1/1923/06 - June/03703940_F M COONROD 1_1055199.pdf,1,1923,06 - June,early,1920s,unknown,unknown,,Unclassified failure,pending,,,pending,,,,,pending,,,pending,,,pending,,,
03703958_COONROD-E_1054920,s3://osu-well-records-225989338968/pdfs/ExportedFolderContents_1/1923/06 - June/03703958_COONROD-E_1054920.pdf,1,1923,06 - June,early,1920s,unknown,unknown,,Unclassified failure,pending,,,pending,,,,,pending,,,pending,,,pending,,,
03704038_F B RUSH 1_1055215,s3://osu-well-records-225989338968/pdfs/ExportedFolderContents_1/1923/06 - June/03704038_F B RUSH 1_1055215.pdf,1,1923,06 - June,early,1920s,unknown,unknown,,Unclassified failure,pending,,,pending,,,,,pending,,,pending,,,pending,,,
03704043_LIZZIE STARR 1_1055018,s3://osu-well-records-225989338968/pdfs/ExportedFolderContents_1/1923/06 - June/03704043_LIZZIE STARR 1_1055018.pdf,1,1923,06 - June,early,1920s,unknown,unknown,,Unclassified failure,pending,,,pending,,,,,pending,,,pending,,,pending,,,
03704047_LIZZIE STARR 1_1055006,s3://osu-well-records-225989338968/pdfs/ExportedFolderContents_1/1923/06 - June/03704047_LIZZIE STARR 1_1055006.pdf,1,1923,06 - June,early,1920s,unknown,unknown,,Unclassified failure,pending,,,pending,,,,,pending,,,pending,,,pending,,,
03704116_MARTHA TIGER 1_1055170,s3://osu-well-records-225989338968/pdfs/ExportedFolderContents_1/1923/06 - June/03704116_MARTHA TIGER 1_1055170.pdf,1,1923,06 - June,early,1920s,unknown,unknown,,Unclassified failure,pending,,,pending,,,,,pending,,,pending,,,pending,,,
03704159_STEVENS 1_1054994,s3://osu-well-records-225989338968/pdfs/ExportedFolderContents_1/1923/06 - June/03704159_STEVENS 1_1054994.pdf,1,1923,06 - June,early,1920s,unknown,unknown,,Unclassified failure,pending,,,pending,,,,,pending,,,pending,,,pending,,,
03704193_L TIGER 7_1055013,s3://osu-well-records-225989338968/pdfs/ExportedFolderContents_1/1923/06 - June/03704193_L TIGER 7_1055013.pdf,1,1923,06 - June,early,1920s,unknown,unknown,,Unclassified failure,pending,,,pending,,,,,pending,,,pending,,,pending,,,
03704194_L TIGER 2-A_1055003,s3://osu-well-records-225989338968/pdfs/ExportedFolderContents_1/1923/06 - June/03704194_L TIGER 2-A_1055003.pdf,1,1923,06 - June,early,1920s,unknown,unknown,,Unclassified failure,pending,,,pending,,,,,pending,,,pending,,,pending,,,
03704194_L TIGER 2-A_51011901,s3://osu-well-records-225989338968/pdfs/ExportedFolderContents_1/1923/06 - June/03704194_L TIGER 2-A_51011901.pdf,1,1923,06 - June,early,1920s,unknown,unknown,,Unclassified failure,pending,,,pending,,,,,pending,,,pending,,,pending,,,
03704204_H JACKSON 2_1054957,s3://osu-well-records-225989338968/pdfs/ExportedFolderContents_1/1923/06 - June/03704204_H JACKSON 2_1054957.pdf,1,1923,06 - June,early,1920s,unknown,unknown,,Unclassified failure,pending,,,pending,,,,,pending,,,pending,,,pending,,,
03704346_BENEFIEL 2_1055238,s3://osu-well-records-225989338968/pdfs/ExportedFolderContents_1/1923/06 - June/03704346_BENEFIEL 2_1055238.pdf,1,1923,06 - June,early,1920s,unknown,unknown,,Unclassified failure,pending,,,pending,,,,,pending,,,pending,,,pending,,,
03704850_F GRAYSON 2_1054959,s3://osu-well-records-225989338968/pdfs/ExportedFolderContents_1/1923/06 - June/03704850_F GRAYSON 2_1054959.pdf,1,1923,06 - June,early,1920s,unknown,unknown,,Unclassified failure,pending,,,pending,,,,,pending,,,pending,,,pending,,,
03704860_S CLINTON 1_1054991,s3://osu-well-records-225989338968/pdfs/ExportedFolderContents_1/1923/06 - June/03704860_S CLINTON 1_1054991.pdf,1,1923,06 - June,early,1920s,unknown,unknown,,Unclassified failure,pending,,,pending,,,,,pending,,,pending,,,pending,,,
03705296_SAMANTHA POST 7_1054984,s3://osu-well-records-225989338968/pdfs/ExportedFolderContents_1/1923/06 - June/03705296_SAMANTHA POST 7_1054984.pdf,1,1923,06 - June,early,1920s,unknown,unknown,,Unclassified failure,pending,,,pending,,,,,pending,,,pending,,,pending,,,
03705353_A BRUNER 1_1055175,s3://osu-well-records-225989338968/pdfs/ExportedFolderContents_1/1923/06 - June/03705353_A BRUNER 1_1055175.pdf,1,1923,06 - June,early,1920s,unknown,unknown,,Unclassified failure,pending,,,pending,,,,,pending,,,pending,,,pending,,,
03705356_R MCINTOSH 1_1055161,s3://osu-well-records-225989338968/pdfs/ExportedFolderContents_1/1923/06 - June/03705356_R MCINTOSH 1_1055161.pdf,1,1923,06 - June,early,1920s,unknown,unknown,,Unclassified failure,pending,,,pending,,,,,pending,,,pending,,,pending,,,
03705359_M MCINTOSH 2_1054998,s3://osu-well-records-225989338968/pdfs/ExportedFolderContents_1/1923/06 - June/03705359_M MCINTOSH 2_1054998.pdf,1,1923,06 - June,early,1920s,unknown,unknown,,Unclassified failure,pending,,,pending,,,,,pending,,,pending,,,pending,,,
03705362_MCINTOSH 1_1055004,s3://osu-well-records-225989338968/pdfs/ExportedFolderContents_1/1923/06 - June/03705362_MCINTOSH 1_1055004.pdf,1,1923,06 - June,early,1920s,unknown,unknown,,Unclassified failure,pending,,,pending,,,,,pending,,,pending,,,pending,,,
03705555_W BURGESS 1_1055300,s3://osu-well-records-225989338968/pdfs/ExportedFolderContents_1/1923/06 - June/03705555_W BURGESS 1_1055300.pdf,1,1923,06 - June,early,1920s,unknown,unknown,,Unclassified failure,pending,,,pending,,,,,pending,,,pending,,,pending,,,
03706293_E TIMOTHY 1_1055217,s3://osu-well-records-225989338968/pdfs/ExportedFolderContents_1/1923/06 - June/03706293_E TIMOTHY 1_1055217.pdf,1,1923,06 - June,early,1920s,unknown,unknown,,Unclassified failure,pending,,,pending,,,,,pending,,,pending,,,pending,,,
03706778_VERA LOTTS 1_1055064,s3://osu-well-records-225989338968/pdfs/ExportedFolderContents_1/1923/06 - June/03706778_VERA LOTTS 1_1055064.pdf,1,1923,06 - June,early,1920s,unknown,unknown,,Unclassified failure,pending,,,pending,,,,,pending,,,pending,,,pending,,,
03706872_LUMAH 1_1055267,s3://osu-well-records-225989338968/pdfs/ExportedFolderContents_1/1923/06 - June/03706872_LUMAH 1_1055267.pdf,1,1923,06 - June,early,1920s,unknown,unknown,,Unclassified failure,pending,,,pending,,,,,pending,,,pending,,,pending,,,
03706908_No Data_1054874,s3://osu-well-records-225989338968/pdfs/ExportedFolderContents_1/1923/06 - June/03706908_No Data_1054874.pdf,1,1923,06 - June,early,1920s,unknown,unknown,,Unclassified failure,pending,,,pending,,,,,pending,,,pending,,,pending,,,
03707043_HENDRICKSON 1_1054951,s3://osu-well-records-225989338968/pdfs/ExportedFolderContents_1/1923/06 - June/03707043_HENDRICKSON 1_1054951.pdf,1,1923,06 - June,early,1920s,unknown,unknown,,Unclassified failure,pending,,,pending,,,,,pending,,,pending,,,pending,,,
03707057_CORA TUCKER 2_1054910,s3://osu-well-records-225989338968/pdfs/ExportedFolderContents_1/1923/06 - June/03707057_CORA TUCKER 2_1054910.pdf,1,1923,06 - June,early,1920s,unknown,unknown,,Unclassified failure,pending,,,pending,,,,,pending,,,pending,,,pending,,,
03707095_D M LADD 3_1055244,s3://osu-well-records-225989338968/pdfs/ExportedFolderContents_1/1923/06 - June/03707095_D M LADD 3_1055244.pdf,1,1923,06 - June,early,1920s,unknown,unknown,,Unclassified failure,pending,,,pending,,,,,pending,,,pending,,,pending,,,
03707192_DEERE 8_1055007,s3://osu-well-records-225989338968/pdfs/ExportedFolderContents_1/1923/06 - June/03707192_DEERE 8_1055007.pdf,1,1923,06 - June,early,1920s,unknown,unknown,,Unclassified failure,pending,,,pending,,,,,pending,,,pending,,,pending,,,
03707290_LAUHON 1_1055277,s3://osu-well-records-225989338968/pdfs/ExportedFolderContents_1/1923/06 - June/03707290_LAUHON 1_1055277.pdf,1,1923,06 - June,early,1920s,unknown,unknown,,Unclassified failure,pending,,,pending,,,,,pending,,,pending,,,pending,,,
03707618_ALEX CHARLES 2_1055194,s3://osu-well-records-225989338968/pdfs/ExportedFolderContents_1/1923/06 - June/03707618_ALEX CHARLES 2_1055194.pdf,1,1923,06 - June,early,1920s,unknown,unknown,,Unclassified failure,pending,,,pending,,,,,pending,,,pending,,,pending,,,
03707628_HAMILTON 1_1055271,s3://osu-well-records-225989338968/pdfs/ExportedFolderContents_1/1923/06 - June/03707628_HAMILTON 1_1055271.pdf,1,1923,06 - June,early,1920s,unknown,unknown,,Unclassified failure,pending,,,pending,,,,,pending,,,pending,,,pending,,,
03707641_No Data_1055134,s3://osu-well-records-225989338968/pdfs/ExportedFolderContents_1/1923/06 - June/03707641_No Data_1055134.pdf,1,1923,06 - June,early,1920s,unknown,unknown,,Unclassified failure,pending,,,pending,,,,,pending,,,pending,,,pending,,,
03708564_POST OAK 5_1055023,s3://osu-well-records-225989338968/pdfs/ExportedFolderContents_1/1923/06 - June/03708564_POST OAK 5_1055023.pdf,1,1923,06 - June,early,1920s,unknown,unknown,,Unclassified failure,pending,,,pending,,,,,pending,,,pending,,,pending,,,
03714396_BEOMA FARRIS 2_1055290,s3://osu-well-records-225989338968/pdfs/ExportedFolderContents_1/1923/06 - June/03714396_BEOMA FARRIS 2_1055290.pdf,1,1923,06 - June,early,1920s,unknown,unknown,,Unclassified failure,pending,,,pending,,,,,pending,,,pending,,,pending,,,
03714399_M KELLY 2_1054962,s3://osu-well-records-225989338968/pdfs/ExportedFolderContents_1/1923/06 - June/03714399_M KELLY 2_1054962.pdf,1,1923,06 - June,early,1920s,unknown,unknown,,Unclassified failure,pending,,,pending,,,,,pending,,,pending,,,pending,,,
03714400_M KELLY 3_1055118,s3://osu-well-records-225989338968/pdfs/ExportedFolderContents_1/1923/06 - June/03714400_M KELLY 3_1055118.pdf,1,1923,06 - June,early,1920s,unknown,unknown,,Unclassified failure,pending,,,pending,,,,,pending,,,pending,,,pending,,,
03715015_V ANDERSON 1_1055127,s3://osu-well-records-225989338968/pdfs/ExportedFolderContents_1/1923/06 - June/03715015_V ANDERSON 1_1055127.pdf,1,1923,06 - June,early,1920s,unknown,unknown,,Unclassified failure,pending,,,pending,,,,,pending,,,pending,,,pending,,,
03715484_ETHEL WATASHE 1_1054882,s3://osu-well-records-225989338968/pdfs/ExportedFolderContents_1/1923/06 - June/03715484_ETHEL WATASHE 1_1054882.pdf,1,1923,06 - June,early,1920s,unknown,unknown,,Unclassified failure,pending,,,pending,,,,,pending,,,pending,,,pending,,,
03715484_ETHEL WATASHE 1_1054893,s3://osu-well-records-225989338968/pdfs/ExportedFolderContents_1/1923/06 - June/03715484_ETHEL WATASHE 1_1054893.pdf,1,1923,06 - June,early,1920s,unknown,unknown,,Unclassified failure,pending,,,pending,,,,,pending,,,pending,,,pending,,,
03715757_WILLIAMS 1_1054875,s3://osu-well-records-225989338968/pdfs/ExportedFolderContents_1/1923/06 - June/03715757_WILLIAMS 1_1054875.pdf,1,1923,06 - June,early,1920s,unknown,unknown,,Unclassified failure,pending,,,pending,,,,,pending,,,pending,,,pending,,,
03715924_ARABELLA HAWKINS_1055121,s3://osu-well-records-225989338968/pdfs/ExportedFolderContents_1/1923/06 - June/03715924_ARABELLA HAWKINS_1055121.pdf,1,1923,06 - June,early,1920s,unknown,unknown,,Unclassified failure,pending,,,pending,,,,,pending,,,pending,,,pending,,,
03716634_KIEFER UNIT 19-11_1055221,s3://osu-well-records-225989338968/pdfs/ExportedFolderContents_1/1923/06 - June/03716634_KIEFER UNIT 19-11_1055221.pdf,1,1923,06 - June,early,1920s,unknown,unknown,,Unclassified failure,pending,,,pending,,,,,pending,,,pending,,,pending,,,
03717045_EXIE FIFE 16_1055214,s3://osu-well-records-225989338968/pdfs/ExportedFolderContents_1/1923/06 - June/03717045_EXIE FIFE 16_1055214.pdf,1,1923,06 - June,early,1920s,unknown,unknown,,Unclassified failure,pending,,,pending,,,,,pending,,,pending,,,pending,,,
03718108_No Data_1055158,s3://osu-well-records-225989338968/pdfs/ExportedFolderContents_1/1923/06 - June/03718108_No Data_1055158.pdf,1,1923,06 - June,early,1920s,unknown,unknown,,Unclassified failure,pending,,,pending,,,,,pending,,,pending,,,pending,,,
03730680_ROBERSON 3_1055246,s3://osu-well-records-225989338968/pdfs/ExportedFolderContents_1/1923/06 - June/03730680_ROBERSON 3_1055246.pdf,1,1923,06 - June,early,1920s,unknown,unknown,,Unclassified failure,pending,,,pending,,,,,pending,,,pending,,,pending,,,
04700392_F M BELVEAL 1_1539557,s3://osu-well-records-225989338968/pdfs/ExportedFolderContents_1/1923/06 - June/04700392_F M BELVEAL 1_1539557.pdf,1,1923,06 - June,early,1920s,unknown,unknown,,Unclassified failure,pending,,,pending,,,,,pending,,,pending,,,pending,,,
04701778_METSCHER 14_1539604,s3://osu-well-records-225989338968/pdfs/ExportedFolderContents_1/1923/06 - June/04701778_METSCHER 14_1539604.pdf,1,1923,06 - June,early,1920s,unknown,unknown,,Unclassified failure,pending,,,pending,,,,,pending,,,pending,,,pending,,,
04702224_L E CREWS 10_1539567,s3://osu-well-records-225989338968/pdfs/ExportedFolderContents_1/1923/06 - June/04702224_L E CREWS 10_1539567.pdf,1,1923,06 - June,early,1920s,unknown,unknown,,Unclassified failure,pending,,,pending,,,,,pending,,,pending,,,pending,,,
04702225_L E CREWS 11_1539598,s3://osu-well-records-225989338968/pdfs/ExportedFolderContents_1/1923/06 - June/04702225_L E CREWS 11_1539598.pdf,1,1923,06 - June,early,1920s,unknown,unknown,,Unclassified failure,pending,,,pending,,,,,pending,,,pending,,,pending,,,
04703018_W C HEIM 9_1539572,s3://osu-well-records-225989338968/pdfs/ExportedFolderContents_1/1923/06 - June/04703018_W C HEIM 9_1539572.pdf,1,1923,06 - June,early,1920s,unknown,unknown,,Unclassified failure,pending,,,pending,,,,,pending,,,pending,,,pending,,,
04900649_POPEJOY 1_782387,s3://osu-well-records-225989338968/pdfs/ExportedFolderContents_1/1923/06 - June/04900649_POPEJOY 1_782387.pdf,1,1923,06 - June,early,1920s,unknown,unknown,,Unclassified failure,pending,,,pending,,,,,pending,,,pending,,,pending,,,
04900651_GEORGE PYLE 1_782356,s3://osu-well-records-225989338968/pdfs/ExportedFolderContents_1/1923/06 - June/04900651_GEORGE PYLE 1_782356.pdf,1,1923,06 - June,early,1920s,unknown,unknown,,Unclassified failure,pending,,,pending,,,,,pending,,,pending,,,pending,,,
04900662_W A GANN 1_782361,s3://osu-well-records-225989338968/pdfs/ExportedFolderContents_1/1923/06 - June/04900662_W A GANN 1_782361.pdf,1,1923,06 - June,early,1920s,unknown,unknown,,Unclassified failure,pending,,,pending,,,,,pending,,,pending,,,pending,,,
04901008_TOM PERNELL 11 ACCOUNT 1_782357,s3://osu-well-records-225989338968/pdfs/ExportedFolderContents_1/1923/06 - June/04901008_TOM PERNELL 11 ACCOUNT 1_782357.pdf,1,1923,06 - June,early,1920s,unknown,unknown,,Unclassified failure,pending,,,pending,,,,,pending,,,pending,,,pending,,,
04901090_WALTER ORR 7_782379,s3://osu-well-records-225989338968/pdfs/ExportedFolderContents_1/1923/06 - June/04901090_WALTER ORR 7_782379.pdf,1,1923,06 - June,early,1920s,unknown,unknown,,Unclassified failure,pending,,,pending,,,,,pending,,,pending,,,pending,,,
04901148_W A GANN ACCOUNT 2 1_782363,s3://osu-well-records-225989338968/pdfs/ExportedFolderContents_1/1923/06 - June/04901148_W A GANN ACCOUNT 2 1_782363.pdf,1,1923,06 - June,early,1920s,unknown,unknown,,Unclassified failure,pending,,,pending,,,,,pending,,,pending,,,pending,,,
04935377_P W RICHARDSON 4_782373,s3://osu-well-records-225989338968/pdfs/ExportedFolderContents_1/1923/06 - June/04935377_P W RICHARDSON 4_782373.pdf,1,1923,06 - June,early,1920s,unknown,unknown,,Unclassified failure,pending,,,pending,,,,,pending,,,pending,,,pending,,,
04935402_S H COWAN 3-DD_782381,s3://osu-well-records-225989338968/pdfs/ExportedFolderContents_1/1923/06 - June/04935402_S H COWAN 3-DD_782381.pdf,1,1923,06 - June,early,1920s,unknown,unknown,,Unclassified failure,pending,,,pending,,,,,pending,,,pending,,,pending,,,
04935459_G POWELL 5_782375,s3://osu-well-records-225989338968/pdfs/ExportedFolderContents_1/1923/06 - June/04935459_G POWELL 5_782375.pdf,1,1923,06 - June,early,1920s,unknown,unknown,,Unclassified failure,pending,,,pending,,,,,pending,,,pending,,,pending,,,
04935460_G POWELL 6_782364,s3://osu-well-records-225989338968/pdfs/ExportedFolderContents_1/1923/06 - June/04935460_G POWELL 6_782364.pdf,1,1923,06 - June,early,1920s,unknown,unknown,,Unclassified failure,pending,,,pending,,,,,pending,,,pending,,,pending,,,
04935461_G POWELL 7_782368,s3://osu-well-records-225989338968/pdfs/ExportedFolderContents_1/1923/06 - June/04935461_G POWELL 7_782368.pdf,1,1923,06 - June,early,1920s,unknown,unknown,,Unclassified failure,pending,,,pending,,,,,pending,,,pending,,,pending,,,
04935471_I N JONES 8_782384,s3://osu-well-records-225989338968/pdfs/ExportedFolderContents_1/1923/06 - June/04935471_I N JONES 8_782384.pdf,1,1923,06 - June,early,1920s,unknown,unknown,,Unclassified failure,pending,,,pending,,,,,pending,,,pending,,,pending,,,
04935552_WYATT 5_782346,s3://osu-well-records-225989338968/pdfs/ExportedFolderContents_1/1923/06 - June/04935552_WYATT 5_782346.pdf,1,1923,06 - June,early,1920s,unknown,unknown,,Unclassified failure,pending,,,pending,,,,,pending,,,pending,,,pending,,,
04935553_E D WYATT 6_782362,s3://osu-well-records-225989338968/pdfs/ExportedFolderContents_1/1923/06 - June/04935553_E D WYATT 6_782362.pdf,1,1923,06 - June,early,1920s,unknown,unknown,,Unclassified failure,pending,,,pending,,,,,pending,,,pending,,,pending,,,
04936355_W J GOOD 3_782350,s3://osu-well-records-225989338968/pdfs/ExportedFolderContents_1/1923/06 - June/04936355_W J GOOD 3_782350.pdf,1,1923,06 - June,early,1920s,unknown,unknown,,Unclassified failure,pending,,,pending,,,,,pending,,,pending,,,pending,,,
05136728_CHANDLER 1_782372,s3://osu-well-records-225989338968/pdfs/ExportedFolderContents_1/1923/06 - June/05136728_CHANDLER 1_782372.pdf,1,1923,06 - June,early,1920s,unknown,unknown,,Unclassified failure,pending,,,pending,,,,,pending,,,pending,,,pending,,,
05300301_LOWNES 1_1539582,s3://osu-well-records-225989338968/pdfs/ExportedFolderContents_1/1923/06 - June/05300301_LOWNES 1_1539582.pdf,1,1923,06 - June,early,1920s,unknown,unknown,,Unclassified failure,pending,,,pending,,,,,pending,,,pending,,,pending,,,
05301451_SMALLEY 1_1539547,s3://osu-well-records-225989338968/pdfs/ExportedFolderContents_1/1923/06 - June/05301451_SMALLEY 1_1539547.pdf,1,1923,06 - June,early,1920s,unknown,unknown,,Unclassified failure,pending,,,pending,,,,,pending,,,pending,,,pending,,,
06303131_WASHINGTON 1_589622,s3://osu-well-records-225989338968/pdfs/ExportedFolderContents_1/1923/06 - June/06303131_WASHINGTON 1_589622.pdf,1,1923,06 - June,early,1920s,unknown,unknown,,Unclassified failure,pending,,,pending,,,,,pending,,,pending,,,pending,,,
06303908_AMOS KING 2_1055142,s3://osu-well-records-225989338968/pdfs/ExportedFolderContents_1/1923/06 - June/06303908_AMOS KING 2_1055142.pdf,1,1923,06 - June,early,1920s,unknown,unknown,,Unclassified failure,pending,,,pending,,,,,pending,,,pending,,,pending,,,
06303908_AMOS KING 2_589639,s3://osu-well-records-225989338968/pdfs/ExportedFolderContents_1/1923/06 - June/06303908_AMOS KING 2_589639.pdf,1,1923,06 - June,early,1920s,unknown,unknown,,Unclassified failure,pending,,,pending,,,,,pending,,,pending,,,pending,,,
06304039_KOGEE HULLY 2_1055087,s3://osu-well-records-225989338968/pdfs/ExportedFolderContents_1/1923/06 - June/06304039_KOGEE HULLY 2_1055087.pdf,1,1923,06 - June,early,1920s,unknown,unknown,,Unclassified failure,pending,,,pending,,,,,pending,,,pending,,,pending,,,
06304041_K HULLY 4_589629,s3://osu-well-records-225989338968/pdfs/ExportedFolderContents_1/1923/06 - June/06304041_K HULLY 4_589629.pdf,1,1923,06 - June,early,1920s,unknown,unknown,,Unclassified failure,pending,,,pending,,,,,pending,,,pending,,,pending,,,
06304052_MARTHA E GREGORY A 2_589621,s3://osu-well-records-225989338968/pdfs/ExportedFolderContents_1/1923/06 - June/06304052_MARTHA E GREGORY A 2_589621.pdf,1,1923,06 - June,early,1920s,unknown,unknown,,Unclassified failure,pending,,,pending,,,,,pending,,,pending,,,pending,,,
06304053_MARTHA E GREGORY A 3_1054949,s3://osu-well-records-225989338968/pdfs/ExportedFolderContents_1/1923/06 - June/06304053_MARTHA E GREGORY A 3_1054949.pdf,1,1923,06 - June,early,1920s,unknown,unknown,,Unclassified failure,pending,,,pending,,,,,pending,,,pending,,,pending,,,
07102564_L A ENDICOTT 4-B_1539596,s3://osu-well-records-225989338968/pdfs/ExportedFolderContents_1/1923/06 - June/07102564_L A ENDICOTT 4-B_1539596.pdf,1,1923,06 - June,early,1920s,unknown,unknown,,Unclassified failure,pending,,,pending,,,,,pending,,,pending,,,pending,,,
07102577_MCKEE 28_1539588,s3://osu-well-records-225989338968/pdfs/ExportedFolderContents_1/1923/06 - June/07102577_MCKEE 28_1539588.pdf,1,1923,06 - June,early,1920s,unknown,unknown,,Unclassified failure,pending,,,pending,,,,,pending,,,pending,,,pending,,,
07103141_MCCASSEY 2_1054931,s3://osu-well-records-225989338968/pdfs/ExportedFolderContents_1/1923/06 - June/07103141_MCCASSEY 2_1054931.pdf,1,1923,06 - June,early,1920s,unknown,unknown,,Unclassified failure,pending,,,pending,,,,,pending,,,pending,,,pending,,,
07103144_C MCCASSEY 5_1055168,s3://osu-well-records-225989338968/pdfs/ExportedFolderContents_1/1923/06 - June/07103144_C MCCASSEY 5_1055168.pdf,1,1923,06 - June,early,1920s,unknown,unknown,,Unclassified failure,pending,,,pending,,,,,pending,,,pending,,,pending,,,
07103885_G CASSITY 1_1539615,s3://osu-well-records-225989338968/pdfs/ExportedFolderContents_1/1923/06 - June/07103885_G CASSITY 1_1539615.pdf,1,1923,06 - June,early,1920s,unknown,unknown,,Unclassified failure,pending,,,pending,,,,,pending,,,pending,,,pending,,,
07103891_ANNA BECKER 1_1539526,s3://osu-well-records-225989338968/pdfs/ExportedFolderContents_1/1923/06 - June/07103891_ANNA BECKER 1_1539526.pdf,1,1923,06 - June,early,1920s,unknown,unknown,,Unclassified failure,pending,,,pending,,,,,pending,,,pending,,,pending,,,
07103957_C W GOLTRY 11_1539527,s3://osu-well-records-225989338968/pdfs/ExportedFolderContents_1/1923/06 - June/07103957_C W GOLTRY 11_1539527.pdf,1,1923,06 - June,early,1920s,unknown,unknown,,Unclassified failure,pending,,,pending,,,,,pending,,,pending,,,pending,,,
07103962_C W GOLTRY 16_1539531,s3://osu-well-records-225989338968/pdfs/ExportedFolderContents_1/1923/06 - June/07103962_C W GOLTRY 16_1539531.pdf,1,1923,06 - June,early,1920s,unknown,unknown,,Unclassified failure,pending,,,pending,,,,,pending,,,pending,,,pending,,,
07103964_GOLTRY 18_1539566,s3://osu-well-records-225989338968/pdfs/ExportedFolderContents_1/1923/06 - June/07103964_GOLTRY 18_1539566.pdf,1,1923,06 - June,early,1920s,unknown,unknown,,Unclassified failure,pending,,,pending,,,,,pending,,,pending,,,pending,,,
07103965_C W GOLTRY 19_1539548,s3://osu-well-records-225989338968/pdfs/ExportedFolderContents_1/1923/06 - June/07103965_C W GOLTRY 19_1539548.pdf,1,1923,06 - June,early,1920s,unknown,unknown,,Unclassified failure,pending,,,pending,,,,,pending,,,pending,,,pending,,,
07103966_C W GOLTRY 20_1539579,s3://osu-well-records-225989338968/pdfs/ExportedFolderContents_1/1923/06 - June/07103966_C W GOLTRY 20_1539579.pdf,1,1923,06 - June,early,1920s,unknown,unknown,,Unclassified failure,pending,,,pending,,,,,pending,,,pending,,,pending,,,
07103969_C W GOLTRY 21_1539543,s3://osu-well-records-225989338968/pdfs/ExportedFolderContents_1/1923/06 - June/07103969_C W GOLTRY 21_1539543.pdf,1,1923,06 - June,early,1920s,unknown,unknown,,Unclassified failure,pending,,,pending,,,,,pending,,,pending,,,pending,,,
07103971_C W GOLTRY 23_1539530,s3://osu-well-records-225989338968/pdfs/ExportedFolderContents_1/1923/06 - June/07103971_C W GOLTRY 23_1539530.pdf,1,1923,06 - June,early,1920s,unknown,unknown,,Unclassified failure,pending,,,pending,,,,,pending,,,pending,,,pending,,,
07103973_C W GOLTRY 25_1539606,s3://osu-well-records-225989338968/pdfs/ExportedFolderContents_1/1923/06 - June/07103973_C W GOLTRY 25_1539606.pdf,1,1923,06 - June,early,1920s,unknown,unknown,,Unclassified failure,pending,,,pending,,,,,pending,,,pending,,,pending,,,
07103976_C W GOLTRY 28_1539607,s3://osu-well-records-225989338968/pdfs/ExportedFolderContents_1/1923/06 - June/07103976_C W GOLTRY 28_1539607.pdf,1,1923,06 - June,early,1920s,unknown,unknown,,Unclassified failure,pending,,,pending,,,,,pending,,,pending,,,pending,,,
07103977_C W GOLTRY 29_1539554,s3://osu-well-records-225989338968/pdfs/ExportedFolderContents_1/1923/06 - June/07103977_C W GOLTRY 29_1539554.pdf,1,1923,06 - June,early,1920s,unknown,unknown,,Unclassified failure,pending,,,pending,,,,,pending,,,pending,,,pending,,,
07104003_MCDANIEL 5-A_1539599,s3://osu-well-records-225989338968/pdfs/ExportedFolderContents_1/1923/06 - June/07104003_MCDANIEL 5-A_1539599.pdf,1,1923,06 - June,early,1920s,unknown,unknown,,Unclassified failure,pending,,,pending,,,,,pending,,,pending,,,pending,,,
07104052_F BEVERLIN 14_1539544,s3://osu-well-records-225989338968/pdfs/ExportedFolderContents_1/1923/06 - June/07104052_F BEVERLIN 14_1539544.pdf,1,1923,06 - June,early,1920s,unknown,unknown,,Unclassified failure,pending,,,pending,,,,,pending,,,pending,,,pending,,,
07104053_BEVERLIN 14-A_1539602,s3://osu-well-records-225989338968/pdfs/ExportedFolderContents_1/1923/06 - June/07104053_BEVERLIN 14-A_1539602.pdf,1,1923,06 - June,early,1920s,unknown,unknown,,Unclassified failure,pending,,,pending,,,,,pending,,,pending,,,pending,,,
07104128_C C ENDICOTT 3-D_1539594,s3://osu-well-records-225989338968/pdfs/ExportedFolderContents_1/1923/06 - June/07104128_C C ENDICOTT 3-D_1539594.pdf,1,1923,06 - June,early,1920s,unknown,unknown,,Unclassified failure,pending,,,pending,,,,,pending,,,pending,,,pending,,,
07104131_C C ENDICOTT 4-B_1539538,s3://osu-well-records-225989338968/pdfs/ExportedFolderContents_1/1923/06 - June/07104131_C C ENDICOTT 4-B_1539538.pdf,1,1923,06 - June,early,1920s,unknown,unknown,,Unclassified failure,pending,,,pending,,,,,pending,,,pending,,,pending,,,
07104137_C C ENDICOTT 5-D_1539571,s3://osu-well-records-225989338968/pdfs/ExportedFolderContents_1/1923/06 - June/07104137_C C ENDICOTT 5-D_1539571.pdf,1,1923,06 - June,early,1920s,unknown,unknown,,Unclassified failure,pending,,,pending,,,,,pending,,,pending,,,pending,,,
07104145_C C ENDICOTT 8_1539532,s3://osu-well-records-225989338968/pdfs/ExportedFolderContents_1/1923/06 - June/07104145_C C ENDICOTT 8_1539532.pdf,1,1923,06 - June,early,1920s,unknown,unknown,,Unclassified failure,pending,,,pending,,,,,pending,,,pending,,,pending,,,
07104146_C C ENDICOTT 8-A_1539603,s3://osu-well-records-225989338968/pdfs/ExportedFolderContents_1/1923/06 - June/07104146_C C ENDICOTT 8-A_1539603.pdf,1,1923,06 - June,early,1920s,unknown,unknown,,Unclassified failure,pending,,,pending,,,,,pending,,,pending,,,pending,,,
07104149_C C ENDICOTT 9_1539592,s3://osu-well-records-225989338968/pdfs/ExportedFolderContents_1/1923/06 - June/07104149_C C ENDICOTT 9_1539592.pdf,1,1923,06 - June,early,1920s,unknown,unknown,,Unclassified failure,pending,,,pending,,,,,pending,,,pending,,,pending,,,
07104176_MCKEE 20_1539528,s3://osu-well-records-225989338968/pdfs/ExportedFolderContents_1/1923/06 - June/07104176_MCKEE 20_1539528.pdf,1,1923,06 - June,early,1920s,unknown,unknown,,Unclassified failure,pending,,,pending,,,,,pending,,,pending,,,pending,,,
07104177_MCKEE 21_1539570,s3://osu-well-records-225989338968/pdfs/ExportedFolderContents_1/1923/06 - June/07104177_MCKEE 21_1539570.pdf,1,1923,06 - June,early,1920s,unknown,unknown,,Unclassified failure,pending,,,pending,,,,,pending,,,pending,,,pending,,,
07104177_S H MCKEE 21_1539560,s3://osu-well-records-225989338968/pdfs/ExportedFolderContents_1/1923/06 - June/07104177_S H MCKEE 21_1539560.pdf,1,1923,06 - June,early,1920s,unknown,unknown,,Unclassified failure,pending,,,pending,,,,,pending,,,pending,,,pending,,,
07104179_S H MCKEE 24_1539546,s3://osu-well-records-225989338968/pdfs/ExportedFolderContents_1/1923/06 - June/07104179_S H MCKEE 24_1539546.pdf,1,1923,06 - June,early,1920s,unknown,unknown,,Unclassified failure,pending,,,pending,,,,,pending,,,pending,,,pending,,,
07104181_MCKEE 25_1539551,s3://osu-well-records-225989338968/pdfs/ExportedFolderContents_1/1923/06 - June/07104181_MCKEE 25_1539551.pdf,1,1923,06 - June,early,1920s,unknown,unknown,,Unclassified failure,pending,,,pending,,,,,pending,,,pending,,,pending,,,
07104183_MCKEE 27_1539523,s3://osu-well-records-225989338968/pdfs/ExportedFolderContents_1/1923/06 - June/07104183_MCKEE 27_1539523.pdf,1,1923,06 - June,early,1920s,unknown,unknown,,Unclassified failure,pending,,,pending,,,,,pending,,,pending,,,pending,,,
07104184_S H MCKEE 29_1539597,s3://osu-well-records-225989338968/pdfs/ExportedFolderContents_1/1923/06 - June/07104184_S H MCKEE 29_1539597.pdf,1,1923,06 - June,early,1920s,unknown,unknown,,Unclassified failure,pending,,,pending,,,,,pending,,,pending,,,pending,,,
07104185_S H MCKEE 30_1539580,s3://osu-well-records-225989338968/pdfs/ExportedFolderContents_1/1923/06 - June/07104185_S H MCKEE 30_1539580.pdf,1,1923,06 - June,early,1920s,unknown,unknown,,Unclassified failure,pending,,,pending,,,,,pending,,,pending,,,pending,,,
07104190_MCKEE 35_1539569,s3://osu-well-records-225989338968/pdfs/ExportedFolderContents_1/1923/06 - June/07104190_MCKEE 35_1539569.pdf,1,1923,06 - June,early,1920s,unknown,unknown,,Unclassified failure,pending,,,pending,,,,,pending,,,pending,,,pending,,,
07104216_L ENDICOTT 3_1539558,s3://osu-well-records-225989338968/pdfs/ExportedFolderContents_1/1923/06 - June/07104216_L ENDICOTT 3_1539558.pdf,1,1923,06 - June,early,1920s,unknown,unknown,,Unclassified failure,pending,,,pending,,,,,pending,,,pending,,,pending,,,
07104222_L ENDICOTT 5-A_1539576,s3://osu-well-records-225989338968/pdfs/ExportedFolderContents_1/1923/06 - June/07104222_L ENDICOTT 5-A_1539576.pdf,1,1923,06 - June,early,1920s,unknown,unknown,,Unclassified failure,pending,,,pending,,,,,pending,,,pending,,,pending,,,
07104229_ENDICOTT A 7-W SWD_1539561,s3://osu-well-records-225989338968/pdfs/ExportedFolderContents_1/1923/06 - June/07104229_ENDICOTT A 7-W SWD_1539561.pdf,1,1923,06 - June,early,1920s,unknown,unknown,,Unclassified failure,pending,,,pending,,,,,pending,,,pending,,,pending,,,
07104246_C W GOLTRY 8_1539581,s3://osu-well-records-225989338968/pdfs/ExportedFolderContents_1/1923/06 - June/07104246_C W GOLTRY 8_1539581.pdf,1,1923,06 - June,early,1920s,unknown,unknown,,Unclassified failure,pending,,,pending,,,,,pending,,,pending,,,pending,,,
07104247_C W GOLTRY 9_1539539,s3://osu-well-records-225989338968/pdfs/ExportedFolderContents_1/1923/06 - June/07104247_C W GOLTRY 9_1539539.pdf,1,1923,06 - June,early,1920s,unknown,unknown,,Unclassified failure,pending,,,pending,,,,,pending,,,pending,,,pending,,,
07104285_L A ENDICOTT 5-B_1539553,s3://osu-well-records-225989338968/pdfs/ExportedFolderContents_1/1923/06 - June/07104285_L A ENDICOTT 5-B_1539553.pdf,1,1923,06 - June,early,1920s,unknown,unknown,,Unclassified failure,pending,,,pending,,,,,pending,,,pending,,,pending,,,
07104289_ENDICOTT 6-B_1539611,s3://osu-well-records-225989338968/pdfs/ExportedFolderContents_1/1923/06 - June/07104289_ENDICOTT 6-B_1539611.pdf,1,1923,06 - June,early,1920s,unknown,unknown,,Unclassified failure,pending,,,pending,,,,,pending,,,pending,,,pending,,,
07104290_ENDICOTT 6-C_1539575,s3://osu-well-records-225989338968/pdfs/ExportedFolderContents_1/1923/06 - June/07104290_ENDICOTT 6-C_1539575.pdf,1,1923,06 - June,early,1920s,unknown,unknown,,Unclassified failure,pending,,,pending,,,,,pending,,,pending,,,pending,,,
07104297_L A ENDICOTT 8-B_1539591,s3://osu-well-records-225989338968/pdfs/ExportedFolderContents_1/1923/06 - June/07104297_L A ENDICOTT 8-B_1539591.pdf,1,1923,06 - June,early,1920s,unknown,unknown,,Unclassified failure,pending,,,pending,,,,,pending,,,pending,,,pending,,,
07104298_L A ENDICOTT 8-C_1539549,s3://osu-well-records-225989338968/pdfs/ExportedFolderContents_1/1923/06 - June/07104298_L A ENDICOTT 8-C_1539549.pdf,1,1923,06 - June,early,1920s,unknown,unknown,,Unclassified failure,pending,,,pending,,,,,pending,,,pending,,,pending,,,
07104300_ENDICOTT 9-B_1539589,s3://osu-well-records-225989338968/pdfs/ExportedFolderContents_1/1923/06 - June/07104300_ENDICOTT 9-B_1539589.pdf,1,1923,06 - June,early,1920s,unknown,unknown,,Unclassified failure,pending,,,pending,,,,,pending,,,pending,,,pending,,,
07104301_ENDICOTT 9-C_1539555,s3://osu-well-records-225989338968/pdfs/ExportedFolderContents_1/1923/06 - June/07104301_ENDICOTT 9-C_1539555.pdf,1,1923,06 - June,early,1920s,unknown,unknown,,Unclassified failure,pending,,,pending,,,,,pending,,,pending,,,pending,,,
07104505_SCHOOL LAND 1_1539590,s3://osu-well-records-225989338968/pdfs/ExportedFolderContents_1/1923/06 - June/07104505_SCHOOL LAND 1_1539590.pdf,1,1923,06 - June,early,1920s,unknown,unknown,,Unclassified failure,pending,,,pending,,,,,pending,,,pending,,,pending,,,
07502155_THIESSEN 1_882007,s3://osu-well-records-225989338968/pdfs/ExportedFolderContents_1/1923/06 - June/07502155_THIESSEN 1_882007.pdf,1,1923,06 - June,early,1920s,unknown,unknown,,Unclassified failure,pending,,,pending,,,,,pending,,,pending,,,pending,,,
07502155_THIESSEN 1_882008,s3://osu-well-records-225989338968/pdfs/ExportedFolderContents_1/1923/06 - June/07502155_THIESSEN 1_882008.pdf,1,1923,06 - June,early,1920s,unknown,unknown,,Unclassified failure,pending,,,pending,,,,,pending,,,pending,,,pending,,,
07502214_FARM 34 1_882006,s3://osu-well-records-225989338968/pdfs/ExportedFolderContents_1/1923/06 - June/07502214_FARM 34 1_882006.pdf,1,1923,06 - June,early,1920s,unknown,unknown,,Unclassified failure,pending,,,pending,,,,,pending,,,pending,,,pending,,,
07502214_FARM 34-1_882005,s3://osu-well-records-225989338968/pdfs/ExportedFolderContents_1/1923/06 - June/07502214_FARM 34-1_882005.pdf,1,1923,06 - June,early,1920s,unknown,unknown,,Unclassified failure,pending,,,pending,,,,,pending,,,pending,,,pending,,,
09700188_L W BURTON 1_1364526,s3://osu-well-records-225989338968/pdfs/ExportedFolderContents_1/1923/06 - June/09700188_L W BURTON 1_1364526.pdf,1,1923,06 - June,early,1920s,unknown,unknown,,Unclassified failure,pending,,,pending,,,,,pending,,,pending,,,pending,,,
09700188_L W BURTON 1_1364529,s3://osu-well-records-225989338968/pdfs/ExportedFolderContents_1/1923/06 - June/09700188_L W BURTON 1_1364529.pdf,1,1923,06 - June,early,1920s,unknown,unknown,,Unclassified failure,pending,,,pending,,,,,pending,,,pending,,,pending,,,
10100670_G SMITH 1_1364548,s3://osu-well-records-225989338968/pdfs/ExportedFolderContents_1/1923/06 - June/10100670_G SMITH 1_1364548.pdf,1,1923,06 - June,early,1920s,unknown,unknown,,Unclassified failure,pending,,,pending,,,,,pending,,,pending,,,pending,,,
10100870_RYAN 1_1395504,s3://osu-well-records-225989338968/pdfs/ExportedFolderContents_1/1923/06 - June/10100870_RYAN 1_1395504.pdf,1,1923,06 - June,early,1920s,unknown,unknown,,Unclassified failure,pending,,,pending,,,,,pending,,,pending,,,pending,,,
10101841_POUNCIL 4_1364572,s3://osu-well-records-225989338968/pdfs/ExportedFolderContents_1/1923/06 - June/10101841_POUNCIL 4_1364572.pdf,1,1923,06 - June,early,1920s,unknown,unknown,,Unclassified failure,pending,,,pending,,,,,pending,,,pending,,,pending,,,
10101916_FANNIE TUCKER 1_1364546,s3://osu-well-records-225989338968/pdfs/ExportedFolderContents_1/1923/06 - June/10101916_FANNIE TUCKER 1_1364546.pdf,1,1923,06 - June,early,1920s,unknown,unknown,,Unclassified failure,pending,,,pending,,,,,pending,,,pending,,,pending,,,
10302900_BLUBAUGH 8-A_1539556,s3://osu-well-records-225989338968/pdfs/ExportedFolderContents_1/1923/06 - June/10302900_BLUBAUGH 8-A_1539556.pdf,1,1923,06 - June,early,1920s,unknown,unknown,,Unclassified failure,pending,,,pending,,,,,pending,,,pending,,,pending,,,
10302945_BLUBAUGH C-1A_1539529,s3://osu-well-records-225989338968/pdfs/ExportedFolderContents_1/1923/06 - June/10302945_BLUBAUGH C-1A_1539529.pdf,1,1923,06 - June,early,1920s,unknown,unknown,,Unclassified failure,pending,,,pending,,,,,pending,,,pending,,,pending,,,
10302965_S GAUME 7_1539559,s3://osu-well-records-225989338968/pdfs/ExportedFolderContents_1/1923/06 - June/10302965_S GAUME 7_1539559.pdf,1,1923,06 - June,early,1920s,unknown,unknown,,Unclassified failure,pending,,,pending,,,,,pending,,,pending,,,pending,,,
10303035_LEE SHAWVER 32_1539612,s3://osu-well-records-225989338968/pdfs/ExportedFolderContents_1/1923/06 - June/10303035_LEE SHAWVER 32_1539612.pdf,1,1923,06 - June,early,1920s,unknown,unknown,,Unclassified failure,pending,,,pending,,,,,pending,,,pending,,,pending,,,
10303036_LEE SHAWVER 33_1539601,s3://osu-well-records-225989338968/pdfs/ExportedFolderContents_1/1923/06 - June/10303036_LEE SHAWVER 33_1539601.pdf,1,1923,06 - June,early,1920s,unknown,unknown,,Unclassified failure,pending,,,pending,,,,,pending,,,pending,,,pending,,,
10303036_LEE SHAWVER 33_50900787,s3://osu-well-records-225989338968/pdfs/ExportedFolderContents_1/1923/06 - June/10303036_LEE SHAWVER 33_50900787.pdf,1,1923,06 - June,early,1920s,unknown,unknown,,Unclassified failure,pending,,,pending,,,,,pending,,,pending,,,pending,,,
10303037_LEE SHAWVER 34_1539536,s3://osu-well-records-225989338968/pdfs/ExportedFolderContents_1/1923/06 - June/10303037_LEE SHAWVER 34_1539536.pdf,1,1923,06 - June,early,1920s,unknown,unknown,,Unclassified failure,pending,,,pending,,,,,pending,,,pending,,,pending,,,
10303041_LEE SHAWVER 38_1539541,s3://osu-well-records-225989338968/pdfs/ExportedFolderContents_1/1923/06 - June/10303041_LEE SHAWVER 38_1539541.pdf,1,1923,06 - June,early,1920s,unknown,unknown,,Unclassified failure,pending,,,pending,,,,,pending,,,pending,,,pending,,,
10303041_LEE SHAWVER 38_50900780,s3://osu-well-records-225989338968/pdfs/ExportedFolderContents_1/1923/06 - June/10303041_LEE SHAWVER 38_50900780.pdf,1,1923,06 - June,early,1920s,unknown,unknown,,Unclassified failure,pending,,,pending,,,,,pending,,,pending,,,pending,,,
10303051_LEE SHAWVER 47_1539586,s3://osu-well-records-225989338968/pdfs/ExportedFolderContents_1/1923/06 - June/10303051_LEE SHAWVER 47_1539586.pdf,1,1923,06 - June,early,1920s,unknown,unknown,,Unclassified failure,pending,,,pending,,,,,pending,,,pending,,,pending,,,
10303054_LEE SHAWVER 50_1539578,s3://osu-well-records-225989338968/pdfs/ExportedFolderContents_1/1923/06 - June/10303054_LEE SHAWVER 50_1539578.pdf,1,1923,06 - June,early,1920s,unknown,unknown,,Unclassified failure,pending,,,pending,,,,,pending,,,pending,,,pending,,,
10303054_LEE SHAWVER 50_50900744,s3://osu-well-records-225989338968/pdfs/ExportedFolderContents_1/1923/06 - June/10303054_LEE SHAWVER 50_50900744.pdf,1,1923,06 - June,early,1920s,unknown,unknown,,Unclassified failure,pending,,,pending,,,,,pending,,,pending,,,pending,,,
10303055_L SHAWVER 51_50900793,s3://osu-well-records-225989338968/pdfs/ExportedFolderContents_1/1923/06 - June/10303055_L SHAWVER 51_50900793.pdf,1,1923,06 - June,early,1920s,unknown,unknown,,Unclassified failure,pending,,,pending,,,,,pending,,,pending,,,pending,,,
10303105_RUZEK 4-B_1539545,s3://osu-well-records-225989338968/pdfs/ExportedFolderContents_1/1923/06 - June/10303105_RUZEK 4-B_1539545.pdf,1,1923,06 - June,early,1920s,unknown,unknown,,Unclassified failure,pending,,,pending,,,,,pending,,,pending,,,pending,,,
10303105_RUZEK 4-B_50980047,s3://osu-well-records-225989338968/pdfs/ExportedFolderContents_1/1923/06 - June/10303105_RUZEK 4-B_50980047.pdf,1,1923,06 - June,early,1920s,unknown,unknown,,Unclassified failure,pending,,,pending,,,,,pending,,,pending,,,pending,,,
10303113_RUZEK 8-A_1539525,s3://osu-well-records-225989338968/pdfs/ExportedFolderContents_1/1923/06 - June/10303113_RUZEK 8-A_1539525.pdf,1,1923,06 - June,early,1920s,unknown,unknown,,Unclassified failure,pending,,,pending,,,,,pending,,,pending,,,pending,,,
10303113_RUZEK 8-A_50980056,s3://osu-well-records-225989338968/pdfs/ExportedFolderContents_1/1923/06 - June/10303113_RUZEK 8-A_50980056.pdf,1,1923,06 - June,early,1920s,unknown,unknown,,Unclassified failure,pending,,,pending,,,,,pending,,,pending,,,pending,,,
10303113_RUZEK 8-A_50980057,s3://osu-well-records-225989338968/pdfs/ExportedFolderContents_1/1923/06 - June/10303113_RUZEK 8-A_50980057.pdf,1,1923,06 - June,early,1920s,unknown,unknown,,Unclassified failure,pending,,,pending,,,,,pending,,,pending,,,pending,,,
10303113_RUZEK 8-A_50980066,s3://osu-well-records-225989338968/pdfs/ExportedFolderContents_1/1923/06 - June/10303113_RUZEK 8-A_50980066.pdf,1,1923,06 - June,early,1920s,unknown,unknown,,Unclassified failure,pending,,,pending,,,,,pending,,,pending,,,pending,,,
10303118_RUZEK 12_50980454,s3://osu-well-records-225989338968/pdfs/ExportedFolderContents_1/1923/06 - June/10303118_RUZEK 12_50980454.pdf,1,1923,06 - June,early,1920s,unknown,unknown,,Unclassified failure,pending,,,pending,,,,,pending,,,pending,,,pending,,,
10303151_CARMICHAEL 11-A_50981264,s3://osu-well-records-225989338968/pdfs/ExportedFolderContents_1/1923/06 - June/10303151_CARMICHAEL 11-A_50981264.pdf,1,1923,06 - June,early,1920s,unknown,unknown,,Unclassified failure,pending,,,pending,,,,,pending,,,pending,,,pending,,,
10303162_CARMICHAEL 14-B_50981274,s3://osu-well-records-225989338968/pdfs/ExportedFolderContents_1/1923/06 - June/10303162_CARMICHAEL 14-B_50981274.pdf,1,1923,06 - June,early,1920s,unknown,unknown,,Unclassified failure,pending,,,pending,,,,,pending,,,pending,,,pending,,,
10303205_P RUZEK 10_1539542,s3://osu-well-records-225989338968/pdfs/ExportedFolderContents_1/1923/06 - June/10303205_P RUZEK 10_1539542.pdf,1,1923,06 - June,early,1920s,unknown,unknown,,Unclassified failure,pending,,,pending,,,,,pending,,,pending,,,pending,,,
10303240_JOS A NOVOTNY 7_1539565,s3://osu-well-records-225989338968/pdfs/ExportedFolderContents_1/1923/06 - June/10303240_JOS A NOVOTNY 7_1539565.pdf,1,1923,06 - June,early,1920s,unknown,unknown,,Unclassified failure,pending,,,pending,,,,,pending,,,pending,,,pending,,,
10303242_JOSEPH A NOVOTNY 8_1539600,s3://osu-well-records-225989338968/pdfs/ExportedFolderContents_1/1923/06 - June/10303242_JOSEPH A NOVOTNY 8_1539600.pdf,1,1923,06 - June,early,1920s,unknown,unknown,,Unclassified failure,pending,,,pending,,,,,pending,,,pending,,,pending,,,
10303264_D.E. EVANS 7_1539550,s3://osu-well-records-225989338968/pdfs/ExportedFolderContents_1/1923/06 - June/10303264_D.E. EVANS 7_1539550.pdf,1,1923,06 - June,early,1920s,unknown,unknown,,Unclassified failure,pending,,,pending,,,,,pending,,,pending,,,pending,,,
10303329_RENCE 9_1539608,s3://osu-well-records-225989338968/pdfs/ExportedFolderContents_1/1923/06 - June/10303329_RENCE 9_1539608.pdf,1,1923,06 - June,early,1920s,unknown,unknown,,Unclassified failure,pending,,,pending,,,,,pending,,,pending,,,pending,,,
10303345_G. OLIVER 1_1539535,s3://osu-well-records-225989338968/pdfs/ExportedFolderContents_1/1923/06 - June/10303345_G. OLIVER 1_1539535.pdf,1,1923,06 - June,early,1920s,unknown,unknown,,Unclassified failure,pending,,,pending,,,,,pending,,,pending,,,pending,,,
10303402_BURCH 1_1539605,s3://osu-well-records-225989338968/pdfs/ExportedFolderContents_1/1923/06 - June/10303402_BURCH 1_1539605.pdf,1,1923,06 - June,early,1920s,unknown,unknown,,Unclassified failure,pending,,,pending,,,,,pending,,,pending,,,pending,,,
10501818_E SECONDINE 6_1618417,s3://osu-well-records-225989338968/pdfs/ExportedFolderContents_1/1923/06 - June/10501818_E SECONDINE 6_1618417.pdf,1,1923,06 - June,early,1920s,unknown,unknown,,Unclassified failure,pending,,,pending,,,,,pending,,,pending,,,pending,,,
10503162_SOAP #1_1415117,s3://osu-well-records-225989338968/pdfs/ExportedFolderContents_1/1923/06 - June/10503162_SOAP #1_1415117.pdf,1,1923,06 - June,early,1920s,unknown,unknown,,Unclassified failure,pending,,,pending,,,,,pending,,,pending,,,pending,,,
10503968_BELLE DICK 2_1415114,s3://osu-well-records-225989338968/pdfs/ExportedFolderContents_1/1923/06 - June/10503968_BELLE DICK 2_1415114.pdf,1,1923,06 - June,early,1920s,unknown,unknown,,Unclassified failure,pending,,,pending,,,,,pending,,,pending,,,pending,,,
10700756_TOMMY LEWIS 1_1054980,s3://osu-well-records-225989338968/pdfs/ExportedFolderContents_1/1923/06 - June/10700756_TOMMY LEWIS 1_1054980.pdf,1,1923,06 - June,early,1920s,unknown,unknown,,Unclassified failure,pending,,,pending,,,,,pending,,,pending,,,pending,,,
10701896_E WHITLOW 1_1055263,s3://osu-well-records-225989338968/pdfs/ExportedFolderContents_1/1923/06 - June/10701896_E WHITLOW 1_1055263.pdf,1,1923,06 - June,early,1920s,unknown,unknown,,Unclassified failure,pending,,,pending,,,,,pending,,,pending,,,pending,,,
10701896_E WHITLOW 1_589640,s3://osu-well-records-225989338968/pdfs/ExportedFolderContents_1/1923/06 - June/10701896_E WHITLOW 1_589640.pdf,1,1923,06 - June,early,1920s,unknown,unknown,,Unclassified failure,pending,,,pending,,,,,pending,,,pending,,,pending,,,
10702017_MARY FOSTER 1_589636,s3://osu-well-records-225989338968/pdfs/ExportedFolderContents_1/1923/06 - June/10702017_MARY FOSTER 1_589636.pdf,1,1923,06 - June,early,1920s,unknown,unknown,,Unclassified failure,pending,,,pending,,,,,pending,,,pending,,,pending,,,
10702017_MARY FOSTER 1_589637,s3://osu-well-records-225989338968/pdfs/ExportedFolderContents_1/1923/06 - June/10702017_MARY FOSTER 1_589637.pdf,1,1923,06 - June,early,1920s,unknown,unknown,,Unclassified failure,pending,,,pending,,,,,pending,,,pending,,,pending,,,
10702477_MILEY HOLMES 1_1055053,s3://osu-well-records-225989338968/pdfs/ExportedFolderContents_1/1923/06 - June/10702477_MILEY HOLMES 1_1055053.pdf,1,1923,06 - June,early,1920s,unknown,unknown,,Unclassified failure,pending,,,pending,,,,,pending,,,pending,,,pending,,,
10702861_FIELDS 2_1055051,s3://osu-well-records-225989338968/pdfs/ExportedFolderContents_1/1923/06 - June/10702861_FIELDS 2_1055051.pdf,1,1923,06 - June,early,1920s,unknown,unknown,,Unclassified failure,pending,,,pending,,,,,pending,,,pending,,,pending,,,
10704082_A FISHER 3_1054873,s3://osu-well-records-225989338968/pdfs/ExportedFolderContents_1/1923/06 - June/10704082_A FISHER 3_1054873.pdf,1,1923,06 - June,early,1920s,unknown,unknown,,Unclassified failure,pending,,,pending,,,,,pending,,,pending,,,pending,,,
10704122_DANIELS 5_1054935,s3://osu-well-records-225989338968/pdfs/ExportedFolderContents_1/1923/06 - June/10704122_DANIELS 5_1054935.pdf,1,1923,06 - June,early,1920s,unknown,unknown,,Unclassified failure,pending,,,pending,,,,,pending,,,pending,,,pending,,,
10704133_S SIMMONS 4_1055111,s3://osu-well-records-225989338968/pdfs/ExportedFolderContents_1/1923/06 - June/10704133_S SIMMONS 4_1055111.pdf,1,1923,06 - June,early,1920s,unknown,unknown,,Unclassified failure,pending,,,pending,,,,,pending,,,pending,,,pending,,,
10704150_ALEXANDER 1_1055086,s3://osu-well-records-225989338968/pdfs/ExportedFolderContents_1/1923/06 - June/10704150_ALEXANDER 1_1055086.pdf,1,1923,06 - June,early,1920s,unknown,unknown,,Unclassified failure,pending,,,pending,,,,,pending,,,pending,,,pending,,,
10705351_E P GARRISON 5_589625,s3://osu-well-records-225989338968/pdfs/ExportedFolderContents_1/1923/06 - June/10705351_E P GARRISON 5_589625.pdf,1,1923,06 - June,early,1920s,unknown,unknown,,Unclassified failure,pending,,,pending,,,,,pending,,,pending,,,pending,,,
10705351_E P GARRISON 5_589626,s3://osu-well-records-225989338968/pdfs/ExportedFolderContents_1/1923/06 - June/10705351_E P GARRISON 5_589626.pdf,1,1923,06 - June,early,1920s,unknown,unknown,,Unclassified failure,pending,,,pending,,,,,pending,,,pending,,,pending,,,
11100209_J Yardy 0_1055097,s3://osu-well-records-225989338968/pdfs/ExportedFolderContents_1/1923/06 - June/11100209_J Yardy 0_1055097.pdf,1,1923,06 - June,early,1920s,unknown,unknown,,Unclassified failure,pending,,,pending,,,,,pending,,,pending,,,pending,,,
11101793_COVER 1_1055182,s3://osu-well-records-225989338968/pdfs/ExportedFolderContents_1/1923/06 - June/11101793_COVER 1_1055182.pdf,1,1923,06 - June,early,1920s,unknown,unknown,,Unclassified failure,pending,,,pending,,,,,pending,,,pending,,,pending,,,
11101793_COVER 1_516702,s3://osu-well-records-225989338968/pdfs/ExportedFolderContents_1/1923/06 - June/11101793_COVER 1_516702.pdf,1,1923,06 - June,early,1920s,unknown,unknown,,Unclassified failure,pending,,,pending,,,,,pending,,,pending,,,pending,,,
11101988_C GOODEN 4_1055191,s3://osu-well-records-225989338968/pdfs/ExportedFolderContents_1/1923/06 - June/11101988_C GOODEN 4_1055191.pdf,1,1923,06 - June,early,1920s,unknown,unknown,,Unclassified failure,pending,,,pending,,,,,pending,,,pending,,,pending,,,
11102278_HART 1_1054896,s3://osu-well-records-225989338968/pdfs/ExportedFolderContents_1/1923/06 - June/11102278_HART 1_1054896.pdf,1,1923,06 - June,early,1920s,unknown,unknown,,Unclassified failure,pending,,,pending,,,,,pending,,,pending,,,pending,,,
11104312_JAMES R ADAMS 12_1054919,s3://osu-well-records-225989338968/pdfs/ExportedFolderContents_1/1923/06 - June/11104312_JAMES R ADAMS 12_1054919.pdf,1,1923,06 - June,early,1920s,unknown,unknown,,Unclassified failure,pending,,,pending,,,,,pending,,,pending,,,pending,,,
11104323_LAURA PARKS 1-A_1055081,s3://osu-well-records-225989338968/pdfs/ExportedFolderContents_1/1923/06 - June/11104323_LAURA PARKS 1-A_1055081.pdf,1,1923,06 - June,early,1920s,unknown,unknown,,Unclassified failure,pending,,,pending,,,,,pending,,,pending,,,pending,,,
11104472_R GRAYSON 1_1054942,s3://osu-well-records-225989338968/pdfs/ExportedFolderContents_1/1923/06 - June/11104472_R GRAYSON 1_1054942.pdf,1,1923,06 - June,early,1920s,unknown,unknown,,Unclassified failure,pending,,,pending,,,,,pending,,,pending,,,pending,,,
11106082_MCADOO 1_1055029,s3://osu-well-records-225989338968/pdfs/ExportedFolderContents_1/1923/06 - June/11106082_MCADOO 1_1055029.pdf,1,1923,06 - June,early,1920s,unknown,unknown,,Unclassified failure,pending,,,pending,,,,,pending,,,pending,,,pending,,,
11106082_MCADOO 1_1055037,s3://osu-well-records-225989338968/pdfs/ExportedFolderContents_1/1923/06 - June/11106082_MCADOO 1_1055037.pdf,1,1923,06 - June,early,1920s,unknown,unknown,,Unclassified failure,pending,,,pending,,,,,pending,,,pending,,,pending,,,
11106082_MCADOO 1_516690,s3://osu-well-records-225989338968/pdfs/ExportedFolderContents_1/1923/06 - June/11106082_MCADOO 1_516690.pdf,1,1923,06 - June,early,1920s,unknown,unknown,,Unclassified failure,pending,,,pending,,,,,pending,,,pending,,,pending,,,
11106091_No Data_1054909,s3://osu-well-records-225989338968/pdfs/ExportedFolderContents_1/1923/06 - June/11106091_No Data_1054909.pdf,1,1923,06 - June,early,1920s,unknown,unknown,,Unclassified failure,pending,,,pending,,,,,pending,,,pending,,,pending,,,
11106091_No Data_516674,s3://osu-well-records-225989338968/pdfs/ExportedFolderContents_1/1923/06 - June/11106091_No Data_516674.pdf,1,1923,06 - June,early,1920s,unknown,unknown,,Unclassified failure,pending,,,pending,,,,,pending,,,pending,,,pending,,,
11106984_EMILY KING 1_1055203,s3://osu-well-records-225989338968/pdfs/ExportedFolderContents_1/1923/06 - June/11106984_EMILY KING 1_1055203.pdf,1,1923,06 - June,early,1920s,unknown,unknown,,Unclassified failure,pending,,,pending,,,,,pending,,,pending,,,pending,,,
11107353_ FIELDS 2_1054950,s3://osu-well-records-225989338968/pdfs/ExportedFolderContents_1/1923/06 - June/11107353_ FIELDS 2_1054950.pdf,1,1923,06 - June,early,1920s,unknown,unknown,,Unclassified failure,pending,,,pending,,,,,pending,,,pending,,,pending,,,
11107909_KATIE TINER B2_1055083,s3://osu-well-records-225989338968/pdfs/ExportedFolderContents_1/1923/06 - June/11107909_KATIE TINER B2_1055083.pdf,1,1923,06 - June,early,1920s,unknown,unknown,,Unclassified failure,pending,,,pending,,,,,pending,,,pending,,,pending,,,
11109434_ENGLISH ET AL 2_516700,s3://osu-well-records-225989338968/pdfs/ExportedFolderContents_1/1923/06 - June/11109434_ENGLISH ET AL 2_516700.pdf,1,1923,06 - June,early,1920s,unknown,unknown,,Unclassified failure,pending,,,pending,,,,,pending,,,pending,,,pending,,,
11109841_Smith Robert 1_1055181,s3://osu-well-records-225989338968/pdfs/ExportedFolderContents_1/1923/06 - June/11109841_Smith Robert 1_1055181.pdf,1,1923,06 - June,early,1920s,unknown,unknown,,Unclassified failure,pending,,,pending,,,,,pending,,,pending,,,pending,,,
11110072_LELA STIDHAM 5_1055226,s3://osu-well-records-225989338968/pdfs/ExportedFolderContents_1/1923/06 - June/11110072_LELA STIDHAM 5_1055226.pdf,1,1923,06 - June,early,1920s,unknown,unknown,,Unclassified failure,pending,,,pending,,,,,pending,,,pending,,,pending,,,
11110100_SCHMIDT & KNUTTER 5_1055278,s3://osu-well-records-225989338968/pdfs/ExportedFolderContents_1/1923/06 - June/11110100_SCHMIDT & KNUTTER 5_1055278.pdf,1,1923,06 - June,early,1920s,unknown,unknown,,Unclassified failure,pending,,,pending,,,,,pending,,,pending,,,pending,,,
11110463_Lerblanc 1_1054997,s3://osu-well-records-225989338968/pdfs/ExportedFolderContents_1/1923/06 - June/11110463_Lerblanc 1_1054997.pdf,1,1923,06 - June,early,1920s,unknown,unknown,,Unclassified failure,pending,,,pending,,,,,pending,,,pending,,,pending,,,
11110962_BERRY ALLT  6_1054970,s3://osu-well-records-225989338968/pdfs/ExportedFolderContents_1/1923/06 - June/11110962_BERRY ALLT  6_1054970.pdf,1,1923,06 - June,early,1920s,unknown,unknown,,Unclassified failure,pending,,,pending,,,,,pending,,,pending,,,pending,,,
11111065_C E PHILLIPS 5_1055032,s3://osu-well-records-225989338968/pdfs/ExportedFolderContents_1/1923/06 - June/11111065_C E PHILLIPS 5_1055032.pdf,1,1923,06 - June,early,1920s,unknown,unknown,,Unclassified failure,pending,,,pending,,,,,pending,,,pending,,,pending,,,
11111066_C E PHILLIPS 6_1055114,s3://osu-well-records-225989338968/pdfs/ExportedFolderContents_1/1923/06 - June/11111066_C E PHILLIPS 6_1055114.pdf,1,1923,06 - June,early,1920s,unknown,unknown,,Unclassified failure,pending,,,pending,,,,,pending,,,pending,,,pending,,,
11111139_T BRUNER 4_1054932,s3://osu-well-records-225989338968/pdfs/ExportedFolderContents_1/1923/06 - June/11111139_T BRUNER 4_1054932.pdf,1,1923,06 - June,early,1920s,unknown,unknown,,Unclassified failure,pending,,,pending,,,,,pending,,,pending,,,pending,,,
11111139_THOMPSON BRUNER 4_1054936,s3://osu-well-records-225989338968/pdfs/ExportedFolderContents_1/1923/06 - June/11111139_THOMPSON BRUNER 4_1054936.pdf,1,1923,06 - June,early,1920s,unknown,unknown,,Unclassified failure,pending,,,pending,,,,,pending,,,pending,,,pending,,,
11701351_GEORGE BAKER 2_1055248,s3://osu-well-records-225989338968/pdfs/ExportedFolderContents_1/1923/06 - June/11701351_GEORGE BAKER 2_1055248.pdf,1,1923,06 - June,early,1920s,unknown,unknown,,Unclassified failure,pending,,,pending,,,,,pending,,,pending,,,pending,,,
11702779_J. B. WASSON 8_1054913,s3://osu-well-records-225989338968/pdfs/ExportedFolderContents_1/1923/06 - June/11702779_J. B. WASSON 8_1054913.pdf,1,1923,06 - June,early,1920s,unknown,unknown,,Unclassified failure,pending,,,pending,,,,,pending,,,pending,,,pending,,,
11703227_BEAN 5_1055150,s3://osu-well-records-225989338968/pdfs/ExportedFolderContents_1/1923/06 - June/11703227_BEAN 5_1055150.pdf,1,1923,06 - June,early,1920s,unknown,unknown,,Unclassified failure,pending,,,pending,,,,,pending,,,pending,,,pending,,,
11703835_FLIGHT 1_1055154,s3://osu-well-records-225989338968/pdfs/ExportedFolderContents_1/1923/06 - June/11703835_FLIGHT 1_1055154.pdf,1,1923,06 - June,early,1920s,unknown,unknown,,Unclassified failure,pending,,,pending,,,,,pending,,,pending,,,pending,,,
11703835_FLIGHT 1_1055165,s3://osu-well-records-225989338968/pdfs/ExportedFolderContents_1/1923/06 - June/11703835_FLIGHT 1_1055165.pdf,1,1923,06 - June,early,1920s,unknown,unknown,,Unclassified failure,pending,,,pending,,,,,pending,,,pending,,,pending,,,
11903635_LAUGHLIN ELLIS 1_1055292,s3://osu-well-records-225989338968/pdfs/ExportedFolderContents_1/1923/06 - June/11903635_LAUGHLIN ELLIS 1_1055292.pdf,1,1923,06 - June,early,1920s,unknown,unknown,,Unclassified failure,pending,,,pending,,,,,pending,,,pending,,,pending,,,
11903683_N J LAUGHLIN 4_1055078,s3://osu-well-records-225989338968/pdfs/ExportedFolderContents_1/1923/06 - June/11903683_N J LAUGHLIN 4_1055078.pdf,1,1923,06 - June,early,1920s,unknown,unknown,,Unclassified failure,pending,,,pending,,,,,pending,,,pending,,,pending,,,
13101955_T BROWN 1_1618412,s3://osu-well-records-225989338968/pdfs/ExportedFolderContents_1/1923/06 - June/13101955_T BROWN 1_1618412.pdf,1,1923,06 - June,early,1920s,unknown,unknown,,Unclassified failure,pending,,,pending,,,,,pending,,,pending,,,pending,,,
13101959_CORRY 3_1618463,s3://osu-well-records-225989338968/pdfs/ExportedFolderContents_1/1923/06 - June/13101959_CORRY 3_1618463.pdf,1,1923,06 - June,early,1920s,unknown,unknown,,Unclassified failure,pending,,,pending,,,,,pending,,,pending,,,pending,,,
13102466_ANDREWS 3_1618458,s3://osu-well-records-225989338968/pdfs/ExportedFolderContents_1/1923/06 - June/13102466_ANDREWS 3_1618458.pdf,1,1923,06 - June,early,1920s,unknown,unknown,,Unclassified failure,pending,,,pending,,,,,pending,,,pending,,,pending,,,
13102667_NICHOLS 5_1415151,s3://osu-well-records-225989338968/pdfs/ExportedFolderContents_1/1923/06 - June/13102667_NICHOLS 5_1415151.pdf,1,1923,06 - June,early,1920s,unknown,unknown,,Unclassified failure,pending,,,pending,,,,,pending,,,pending,,,pending,,,
13102671_NICHOLS 6_1415250,s3://osu-well-records-225989338968/pdfs/ExportedFolderContents_1/1923/06 - June/13102671_NICHOLS 6_1415250.pdf,1,1923,06 - June,early,1920s,unknown,unknown,,Unclassified failure,pending,,,pending,,,,,pending,,,pending,,,pending,,,
13103162_BURTNER 30_1618452,s3://osu-well-records-225989338968/pdfs/ExportedFolderContents_1/1923/06 - June/13103162_BURTNER 30_1618452.pdf,1,1923,06 - June,early,1920s,unknown,unknown,,Unclassified failure,pending,,,pending,,,,,pending,,,pending,,,pending,,,
13103286_P BIBLE 1_1618415,s3://osu-well-records-225989338968/pdfs/ExportedFolderContents_1/1923/06 - June/13103286_P BIBLE 1_1618415.pdf,1,1923,06 - June,early,1920s,unknown,unknown,,Unclassified failure,pending,,,pending,,,,,pending,,,pending,,,pending,,,
13700993_MALONEY 6_920826,s3://osu-well-records-225989338968/pdfs/ExportedFolderContents_1/1923/06 - June/13700993_MALONEY 6_920826.pdf,1,1923,06 - June,early,1920s,unknown,unknown,,Unclassified failure,pending,,,pending,,,,,pending,,,pending,,,pending,,,
13701491_GIBSON 1 (LITERELL 1)_782374,s3://osu-well-records-225989338968/pdfs/ExportedFolderContents_1/1923/06 - June/13701491_GIBSON 1 (LITERELL 1)_782374.pdf,1,1923,06 - June,early,1920s,unknown,unknown,,Unclassified failure,pending,,,pending,,,,,pending,,,pending,,,pending,,,
13701536_SCHOOL LAND 162 8_920889,s3://osu-well-records-225989338968/pdfs/ExportedFolderContents_1/1923/06 - June/13701536_SCHOOL LAND 162 8_920889.pdf,1,1923,06 - June,early,1920s,unknown,unknown,,Unclassified failure,pending,,,pending,,,,,pending,,,pending,,,pending,,,
13701541_D N DOAK 1_920864,s3://osu-well-records-225989338968/pdfs/ExportedFolderContents_1/1923/06 - June/13701541_D N DOAK 1_920864.pdf,1,1923,06 - June,early,1920s,unknown,unknown,,Unclassified failure,pending,,,pending,,,,,pending,,,pending,,,pending,,,
13708918_E JAMES 5_920817,s3://osu-well-records-225989338968/pdfs/ExportedFolderContents_1/1923/06 - June/13708918_E JAMES 5_920817.pdf,1,1923,06 - June,early,1920s,unknown,unknown,,Unclassified failure,pending,,,pending,,,,,pending,,,pending,,,pending,,,
13709181_KILLINGSWORTH 1_5703819,s3://osu-well-records-225989338968/pdfs/ExportedFolderContents_1/1923/06 - June/13709181_KILLINGSWORTH 1_5703819.pdf,1,1923,06 - June,early,1920s,unknown,unknown,,Unclassified failure,pending,,,pending,,,,,pending,,,pending,,,pending,,,
13709181_KILLINGSWORTH 1_920869,s3://osu-well-records-225989338968/pdfs/ExportedFolderContents_1/1923/06 - June/13709181_KILLINGSWORTH 1_920869.pdf,1,1923,06 - June,early,1920s,unknown,unknown,,Unclassified failure,pending,,,pending,,,,,pending,,,pending,,,pending,,,
13709343_LENA SIMPSON 3_782390,s3://osu-well-records-225989338968/pdfs/ExportedFolderContents_1/1923/06 - June/13709343_LENA SIMPSON 3_782390.pdf,1,1923,06 - June,early,1920s,unknown,unknown,,Unclassified failure,pending,,,pending,,,,,pending,,,pending,,,pending,,,
13709798_MORGAN A-8_782385,s3://osu-well-records-225989338968/pdfs/ExportedFolderContents_1/1923/06 - June/13709798_MORGAN A-8_782385.pdf,1,1923,06 - June,early,1920s,unknown,unknown,,Unclassified failure,pending,,,pending,,,,,pending,,,pending,,,pending,,,
13709808_J R FUNK 3 DD_782358,s3://osu-well-records-225989338968/pdfs/ExportedFolderContents_1/1923/06 - June/13709808_J R FUNK 3 DD_782358.pdf,1,1923,06 - June,early,1920s,unknown,unknown,,Unclassified failure,pending,,,pending,,,,,pending,,,pending,,,pending,,,
13709808_J R FUNK 3 DD_782359,s3://osu-well-records-225989338968/pdfs/ExportedFolderContents_1/1923/06 - June/13709808_J R FUNK 3 DD_782359.pdf,1,1923,06 - June,early,1920s,unknown,unknown,,Unclassified failure,pending,,,pending,,,,,pending,,,pending,,,pending,,,
35037157990000_ELSA R SELF 1_2005834,s3://osu-well-records-225989338968/pdfs/ExportedFolderContents_1/1923/06 - June/35037157990000_ELSA R SELF 1_2005834.pdf,1,1923,06 - June,early,1920s,unknown,unknown,,Unclassified failure,pending,,,pending,,,,,pending,,,pending,,,pending,,,
35037159340000_STINE FRANKIN 1_2005804,s3://osu-well-records-225989338968/pdfs/ExportedFolderContents_1/1923/06 - June/35037159340000_STINE FRANKIN 1_2005804.pdf,1,1923,06 - June,early,1920s,unknown,unknown,,Unclassified failure,pending,,,pending,,,,,pending,,,pending,,,pending,,,
35037162670000_S S MUSSELLEM 20_2005789,s3://osu-well-records-225989338968/pdfs/ExportedFolderContents_1/1923/06 - June/35037162670000_S S MUSSELLEM 20_2005789.pdf,1,1923,06 - June,early,1920s,unknown,unknown,,Unclassified failure,pending,,,pending,,,,,pending,,,pending,,,pending,,,
35037166340000_TUCKER 11_2005684,s3://osu-well-records-225989338968/pdfs/ExportedFolderContents_1/1923/06 - June/35037166340000_TUCKER 11_2005684.pdf,1,1923,06 - June,early,1920s,unknown,unknown,,Unclassified failure,pending,,,pending,,,,,pending,,,pending,,,pending,,,
35049006500000_J FRANKLIN 1_1844101,s3://osu-well-records-225989338968/pdfs/ExportedFolderContents_1/1923/06 - June/35049006500000_J FRANKLIN 1_1844101.pdf,1,1923,06 - June,early,1920s,unknown,unknown,,Unclassified failure,pending,,,pending,,,,,pending,,,pending,,,pending,,,
35063038230000_TIGER W 1_1496577,s3://osu-well-records-225989338968/pdfs/ExportedFolderContents_1/1923/06 - June/35063038230000_TIGER W 1_1496577.pdf,1,1923,06 - June,early,1920s,unknown,unknown,,Unclassified failure,pending,,,pending,,,,,pending,,,pending,,,pending,,,
35063038230000_W TIGER 1_2005686,s3://osu-well-records-225989338968/pdfs/ExportedFolderContents_1/1923/06 - June/35063038230000_W TIGER 1_2005686.pdf,1,1923,06 - June,early,1920s,unknown,unknown,,Unclassified failure,pending,,,pending,,,,,pending,,,pending,,,pending,,,
35063040130000_ALBERT DEER 1_2005722,s3://osu-well-records-225989338968/pdfs/ExportedFolderContents_1/1923/06 - June/35063040130000_ALBERT DEER 1_2005722.pdf,1,1923,06 - June,early,1920s,unknown,unknown,,Unclassified failure,pending,,,pending,,,,,pending,,,pending,,,pending,,,
35063040130000_DEERS ALBERT 1_1496581,s3://osu-well-records-225989338968/pdfs/ExportedFolderContents_1/1923/06 - June/35063040130000_DEERS ALBERT 1_1496581.pdf,1,1923,06 - June,early,1920s,unknown,unknown,,Unclassified failure,pending,,,pending,,,,,pending,,,pending,,,pending,,,
35063040930000_STAFFORD W E 2_1496586,s3://osu-well-records-225989338968/pdfs/ExportedFolderContents_1/1923/06 - June/35063040930000_STAFFORD W E 2_1496586.pdf,1,1923,06 - June,early,1920s,unknown,unknown,,Unclassified failure,pending,,,pending,,,,,pending,,,pending,,,pending,,,
35063040930000_STAFFORD W E 2_2005842,s3://osu-well-records-225989338968/pdfs/ExportedFolderContents_1/1923/06 - June/35063040930000_STAFFORD W E 2_2005842.pdf,1,1923,06 - June,early,1920s,unknown,unknown,,Unclassified failure,pending,,,pending,,,,,pending,,,pending,,,pending,,,
35063761210000_MARTHA E GREGORY A 1_1496578,s3://osu-well-records-225989338968/pdfs/ExportedFolderContents_1/1923/06 - June/35063761210000_MARTHA E GREGORY A 1_1496578.pdf,1,1923,06 - June,early,1920s,unknown,unknown,,Unclassified failure,pending,,,pending,,,,,pending,,,pending,,,pending,,,
35071031290000_H. BARNUM 3_2005656,s3://osu-well-records-225989338968/pdfs/ExportedFolderContents_1/1923/06 - June/35071031290000_H. BARNUM 3_2005656.pdf,1,1923,06 - June,early,1920s,unknown,unknown,,Unclassified failure,pending,,,pending,,,,,pending,,,pending,,,pending,,,
35071031290000_H. BARNUM 3_2289113,s3://osu-well-records-225989338968/pdfs/ExportedFolderContents_1/1923/06 - June/35071031290000_H. BARNUM 3_2289113.pdf,1,1923,06 - June,early,1920s,unknown,unknown,,Unclassified failure,pending,,,pending,,,,,pending,,,pending,,,pending,,,
35071031650000_JACQUES D 1_2005652,s3://osu-well-records-225989338968/pdfs/ExportedFolderContents_1/1923/06 - June/35071031650000_JACQUES D 1_2005652.pdf,1,1923,06 - June,early,1920s,unknown,unknown,,Unclassified failure,pending,,,pending,,,,,pending,,,pending,,,pending,,,
35071032050000_ISAAC M. CLUBB 2_2006020,s3://osu-well-records-225989338968/pdfs/ExportedFolderContents_1/1923/06 - June/35071032050000_ISAAC M. CLUBB 2_2006020.pdf,1,1923,06 - June,early,1920s,unknown,unknown,,Unclassified failure,pending,,,pending,,,,,pending,,,pending,,,pending,,,
35071032050000_ISSAC M CLUBB 2_2289238,s3://osu-well-records-225989338968/pdfs/ExportedFolderContents_1/1923/06 - June/35071032050000_ISSAC M CLUBB 2_2289238.pdf,1,1923,06 - June,early,1920s,unknown,unknown,,Unclassified failure,pending,,,pending,,,,,pending,,,pending,,,pending,,,
35095009640000_SIMMONS 1_1385016,s3://osu-well-records-225989338968/pdfs/ExportedFolderContents_1/1923/06 - June/35095009640000_SIMMONS 1_1385016.pdf,1,1923,06 - June,early,1920s,unknown,unknown,,Unclassified failure,pending,,,pending,,,,,pending,,,pending,,,pending,,,
35101009660000_PARKS 3_2364584,s3://osu-well-records-225989338968/pdfs/ExportedFolderContents_1/1923/06 - June/35101009660000_PARKS 3_2364584.pdf,1,1923,06 - June,early,1920s,unknown,unknown,,Unclassified failure,pending,,,pending,,,,,pending,,,pending,,,pending,,,
35103026610000_W J NEIL 14_8002041,s3://osu-well-records-225989338968/pdfs/ExportedFolderContents_1/1923/06 - June/35103026610000_W J NEIL 14_8002041.pdf,1,1923,06 - June,early,1920s,unknown,unknown,,Unclassified failure,pending,,,pending,,,,,pending,,,pending,,,pending,,,
35103029360000_BLUBAUGH C-2_8001977,s3://osu-well-records-225989338968/pdfs/ExportedFolderContents_1/1923/06 - June/35103029360000_BLUBAUGH C-2_8001977.pdf,1,1923,06 - June,early,1920s,unknown,unknown,,Unclassified failure,pending,,,pending,,,,,pending,,,pending,,,pending,,,
35103029660000_S GAUME 8_8002079,s3://osu-well-records-225989338968/pdfs/ExportedFolderContents_1/1923/06 - June/35103029660000_S GAUME 8_8002079.pdf,1,1923,06 - June,early,1920s,unknown,unknown,,Unclassified failure,pending,,,pending,,,,,pending,,,pending,,,pending,,,
35103029790000_S GAUME 8-A_8002068,s3://osu-well-records-225989338968/pdfs/ExportedFolderContents_1/1923/06 - June/35103029790000_S GAUME 8-A_8002068.pdf,1,1923,06 - June,early,1920s,unknown,unknown,,Unclassified failure,pending,,,pending,,,,,pending,,,pending,,,pending,,,
35103030330000_LEE SHAWVER 30_3148646,s3://osu-well-records-225989338968/pdfs/ExportedFolderContents_1/1923/06 - June/35103030330000_LEE SHAWVER 30_3148646.pdf,1,1923,06 - June,early,1920s,unknown,unknown,,Unclassified failure,pending,,,pending,,,,,pending,,,pending,,,pending,,,
35103030450000_LEE SHAWVER 42_8001958,s3://osu-well-records-225989338968/pdfs/ExportedFolderContents_1/1923/06 - June/35103030450000_LEE SHAWVER 42_8001958.pdf,1,1923,06 - June,early,1920s,unknown,unknown,,Unclassified failure,pending,,,pending,,,,,pending,,,pending,,,pending,,,
35103030550000_LEE SHAWVER 51_8002086,s3://osu-well-records-225989338968/pdfs/ExportedFolderContents_1/1923/06 - June/35103030550000_LEE SHAWVER 51_8002086.pdf,1,1923,06 - June,early,1920s,unknown,unknown,,Unclassified failure,pending,,,pending,,,,,pending,,,pending,,,pending,,,
35103031170000_RUZEK 11_3167688,s3://osu-well-records-225989338968/pdfs/ExportedFolderContents_1/1923/06 - June/35103031170000_RUZEK 11_3167688.pdf,1,1923,06 - June,early,1920s,unknown,unknown,,Unclassified failure,pending,,,pending,,,,,pending,,,pending,,,pending,,,
35103031170000_RUZEK 11_8002101,s3://osu-well-records-225989338968/pdfs/ExportedFolderContents_1/1923/06 - June/35103031170000_RUZEK 11_8002101.pdf,1,1923,06 - June,early,1920s,unknown,unknown,,Unclassified failure,pending,,,pending,,,,,pending,,,pending,,,pending,,,
35103031510000_CARMICHAEL 11-A_8002129,s3://osu-well-records-225989338968/pdfs/ExportedFolderContents_1/1923/06 - June/35103031510000_CARMICHAEL 11-A_8002129.pdf,1,1923,06 - June,early,1920s,unknown,unknown,,Unclassified failure,pending,,,pending,,,,,pending,,,pending,,,pending,,,
35103031520000_CARMICHAEL 11-B_3167716,s3://osu-well-records-225989338968/pdfs/ExportedFolderContents_1/1923/06 - June/35103031520000_CARMICHAEL 11-B_3167716.pdf,1,1923,06 - June,early,1920s,unknown,unknown,,Unclassified failure,pending,,,pending,,,,,pending,,,pending,,,pending,,,
35103031520000_J CARMICHAEL 11-B_8002132,s3://osu-well-records-225989338968/pdfs/ExportedFolderContents_1/1923/06 - June/35103031520000_J CARMICHAEL 11-B_8002132.pdf,1,1923,06 - June,early,1920s,unknown,unknown,,Unclassified failure,pending,,,pending,,,,,pending,,,pending,,,pending,,,
35105021700000_R PEMBERTON 4_2289140,s3://osu-well-records-225989338968/pdfs/ExportedFolderContents_1/1923/06 - June/35105021700000_R PEMBERTON 4_2289140.pdf,1,1923,06 - June,early,1920s,unknown,unknown,,Unclassified failure,pending,,,pending,,,,,pending,,,pending,,,pending,,,
35105022210000_A R PIERCE 3_2289122,s3://osu-well-records-225989338968/pdfs/ExportedFolderContents_1/1923/06 - June/35105022210000_A R PIERCE 3_2289122.pdf,1,1923,06 - June,early,1920s,unknown,unknown,,Unclassified failure,pending,,,pending,,,,,pending,,,pending,,,pending,,,
35105039890000_CHARLES DEERINWATER 4_2289226,s3://osu-well-records-225989338968/pdfs/ExportedFolderContents_1/1923/06 - June/35105039890000_CHARLES DEERINWATER 4_2289226.pdf,1,1923,06 - June,early,1920s,unknown,unknown,,Unclassified failure,pending,,,pending,,,,,pending,,,pending,,,pending,,,
35105053470000_ROBINS_2465013,s3://osu-well-records-225989338968/pdfs/ExportedFolderContents_1/1923/06 - June/35105053470000_ROBINS_2465013.pdf,1,1923,06 - June,early,1920s,unknown,unknown,,Unclassified failure,pending,,,pending,,,,,pending,,,pending,,,pending,,,
35105069160000_LAWERY 1_2364675,s3://osu-well-records-225989338968/pdfs/ExportedFolderContents_1/1923/06 - June/35105069160000_LAWERY 1_2364675.pdf,1,1923,06 - June,early,1920s,unknown,unknown,,Unclassified failure,pending,,,pending,,,,,pending,,,pending,,,pending,,,
35105069160000_LAWERY 1_2465015,s3://osu-well-records-225989338968/pdfs/ExportedFolderContents_1/1923/06 - June/35105069160000_LAWERY 1_2465015.pdf,1,1923,06 - June,early,1920s,unknown,unknown,,Unclassified failure,pending,,,pending,,,,,pending,,,pending,,,pending,,,
35107034210000_R J DIXON 1_1496587,s3://osu-well-records-225989338968/pdfs/ExportedFolderContents_1/1923/06 - June/35107034210000_R J DIXON 1_1496587.pdf,1,1923,06 - June,early,1920s,unknown,unknown,,Unclassified failure,pending,,,pending,,,,,pending,,,pending,,,pending,,,
35107034210000_R J DIXON 1_2005877,s3://osu-well-records-225989338968/pdfs/ExportedFolderContents_1/1923/06 - June/35107034210000_R J DIXON 1_2005877.pdf,1,1923,06 - June,early,1920s,unknown,unknown,,Unclassified failure,pending,,,pending,,,,,pending,,,pending,,,pending,,,
35107039450000_BOWLING 1_2005770,s3://osu-well-records-225989338968/pdfs/ExportedFolderContents_1/1923/06 - June/35107039450000_BOWLING 1_2005770.pdf,1,1923,06 - June,early,1920s,unknown,unknown,,Unclassified failure,pending,,,pending,,,,,pending,,,pending,,,pending,,,
35107041790000_GILL 4_2005805,s3://osu-well-records-225989338968/pdfs/ExportedFolderContents_1/1923/06 - June/35107041790000_GILL 4_2005805.pdf,1,1923,06 - June,early,1920s,unknown,unknown,,Unclassified failure,pending,,,pending,,,,,pending,,,pending,,,pending,,,
35107042660000_MICKEY 1_2005852,s3://osu-well-records-225989338968/pdfs/ExportedFolderContents_1/1923/06 - June/35107042660000_MICKEY 1_2005852.pdf,1,1923,06 - June,early,1920s,unknown,unknown,,Unclassified failure,pending,,,pending,,,,,pending,,,pending,,,pending,,,
35107043520000_JACKSON 1_2005969,s3://osu-well-records-225989338968/pdfs/ExportedFolderContents_1/1923/06 - June/35107043520000_JACKSON 1_2005969.pdf,1,1923,06 - June,early,1920s,unknown,unknown,,Unclassified failure,pending,,,pending,,,,,pending,,,pending,,,pending,,,
35107052100000_FANNY WIND 1_1496585,s3://osu-well-records-225989338968/pdfs/ExportedFolderContents_1/1923/06 - June/35107052100000_FANNY WIND 1_1496585.pdf,1,1923,06 - June,early,1920s,unknown,unknown,,Unclassified failure,pending,,,pending,,,,,pending,,,pending,,,pending,,,
35107052100000_FANNY WIND 1_2005794,s3://osu-well-records-225989338968/pdfs/ExportedFolderContents_1/1923/06 - June/35107052100000_FANNY WIND 1_2005794.pdf,1,1923,06 - June,early,1920s,unknown,unknown,,Unclassified failure,pending,,,pending,,,,,pending,,,pending,,,pending,,,
35107053240000_MILLIE WIND A 1_1496594,s3://osu-well-records-225989338968/pdfs/ExportedFolderContents_1/1923/06 - June/35107053240000_MILLIE WIND A 1_1496594.pdf,1,1923,06 - June,early,1920s,unknown,unknown,,Unclassified failure,pending,,,pending,,,,,pending,,,pending,,,pending,,,
35111020350000_PETTINGER 1_2006030,s3://osu-well-records-225989338968/pdfs/ExportedFolderContents_1/1923/06 - June/35111020350000_PETTINGER 1_2006030.pdf,1,1923,06 - June,early,1920s,unknown,unknown,,Unclassified failure,pending,,,pending,,,,,pending,,,pending,,,pending,,,
35111033620000_FUQUA J L 2_2005959,s3://osu-well-records-225989338968/pdfs/ExportedFolderContents_1/1923/06 - June/35111033620000_FUQUA J L 2_2005959.pdf,1,1923,06 - June,early,1920s,unknown,unknown,,Unclassified failure,pending,,,pending,,,,,pending,,,pending,,,pending,,,
35111033620000_FUQUA J L 2_2005970,s3://osu-well-records-225989338968/pdfs/ExportedFolderContents_1/1923/06 - June/35111033620000_FUQUA J L 2_2005970.pdf,1,1923,06 - June,early,1920s,unknown,unknown,,Unclassified failure,pending,,,pending,,,,,pending,,,pending,,,pending,,,
35111045870000_WM THOMPSON 6_2005714,s3://osu-well-records-225989338968/pdfs/ExportedFolderContents_1/1923/06 - June/35111045870000_WM THOMPSON 6_2005714.pdf,1,1923,06 - June,early,1920s,unknown,unknown,,Unclassified failure,pending,,,pending,,,,,pending,,,pending,,,pending,,,
35111060880000_J H BOCK 3_1384990,s3://osu-well-records-225989338968/pdfs/ExportedFolderContents_1/1923/06 - June/35111060880000_J H BOCK 3_1384990.pdf,1,1923,06 - June,early,1920s,unknown,unknown,,Unclassified failure,pending,,,pending,,,,,pending,,,pending,,,pending,,,
35111075880000_LONGMIRE 1_2005645,s3://osu-well-records-225989338968/pdfs/ExportedFolderContents_1/1923/06 - June/35111075880000_LONGMIRE 1_2005645.pdf,1,1923,06 - June,early,1920s,unknown,unknown,,Unclassified failure,pending,,,pending,,,,,pending,,,pending,,,pending,,,
35111075880000_LONGMIRE 1_2005655,s3://osu-well-records-225989338968/pdfs/ExportedFolderContents_1/1923/06 - June/35111075880000_LONGMIRE 1_2005655.pdf,1,1923,06 - June,early,1920s,unknown,unknown,,Unclassified failure,pending,,,pending,,,,,pending,,,pending,,,pending,,,
35111077170000_M COLEMAN 1_2005920,s3://osu-well-records-225989338968/pdfs/ExportedFolderContents_1/1923/06 - June/35111077170000_M COLEMAN 1_2005920.pdf,1,1923,06 - June,early,1920s,unknown,unknown,,Unclassified failure,pending,,,pending,,,,,pending,,,pending,,,pending,,,
35111077890000_MEADORS 2_2005782,s3://osu-well-records-225989338968/pdfs/ExportedFolderContents_1/1923/06 - June/35111077890000_MEADORS 2_2005782.pdf,1,1923,06 - June,early,1920s,unknown,unknown,,Unclassified failure,pending,,,pending,,,,,pending,,,pending,,,pending,,,
35111077950000_J WILLS 1_2005944,s3://osu-well-records-225989338968/pdfs/ExportedFolderContents_1/1923/06 - June/35111077950000_J WILLS 1_2005944.pdf,1,1923,06 - June,early,1920s,unknown,unknown,,Unclassified failure,pending,,,pending,,,,,pending,,,pending,,,pending,,,
35111077980000_WILLS ALBERT 1_2005973,s3://osu-well-records-225989338968/pdfs/ExportedFolderContents_1/1923/06 - June/35111077980000_WILLS ALBERT 1_2005973.pdf,1,1923,06 - June,early,1920s,unknown,unknown,,Unclassified failure,pending,,,pending,,,,,pending,,,pending,,,pending,,,
35111083900000_BURGESS D_2005687,s3://osu-well-records-225989338968/pdfs/ExportedFolderContents_1/1923/06 - June/35111083900000_BURGESS D_2005687.pdf,1,1923,06 - June,early,1920s,unknown,unknown,,Unclassified failure,pending,,,pending,,,,,pending,,,pending,,,pending,,,
35111083900000_BURGESS D_2005692,s3://osu-well-records-225989338968/pdfs/ExportedFolderContents_1/1923/06 - June/35111083900000_BURGESS D_2005692.pdf,1,1923,06 - June,early,1920s,unknown,unknown,,Unclassified failure,pending,,,pending,,,,,pending,,,pending,,,pending,,,
35111085740000_HAGGERTY 3_2005677,s3://osu-well-records-225989338968/pdfs/ExportedFolderContents_1/1923/06 - June/35111085740000_HAGGERTY 3_2005677.pdf,1,1923,06 - June,early,1920s,unknown,unknown,,Unclassified failure,pending,,,pending,,,,,pending,,,pending,,,pending,,,
35111085750000_HAGGERTY 4_2005856,s3://osu-well-records-225989338968/pdfs/ExportedFolderContents_1/1923/06 - June/35111085750000_HAGGERTY 4_2005856.pdf,1,1923,06 - June,early,1920s,unknown,unknown,,Unclassified failure,pending,,,pending,,,,,pending,,,pending,,,pending,,,
35111086080000_BEEN 6_2005767,s3://osu-well-records-225989338968/pdfs/ExportedFolderContents_1/1923/06 - June/35111086080000_BEEN 6_2005767.pdf,1,1923,06 - June,early,1920s,unknown,unknown,,Unclassified failure,pending,,,pending,,,,,pending,,,pending,,,pending,,,
35111092370000_MARSHALL 6_2005939,s3://osu-well-records-225989338968/pdfs/ExportedFolderContents_1/1923/06 - June/35111092370000_MARSHALL 6_2005939.pdf,1,1923,06 - June,early,1920s,unknown,unknown,,Unclassified failure,pending,,,pending,,,,,pending,,,pending,,,pending,,,
35111098790000_BATTS 1_2005811,s3://osu-well-records-225989338968/pdfs/ExportedFolderContents_1/1923/06 - June/35111098790000_BATTS 1_2005811.pdf,1,1923,06 - June,early,1920s,unknown,unknown,,Unclassified failure,pending,,,pending,,,,,pending,,,pending,,,pending,,,
35111098860000_BARNETT 1_2006043,s3://osu-well-records-225989338968/pdfs/ExportedFolderContents_1/1923/06 - June/35111098860000_BARNETT 1_2006043.pdf,1,1923,06 - June,early,1920s,unknown,unknown,,Unclassified failure,pending,,,pending,,,,,pending,,,pending,,,pending,,,
35111102860000_Venol 1_2005747,s3://osu-well-records-225989338968/pdfs/ExportedFolderContents_1/1923/06 - June/35111102860000_Venol 1_2005747.pdf,1,1923,06 - June,early,1920s,unknown,unknown,,Unclassified failure,pending,,,pending,,,,,pending,,,pending,,,pending,,,
35111107440000_MARTON 1_2005649,s3://osu-well-records-225989338968/pdfs/ExportedFolderContents_1/1923/06 - June/35111107440000_MARTON 1_2005649.pdf,1,1923,06 - June,early,1920s,unknown,unknown,,Unclassified failure,pending,,,pending,,,,,pending,,,pending,,,pending,,,
35111110580000_M CROSS 4_2005666,s3://osu-well-records-225989338968/pdfs/ExportedFolderContents_1/1923/06 - June/35111110580000_M CROSS 4_2005666.pdf,1,1923,06 - June,early,1920s,unknown,unknown,,Unclassified failure,pending,,,pending,,,,,pending,,,pending,,,pending,,,
35111112460000_FRED BRUNER 2_2005865,s3://osu-well-records-225989338968/pdfs/ExportedFolderContents_1/1923/06 - June/35111112460000_FRED BRUNER 2_2005865.pdf,1,1923,06 - June,early,1920s,unknown,unknown,,Unclassified failure,pending,,,pending,,,,,pending,,,pending,,,pending,,,
35111112460000_FRED BRUNER 2_2005867,s3://osu-well-records-225989338968/pdfs/ExportedFolderContents_1/1923/06 - June/35111112460000_FRED BRUNER 2_2005867.pdf,1,1923,06 - June,early,1920s,unknown,unknown,,Unclassified failure,pending,,,pending,,,,,pending,,,pending,,,pending,,,
35111761720000_LUCINDA PETERS 1_2005948,s3://osu-well-records-225989338968/pdfs/ExportedFolderContents_1/1923/06 - June/35111761720000_LUCINDA PETERS 1_2005948.pdf,1,1923,06 - June,early,1920s,unknown,unknown,,Unclassified failure,pending,,,pending,,,,,pending,,,pending,,,pending,,,
35117019280000_A H KECK_2005878,s3://osu-well-records-225989338968/pdfs/ExportedFolderContents_1/1923/06 - June/35117019280000_A H KECK_2005878.pdf,1,1923,06 - June,early,1920s,unknown,unknown,,Unclassified failure,pending,,,pending,,,,,pending,,,pending,,,pending,,,
35117023480000_CHISMAN 5_2005726,s3://osu-well-records-225989338968/pdfs/ExportedFolderContents_1/1923/06 - June/35117023480000_CHISMAN 5_2005726.pdf,1,1923,06 - June,early,1920s,unknown,unknown,,Unclassified failure,pending,,,pending,,,,,pending,,,pending,,,pending,,,
35117041520000_MILLER_2289247,s3://osu-well-records-225989338968/pdfs/ExportedFolderContents_1/1923/06 - June/35117041520000_MILLER_2289247.pdf,1,1923,06 - June,early,1920s,unknown,unknown,,Unclassified failure,pending,,,pending,,,,,pending,,,pending,,,pending,,,
35121003390000_FLOYD 3_1443124,s3://osu-well-records-225989338968/pdfs/ExportedFolderContents_1/1923/06 - June/35121003390000_FLOYD 3_1443124.pdf,1,1923,06 - June,early,1920s,unknown,unknown,,Unclassified failure,pending,,,pending,,,,,pending,,,pending,,,pending,,,
35131012200000_SETTLE 3_2464963,s3://osu-well-records-225989338968/pdfs/ExportedFolderContents_1/1923/06 - June/35131012200000_SETTLE 3_2464963.pdf,1,1923,06 - June,early,1920s,unknown,unknown,,Unclassified failure,pending,,,pending,,,,,pending,,,pending,,,pending,,,
35137015160000_PARKOS 1_1696997,s3://osu-well-records-225989338968/pdfs/ExportedFolderContents_1/1923/06 - June/35137015160000_PARKOS 1_1696997.pdf,1,1923,06 - June,early,1920s,unknown,unknown,,Unclassified failure,pending,,,pending,,,,,pending,,,pending,,,pending,,,
35137015160000_PARKOS 1_1697001,s3://osu-well-records-225989338968/pdfs/ExportedFolderContents_1/1923/06 - June/35137015160000_PARKOS 1_1697001.pdf,1,1923,06 - June,early,1920s,unknown,unknown,,Unclassified failure,pending,,,pending,,,,,pending,,,pending,,,pending,,,
35137015160000_PARKOS 1_1697018,s3://osu-well-records-225989338968/pdfs/ExportedFolderContents_1/1923/06 - June/35137015160000_PARKOS 1_1697018.pdf,1,1923,06 - June,early,1920s,unknown,unknown,,Unclassified failure,pending,,,pending,,,,,pending,,,pending,,,pending,,,
35137760380000_STEIFEL 7_1696987,s3://osu-well-records-225989338968/pdfs/ExportedFolderContents_1/1923/06 - June/35137760380000_STEIFEL 7_1696987.pdf,1,1923,06 - June,early,1920s,unknown,unknown,,Unclassified failure,pending,,,pending,,,,,pending,,,pending,,,pending,,,
00000000_No Data_1055348,s3://osu-well-records-225989338968/pdfs/ExportedFolderContents_1/1923/07 - July/00000000_No Data_1055348.pdf,1,1923,07 - July,early,1920s,unknown,unknown,,Unclassified failure,pending,,,pending,,,,,pending,,,pending,,,pending,,,
00000000_No Data_1055353,s3://osu-well-records-225989338968/pdfs/ExportedFolderContents_1/1923/07 - July/00000000_No Data_1055353.pdf,1,1923,07 - July,early,1920s,unknown,unknown,,Unclassified failure,pending,,,pending,,,,,pending,,,pending,,,pending,,,
00000000_No Data_1055409,s3://osu-well-records-225989338968/pdfs/ExportedFolderContents_1/1923/07 - July/00000000_No Data_1055409.pdf,1,1923,07 - July,early,1920s,unknown,unknown,,Unclassified failure,pending,,,pending,,,,,pending,,,pending,,,pending,,,
00000000_No Data_1055412,s3://osu-well-records-225989338968/pdfs/ExportedFolderContents_1/1923/07 - July/00000000_No Data_1055412.pdf,1,1923,07 - July,early,1920s,unknown,unknown,,Unclassified failure,pending,,,pending,,,,,pending,,,pending,,,pending,,,
00000000_No Data_1055441,s3://osu-well-records-225989338968/pdfs/ExportedFolderContents_1/1923/07 - July/00000000_No Data_1055441.pdf,1,1923,07 - July,early,1920s,unknown,unknown,,Unclassified failure,pending,,,pending,,,,,pending,,,pending,,,pending,,,
00000000_No Data_1055447,s3://osu-well-records-225989338968/pdfs/ExportedFolderContents_1/1923/07 - July/00000000_No Data_1055447.pdf,1,1923,07 - July,early,1920s,unknown,unknown,,Unclassified failure,pending,,,pending,,,,,pending,,,pending,,,pending,,,
00000000_No Data_1055558,s3://osu-well-records-225989338968/pdfs/ExportedFolderContents_1/1923/07 - July/00000000_No Data_1055558.pdf,1,1923,07 - July,early,1920s,unknown,unknown,,Unclassified failure,pending,,,pending,,,,,pending,,,pending,,,pending,,,
00000000_No Data_1364578,s3://osu-well-records-225989338968/pdfs/ExportedFolderContents_1/1923/07 - July/00000000_No Data_1364578.pdf,1,1923,07 - July,early,1920s,unknown,unknown,,Unclassified failure,pending,,,pending,,,,,pending,,,pending,,,pending,,,
00000000_No Data_1415349,s3://osu-well-records-225989338968/pdfs/ExportedFolderContents_1/1923/07 - July/00000000_No Data_1415349.pdf,1,1923,07 - July,early,1920s,unknown,unknown,,Unclassified failure,pending,,,pending,,,,,pending,,,pending,,,pending,,,
00000000_No Data_1415353,s3://osu-well-records-225989338968/pdfs/ExportedFolderContents_1/1923/07 - July/00000000_No Data_1415353.pdf,1,1923,07 - July,early,1920s,unknown,unknown,,Unclassified failure,pending,,,pending,,,,,pending,,,pending,,,pending,,,
00000000_No Data_1618474,s3://osu-well-records-225989338968/pdfs/ExportedFolderContents_1/1923/07 - July/00000000_No Data_1618474.pdf,1,1923,07 - July,early,1920s,unknown,unknown,,Unclassified failure,pending,,,pending,,,,,pending,,,pending,,,pending,,,
00000000_No Data_1618499,s3://osu-well-records-225989338968/pdfs/ExportedFolderContents_1/1923/07 - July/00000000_No Data_1618499.pdf,1,1923,07 - July,early,1920s,unknown,unknown,,Unclassified failure,pending,,,pending,,,,,pending,,,pending,,,pending,,,
00000000_No Data_555844,s3://osu-well-records-225989338968/pdfs/ExportedFolderContents_1/1923/07 - July/00000000_No Data_555844.pdf,1,1923,07 - July,early,1920s,unknown,unknown,,Unclassified failure,pending,,,pending,,,,,pending,,,pending,,,pending,,,
00935046_W O GRAY 1_882020,s3://osu-well-records-225989338968/pdfs/ExportedFolderContents_1/1923/07 - July/00935046_W O GRAY 1_882020.pdf,1,1923,07 - July,early,1920s,unknown,unknown,,Unclassified failure,pending,,,pending,,,,,pending,,,pending,,,pending,,,
01904534_BENNETT 1_327458,s3://osu-well-records-225989338968/pdfs/ExportedFolderContents_1/1923/07 - July/01904534_BENNETT 1_327458.pdf,1,1923,07 - July,early,1920s,unknown,unknown,,Unclassified failure,pending,,,pending,,,,,pending,,,pending,,,pending,,,
01907808_W M SMITH 1_920952,s3://osu-well-records-225989338968/pdfs/ExportedFolderContents_1/1923/07 - July/01907808_W M SMITH 1_920952.pdf,1,1923,07 - July,early,1920s,unknown,unknown,,Unclassified failure,pending,,,pending,,,,,pending,,,pending,,,pending,,,
01908134_MARRIS 3_516739,s3://osu-well-records-225989338968/pdfs/ExportedFolderContents_1/1923/07 - July/01908134_MARRIS 3_516739.pdf,1,1923,07 - July,early,1920s,unknown,unknown,,Unclassified failure,pending,,,pending,,,,,pending,,,pending,,,pending,,,
01908885_F E TUCKER 2_920970,s3://osu-well-records-225989338968/pdfs/ExportedFolderContents_1/1923/07 - July/01908885_F E TUCKER 2_920970.pdf,1,1923,07 - July,early,1920s,unknown,unknown,,Unclassified failure,pending,,,pending,,,,,pending,,,pending,,,pending,,,
01909641_JOHNSON SWARTZ 1_920904,s3://osu-well-records-225989338968/pdfs/ExportedFolderContents_1/1923/07 - July/01909641_JOHNSON SWARTZ 1_920904.pdf,1,1923,07 - July,early,1920s,unknown,unknown,,Unclassified failure,pending,,,pending,,,,,pending,,,pending,,,pending,,,
01909641_JOHNSON-SWARTZ 1_920905,s3://osu-well-records-225989338968/pdfs/ExportedFolderContents_1/1923/07 - July/01909641_JOHNSON-SWARTZ 1_920905.pdf,1,1923,07 - July,early,1920s,unknown,unknown,,Unclassified failure,pending,,,pending,,,,,pending,,,pending,,,pending,,,
01909689_HEFNER-MILLS 8_920903,s3://osu-well-records-225989338968/pdfs/ExportedFolderContents_1/1923/07 - July/01909689_HEFNER-MILLS 8_920903.pdf,1,1923,07 - July,early,1920s,unknown,unknown,,Unclassified failure,pending,,,pending,,,,,pending,,,pending,,,pending,,,
01909974_R W LAHMAN 1_920958,s3://osu-well-records-225989338968/pdfs/ExportedFolderContents_1/1923/07 - July/01909974_R W LAHMAN 1_920958.pdf,1,1923,07 - July,early,1920s,unknown,unknown,,Unclassified failure,pending,,,pending,,,,,pending,,,pending,,,pending,,,
01910762_HEWITT WALKER 10_920959,s3://osu-well-records-225989338968/pdfs/ExportedFolderContents_1/1923/07 - July/01910762_HEWITT WALKER 10_920959.pdf,1,1923,07 - July,early,1920s,unknown,unknown,,Unclassified failure,pending,,,pending,,,,,pending,,,pending,,,pending,,,
01911406_J DILLARD 79_920956,s3://osu-well-records-225989338968/pdfs/ExportedFolderContents_1/1923/07 - July/01911406_J DILLARD 79_920956.pdf,1,1923,07 - July,early,1920s,unknown,unknown,,Unclassified failure,pending,,,pending,,,,,pending,,,pending,,,pending,,,
01911416_J DILLARD 96_920914,s3://osu-well-records-225989338968/pdfs/ExportedFolderContents_1/1923/07 - July/01911416_J DILLARD 96_920914.pdf,1,1923,07 - July,early,1920s,unknown,unknown,,Unclassified failure,pending,,,pending,,,,,pending,,,pending,,,pending,,,
01911670_E E NOBLE 36_920967,s3://osu-well-records-225989338968/pdfs/ExportedFolderContents_1/1923/07 - July/01911670_E E NOBLE 36_920967.pdf,1,1923,07 - July,early,1920s,unknown,unknown,,Unclassified failure,pending,,,pending,,,,,pending,,,pending,,,pending,,,
01911763_EVA HEFNER 4_920911,s3://osu-well-records-225989338968/pdfs/ExportedFolderContents_1/1923/07 - July/01911763_EVA HEFNER 4_920911.pdf,1,1923,07 - July,early,1920s,unknown,unknown,,Unclassified failure,pending,,,pending,,,,,pending,,,pending,,,pending,,,
01911878_A E DENNY B6_920931,s3://osu-well-records-225989338968/pdfs/ExportedFolderContents_1/1923/07 - July/01911878_A E DENNY B6_920931.pdf,1,1923,07 - July,early,1920s,unknown,unknown,,Unclassified failure,pending,,,pending,,,,,pending,,,pending,,,pending,,,
01911878_DENNY B-6_920929,s3://osu-well-records-225989338968/pdfs/ExportedFolderContents_1/1923/07 - July/01911878_DENNY B-6_920929.pdf,1,1923,07 - July,early,1920s,unknown,unknown,,Unclassified failure,pending,,,pending,,,,,pending,,,pending,,,pending,,,
01911878_DENNY B-6_920930,s3://osu-well-records-225989338968/pdfs/ExportedFolderContents_1/1923/07 - July/01911878_DENNY B-6_920930.pdf,1,1923,07 - July,early,1920s,unknown,unknown,,Unclassified failure,pending,,,pending,,,,,pending,,,pending,,,pending,,,
01911981_ROY CHILTON 12DD_920902,s3://osu-well-records-225989338968/pdfs/ExportedFolderContents_1/1923/07 - July/01911981_ROY CHILTON 12DD_920902.pdf,1,1923,07 - July,early,1920s,unknown,unknown,,Unclassified failure,pending,,,pending,,,,,pending,,,pending,,,pending,,,
01912543_SAM BAPTISTE 15_516735,s3://osu-well-records-225989338968/pdfs/ExportedFolderContents_1/1923/07 - July/01912543_SAM BAPTISTE 15_516735.pdf,1,1923,07 - July,early,1920s,unknown,unknown,,Unclassified failure,pending,,,pending,,,,,pending,,,pending,,,pending,,,
01912544_SAM BAPTISTE 16_516740,s3://osu-well-records-225989338968/pdfs/ExportedFolderContents_1/1923/07 - July/01912544_SAM BAPTISTE 16_516740.pdf,1,1923,07 - July,early,1920s,unknown,unknown,,Unclassified failure,pending,,,pending,,,,,pending,,,pending,,,pending,,,
03302843_M E PATTERSON 3_987948,s3://osu-well-records-225989338968/pdfs/ExportedFolderContents_1/1923/07 - July/03302843_M E PATTERSON 3_987948.pdf,1,1923,07 - July,early,1920s,unknown,unknown,,Unclassified failure,pending,,,pending,,,,,pending,,,pending,,,pending,,,
03700777_L HENRY (ABRAHAM) 1_1055387,s3://osu-well-records-225989338968/pdfs/ExportedFolderContents_1/1923/07 - July/03700777_L HENRY (ABRAHAM) 1_1055387.pdf,1,1923,07 - July,early,1920s,unknown,unknown,,Unclassified failure,pending,,,pending,,,,,pending,,,pending,,,pending,,,
03701781_J R PARKS 2 1_1055359,s3://osu-well-records-225989338968/pdfs/ExportedFolderContents_1/1923/07 - July/03701781_J R PARKS 2 1_1055359.pdf,1,1923,07 - July,early,1920s,unknown,unknown,,Unclassified failure,pending,,,pending,,,,,pending,,,pending,,,pending,,,
03702425_A WRIGHT 5_1055479,s3://osu-well-records-225989338968/pdfs/ExportedFolderContents_1/1923/07 - July/03702425_A WRIGHT 5_1055479.pdf,1,1923,07 - July,early,1920s,unknown,unknown,,Unclassified failure,pending,,,pending,,,,,pending,,,pending,,,pending,,,
03702437_HARPLEY JOHNSON 3_1055514,s3://osu-well-records-225989338968/pdfs/ExportedFolderContents_1/1923/07 - July/03702437_HARPLEY JOHNSON 3_1055514.pdf,1,1923,07 - July,early,1920s,unknown,unknown,,Unclassified failure,pending,,,pending,,,,,pending,,,pending,,,pending,,,
03702610_J M WATSON B 1_1055484,s3://osu-well-records-225989338968/pdfs/ExportedFolderContents_1/1923/07 - July/03702610_J M WATSON B 1_1055484.pdf,1,1923,07 - July,early,1920s,unknown,unknown,,Unclassified failure,pending,,,pending,,,,,pending,,,pending,,,pending,,,
03702611_FRANCIS 1_1055552,s3://osu-well-records-225989338968/pdfs/ExportedFolderContents_1/1923/07 - July/03702611_FRANCIS 1_1055552.pdf,1,1923,07 - July,early,1920s,unknown,unknown,,Unclassified failure,pending,,,pending,,,,,pending,,,pending,,,pending,,,
03703554_LOU CAT 2_1055341,s3://osu-well-records-225989338968/pdfs/ExportedFolderContents_1/1923/07 - July/03703554_LOU CAT 2_1055341.pdf,1,1923,07 - July,early,1920s,unknown,unknown,,Unclassified failure,pending,,,pending,,,,,pending,,,pending,,,pending,,,
03703770_ROBERSON 7_1055406,s3://osu-well-records-225989338968/pdfs/ExportedFolderContents_1/1923/07 - July/03703770_ROBERSON 7_1055406.pdf,1,1923,07 - July,early,1920s,unknown,unknown,,Unclassified failure,pending,,,pending,,,,,pending,,,pending,,,pending,,,
03703819_L FULSOM 2_1055541,s3://osu-well-records-225989338968/pdfs/ExportedFolderContents_1/1923/07 - July/03703819_L FULSOM 2_1055541.pdf,1,1923,07 - July,early,1920s,unknown,unknown,,Unclassified failure,pending,,,pending,,,,,pending,,,pending,,,pending,,,
03703993_B WILLIAMS 1_1055618,s3://osu-well-records-225989338968/pdfs/ExportedFolderContents_1/1923/07 - July/03703993_B WILLIAMS 1_1055618.pdf,1,1923,07 - July,early,1920s,unknown,unknown,,Unclassified failure,pending,,,pending,,,,,pending,,,pending,,,pending,,,
03703994_JENNIE CLOUD 1_1055614,s3://osu-well-records-225989338968/pdfs/ExportedFolderContents_1/1923/07 - July/03703994_JENNIE CLOUD 1_1055614.pdf,1,1923,07 - July,early,1920s,unknown,unknown,,Unclassified failure,pending,,,pending,,,,,pending,,,pending,,,pending,,,
03704013_HUBBARD WILSON 1_1055544,s3://osu-well-records-225989338968/pdfs/ExportedFolderContents_1/1923/07 - July/03704013_HUBBARD WILSON 1_1055544.pdf,1,1923,07 - July,early,1920s,unknown,unknown,,Unclassified failure,pending,,,pending,,,,,pending,,,pending,,,pending,,,
03704364_M B FLESHER B-3_1055551,s3://osu-well-records-225989338968/pdfs/ExportedFolderContents_1/1923/07 - July/03704364_M B FLESHER B-3_1055551.pdf,1,1923,07 - July,early,1920s,unknown,unknown,,Unclassified failure,pending,,,pending,,,,,pending,,,pending,,,pending,,,
03705295_SAMANTHA POST 8_1055588,s3://osu-well-records-225989338968/pdfs/ExportedFolderContents_1/1923/07 - July/03705295_SAMANTHA POST 8_1055588.pdf,1,1923,07 - July,early,1920s,unknown,unknown,,Unclassified failure,pending,,,pending,,,,,pending,,,pending,,,pending,,,
03705402_S GRAHAM 1_1055316,s3://osu-well-records-225989338968/pdfs/ExportedFolderContents_1/1923/07 - July/03705402_S GRAHAM 1_1055316.pdf,1,1923,07 - July,early,1920s,unknown,unknown,,Unclassified failure,pending,,,pending,,,,,pending,,,pending,,,pending,,,
03707036_ADA WILLIAMS 2_1055370,s3://osu-well-records-225989338968/pdfs/ExportedFolderContents_1/1923/07 - July/03707036_ADA WILLIAMS 2_1055370.pdf,1,1923,07 - July,early,1920s,unknown,unknown,,Unclassified failure,pending,,,pending,,,,,pending,,,pending,,,pending,,,
03707193_DEERE 7_1055428,s3://osu-well-records-225989338968/pdfs/ExportedFolderContents_1/1923/07 - July/03707193_DEERE 7_1055428.pdf,1,1923,07 - July,early,1920s,unknown,unknown,,Unclassified failure,pending,,,pending,,,,,pending,,,pending,,,pending,,,
03707227_LEON GRAYSON 1_1055624,s3://osu-well-records-225989338968/pdfs/ExportedFolderContents_1/1923/07 - July/03707227_LEON GRAYSON 1_1055624.pdf,1,1923,07 - July,early,1920s,unknown,unknown,,Unclassified failure,pending,,,pending,,,,,pending,,,pending,,,pending,,,
03707306_MYERS 2_1055582,s3://osu-well-records-225989338968/pdfs/ExportedFolderContents_1/1923/07 - July/03707306_MYERS 2_1055582.pdf,1,1923,07 - July,early,1920s,unknown,unknown,,Unclassified failure,pending,,,pending,,,,,pending,,,pending,,,pending,,,
03707345_ROBERT SOLDIER 2_1055358,s3://osu-well-records-225989338968/pdfs/ExportedFolderContents_1/1923/07 - July/03707345_ROBERT SOLDIER 2_1055358.pdf,1,1923,07 - July,early,1920s,unknown,unknown,,Unclassified failure,pending,,,pending,,,,,pending,,,pending,,,pending,,,
03707642_No Data_1055516,s3://osu-well-records-225989338968/pdfs/ExportedFolderContents_1/1923/07 - July/03707642_No Data_1055516.pdf,1,1923,07 - July,early,1920s,unknown,unknown,,Unclassified failure,pending,,,pending,,,,,pending,,,pending,,,pending,,,
03710019_BUCKTROT 1_1055578,s3://osu-well-records-225989338968/pdfs/ExportedFolderContents_1/1923/07 - July/03710019_BUCKTROT 1_1055578.pdf,1,1923,07 - July,early,1920s,unknown,unknown,,Unclassified failure,pending,,,pending,,,,,pending,,,pending,,,pending,,,
03710019_BUCKTROT 1_1055585,s3://osu-well-records-225989338968/pdfs/ExportedFolderContents_1/1923/07 - July/03710019_BUCKTROT 1_1055585.pdf,1,1923,07 - July,early,1920s,unknown,unknown,,Unclassified failure,pending,,,pending,,,,,pending,,,pending,,,pending,,,
03715024_MARY BELL 2_1055446,s3://osu-well-records-225989338968/pdfs/ExportedFolderContents_1/1923/07 - July/03715024_MARY BELL 2_1055446.pdf,1,1923,07 - July,early,1920s,unknown,unknown,,Unclassified failure,pending,,,pending,,,,,pending,,,pending,,,pending,,,
03715594_S W ROLLER 1_1055501,s3://osu-well-records-225989338968/pdfs/ExportedFolderContents_1/1923/07 - July/03715594_S W ROLLER 1_1055501.pdf,1,1923,07 - July,early,1920s,unknown,unknown,,Unclassified failure,pending,,,pending,,,,,pending,,,pending,,,pending,,,
03717397_R SOLOMON 1_1055545,s3://osu-well-records-225989338968/pdfs/ExportedFolderContents_1/1923/07 - July/03717397_R SOLOMON 1_1055545.pdf,1,1923,07 - July,early,1920s,unknown,unknown,,Unclassified failure,pending,,,pending,,,,,pending,,,pending,,,pending,,,
04702092_LAURA CREWS 10_1539721,s3://osu-well-records-225989338968/pdfs/ExportedFolderContents_1/1923/07 - July/04702092_LAURA CREWS 10_1539721.pdf,1,1923,07 - July,early,1920s,unknown,unknown,,Unclassified failure,pending,,,pending,,,,,pending,,,pending,,,pending,,,
04702682_C DIVELY 37_1539665,s3://osu-well-records-225989338968/pdfs/ExportedFolderContents_1/1923/07 - July/04702682_C DIVELY 37_1539665.pdf,1,1923,07 - July,early,1920s,unknown,unknown,,Unclassified failure,pending,,,pending,,,,,pending,,,pending,,,pending,,,
04702863_STINE 1_1539688,s3://osu-well-records-225989338968/pdfs/ExportedFolderContents_1/1923/07 - July/04702863_STINE 1_1539688.pdf,1,1923,07 - July,early,1920s,unknown,unknown,,Unclassified failure,pending,,,pending,,,,,pending,,,pending,,,pending,,,
04703104_GIBSON 1_1539708,s3://osu-well-records-225989338968/pdfs/ExportedFolderContents_1/1923/07 - July/04703104_GIBSON 1_1539708.pdf,1,1923,07 - July,early,1920s,unknown,unknown,,Unclassified failure,pending,,,pending,,,,,pending,,,pending,,,pending,,,
04900666_FREEMAN-ROSE 1_782421,s3://osu-well-records-225989338968/pdfs/ExportedFolderContents_1/1923/07 - July/04900666_FREEMAN-ROSE 1_782421.pdf,1,1923,07 - July,early,1920s,unknown,unknown,,Unclassified failure,pending,,,pending,,,,,pending,,,pending,,,pending,,,
04900813_FREEMAN 1_782404,s3://osu-well-records-225989338968/pdfs/ExportedFolderContents_1/1923/07 - July/04900813_FREEMAN 1_782404.pdf,1,1923,07 - July,early,1920s,unknown,unknown,,Unclassified failure,pending,,,pending,,,,,pending,,,pending,,,pending,,,
04901074_JAMES GIBSON 1_782417,s3://osu-well-records-225989338968/pdfs/ExportedFolderContents_1/1923/07 - July/04901074_JAMES GIBSON 1_782417.pdf,1,1923,07 - July,early,1920s,unknown,unknown,,Unclassified failure,pending,,,pending,,,,,pending,,,pending,,,pending,,,
04901111_W B HERVEY 1_782419,s3://osu-well-records-225989338968/pdfs/ExportedFolderContents_1/1923/07 - July/04901111_W B HERVEY 1_782419.pdf,1,1923,07 - July,early,1920s,unknown,unknown,,Unclassified failure,pending,,,pending,,,,,pending,,,pending,,,pending,,,
04901140_W A GANN 1 A_C 1_782430,s3://osu-well-records-225989338968/pdfs/ExportedFolderContents_1/1923/07 - July/04901140_W A GANN 1 A_C 1_782430.pdf,1,1923,07 - July,early,1920s,unknown,unknown,,Unclassified failure,pending,,,pending,,,,,pending,,,pending,,,pending,,,
04901152_A VAN HOOZER 2_782396,s3://osu-well-records-225989338968/pdfs/ExportedFolderContents_1/1923/07 - July/04901152_A VAN HOOZER 2_782396.pdf,1,1923,07 - July,early,1920s,unknown,unknown,,Unclassified failure,pending,,,pending,,,,,pending,,,pending,,,pending,,,
04935409_S H COWAN 21_782412,s3://osu-well-records-225989338968/pdfs/ExportedFolderContents_1/1923/07 - July/04935409_S H COWAN 21_782412.pdf,1,1923,07 - July,early,1920s,unknown,unknown,,Unclassified failure,pending,,,pending,,,,,pending,,,pending,,,pending,,,
04935659_M L COWAN 3_782395,s3://osu-well-records-225989338968/pdfs/ExportedFolderContents_1/1923/07 - July/04935659_M L COWAN 3_782395.pdf,1,1923,07 - July,early,1920s,unknown,unknown,,Unclassified failure,pending,,,pending,,,,,pending,,,pending,,,pending,,,
04935660_M L COWAN 4_782429,s3://osu-well-records-225989338968/pdfs/ExportedFolderContents_1/1923/07 - July/04935660_M L COWAN 4_782429.pdf,1,1923,07 - July,early,1920s,unknown,unknown,,Unclassified failure,pending,,,pending,,,,,pending,,,pending,,,pending,,,
04935753_ZARA GANN 3_782416,s3://osu-well-records-225989338968/pdfs/ExportedFolderContents_1/1923/07 - July/04935753_ZARA GANN 3_782416.pdf,1,1923,07 - July,early,1920s,unknown,unknown,,Unclassified failure,pending,,,pending,,,,,pending,,,pending,,,pending,,,
05100170_L O TENDALL 1_782415,s3://osu-well-records-225989338968/pdfs/ExportedFolderContents_1/1923/07 - July/05100170_L O TENDALL 1_782415.pdf,1,1923,07 - July,early,1920s,unknown,unknown,,Unclassified failure,pending,,,pending,,,,,pending,,,pending,,,pending,,,
05100629_WOOTEN 1_782433,s3://osu-well-records-225989338968/pdfs/ExportedFolderContents_1/1923/07 - July/05100629_WOOTEN 1_782433.pdf,1,1923,07 - July,early,1920s,unknown,unknown,,Unclassified failure,pending,,,pending,,,,,pending,,,pending,,,pending,,,
05100658_ELLA CONNWERDY 1_782422,s3://osu-well-records-225989338968/pdfs/ExportedFolderContents_1/1923/07 - July/05100658_ELLA CONNWERDY 1_782422.pdf,1,1923,07 - July,early,1920s,unknown,unknown,,Unclassified failure,pending,,,pending,,,,,pending,,,pending,,,pending,,,
05135179_THOMAS CHARLESON 3_782394,s3://osu-well-records-225989338968/pdfs/ExportedFolderContents_1/1923/07 - July/05135179_THOMAS CHARLESON 3_782394.pdf,1,1923,07 - July,early,1920s,unknown,unknown,,Unclassified failure,pending,,,pending,,,,,pending,,,pending,,,pending,,,
05135750_HEATLEY 1_782428,s3://osu-well-records-225989338968/pdfs/ExportedFolderContents_1/1923/07 - July/05135750_HEATLEY 1_782428.pdf,1,1923,07 - July,early,1920s,unknown,unknown,,Unclassified failure,pending,,,pending,,,,,pending,,,pending,,,pending,,,
05135918_JOHN N KEIRNS 1_782408,s3://osu-well-records-225989338968/pdfs/ExportedFolderContents_1/1923/07 - July/05135918_JOHN N KEIRNS 1_782408.pdf,1,1923,07 - July,early,1920s,unknown,unknown,,Unclassified failure,pending,,,pending,,,,,pending,,,pending,,,pending,,,
05301510_STEWART 2_1539645,s3://osu-well-records-225989338968/pdfs/ExportedFolderContents_1/1923/07 - July/05301510_STEWART 2_1539645.pdf,1,1923,07 - July,early,1920s,unknown,unknown,,Unclassified failure,pending,,,pending,,,,,pending,,,pending,,,pending,,,
06303323_J ALEXANDER 1_688983,s3://osu-well-records-225989338968/pdfs/ExportedFolderContents_1/1923/07 - July/06303323_J ALEXANDER 1_688983.pdf,1,1923,07 - July,early,1920s,unknown,unknown,,Unclassified failure,pending,,,pending,,,,,pending,,,pending,,,pending,,,
07103142_MCCASSEY 3_1055377,s3://osu-well-records-225989338968/pdfs/ExportedFolderContents_1/1923/07 - July/07103142_MCCASSEY 3_1055377.pdf,1,1923,07 - July,early,1920s,unknown,unknown,,Unclassified failure,pending,,,pending,,,,,pending,,,pending,,,pending,,,
07103143_MCCASSEY 4_1055393,s3://osu-well-records-225989338968/pdfs/ExportedFolderContents_1/1923/07 - July/07103143_MCCASSEY 4_1055393.pdf,1,1923,07 - July,early,1920s,unknown,unknown,,Unclassified failure,pending,,,pending,,,,,pending,,,pending,,,pending,,,
07103864_R J SUITER 2_1539702,s3://osu-well-records-225989338968/pdfs/ExportedFolderContents_1/1923/07 - July/07103864_R J SUITER 2_1539702.pdf,1,1923,07 - July,early,1920s,unknown,unknown,,Unclassified failure,pending,,,pending,,,,,pending,,,pending,,,pending,,,
07103872_RUFUS DAVIS 3_1539719,s3://osu-well-records-225989338968/pdfs/ExportedFolderContents_1/1923/07 - July/07103872_RUFUS DAVIS 3_1539719.pdf,1,1923,07 - July,early,1920s,unknown,unknown,,Unclassified failure,pending,,,pending,,,,,pending,,,pending,,,pending,,,
07103873_RUFUS DAVIS 4_1539700,s3://osu-well-records-225989338968/pdfs/ExportedFolderContents_1/1923/07 - July/07103873_RUFUS DAVIS 4_1539700.pdf,1,1923,07 - July,early,1920s,unknown,unknown,,Unclassified failure,pending,,,pending,,,,,pending,,,pending,,,pending,,,
07103934_SCHOOL LAND 21 4_1539669,s3://osu-well-records-225989338968/pdfs/ExportedFolderContents_1/1923/07 - July/07103934_SCHOOL LAND 21 4_1539669.pdf,1,1923,07 - July,early,1920s,unknown,unknown,,Unclassified failure,pending,,,pending,,,,,pending,,,pending,,,pending,,,
07103938_SCHOOL LAND 21 7_1539668,s3://osu-well-records-225989338968/pdfs/ExportedFolderContents_1/1923/07 - July/07103938_SCHOOL LAND 21 7_1539668.pdf,1,1923,07 - July,early,1920s,unknown,unknown,,Unclassified failure,pending,,,pending,,,,,pending,,,pending,,,pending,,,
07103974_C W GOLTRY 26_1539660,s3://osu-well-records-225989338968/pdfs/ExportedFolderContents_1/1923/07 - July/07103974_C W GOLTRY 26_1539660.pdf,1,1923,07 - July,early,1920s,unknown,unknown,,Unclassified failure,pending,,,pending,,,,,pending,,,pending,,,pending,,,
07103975_C W GOLTRY 27_1539684,s3://osu-well-records-225989338968/pdfs/ExportedFolderContents_1/1923/07 - July/07103975_C W GOLTRY 27_1539684.pdf,1,1923,07 - July,early,1920s,unknown,unknown,,Unclassified failure,pending,,,pending,,,,,pending,,,pending,,,pending,,,
07103978_C W GOLTRY 30_1539717,s3://osu-well-records-225989338968/pdfs/ExportedFolderContents_1/1923/07 - July/07103978_C W GOLTRY 30_1539717.pdf,1,1923,07 - July,early,1920s,unknown,unknown,,Unclassified failure,pending,,,pending,,,,,pending,,,pending,,,pending,,,
07103994_W F MCDANIELS 3_1539707,s3://osu-well-records-225989338968/pdfs/ExportedFolderContents_1/1923/07 - July/07103994_W F MCDANIELS 3_1539707.pdf,1,1923,07 - July,early,1920s,unknown,unknown,,Unclassified failure,pending,,,pending,,,,,pending,,,pending,,,pending,,,
07103999_MCDANIEL 4-A_1539695,s3://osu-well-records-225989338968/pdfs/ExportedFolderContents_1/1923/07 - July/07103999_MCDANIEL 4-A_1539695.pdf,1,1923,07 - July,early,1920s,unknown,unknown,,Unclassified failure,pending,,,pending,,,,,pending,,,pending,,,pending,,,
10703034_HAMPTON 1_1055499,s3://osu-well-records-225989338968/pdfs/ExportedFolderContents_1/1923/07 - July/10703034_HAMPTON 1_1055499.pdf,1,1923,07 - July,early,1920s,unknown,unknown,,Unclassified failure,pending,,,pending,,,,,pending,,,pending,,,pending,,,
10704080_A FISHER 1_1055603,s3://osu-well-records-225989338968/pdfs/ExportedFolderContents_1/1923/07 - July/10704080_A FISHER 1_1055603.pdf,1,1923,07 - July,early,1920s,unknown,unknown,,Unclassified failure,pending,,,pending,,,,,pending,,,pending,,,pending,,,
10704434_KATIE RENTIE 3_1055494,s3://osu-well-records-225989338968/pdfs/ExportedFolderContents_1/1923/07 - July/10704434_KATIE RENTIE 3_1055494.pdf,1,1923,07 - July,early,1920s,unknown,unknown,,Unclassified failure,pending,,,pending,,,,,pending,,,pending,,,pending,,,
10705408_C FOSTER 1_589647,s3://osu-well-records-225989338968/pdfs/ExportedFolderContents_1/1923/07 - July/10705408_C FOSTER 1_589647.pdf,1,1923,07 - July,early,1920s,unknown,unknown,,Unclassified failure,pending,,,pending,,,,,pending,,,pending,,,pending,,,
11102277_HARRY HART 1_1055453,s3://osu-well-records-225989338968/pdfs/ExportedFolderContents_1/1923/07 - July/11102277_HARRY HART 1_1055453.pdf,1,1923,07 - July,early,1920s,unknown,unknown,,Unclassified failure,pending,,,pending,,,,,pending,,,pending,,,pending,,,
11102614_CRANE BROTHERS 5_1055469,s3://osu-well-records-225989338968/pdfs/ExportedFolderContents_1/1923/07 - July/11102614_CRANE BROTHERS 5_1055469.pdf,1,1923,07 - July,early,1920s,unknown,unknown,,Unclassified failure,pending,,,pending,,,,,pending,,,pending,,,pending,,,
11103037_ELLA LOVE 1_1055367,s3://osu-well-records-225989338968/pdfs/ExportedFolderContents_1/1923/07 - July/11103037_ELLA LOVE 1_1055367.pdf,1,1923,07 - July,early,1920s,unknown,unknown,,Unclassified failure,pending,,,pending,,,,,pending,,,pending,,,pending,,,
11103084_LEMUAL COLBERT 1_1055405,s3://osu-well-records-225989338968/pdfs/ExportedFolderContents_1/1923/07 - July/11103084_LEMUAL COLBERT 1_1055405.pdf,1,1923,07 - July,early,1920s,unknown,unknown,,Unclassified failure,pending,,,pending,,,,,pending,,,pending,,,pending,,,
11103353_HARRIS 2_516731,s3://osu-well-records-225989338968/pdfs/ExportedFolderContents_1/1923/07 - July/11103353_HARRIS 2_516731.pdf,1,1923,07 - July,early,1920s,unknown,unknown,,Unclassified failure,pending,,,pending,,,,,pending,,,pending,,,pending,,,
11103535_HENRYETTA SMITH 2_1055555,s3://osu-well-records-225989338968/pdfs/ExportedFolderContents_1/1923/07 - July/11103535_HENRYETTA SMITH 2_1055555.pdf,1,1923,07 - July,early,1920s,unknown,unknown,,Unclassified failure,pending,,,pending,,,,,pending,,,pending,,,pending,,,
11103535_HENRYETTA SMITH 2_1055556,s3://osu-well-records-225989338968/pdfs/ExportedFolderContents_1/1923/07 - July/11103535_HENRYETTA SMITH 2_1055556.pdf,1,1923,07 - July,early,1920s,unknown,unknown,,Unclassified failure,pending,,,pending,,,,,pending,,,pending,,,pending,,,
11103536_SESSIONS 3_1055554,s3://osu-well-records-225989338968/pdfs/ExportedFolderContents_1/1923/07 - July/11103536_SESSIONS 3_1055554.pdf,1,1923,07 - July,early,1920s,unknown,unknown,,Unclassified failure,pending,,,pending,,,,,pending,,,pending,,,pending,,,
11103536_SESSIONS 3_1055560,s3://osu-well-records-225989338968/pdfs/ExportedFolderContents_1/1923/07 - July/11103536_SESSIONS 3_1055560.pdf,1,1923,07 - July,early,1920s,unknown,unknown,,Unclassified failure,pending,,,pending,,,,,pending,,,pending,,,pending,,,
11103755_ELIJAH RENTIE 1_1364579,s3://osu-well-records-225989338968/pdfs/ExportedFolderContents_1/1923/07 - July/11103755_ELIJAH RENTIE 1_1364579.pdf,1,1923,07 - July,early,1920s,unknown,unknown,,Unclassified failure,pending,,,pending,,,,,pending,,,pending,,,pending,,,
11103827_JOHN JEFFERSON 4_1364592,s3://osu-well-records-225989338968/pdfs/ExportedFolderContents_1/1923/07 - July/11103827_JOHN JEFFERSON 4_1364592.pdf,1,1923,07 - July,early,1920s,unknown,unknown,,Unclassified failure,pending,,,pending,,,,,pending,,,pending,,,pending,,,
11104321_LAURA PARKS 2-B_1055530,s3://osu-well-records-225989338968/pdfs/ExportedFolderContents_1/1923/07 - July/11104321_LAURA PARKS 2-B_1055530.pdf,1,1923,07 - July,early,1920s,unknown,unknown,,Unclassified failure,pending,,,pending,,,,,pending,,,pending,,,pending,,,
11104322_LAURA PARKS 1-B_1055427,s3://osu-well-records-225989338968/pdfs/ExportedFolderContents_1/1923/07 - July/11104322_LAURA PARKS 1-B_1055427.pdf,1,1923,07 - July,early,1920s,unknown,unknown,,Unclassified failure,pending,,,pending,,,,,pending,,,pending,,,pending,,,
11104454_RORSCHACT 1_1055355,s3://osu-well-records-225989338968/pdfs/ExportedFolderContents_1/1923/07 - July/11104454_RORSCHACT 1_1055355.pdf,1,1923,07 - July,early,1920s,unknown,unknown,,Unclassified failure,pending,,,pending,,,,,pending,,,pending,,,pending,,,
11104471_GRAYSON 2_1055336,s3://osu-well-records-225989338968/pdfs/ExportedFolderContents_1/1923/07 - July/11104471_GRAYSON 2_1055336.pdf,1,1923,07 - July,early,1920s,unknown,unknown,,Unclassified failure,pending,,,pending,,,,,pending,,,pending,,,pending,,,
11104571_R RICHARDS 1_1055397,s3://osu-well-records-225989338968/pdfs/ExportedFolderContents_1/1923/07 - July/11104571_R RICHARDS 1_1055397.pdf,1,1923,07 - July,early,1920s,unknown,unknown,,Unclassified failure,pending,,,pending,,,,,pending,,,pending,,,pending,,,
11105152_E M MESSER 1_1055570,s3://osu-well-records-225989338968/pdfs/ExportedFolderContents_1/1923/07 - July/11105152_E M MESSER 1_1055570.pdf,1,1923,07 - July,early,1920s,unknown,unknown,,Unclassified failure,pending,,,pending,,,,,pending,,,pending,,,pending,,,
11105152_MESSER 1_50956646,s3://osu-well-records-225989338968/pdfs/ExportedFolderContents_1/1923/07 - July/11105152_MESSER 1_50956646.pdf,1,1923,07 - July,early,1920s,unknown,unknown,,Unclassified failure,pending,,,pending,,,,,pending,,,pending,,,pending,,,
11105328_SITLER BROS 1_1055319,s3://osu-well-records-225989338968/pdfs/ExportedFolderContents_1/1923/07 - July/11105328_SITLER BROS 1_1055319.pdf,1,1923,07 - July,early,1920s,unknown,unknown,,Unclassified failure,pending,,,pending,,,,,pending,,,pending,,,pending,,,
11105371_WILLIAMS 1-A_1055550,s3://osu-well-records-225989338968/pdfs/ExportedFolderContents_1/1923/07 - July/11105371_WILLIAMS 1-A_1055550.pdf,1,1923,07 - July,early,1920s,unknown,unknown,,Unclassified failure,pending,,,pending,,,,,pending,,,pending,,,pending,,,
11105492_No Data_1055584,s3://osu-well-records-225989338968/pdfs/ExportedFolderContents_1/1923/07 - July/11105492_No Data_1055584.pdf,1,1923,07 - July,early,1920s,unknown,unknown,,Unclassified failure,pending,,,pending,,,,,pending,,,pending,,,pending,,,
11106591_SKIDMORE 10_1055443,s3://osu-well-records-225989338968/pdfs/ExportedFolderContents_1/1923/07 - July/11106591_SKIDMORE 10_1055443.pdf,1,1923,07 - July,early,1920s,unknown,unknown,,Unclassified failure,pending,,,pending,,,,,pending,,,pending,,,pending,,,
11106808_SPUGEON A 1_1055386,s3://osu-well-records-225989338968/pdfs/ExportedFolderContents_1/1923/07 - July/11106808_SPUGEON A 1_1055386.pdf,1,1923,07 - July,early,1920s,unknown,unknown,,Unclassified failure,pending,,,pending,,,,,pending,,,pending,,,pending,,,
11106814_K SCOTT 3_1055364,s3://osu-well-records-225989338968/pdfs/ExportedFolderContents_1/1923/07 - July/11106814_K SCOTT 3_1055364.pdf,1,1923,07 - July,early,1920s,unknown,unknown,,Unclassified failure,pending,,,pending,,,,,pending,,,pending,,,pending,,,
11107045_SELF 1_1055371,s3://osu-well-records-225989338968/pdfs/ExportedFolderContents_1/1923/07 - July/11107045_SELF 1_1055371.pdf,1,1923,07 - July,early,1920s,unknown,unknown,,Unclassified failure,pending,,,pending,,,,,pending,,,pending,,,pending,,,
11107067_C POSTOAK 1_1055505,s3://osu-well-records-225989338968/pdfs/ExportedFolderContents_1/1923/07 - July/11107067_C POSTOAK 1_1055505.pdf,1,1923,07 - July,early,1920s,unknown,unknown,,Unclassified failure,pending,,,pending,,,,,pending,,,pending,,,pending,,,
11107846_WALTER BEAR 1_1055416,s3://osu-well-records-225989338968/pdfs/ExportedFolderContents_1/1923/07 - July/11107846_WALTER BEAR 1_1055416.pdf,1,1923,07 - July,early,1920s,unknown,unknown,,Unclassified failure,pending,,,pending,,,,,pending,,,pending,,,pending,,,
11107846_WALTER BEAR 1_516724,s3://osu-well-records-225989338968/pdfs/ExportedFolderContents_1/1923/07 - July/11107846_WALTER BEAR 1_516724.pdf,1,1923,07 - July,early,1920s,unknown,unknown,,Unclassified failure,pending,,,pending,,,,,pending,,,pending,,,pending,,,
11108738_Bruner Dick 4_1055532,s3://osu-well-records-225989338968/pdfs/ExportedFolderContents_1/1923/07 - July/11108738_Bruner Dick 4_1055532.pdf,1,1923,07 - July,early,1920s,unknown,unknown,,Unclassified failure,pending,,,pending,,,,,pending,,,pending,,,pending,,,
11108738_Bruner Dick 4_516744,s3://osu-well-records-225989338968/pdfs/ExportedFolderContents_1/1923/07 - July/11108738_Bruner Dick 4_516744.pdf,1,1923,07 - July,early,1920s,unknown,unknown,,Unclassified failure,pending,,,pending,,,,,pending,,,pending,,,pending,,,
11108967_YODER 8_1055394,s3://osu-well-records-225989338968/pdfs/ExportedFolderContents_1/1923/07 - July/11108967_YODER 8_1055394.pdf,1,1923,07 - July,early,1920s,unknown,unknown,,Unclassified failure,pending,,,pending,,,,,pending,,,pending,,,pending,,,
11109493_SALLIE GRAY 9_1055425,s3://osu-well-records-225989338968/pdfs/ExportedFolderContents_1/1923/07 - July/11109493_SALLIE GRAY 9_1055425.pdf,1,1923,07 - July,early,1920s,unknown,unknown,,Unclassified failure,pending,,,pending,,,,,pending,,,pending,,,pending,,,
11109493_SALLIE GRAY 9_516726,s3://osu-well-records-225989338968/pdfs/ExportedFolderContents_1/1923/07 - July/11109493_SALLIE GRAY 9_516726.pdf,1,1923,07 - July,early,1920s,unknown,unknown,,Unclassified failure,pending,,,pending,,,,,pending,,,pending,,,pending,,,
11109542_G A FEWEL 1_1055368,s3://osu-well-records-225989338968/pdfs/ExportedFolderContents_1/1923/07 - July/11109542_G A FEWEL 1_1055368.pdf,1,1923,07 - July,early,1920s,unknown,unknown,,Unclassified failure,pending,,,pending,,,,,pending,,,pending,,,pending,,,
11110075_FARRAR 2_1055361,s3://osu-well-records-225989338968/pdfs/ExportedFolderContents_1/1923/07 - July/11110075_FARRAR 2_1055361.pdf,1,1923,07 - July,early,1920s,unknown,unknown,,Unclassified failure,pending,,,pending,,,,,pending,,,pending,,,pending,,,
11111154_J L FUQUA 2_1055598,s3://osu-well-records-225989338968/pdfs/ExportedFolderContents_1/1923/07 - July/11111154_J L FUQUA 2_1055598.pdf,1,1923,07 - July,early,1920s,unknown,unknown,,Unclassified failure,pending,,,pending,,,,,pending,,,pending,,,pending,,,
11114555_HARRIS 1_1055342,s3://osu-well-records-225989338968/pdfs/ExportedFolderContents_1/1923/07 - July/11114555_HARRIS 1_1055342.pdf,1,1923,07 - July,early,1920s,unknown,unknown,,Unclassified failure,pending,,,pending,,,,,pending,,,pending,,,pending,,,
11114555_HARRIS 1_1221666,s3://osu-well-records-225989338968/pdfs/ExportedFolderContents_1/1923/07 - July/11114555_HARRIS 1_1221666.pdf,1,1923,07 - July,early,1920s,unknown,unknown,,Unclassified failure,pending,,,pending,,,,,pending,,,pending,,,pending,,,
111176330000_GRAYSON 34_500799753,s3://osu-well-records-225989338968/pdfs/ExportedFolderContents_1/1923/07 - July/111176330000_GRAYSON 34_500799753.pdf,1,1923,07 - July,early,1920s,unknown,unknown,,Unclassified failure,pending,,,pending,,,,,pending,,,pending,,,pending,,,
11701467_G W BURTON 3_1055572,s3://osu-well-records-225989338968/pdfs/ExportedFolderContents_1/1923/07 - July/11701467_G W BURTON 3_1055572.pdf,1,1923,07 - July,early,1920s,unknown,unknown,,Unclassified failure,pending,,,pending,,,,,pending,,,pending,,,pending,,,
11701468_GEORGE W BURTON 4_1055571,s3://osu-well-records-225989338968/pdfs/ExportedFolderContents_1/1923/07 - July/11701468_GEORGE W BURTON 4_1055571.pdf,1,1923,07 - July,early,1920s,unknown,unknown,,Unclassified failure,pending,,,pending,,,,,pending,,,pending,,,pending,,,
11701525_A TRUESDELL 1_1055489,s3://osu-well-records-225989338968/pdfs/ExportedFolderContents_1/1923/07 - July/11701525_A TRUESDELL 1_1055489.pdf,1,1923,07 - July,early,1920s,unknown,unknown,,Unclassified failure,pending,,,pending,,,,,pending,,,pending,,,pending,,,
11701582_SCOTT 2_1055605,s3://osu-well-records-225989338968/pdfs/ExportedFolderContents_1/1923/07 - July/11701582_SCOTT 2_1055605.pdf,1,1923,07 - July,early,1920s,unknown,unknown,,Unclassified failure,pending,,,pending,,,,,pending,,,pending,,,pending,,,
11701582_W W SCOTT 2_1055604,s3://osu-well-records-225989338968/pdfs/ExportedFolderContents_1/1923/07 - July/11701582_W W SCOTT 2_1055604.pdf,1,1923,07 - July,early,1920s,unknown,unknown,,Unclassified failure,pending,,,pending,,,,,pending,,,pending,,,pending,,,
11702200_GRIFFITH SCHOOL LEASE_1055612,s3://osu-well-records-225989338968/pdfs/ExportedFolderContents_1/1923/07 - July/11702200_GRIFFITH SCHOOL LEASE_1055612.pdf,1,1923,07 - July,early,1920s,unknown,unknown,,Unclassified failure,pending,,,pending,,,,,pending,,,pending,,,pending,,,
11702783_J. M. HAMILTON 1_1055557,s3://osu-well-records-225989338968/pdfs/ExportedFolderContents_1/1923/07 - July/11702783_J. M. HAMILTON 1_1055557.pdf,1,1923,07 - July,early,1920s,unknown,unknown,,Unclassified failure,pending,,,pending,,,,,pending,,,pending,,,pending,,,
11703849_PRINE H A 1_1055574,s3://osu-well-records-225989338968/pdfs/ExportedFolderContents_1/1923/07 - July/11703849_PRINE H A 1_1055574.pdf,1,1923,07 - July,early,1920s,unknown,unknown,,Unclassified failure,pending,,,pending,,,,,pending,,,pending,,,pending,,,
11704021_T F ELY 1_1415285,s3://osu-well-records-225989338968/pdfs/ExportedFolderContents_1/1923/07 - July/11704021_T F ELY 1_1415285.pdf,1,1923,07 - July,early,1920s,unknown,unknown,,Unclassified failure,pending,,,pending,,,,,pending,,,pending,,,pending,,,
11776014_MCMILLIAN 3_1055433,s3://osu-well-records-225989338968/pdfs/ExportedFolderContents_1/1923/07 - July/11776014_MCMILLIAN 3_1055433.pdf,1,1923,07 - July,early,1920s,unknown,unknown,,Unclassified failure,pending,,,pending,,,,,pending,,,pending,,,pending,,,
11900470_No Data_1055395,s3://osu-well-records-225989338968/pdfs/ExportedFolderContents_1/1923/07 - July/11900470_No Data_1055395.pdf,1,1923,07 - July,early,1920s,unknown,unknown,,Unclassified failure,pending,,,pending,,,,,pending,,,pending,,,pending,,,
11902021_W H WEIR 1_1415350,s3://osu-well-records-225989338968/pdfs/ExportedFolderContents_1/1923/07 - July/11902021_W H WEIR 1_1415350.pdf,1,1923,07 - July,early,1920s,unknown,unknown,,Unclassified failure,pending,,,pending,,,,,pending,,,pending,,,pending,,,
11903678_N J LAUGHLIN 9_1055424,s3://osu-well-records-225989338968/pdfs/ExportedFolderContents_1/1923/07 - July/11903678_N J LAUGHLIN 9_1055424.pdf,1,1923,07 - July,early,1920s,unknown,unknown,,Unclassified failure,pending,,,pending,,,,,pending,,,pending,,,pending,,,
11903794_GOSS 1_1055508,s3://osu-well-records-225989338968/pdfs/ExportedFolderContents_1/1923/07 - July/11903794_GOSS 1_1055508.pdf,1,1923,07 - July,early,1920s,unknown,unknown,,Unclassified failure,pending,,,pending,,,,,pending,,,pending,,,pending,,,
11910903_JULIA PAYNE 2_1539630,s3://osu-well-records-225989338968/pdfs/ExportedFolderContents_1/1923/07 - July/11910903_JULIA PAYNE 2_1539630.pdf,1,1923,07 - July,early,1920s,unknown,unknown,,Unclassified failure,pending,,,pending,,,,,pending,,,pending,,,pending,,,
13101682_MATTIE MURPHY 1_1618477,s3://osu-well-records-225989338968/pdfs/ExportedFolderContents_1/1923/07 - July/13101682_MATTIE MURPHY 1_1618477.pdf,1,1923,07 - July,early,1920s,unknown,unknown,,Unclassified failure,pending,,,pending,,,,,pending,,,pending,,,pending,,,
13102698_RUTH SCOTT 2_1055543,s3://osu-well-records-225989338968/pdfs/ExportedFolderContents_1/1923/07 - July/13102698_RUTH SCOTT 2_1055543.pdf,1,1923,07 - July,early,1920s,unknown,unknown,,Unclassified failure,pending,,,pending,,,,,pending,,,pending,,,pending,,,
133034050002_D F FLEET 13_500204921,s3://osu-well-records-225989338968/pdfs/ExportedFolderContents_1/1923/07 - July/133034050002_D F FLEET 13_500204921.pdf,1,1923,07 - July,early,1920s,unknown,unknown,,Unclassified failure,pending,,,pending,,,,,pending,,,pending,,,pending,,,
13303405_D F FLEET 13_589653,s3://osu-well-records-225989338968/pdfs/ExportedFolderContents_1/1923/07 - July/13303405_D F FLEET 13_589653.pdf,1,1923,07 - July,early,1920s,unknown,unknown,,Unclassified failure,pending,,,pending,,,,,pending,,,pending,,,pending,,,
13306868_JOHN LONG 1-A_589655,s3://osu-well-records-225989338968/pdfs/ExportedFolderContents_1/1923/07 - July/13306868_JOHN LONG 1-A_589655.pdf,1,1923,07 - July,early,1920s,unknown,unknown,,Unclassified failure,pending,,,pending,,,,,pending,,,pending,,,pending,,,
13306939_JOHN LONG 1_589656,s3://osu-well-records-225989338968/pdfs/ExportedFolderContents_1/1923/07 - July/13306939_JOHN LONG 1_589656.pdf,1,1923,07 - July,early,1920s,unknown,unknown,,Unclassified failure,pending,,,pending,,,,,pending,,,pending,,,pending,,,
13306972_E P NORTHERN 1_589648,s3://osu-well-records-225989338968/pdfs/ExportedFolderContents_1/1923/07 - July/13306972_E P NORTHERN 1_589648.pdf,1,1923,07 - July,early,1920s,unknown,unknown,,Unclassified failure,pending,,,pending,,,,,pending,,,pending,,,pending,,,
13701133_ROSA BROOKS 1_920977,s3://osu-well-records-225989338968/pdfs/ExportedFolderContents_1/1923/07 - July/13701133_ROSA BROOKS 1_920977.pdf,1,1923,07 - July,early,1920s,unknown,unknown,,Unclassified failure,pending,,,pending,,,,,pending,,,pending,,,pending,,,
13701467_DARNALL 1_782407,s3://osu-well-records-225989338968/pdfs/ExportedFolderContents_1/1923/07 - July/13701467_DARNALL 1_782407.pdf,1,1923,07 - July,early,1920s,unknown,unknown,,Unclassified failure,pending,,,pending,,,,,pending,,,pending,,,pending,,,
13701490_L S HARRIS 3_782424,s3://osu-well-records-225989338968/pdfs/ExportedFolderContents_1/1923/07 - July/13701490_L S HARRIS 3_782424.pdf,1,1923,07 - July,early,1920s,unknown,unknown,,Unclassified failure,pending,,,pending,,,,,pending,,,pending,,,pending,,,
13701515_NEWTON 1_5607954,s3://osu-well-records-225989338968/pdfs/ExportedFolderContents_1/1923/07 - July/13701515_NEWTON 1_5607954.pdf,1,1923,07 - July,early,1920s,unknown,unknown,,Unclassified failure,pending,,,pending,,,,,pending,,,pending,,,pending,,,
13701515_NEWTON 1_5607955,s3://osu-well-records-225989338968/pdfs/ExportedFolderContents_1/1923/07 - July/13701515_NEWTON 1_5607955.pdf,1,1923,07 - July,early,1920s,unknown,unknown,,Unclassified failure,pending,,,pending,,,,,pending,,,pending,,,pending,,,
13701515_NEWTON 1_920901,s3://osu-well-records-225989338968/pdfs/ExportedFolderContents_1/1923/07 - July/13701515_NEWTON 1_920901.pdf,1,1923,07 - July,early,1920s,unknown,unknown,,Unclassified failure,pending,,,pending,,,,,pending,,,pending,,,pending,,,
13701520_UMSTED 1_920938,s3://osu-well-records-225989338968/pdfs/ExportedFolderContents_1/1923/07 - July/13701520_UMSTED 1_920938.pdf,1,1923,07 - July,early,1920s,unknown,unknown,,Unclassified failure,pending,,,pending,,,,,pending,,,pending,,,pending,,,
13701520_UMSTED 1_920941,s3://osu-well-records-225989338968/pdfs/ExportedFolderContents_1/1923/07 - July/13701520_UMSTED 1_920941.pdf,1,1923,07 - July,early,1920s,unknown,unknown,,Unclassified failure,pending,,,pending,,,,,pending,,,pending,,,pending,,,
13701560_R E FARRIS 5_920963,s3://osu-well-records-225989338968/pdfs/ExportedFolderContents_1/1923/07 - July/13701560_R E FARRIS 5_920963.pdf,1,1923,07 - July,early,1920s,unknown,unknown,,Unclassified failure,pending,,,pending,,,,,pending,,,pending,,,pending,,,
13701563_NETTIE M CHANDLER 2_920964,s3://osu-well-records-225989338968/pdfs/ExportedFolderContents_1/1923/07 - July/13701563_NETTIE M CHANDLER 2_920964.pdf,1,1923,07 - July,early,1920s,unknown,unknown,,Unclassified failure,pending,,,pending,,,,,pending,,,pending,,,pending,,,
13701573_R S BRISTOW 4_920908,s3://osu-well-records-225989338968/pdfs/ExportedFolderContents_1/1923/07 - July/13701573_R S BRISTOW 4_920908.pdf,1,1923,07 - July,early,1920s,unknown,unknown,,Unclassified failure,pending,,,pending,,,,,pending,,,pending,,,pending,,,
13701586_MALONEY 8_920912,s3://osu-well-records-225989338968/pdfs/ExportedFolderContents_1/1923/07 - July/13701586_MALONEY 8_920912.pdf,1,1923,07 - July,early,1920s,unknown,unknown,,Unclassified failure,pending,,,pending,,,,,pending,,,pending,,,pending,,,
13708894_LEVY WILLIS 3_920917,s3://osu-well-records-225989338968/pdfs/ExportedFolderContents_1/1923/07 - July/13708894_LEVY WILLIS 3_920917.pdf,1,1923,07 - July,early,1920s,unknown,unknown,,Unclassified failure,pending,,,pending,,,,,pending,,,pending,,,pending,,,
13709186_KILLINGSWORTH 3_5703821,s3://osu-well-records-225989338968/pdfs/ExportedFolderContents_1/1923/07 - July/13709186_KILLINGSWORTH 3_5703821.pdf,1,1923,07 - July,early,1920s,unknown,unknown,,Unclassified failure,pending,,,pending,,,,,pending,,,pending,,,pending,,,
13709186_S VELMA PERMIAN UNIT 2-3_920922,s3://osu-well-records-225989338968/pdfs/ExportedFolderContents_1/1923/07 - July/13709186_S VELMA PERMIAN UNIT 2-3_920922.pdf,1,1923,07 - July,early,1920s,unknown,unknown,,Unclassified failure,pending,,,pending,,,,,pending,,,pending,,,pending,,,
13709313_PAYNE 1_782410,s3://osu-well-records-225989338968/pdfs/ExportedFolderContents_1/1923/07 - July/13709313_PAYNE 1_782410.pdf,1,1923,07 - July,early,1920s,unknown,unknown,,Unclassified failure,pending,,,pending,,,,,pending,,,pending,,,pending,,,
13709608_BURNS 2_782400,s3://osu-well-records-225989338968/pdfs/ExportedFolderContents_1/1923/07 - July/13709608_BURNS 2_782400.pdf,1,1923,07 - July,early,1920s,unknown,unknown,,Unclassified failure,pending,,,pending,,,,,pending,,,pending,,,pending,,,
13709853_J R FUNK 8_782432,s3://osu-well-records-225989338968/pdfs/ExportedFolderContents_1/1923/07 - July/13709853_J R FUNK 8_782432.pdf,1,1923,07 - July,early,1920s,unknown,unknown,,Unclassified failure,pending,,,pending,,,,,pending,,,pending,,,pending,,,
13710443_G R DAMERON 4 A_920925,s3://osu-well-records-225989338968/pdfs/ExportedFolderContents_1/1923/07 - July/13710443_G R DAMERON 4 A_920925.pdf,1,1923,07 - July,early,1920s,unknown,unknown,,Unclassified failure,pending,,,pending,,,,,pending,,,pending,,,pending,,,
13710547_J P OLIVER 5_5765170,s3://osu-well-records-225989338968/pdfs/ExportedFolderContents_1/1923/07 - July/13710547_J P OLIVER 5_5765170.pdf,1,1923,07 - July,early,1920s,unknown,unknown,,Unclassified failure,pending,,,pending,,,,,pending,,,pending,,,pending,,,
13710589_DICKENS 7_5703844,s3://osu-well-records-225989338968/pdfs/ExportedFolderContents_1/1923/07 - July/13710589_DICKENS 7_5703844.pdf,1,1923,07 - July,early,1920s,unknown,unknown,,Unclassified failure,pending,,,pending,,,,,pending,,,pending,,,pending,,,
13710589_DICKENS 7_920915,s3://osu-well-records-225989338968/pdfs/ExportedFolderContents_1/1923/07 - July/13710589_DICKENS 7_920915.pdf,1,1923,07 - July,early,1920s,unknown,unknown,,Unclassified failure,pending,,,pending,,,,,pending,,,pending,,,pending,,,
13710631_WILSON 3_920975,s3://osu-well-records-225989338968/pdfs/ExportedFolderContents_1/1923/07 - July/13710631_WILSON 3_920975.pdf,1,1923,07 - July,early,1920s,unknown,unknown,,Unclassified failure,pending,,,pending,,,,,pending,,,pending,,,pending,,,
13711105_LULA SIMS 19-DD_920921,s3://osu-well-records-225989338968/pdfs/ExportedFolderContents_1/1923/07 - July/13711105_LULA SIMS 19-DD_920921.pdf,1,1923,07 - July,early,1920s,unknown,unknown,,Unclassified failure,pending,,,pending,,,,,pending,,,pending,,,pending,,,
13711203_CLARA WILSON 11_920953,s3://osu-well-records-225989338968/pdfs/ExportedFolderContents_1/1923/07 - July/13711203_CLARA WILSON 11_920953.pdf,1,1923,07 - July,early,1920s,unknown,unknown,,Unclassified failure,pending,,,pending,,,,,pending,,,pending,,,pending,,,
13711268_CLARA WILSON 9_920947,s3://osu-well-records-225989338968/pdfs/ExportedFolderContents_1/1923/07 - July/13711268_CLARA WILSON 9_920947.pdf,1,1923,07 - July,early,1920s,unknown,unknown,,Unclassified failure,pending,,,pending,,,,,pending,,,pending,,,pending,,,
13712340_W B GREEN 9_920906,s3://osu-well-records-225989338968/pdfs/ExportedFolderContents_1/1923/07 - July/13712340_W B GREEN 9_920906.pdf,1,1923,07 - July,early,1920s,unknown,unknown,,Unclassified failure,pending,,,pending,,,,,pending,,,pending,,,pending,,,
13712340_W B GREEN 9_920910,s3://osu-well-records-225989338968/pdfs/ExportedFolderContents_1/1923/07 - July/13712340_W B GREEN 9_920910.pdf,1,1923,07 - July,early,1920s,unknown,unknown,,Unclassified failure,pending,,,pending,,,,,pending,,,pending,,,pending,,,
13712421_TEXAS PECK 4_2541585,s3://osu-well-records-225989338968/pdfs/ExportedFolderContents_1/1923/07 - July/13712421_TEXAS PECK 4_2541585.pdf,1,1923,07 - July,early,1920s,unknown,unknown,,Unclassified failure,pending,,,pending,,,,,pending,,,pending,,,pending,,,
13712425_TEXAS PECK 8_920907,s3://osu-well-records-225989338968/pdfs/ExportedFolderContents_1/1923/07 - July/13712425_TEXAS PECK 8_920907.pdf,1,1923,07 - July,early,1920s,unknown,unknown,,Unclassified failure,pending,,,pending,,,,,pending,,,pending,,,pending,,,
13712425_TEXAS PECK 8_920909,s3://osu-well-records-225989338968/pdfs/ExportedFolderContents_1/1923/07 - July/13712425_TEXAS PECK 8_920909.pdf,1,1923,07 - July,early,1920s,unknown,unknown,,Unclassified failure,pending,,,pending,,,,,pending,,,pending,,,pending,,,
13712431_E T ZIGLER 13_920965,s3://osu-well-records-225989338968/pdfs/ExportedFolderContents_1/1923/07 - July/13712431_E T ZIGLER 13_920965.pdf,1,1923,07 - July,early,1920s,unknown,unknown,,Unclassified failure,pending,,,pending,,,,,pending,,,pending,,,pending,,,
13712431_E T ZIGLER 13_920966,s3://osu-well-records-225989338968/pdfs/ExportedFolderContents_1/1923/07 - July/13712431_E T ZIGLER 13_920966.pdf,1,1923,07 - July,early,1920s,unknown,unknown,,Unclassified failure,pending,,,pending,,,,,pending,,,pending,,,pending,,,
13713089_J W STEPHENS 13_920945,s3://osu-well-records-225989338968/pdfs/ExportedFolderContents_1/1923/07 - July/13713089_J W STEPHENS 13_920945.pdf,1,1923,07 - July,early,1920s,unknown,unknown,,Unclassified failure,pending,,,pending,,,,,pending,,,pending,,,pending,,,
13713090_J W STEPHENS 14_920954,s3://osu-well-records-225989338968/pdfs/ExportedFolderContents_1/1923/07 - July/13713090_J W STEPHENS 14_920954.pdf,1,1923,07 - July,early,1920s,unknown,unknown,,Unclassified failure,pending,,,pending,,,,,pending,,,pending,,,pending,,,
35111086380000_ELLIS HOLMES 16_2006123,s3://osu-well-records-225989338968/pdfs/ExportedFolderContents_1/1923/07 - July/35111086380000_ELLIS HOLMES 16_2006123.pdf,1,1923,07 - July,early,1920s,unknown,unknown,,Unclassified failure,pending,,,pending,,,,,pending,,,pending,,,pending,,,
35117014090000_STOKES 3_2006248,s3://osu-well-records-225989338968/pdfs/ExportedFolderContents_1/1923/07 - July/35117014090000_STOKES 3_2006248.pdf,1,1923,07 - July,early,1920s,unknown,unknown,,Unclassified failure,pending,,,pending,,,,,pending,,,pending,,,pending,,,
35117025910000_W T BESSER 2_2006345,s3://osu-well-records-225989338968/pdfs/ExportedFolderContents_1/1923/07 - July/35117025910000_W T BESSER 2_2006345.pdf,1,1923,07 - July,early,1920s,unknown,unknown,,Unclassified failure,pending,,,pending,,,,,pending,,,pending,,,pending,,,
35131769730000_HARRINGTON 7_2465043,s3://osu-well-records-225989338968/pdfs/ExportedFolderContents_1/1923/07 - July/35131769730000_HARRINGTON 7_2465043.pdf,1,1923,07 - July,early,1920s,unknown,unknown,,Unclassified failure,pending,,,pending,,,,,pending,,,pending,,,pending,,,
35133086670000_O'NEAL 1_1496609,s3://osu-well-records-225989338968/pdfs/ExportedFolderContents_1/1923/07 - July/35133086670000_O'NEAL 1_1496609.pdf,1,1923,07 - July,early,1920s,unknown,unknown,,Unclassified failure,pending,,,pending,,,,,pending,,,pending,,,pending,,,
35133086710000_JOE T HARJO 1_1496611,s3://osu-well-records-225989338968/pdfs/ExportedFolderContents_1/1923/07 - July/35133086710000_JOE T HARJO 1_1496611.pdf,1,1923,07 - July,early,1920s,unknown,unknown,,Unclassified failure,pending,,,pending,,,,,pending,,,pending,,,pending,,,
35137015490000_STANLEY 2_1697116,s3://osu-well-records-225989338968/pdfs/ExportedFolderContents_1/1923/07 - July/35137015490000_STANLEY 2_1697116.pdf,1,1923,07 - July,early,1920s,unknown,unknown,,Unclassified failure,pending,,,pending,,,,,pending,,,pending,,,pending,,,
35143030280000_KILLION 1_2006314,s3://osu-well-records-225989338968/pdfs/ExportedFolderContents_1/1923/07 - July/35143030280000_KILLION 1_2006314.pdf,1,1923,07 - July,early,1920s,unknown,unknown,,Unclassified failure,pending,,,pending,,,,,pending,,,pending,,,pending,,,
35143043460000_RUSSELL_2006185,s3://osu-well-records-225989338968/pdfs/ExportedFolderContents_1/1923/07 - July/35143043460000_RUSSELL_2006185.pdf,1,1923,07 - July,early,1920s,unknown,unknown,,Unclassified failure,pending,,,pending,,,,,pending,,,pending,,,pending,,,
35143045660000_ESTHER RABEY 2_2006300,s3://osu-well-records-225989338968/pdfs/ExportedFolderContents_1/1923/07 - July/35143045660000_ESTHER RABEY 2_2006300.pdf,1,1923,07 - July,early,1920s,unknown,unknown,,Unclassified failure,pending,,,pending,,,,,pending,,,pending,,,pending,,,
35143065800000_WILSON A A 1_2289310,s3://osu-well-records-225989338968/pdfs/ExportedFolderContents_1/1923/07 - July/35143065800000_WILSON A A 1_2289310.pdf,1,1923,07 - July,early,1920s,unknown,unknown,,Unclassified failure,pending,,,pending,,,,,pending,,,pending,,,pending,,,
35145017130000_MCCULLUGH WT 1_2364706,s3://osu-well-records-225989338968/pdfs/ExportedFolderContents_1/1923/07 - July/35145017130000_MCCULLUGH WT 1_2364706.pdf,1,1923,07 - July,early,1920s,unknown,unknown,,Unclassified failure,pending,,,pending,,,,,pending,,,pending,,,pending,,,
35145017720000_HENSLEY 1_2364773,s3://osu-well-records-225989338968/pdfs/ExportedFolderContents_1/1923/07 - July/35145017720000_HENSLEY 1_2364773.pdf,1,1923,07 - July,early,1920s,unknown,unknown,,Unclassified failure,pending,,,pending,,,,,pending,,,pending,,,pending,,,
35145024310000_DIXON 1_2364732,s3://osu-well-records-225989338968/pdfs/ExportedFolderContents_1/1923/07 - July/35145024310000_DIXON 1_2364732.pdf,1,1923,07 - July,early,1920s,unknown,unknown,,Unclassified failure,pending,,,pending,,,,,pending,,,pending,,,pending,,,
35145032520000_HAHN 2_2364700,s3://osu-well-records-225989338968/pdfs/ExportedFolderContents_1/1923/07 - July/35145032520000_HAHN 2_2364700.pdf,1,1923,07 - July,early,1920s,unknown,unknown,,Unclassified failure,pending,,,pending,,,,,pending,,,pending,,,pending,,,
35145034110000_LUMPKIN 1_2364730,s3://osu-well-records-225989338968/pdfs/ExportedFolderContents_1/1923/07 - July/35145034110000_LUMPKIN 1_2364730.pdf,1,1923,07 - July,early,1920s,unknown,unknown,,Unclassified failure,pending,,,pending,,,,,pending,,,pending,,,pending,,,
35147005040000_F_ HALL_1385040,s3://osu-well-records-225989338968/pdfs/ExportedFolderContents_1/1923/07 - July/35147005040000_F_ HALL_1385040.pdf,1,1923,07 - July,early,1920s,unknown,unknown,,Unclassified failure,pending,,,pending,,,,,pending,,,pending,,,pending,,,
35147005040000_F_ HALL_2289317,s3://osu-well-records-225989338968/pdfs/ExportedFolderContents_1/1923/07 - July/35147005040000_F_ HALL_2289317.pdf,1,1923,07 - July,early,1920s,unknown,unknown,,Unclassified failure,pending,,,pending,,,,,pending,,,pending,,,pending,,,
35147005040000_F_ HALL_2289320,s3://osu-well-records-225989338968/pdfs/ExportedFolderContents_1/1923/07 - July/35147005040000_F_ HALL_2289320.pdf,1,1923,07 - July,early,1920s,unknown,unknown,,Unclassified failure,pending,,,pending,,,,,pending,,,pending,,,pending,,,
35147010570000_RABINOVITZ I 2_2289347,s3://osu-well-records-225989338968/pdfs/ExportedFolderContents_1/1923/07 - July/35147010570000_RABINOVITZ I 2_2289347.pdf,1,1923,07 - July,early,1920s,unknown,unknown,,Unclassified failure,pending,,,pending,,,,,pending,,,pending,,,pending,,,
35147010970000_H & S DEGEN 4_2289291,s3://osu-well-records-225989338968/pdfs/ExportedFolderContents_1/1923/07 - July/35147010970000_H & S DEGEN 4_2289291.pdf,1,1923,07 - July,early,1920s,unknown,unknown,,Unclassified failure,pending,,,pending,,,,,pending,,,pending,,,pending,,,
35147019150000_MILES L BYRD 1_2289279,s3://osu-well-records-225989338968/pdfs/ExportedFolderContents_1/1923/07 - July/35147019150000_MILES L BYRD 1_2289279.pdf,1,1923,07 - July,early,1920s,unknown,unknown,,Unclassified failure,pending,,,pending,,,,,pending,,,pending,,,pending,,,
35147019150000_MILES L BYRD 1_2289280,s3://osu-well-records-225989338968/pdfs/ExportedFolderContents_1/1923/07 - July/35147019150000_MILES L BYRD 1_2289280.pdf,1,1923,07 - July,early,1920s,unknown,unknown,,Unclassified failure,pending,,,pending,,,,,pending,,,pending,,,pending,,,
35147061220000_No Data_2289304,s3://osu-well-records-225989338968/pdfs/ExportedFolderContents_1/1923/07 - July/35147061220000_No Data_2289304.pdf,1,1923,07 - July,early,1920s,unknown,unknown,,Unclassified failure,pending,,,pending,,,,,pending,,,pending,,,pending,,,
GARVIN_S H COWAN 26-DD_1844138,s3://osu-well-records-225989338968/pdfs/ExportedFolderContents_1/1923/07 - July/GARVIN_S H COWAN 26-DD_1844138.pdf,1,1923,07 - July,early,1920s,unknown,unknown,,Unclassified failure,pending,,,pending,,,,,pending,,,pending,,,pending,,,
JONES 1_No Data_2289295,s3://osu-well-records-225989338968/pdfs/ExportedFolderContents_1/1923/07 - July/JONES 1_No Data_2289295.pdf,1,1923,07 - July,early,1920s,unknown,unknown,,Unclassified failure,pending,,,pending,,,,,pending,,,pending,,,pending,,,
NOBLE_D.E. EVANS 17_8002379,s3://osu-well-records-225989338968/pdfs/ExportedFolderContents_1/1923/07 - July/NOBLE_D.E. EVANS 17_8002379.pdf,1,1923,07 - July,early,1920s,unknown,unknown,,Unclassified failure,pending,,,pending,,,,,pending,,,pending,,,pending,,,
OSAGE_HLU-ME 2 A_2289277,s3://osu-well-records-225989338968/pdfs/ExportedFolderContents_1/1923/07 - July/OSAGE_HLU-ME 2 A_2289277.pdf,1,1923,07 - July,early,1920s,unknown,unknown,,Unclassified failure,pending,,,pending,,,,,pending,,,pending,,,pending,,,
OSAGE_OSAGE INDIAN AGENCY 20_2006253,s3://osu-well-records-225989338968/pdfs/ExportedFolderContents_1/1923/07 - July/OSAGE_OSAGE INDIAN AGENCY 20_2006253.pdf,1,1923,07 - July,early,1920s,unknown,unknown,,Unclassified failure,pending,,,pending,,,,,pending,,,pending,,,pending,,,
OSAGE_OSAGE TRACT 30 12_2289340,s3://osu-well-records-225989338968/pdfs/ExportedFolderContents_1/1923/07 - July/OSAGE_OSAGE TRACT 30 12_2289340.pdf,1,1923,07 - July,early,1920s,unknown,unknown,,Unclassified failure,pending,,,pending,,,,,pending,,,pending,,,pending,,,
OSAGE_OSAGE TRACT 30 1_2289284,s3://osu-well-records-225989338968/pdfs/ExportedFolderContents_1/1923/07 - July/OSAGE_OSAGE TRACT 30 1_2289284.pdf,1,1923,07 - July,early,1920s,unknown,unknown,,Unclassified failure,pending,,,pending,,,,,pending,,,pending,,,pending,,,
OSAGE_OSAGE TRACT 30 2_2289324,s3://osu-well-records-225989338968/pdfs/ExportedFolderContents_1/1923/07 - July/OSAGE_OSAGE TRACT 30 2_2289324.pdf,1,1923,07 - July,early,1920s,unknown,unknown,,Unclassified failure,pending,,,pending,,,,,pending,,,pending,,,pending,,,
OSAGE_OSAGE_2289269,s3://osu-well-records-225989338968/pdfs/ExportedFolderContents_1/1923/07 - July/OSAGE_OSAGE_2289269.pdf,1,1923,07 - July,early,1920s,unknown,unknown,,Unclassified failure,pending,,,pending,,,,,pending,,,pending,,,pending,,,
OSAGE_OSAGE_2289293,s3://osu-well-records-225989338968/pdfs/ExportedFolderContents_1/1923/07 - July/OSAGE_OSAGE_2289293.pdf,1,1923,07 - July,early,1920s,unknown,unknown,,Unclassified failure,pending,,,pending,,,,,pending,,,pending,,,pending,,,
OSAGE_R G JENNINGS_2289299,s3://osu-well-records-225989338968/pdfs/ExportedFolderContents_1/1923/07 - July/OSAGE_R G JENNINGS_2289299.pdf,1,1923,07 - July,early,1920s,unknown,unknown,,Unclassified failure,pending,,,pending,,,,,pending,,,pending,,,pending,,,
XX_J L BURNETT 1_2006352,s3://osu-well-records-225989338968/pdfs/ExportedFolderContents_1/1923/07 - July/XX_J L BURNETT 1_2006352.pdf,1,1923,07 - July,early,1920s,unknown,unknown,,Unclassified failure,pending,,,pending,,,,,pending,,,pending,,,pending,,,
X_ALLEN 3_8002229,s3://osu-well-records-225989338968/pdfs/ExportedFolderContents_1/1923/07 - July/X_ALLEN 3_8002229.pdf,1,1923,07 - July,early,1920s,unknown,unknown,,Unclassified failure,pending,,,pending,,,,,pending,,,pending,,,pending,,,
X_ANNIE SCOTT 1_2006154,s3://osu-well-records-225989338968/pdfs/ExportedFolderContents_1/1923/07 - July/X_ANNIE SCOTT 1_2006154.pdf,1,1923,07 - July,early,1920s,unknown,unknown,,Unclassified failure,pending,,,pending,,,,,pending,,,pending,,,pending,,,
X_BLACHLY   2_1385044,s3://osu-well-records-225989338968/pdfs/ExportedFolderContents_1/1923/07 - July/X_BLACHLY   2_1385044.pdf,1,1923,07 - July,early,1920s,unknown,unknown,,Unclassified failure,pending,,,pending,,,,,pending,,,pending,,,pending,,,
X_BLACHLY 2_2289329,s3://osu-well-records-225989338968/pdfs/ExportedFolderContents_1/1923/07 - July/X_BLACHLY 2_2289329.pdf,1,1923,07 - July,early,1920s,unknown,unknown,,Unclassified failure,pending,,,pending,,,,,pending,,,pending,,,pending,,,
X_BLACHLY 2_2289330,s3://osu-well-records-225989338968/pdfs/ExportedFolderContents_1/1923/07 - July/X_BLACHLY 2_2289330.pdf,1,1923,07 - July,early,1920s,unknown,unknown,,Unclassified failure,pending,,,pending,,,,,pending,,,pending,,,pending,,,
X_BRITTAIN 5_920951,s3://osu-well-records-225989338968/pdfs/ExportedFolderContents_1/1923/07 - July/X_BRITTAIN 5_920951.pdf,1,1923,07 - July,early,1920s,unknown,unknown,,Unclassified failure,pending,,,pending,,,,,pending,,,pending,,,pending,,,
X_BRUNER 2_1496610,s3://osu-well-records-225989338968/pdfs/ExportedFolderContents_1/1923/07 - July/X_BRUNER 2_1496610.pdf,1,1923,07 - July,early,1920s,unknown,unknown,,Unclassified failure,pending,,,pending,,,,,pending,,,pending,,,pending,,,
X_BRUNER 2_2006205,s3://osu-well-records-225989338968/pdfs/ExportedFolderContents_1/1923/07 - July/X_BRUNER 2_2006205.pdf,1,1923,07 - July,early,1920s,unknown,unknown,,Unclassified failure,pending,,,pending,,,,,pending,,,pending,,,pending,,,
X_BULLARD 1_782409,s3://osu-well-records-225989338968/pdfs/ExportedFolderContents_1/1923/07 - July/X_BULLARD 1_782409.pdf,1,1923,07 - July,early,1920s,unknown,unknown,,Unclassified failure,pending,,,pending,,,,,pending,,,pending,,,pending,,,
X_COVEY_2006157,s3://osu-well-records-225989338968/pdfs/ExportedFolderContents_1/1923/07 - July/X_COVEY_2006157.pdf,1,1923,07 - July,early,1920s,unknown,unknown,,Unclassified failure,pending,,,pending,,,,,pending,,,pending,,,pending,,,
X_CULBERTSON AND RILEY 4_782398,s3://osu-well-records-225989338968/pdfs/ExportedFolderContents_1/1923/07 - July/X_CULBERTSON AND RILEY 4_782398.pdf,1,1923,07 - July,early,1920s,unknown,unknown,,Unclassified failure,pending,,,pending,,,,,pending,,,pending,,,pending,,,
X_DOUTEY 1_2006272,s3://osu-well-records-225989338968/pdfs/ExportedFolderContents_1/1923/07 - July/X_DOUTEY 1_2006272.pdf,1,1923,07 - July,early,1920s,unknown,unknown,,Unclassified failure,pending,,,pending,,,,,pending,,,pending,,,pending,,,
X_FARRIS 1_1055363,s3://osu-well-records-225989338968/pdfs/ExportedFolderContents_1/1923/07 - July/X_FARRIS 1_1055363.pdf,1,1923,07 - July,early,1920s,unknown,unknown,,Unclassified failure,pending,,,pending,,,,,pending,,,pending,,,pending,,,
X_FIELDS 1_2006202,s3://osu-well-records-225989338968/pdfs/ExportedFolderContents_1/1923/07 - July/X_FIELDS 1_2006202.pdf,1,1923,07 - July,early,1920s,unknown,unknown,,Unclassified failure,pending,,,pending,,,,,pending,,,pending,,,pending,,,
X_FIER 1_1496612,s3://osu-well-records-225989338968/pdfs/ExportedFolderContents_1/1923/07 - July/X_FIER 1_1496612.pdf,1,1923,07 - July,early,1920s,unknown,unknown,,Unclassified failure,pending,,,pending,,,,,pending,,,pending,,,pending,,,
X_FIER 1_1496613,s3://osu-well-records-225989338968/pdfs/ExportedFolderContents_1/1923/07 - July/X_FIER 1_1496613.pdf,1,1923,07 - July,early,1920s,unknown,unknown,,Unclassified failure,pending,,,pending,,,,,pending,,,pending,,,pending,,,
X_FIER 1_1496614,s3://osu-well-records-225989338968/pdfs/ExportedFolderContents_1/1923/07 - July/X_FIER 1_1496614.pdf,1,1923,07 - July,early,1920s,unknown,unknown,,Unclassified failure,pending,,,pending,,,,,pending,,,pending,,,pending,,,
X_FIER 1_2006213,s3://osu-well-records-225989338968/pdfs/ExportedFolderContents_1/1923/07 - July/X_FIER 1_2006213.pdf,1,1923,07 - July,early,1920s,unknown,unknown,,Unclassified failure,pending,,,pending,,,,,pending,,,pending,,,pending,,,
X_FIER 1_2006215,s3://osu-well-records-225989338968/pdfs/ExportedFolderContents_1/1923/07 - July/X_FIER 1_2006215.pdf,1,1923,07 - July,early,1920s,unknown,unknown,,Unclassified failure,pending,,,pending,,,,,pending,,,pending,,,pending,,,
X_FIER 1_2006223,s3://osu-well-records-225989338968/pdfs/ExportedFolderContents_1/1923/07 - July/X_FIER 1_2006223.pdf,1,1923,07 - July,early,1920s,unknown,unknown,,Unclassified failure,pending,,,pending,,,,,pending,,,pending,,,pending,,,
X_FOSTER GINGRICH 1_782401,s3://osu-well-records-225989338968/pdfs/ExportedFolderContents_1/1923/07 - July/X_FOSTER GINGRICH 1_782401.pdf,1,1923,07 - July,early,1920s,unknown,unknown,,Unclassified failure,pending,,,pending,,,,,pending,,,pending,,,pending,,,
X_G L BRADFIELD 1_782405,s3://osu-well-records-225989338968/pdfs/ExportedFolderContents_1/1923/07 - July/X_G L BRADFIELD 1_782405.pdf,1,1923,07 - July,early,1920s,unknown,unknown,,Unclassified failure,pending,,,pending,,,,,pending,,,pending,,,pending,,,
X_H CHOCHRAN 1_2465055,s3://osu-well-records-225989338968/pdfs/ExportedFolderContents_1/1923/07 - July/X_H CHOCHRAN 1_2465055.pdf,1,1923,07 - July,early,1920s,unknown,unknown,,Unclassified failure,pending,,,pending,,,,,pending,,,pending,,,pending,,,
X_HAGER SANDY 5_2364722,s3://osu-well-records-225989338968/pdfs/ExportedFolderContents_1/1923/07 - July/X_HAGER SANDY 5_2364722.pdf,1,1923,07 - July,early,1920s,unknown,unknown,,Unclassified failure,pending,,,pending,,,,,pending,,,pending,,,pending,,,
X_HAWKINS 1_2006143,s3://osu-well-records-225989338968/pdfs/ExportedFolderContents_1/1923/07 - July/X_HAWKINS 1_2006143.pdf,1,1923,07 - July,early,1920s,unknown,unknown,,Unclassified failure,pending,,,pending,,,,,pending,,,pending,,,pending,,,
X_HUNTER 2_2006252,s3://osu-well-records-225989338968/pdfs/ExportedFolderContents_1/1923/07 - July/X_HUNTER 2_2006252.pdf,1,1923,07 - July,early,1920s,unknown,unknown,,Unclassified failure,pending,,,pending,,,,,pending,,,pending,,,pending,,,
X_J F BENNETT 6_920899,s3://osu-well-records-225989338968/pdfs/ExportedFolderContents_1/1923/07 - July/X_J F BENNETT 6_920899.pdf,1,1923,07 - July,early,1920s,unknown,unknown,,Unclassified failure,pending,,,pending,,,,,pending,,,pending,,,pending,,,
X_J M LITTRELL 1_782399,s3://osu-well-records-225989338968/pdfs/ExportedFolderContents_1/1923/07 - July/X_J M LITTRELL 1_782399.pdf,1,1923,07 - July,early,1920s,unknown,unknown,,Unclassified failure,pending,,,pending,,,,,pending,,,pending,,,pending,,,
X_J R FUNK 11_782420,s3://osu-well-records-225989338968/pdfs/ExportedFolderContents_1/1923/07 - July/X_J R FUNK 11_782420.pdf,1,1923,07 - July,early,1920s,unknown,unknown,,Unclassified failure,pending,,,pending,,,,,pending,,,pending,,,pending,,,
X_JOHN & LULA JAMES 5_782426,s3://osu-well-records-225989338968/pdfs/ExportedFolderContents_1/1923/07 - July/X_JOHN & LULA JAMES 5_782426.pdf,1,1923,07 - July,early,1920s,unknown,unknown,,Unclassified failure,pending,,,pending,,,,,pending,,,pending,,,pending,,,
X_LUCY MCDANIELS 5_2006247,s3://osu-well-records-225989338968/pdfs/ExportedFolderContents_1/1923/07 - July/X_LUCY MCDANIELS 5_2006247.pdf,1,1923,07 - July,early,1920s,unknown,unknown,,Unclassified failure,pending,,,pending,,,,,pending,,,pending,,,pending,,,
X_MAGGIE EMILY GAITHER 1_2006304,s3://osu-well-records-225989338968/pdfs/ExportedFolderContents_1/1923/07 - July/X_MAGGIE EMILY GAITHER 1_2006304.pdf,1,1923,07 - July,early,1920s,unknown,unknown,,Unclassified failure,pending,,,pending,,,,,pending,,,pending,,,pending,,,
X_MAJOR 1_2006078,s3://osu-well-records-225989338968/pdfs/ExportedFolderContents_1/1923/07 - July/X_MAJOR 1_2006078.pdf,1,1923,07 - July,early,1920s,unknown,unknown,,Unclassified failure,pending,,,pending,,,,,pending,,,pending,,,pending,,,
X_MCADOO 1_1385028,s3://osu-well-records-225989338968/pdfs/ExportedFolderContents_1/1923/07 - July/X_MCADOO 1_1385028.pdf,1,1923,07 - July,early,1920s,unknown,unknown,,Unclassified failure,pending,,,pending,,,,,pending,,,pending,,,pending,,,
X_MCADOO 1_2006090,s3://osu-well-records-225989338968/pdfs/ExportedFolderContents_1/1923/07 - July/X_MCADOO 1_2006090.pdf,1,1923,07 - July,early,1920s,unknown,unknown,,Unclassified failure,pending,,,pending,,,,,pending,,,pending,,,pending,,,
X_MCDANIEL 1-B_1539722,s3://osu-well-records-225989338968/pdfs/ExportedFolderContents_1/1923/07 - July/X_MCDANIEL 1-B_1539722.pdf,1,1923,07 - July,early,1920s,unknown,unknown,,Unclassified failure,pending,,,pending,,,,,pending,,,pending,,,pending,,,
X_MCDANIEL 1_1539616,s3://osu-well-records-225989338968/pdfs/ExportedFolderContents_1/1923/07 - July/X_MCDANIEL 1_1539616.pdf,1,1923,07 - July,early,1920s,unknown,unknown,,Unclassified failure,pending,,,pending,,,,,pending,,,pending,,,pending,,,
X_MCNAC 1_2006093,s3://osu-well-records-225989338968/pdfs/ExportedFolderContents_1/1923/07 - July/X_MCNAC 1_2006093.pdf,1,1923,07 - July,early,1920s,unknown,unknown,,Unclassified failure,pending,,,pending,,,,,pending,,,pending,,,pending,,,
X_MD SMITH 1_920898,s3://osu-well-records-225989338968/pdfs/ExportedFolderContents_1/1923/07 - July/X_MD SMITH 1_920898.pdf,1,1923,07 - July,early,1920s,unknown,unknown,,Unclassified failure,pending,,,pending,,,,,pending,,,pending,,,pending,,,
X_NEWBERRY 5_782414,s3://osu-well-records-225989338968/pdfs/ExportedFolderContents_1/1923/07 - July/X_NEWBERRY 5_782414.pdf,1,1923,07 - July,early,1920s,unknown,unknown,,Unclassified failure,pending,,,pending,,,,,pending,,,pending,,,pending,,,
X_No Data_1055599,s3://osu-well-records-225989338968/pdfs/ExportedFolderContents_1/1923/07 - July/X_No Data_1055599.pdf,1,1923,07 - July,early,1920s,unknown,unknown,,Unclassified failure,pending,,,pending,,,,,pending,,,pending,,,pending,,,
X_No Data_1385049,s3://osu-well-records-225989338968/pdfs/ExportedFolderContents_1/1923/07 - July/X_No Data_1385049.pdf,1,1923,07 - July,early,1920s,unknown,unknown,,Unclassified failure,pending,,,pending,,,,,pending,,,pending,,,pending,,,
X_No Data_1618466,s3://osu-well-records-225989338968/pdfs/ExportedFolderContents_1/1923/07 - July/X_No Data_1618466.pdf,1,1923,07 - July,early,1920s,unknown,unknown,,Unclassified failure,pending,,,pending,,,,,pending,,,pending,,,pending,,,
X_No Data_2006081,s3://osu-well-records-225989338968/pdfs/ExportedFolderContents_1/1923/07 - July/X_No Data_2006081.pdf,1,1923,07 - July,early,1920s,unknown,unknown,,Unclassified failure,pending,,,pending,,,,,pending,,,pending,,,pending,,,
X_No Data_2289258,s3://osu-well-records-225989338968/pdfs/ExportedFolderContents_1/1923/07 - July/X_No Data_2289258.pdf,1,1923,07 - July,early,1920s,unknown,unknown,,Unclassified failure,pending,,,pending,,,,,pending,,,pending,,,pending,,,
X_No Data_589651,s3://osu-well-records-225989338968/pdfs/ExportedFolderContents_1/1923/07 - July/X_No Data_589651.pdf,1,1923,07 - July,early,1920s,unknown,unknown,,Unclassified failure,pending,,,pending,,,,,pending,,,pending,,,pending,,,
X_No Data_589669,s3://osu-well-records-225989338968/pdfs/ExportedFolderContents_1/1923/07 - July/X_No Data_589669.pdf,1,1923,07 - July,early,1920s,unknown,unknown,,Unclassified failure,pending,,,pending,,,,,pending,,,pending,,,pending,,,
X_OSAGE TRACT 27 6_1415348,s3://osu-well-records-225989338968/pdfs/ExportedFolderContents_1/1923/07 - July/X_OSAGE TRACT 27 6_1415348.pdf,1,1923,07 - July,early,1920s,unknown,unknown,,Unclassified failure,pending,,,pending,,,,,pending,,,pending,,,pending,,,
X_OSAGE_2006073,s3://osu-well-records-225989338968/pdfs/ExportedFolderContents_1/1923/07 - July/X_OSAGE_2006073.pdf,1,1923,07 - July,early,1920s,unknown,unknown,,Unclassified failure,pending,,,pending,,,,,pending,,,pending,,,pending,,,
03703818_L FULSOM 3_1055785,s3://osu-well-records-225989338968/pdfs/ExportedFolderContents_1/1923/08 - August/03703818_L FULSOM 3_1055785.pdf,1,1923,08 - August,early,1920s,unknown,unknown,,Unclassified failure,pending,,,pending,,,,,pending,,,pending,,,pending,,,
03707625_LOVETT 1_1055753,s3://osu-well-records-225989338968/pdfs/ExportedFolderContents_1/1923/08 - August/03707625_LOVETT 1_1055753.pdf,1,1923,08 - August,early,1920s,unknown,unknown,,Unclassified failure,pending,,,pending,,,,,pending,,,pending,,,pending,,,
04702227_L E CREWS 13_1539810,s3://osu-well-records-225989338968/pdfs/ExportedFolderContents_1/1923/08 - August/04702227_L E CREWS 13_1539810.pdf,1,1923,08 - August,early,1920s,unknown,unknown,,Unclassified failure,pending,,,pending,,,,,pending,,,pending,,,pending,,,
04935472_I N JONES 9_782448,s3://osu-well-records-225989338968/pdfs/ExportedFolderContents_1/1923/08 - August/04935472_I N JONES 9_782448.pdf,1,1923,08 - August,early,1920s,unknown,unknown,,Unclassified failure,pending,,,pending,,,,,pending,,,pending,,,pending,,,
04935516_ROLLOW PERKINS 3_782440,s3://osu-well-records-225989338968/pdfs/ExportedFolderContents_1/1923/08 - August/04935516_ROLLOW PERKINS 3_782440.pdf,1,1923,08 - August,early,1920s,unknown,unknown,,Unclassified failure,pending,,,pending,,,,,pending,,,pending,,,pending,,,
04935550_MAYS-NEWBERRY 3_782458,s3://osu-well-records-225989338968/pdfs/ExportedFolderContents_1/1923/08 - August/04935550_MAYS-NEWBERRY 3_782458.pdf,1,1923,08 - August,early,1920s,unknown,unknown,,Unclassified failure,pending,,,pending,,,,,pending,,,pending,,,pending,,,
04935688_JESSE GIBSON 1_782449,s3://osu-well-records-225989338968/pdfs/ExportedFolderContents_1/1923/08 - August/04935688_JESSE GIBSON 1_782449.pdf,1,1923,08 - August,early,1920s,unknown,unknown,,Unclassified failure,pending,,,pending,,,,,pending,,,pending,,,pending,,,
05100509_NEILL 1_782434,s3://osu-well-records-225989338968/pdfs/ExportedFolderContents_1/1923/08 - August/05100509_NEILL 1_782434.pdf,1,1923,08 - August,early,1920s,unknown,unknown,,Unclassified failure,pending,,,pending,,,,,pending,,,pending,,,pending,,,
05135777_RAMSEY 1_782435,s3://osu-well-records-225989338968/pdfs/ExportedFolderContents_1/1923/08 - August/05135777_RAMSEY 1_782435.pdf,1,1923,08 - August,early,1920s,unknown,unknown,,Unclassified failure,pending,,,pending,,,,,pending,,,pending,,,pending,,,
05135805_E D SMITH 1_782444,s3://osu-well-records-225989338968/pdfs/ExportedFolderContents_1/1923/08 - August/05135805_E D SMITH 1_782444.pdf,1,1923,08 - August,early,1920s,unknown,unknown,,Unclassified failure,pending,,,pending,,,,,pending,,,pending,,,pending,,,
05135894_COX 1_782446,s3://osu-well-records-225989338968/pdfs/ExportedFolderContents_1/1923/08 - August/05135894_COX 1_782446.pdf,1,1923,08 - August,early,1920s,unknown,unknown,,Unclassified failure,pending,,,pending,,,,,pending,,,pending,,,pending,,,
05136769_H E SMITH 1_782460,s3://osu-well-records-225989338968/pdfs/ExportedFolderContents_1/1923/08 - August/05136769_H E SMITH 1_782460.pdf,1,1923,08 - August,early,1920s,unknown,unknown,,Unclassified failure,pending,,,pending,,,,,pending,,,pending,,,pending,,,
05300300_BRIDGEWATER 1_1539766,s3://osu-well-records-225989338968/pdfs/ExportedFolderContents_1/1923/08 - August/05300300_BRIDGEWATER 1_1539766.pdf,1,1923,08 - August,early,1920s,unknown,unknown,,Unclassified failure,pending,,,pending,,,,,pending,,,pending,,,pending,,,
05301482_E C MCKEEMAN 1_1539813,s3://osu-well-records-225989338968/pdfs/ExportedFolderContents_1/1923/08 - August/05301482_E C MCKEEMAN 1_1539813.pdf,1,1923,08 - August,early,1920s,unknown,unknown,,Unclassified failure,pending,,,pending,,,,,pending,,,pending,,,pending,,,
06303685_J SIMON 1_589684,s3://osu-well-records-225989338968/pdfs/ExportedFolderContents_1/1923/08 - August/06303685_J SIMON 1_589684.pdf,1,1923,08 - August,early,1920s,unknown,unknown,,Unclassified failure,pending,,,pending,,,,,pending,,,pending,,,pending,,,
06304119_G H TURNER HEIRS 1_589688,s3://osu-well-records-225989338968/pdfs/ExportedFolderContents_1/1923/08 - August/06304119_G H TURNER HEIRS 1_589688.pdf,1,1923,08 - August,early,1920s,unknown,unknown,,Unclassified failure,pending,,,pending,,,,,pending,,,pending,,,pending,,,
07102562_ENDICOTT 7-A_1539808,s3://osu-well-records-225989338968/pdfs/ExportedFolderContents_1/1923/08 - August/07102562_ENDICOTT 7-A_1539808.pdf,1,1923,08 - August,early,1920s,unknown,unknown,,Unclassified failure,pending,,,pending,,,,,pending,,,pending,,,pending,,,
07102718_No Data_1415428,s3://osu-well-records-225989338968/pdfs/ExportedFolderContents_1/1923/08 - August/07102718_No Data_1415428.pdf,1,1923,08 - August,early,1920s,unknown,unknown,,Unclassified failure,pending,,,pending,,,,,pending,,,pending,,,pending,,,
07103027_EDWARD MEHOJAH 1_1055748,s3://osu-well-records-225989338968/pdfs/ExportedFolderContents_1/1923/08 - August/07103027_EDWARD MEHOJAH 1_1055748.pdf,1,1923,08 - August,early,1920s,unknown,unknown,,Unclassified failure,pending,,,pending,,,,,pending,,,pending,,,pending,,,
07103047_JOSEPH H GASTON 1_1055722,s3://osu-well-records-225989338968/pdfs/ExportedFolderContents_1/1923/08 - August/07103047_JOSEPH H GASTON 1_1055722.pdf,1,1923,08 - August,early,1920s,unknown,unknown,,Unclassified failure,pending,,,pending,,,,,pending,,,pending,,,pending,,,
07103078_I M CLUBB 1_1055869,s3://osu-well-records-225989338968/pdfs/ExportedFolderContents_1/1923/08 - August/07103078_I M CLUBB 1_1055869.pdf,1,1923,08 - August,early,1920s,unknown,unknown,,Unclassified failure,pending,,,pending,,,,,pending,,,pending,,,pending,,,
07103084_R H RHODES 3_1055807,s3://osu-well-records-225989338968/pdfs/ExportedFolderContents_1/1923/08 - August/07103084_R H RHODES 3_1055807.pdf,1,1923,08 - August,early,1920s,unknown,unknown,,Unclassified failure,pending,,,pending,,,,,pending,,,pending,,,pending,,,
07103113_R SANDS 3_1055855,s3://osu-well-records-225989338968/pdfs/ExportedFolderContents_1/1923/08 - August/07103113_R SANDS 3_1055855.pdf,1,1923,08 - August,early,1920s,unknown,unknown,,Unclassified failure,pending,,,pending,,,,,pending,,,pending,,,pending,,,
07103324_FESTER 5_1415407,s3://osu-well-records-225989338968/pdfs/ExportedFolderContents_1/1923/08 - August/07103324_FESTER 5_1415407.pdf,1,1923,08 - August,early,1920s,unknown,unknown,,Unclassified failure,pending,,,pending,,,,,pending,,,pending,,,pending,,,
07103865_R J SUITER 3_1539734,s3://osu-well-records-225989338968/pdfs/ExportedFolderContents_1/1923/08 - August/07103865_R J SUITER 3_1539734.pdf,1,1923,08 - August,early,1920s,unknown,unknown,,Unclassified failure,pending,,,pending,,,,,pending,,,pending,,,pending,,,
07103866_R J SUITER 4_1539785,s3://osu-well-records-225989338968/pdfs/ExportedFolderContents_1/1923/08 - August/07103866_R J SUITER 4_1539785.pdf,1,1923,08 - August,early,1920s,unknown,unknown,,Unclassified failure,pending,,,pending,,,,,pending,,,pending,,,pending,,,
07103871_RUFUS DAVIS 2_1539805,s3://osu-well-records-225989338968/pdfs/ExportedFolderContents_1/1923/08 - August/07103871_RUFUS DAVIS 2_1539805.pdf,1,1923,08 - August,early,1920s,unknown,unknown,,Unclassified failure,pending,,,pending,,,,,pending,,,pending,,,pending,,,
07103875_RUFUS DAVIS 6_1539802,s3://osu-well-records-225989338968/pdfs/ExportedFolderContents_1/1923/08 - August/07103875_RUFUS DAVIS 6_1539802.pdf,1,1923,08 - August,early,1920s,unknown,unknown,,Unclassified failure,pending,,,pending,,,,,pending,,,pending,,,pending,,,
07103940_SCHOOL LAND 21 8_1539790,s3://osu-well-records-225989338968/pdfs/ExportedFolderContents_1/1923/08 - August/07103940_SCHOOL LAND 21 8_1539790.pdf,1,1923,08 - August,early,1920s,unknown,unknown,,Unclassified failure,pending,,,pending,,,,,pending,,,pending,,,pending,,,
07103941_SCHOOL LAND 21 8-A_1539787,s3://osu-well-records-225989338968/pdfs/ExportedFolderContents_1/1923/08 - August/07103941_SCHOOL LAND 21 8-A_1539787.pdf,1,1923,08 - August,early,1920s,unknown,unknown,,Unclassified failure,pending,,,pending,,,,,pending,,,pending,,,pending,,,
07103956_C W GOLTRY 10_1539825,s3://osu-well-records-225989338968/pdfs/ExportedFolderContents_1/1923/08 - August/07103956_C W GOLTRY 10_1539825.pdf,1,1923,08 - August,early,1920s,unknown,unknown,,Unclassified failure,pending,,,pending,,,,,pending,,,pending,,,pending,,,
07103971_C W GOLTRY 23_1539765,s3://osu-well-records-225989338968/pdfs/ExportedFolderContents_1/1923/08 - August/07103971_C W GOLTRY 23_1539765.pdf,1,1923,08 - August,early,1920s,unknown,unknown,,Unclassified failure,pending,,,pending,,,,,pending,,,pending,,,pending,,,
07103972_C W GOLTRY 24_1539740,s3://osu-well-records-225989338968/pdfs/ExportedFolderContents_1/1923/08 - August/07103972_C W GOLTRY 24_1539740.pdf,1,1923,08 - August,early,1920s,unknown,unknown,,Unclassified failure,pending,,,pending,,,,,pending,,,pending,,,pending,,,
07103979_C W GOLTRY 31_1539783,s3://osu-well-records-225989338968/pdfs/ExportedFolderContents_1/1923/08 - August/07103979_C W GOLTRY 31_1539783.pdf,1,1923,08 - August,early,1920s,unknown,unknown,,Unclassified failure,pending,,,pending,,,,,pending,,,pending,,,pending,,,
07104014_BEVERLIN 2_1539812,s3://osu-well-records-225989338968/pdfs/ExportedFolderContents_1/1923/08 - August/07104014_BEVERLIN 2_1539812.pdf,1,1923,08 - August,early,1920s,unknown,unknown,,Unclassified failure,pending,,,pending,,,,,pending,,,pending,,,pending,,,
07104016_BEVERLIN 2-B_1539730,s3://osu-well-records-225989338968/pdfs/ExportedFolderContents_1/1923/08 - August/07104016_BEVERLIN 2-B_1539730.pdf,1,1923,08 - August,early,1920s,unknown,unknown,,Unclassified failure,pending,,,pending,,,,,pending,,,pending,,,pending,,,
07104035_BEVERLIN 8-A_1539777,s3://osu-well-records-225989338968/pdfs/ExportedFolderContents_1/1923/08 - August/07104035_BEVERLIN 8-A_1539777.pdf,1,1923,08 - August,early,1920s,unknown,unknown,,Unclassified failure,pending,,,pending,,,,,pending,,,pending,,,pending,,,
07104044_BEVERLIN 11-A_1539788,s3://osu-well-records-225989338968/pdfs/ExportedFolderContents_1/1923/08 - August/07104044_BEVERLIN 11-A_1539788.pdf,1,1923,08 - August,early,1920s,unknown,unknown,,Unclassified failure,pending,,,pending,,,,,pending,,,pending,,,pending,,,
07104047_BEVERLIN 12-A_1539822,s3://osu-well-records-225989338968/pdfs/ExportedFolderContents_1/1923/08 - August/07104047_BEVERLIN 12-A_1539822.pdf,1,1923,08 - August,early,1920s,unknown,unknown,,Unclassified failure,pending,,,pending,,,,,pending,,,pending,,,pending,,,
07104054_BEVERLIN 14-B_1539764,s3://osu-well-records-225989338968/pdfs/ExportedFolderContents_1/1923/08 - August/07104054_BEVERLIN 14-B_1539764.pdf,1,1923,08 - August,early,1920s,unknown,unknown,,Unclassified failure,pending,,,pending,,,,,pending,,,pending,,,pending,,,
07104056_BEVERLIN 15-A_1539811,s3://osu-well-records-225989338968/pdfs/ExportedFolderContents_1/1923/08 - August/07104056_BEVERLIN 15-A_1539811.pdf,1,1923,08 - August,early,1920s,unknown,unknown,,Unclassified failure,pending,,,pending,,,,,pending,,,pending,,,pending,,,
07104064_BEVERLIN 18-A_1539807,s3://osu-well-records-225989338968/pdfs/ExportedFolderContents_1/1923/08 - August/07104064_BEVERLIN 18-A_1539807.pdf,1,1923,08 - August,early,1920s,unknown,unknown,,Unclassified failure,pending,,,pending,,,,,pending,,,pending,,,pending,,,
07104101_C ENDICOTT 6-B_1539749,s3://osu-well-records-225989338968/pdfs/ExportedFolderContents_1/1923/08 - August/07104101_C ENDICOTT 6-B_1539749.pdf,1,1923,08 - August,early,1920s,unknown,unknown,,Unclassified failure,pending,,,pending,,,,,pending,,,pending,,,pending,,,
07104104_C ENDICOTT 7-1_1539733,s3://osu-well-records-225989338968/pdfs/ExportedFolderContents_1/1923/08 - August/07104104_C ENDICOTT 7-1_1539733.pdf,1,1923,08 - August,early,1920s,unknown,unknown,,Unclassified failure,pending,,,pending,,,,,pending,,,pending,,,pending,,,
07104114_C C ENDICOTT 9-B_1539826,s3://osu-well-records-225989338968/pdfs/ExportedFolderContents_1/1923/08 - August/07104114_C C ENDICOTT 9-B_1539826.pdf,1,1923,08 - August,early,1920s,unknown,unknown,,Unclassified failure,pending,,,pending,,,,,pending,,,pending,,,pending,,,
07104191_MCKEE 36_1539753,s3://osu-well-records-225989338968/pdfs/ExportedFolderContents_1/1923/08 - August/07104191_MCKEE 36_1539753.pdf,1,1923,08 - August,early,1920s,unknown,unknown,,Unclassified failure,pending,,,pending,,,,,pending,,,pending,,,pending,,,
07104221_L ENDICOTT 5_1539793,s3://osu-well-records-225989338968/pdfs/ExportedFolderContents_1/1923/08 - August/07104221_L ENDICOTT 5_1539793.pdf,1,1923,08 - August,early,1920s,unknown,unknown,,Unclassified failure,pending,,,pending,,,,,pending,,,pending,,,pending,,,
07104239_F R RICHTER 3_1539804,s3://osu-well-records-225989338968/pdfs/ExportedFolderContents_1/1923/08 - August/07104239_F R RICHTER 3_1539804.pdf,1,1923,08 - August,early,1920s,unknown,unknown,,Unclassified failure,pending,,,pending,,,,,pending,,,pending,,,pending,,,
07104245_C W GOLTRY 6_1539744,s3://osu-well-records-225989338968/pdfs/ExportedFolderContents_1/1923/08 - August/07104245_C W GOLTRY 6_1539744.pdf,1,1923,08 - August,early,1920s,unknown,unknown,,Unclassified failure,pending,,,pending,,,,,pending,,,pending,,,pending,,,
07104267_C R OGG 6-A_1539827,s3://osu-well-records-225989338968/pdfs/ExportedFolderContents_1/1923/08 - August/07104267_C R OGG 6-A_1539827.pdf,1,1923,08 - August,early,1920s,unknown,unknown,,Unclassified failure,pending,,,pending,,,,,pending,,,pending,,,pending,,,
07104269_C R OGG 7_1539800,s3://osu-well-records-225989338968/pdfs/ExportedFolderContents_1/1923/08 - August/07104269_C R OGG 7_1539800.pdf,1,1923,08 - August,early,1920s,unknown,unknown,,Unclassified failure,pending,,,pending,,,,,pending,,,pending,,,pending,,,
07104276_ENDICOTT 2-D_1539806,s3://osu-well-records-225989338968/pdfs/ExportedFolderContents_1/1923/08 - August/07104276_ENDICOTT 2-D_1539806.pdf,1,1923,08 - August,early,1920s,unknown,unknown,,Unclassified failure,pending,,,pending,,,,,pending,,,pending,,,pending,,,
07104308_SCHOOL LAND 9 1_1539789,s3://osu-well-records-225989338968/pdfs/ExportedFolderContents_1/1923/08 - August/07104308_SCHOOL LAND 9 1_1539789.pdf,1,1923,08 - August,early,1920s,unknown,unknown,,Unclassified failure,pending,,,pending,,,,,pending,,,pending,,,pending,,,
07104956_LUSK 1_1539754,s3://osu-well-records-225989338968/pdfs/ExportedFolderContents_1/1923/08 - August/07104956_LUSK 1_1539754.pdf,1,1923,08 - August,early,1920s,unknown,unknown,,Unclassified failure,pending,,,pending,,,,,pending,,,pending,,,pending,,,
07105964_R SANDS 2_1055792,s3://osu-well-records-225989338968/pdfs/ExportedFolderContents_1/1923/08 - August/07105964_R SANDS 2_1055792.pdf,1,1923,08 - August,early,1920s,unknown,unknown,,Unclassified failure,pending,,,pending,,,,,pending,,,pending,,,pending,,,
07502168_HILL 2_882022,s3://osu-well-records-225989338968/pdfs/ExportedFolderContents_1/1923/08 - August/07502168_HILL 2_882022.pdf,1,1923,08 - August,early,1920s,unknown,unknown,,Unclassified failure,pending,,,pending,,,,,pending,,,pending,,,pending,,,
07502168_HILL 2_882023,s3://osu-well-records-225989338968/pdfs/ExportedFolderContents_1/1923/08 - August/07502168_HILL 2_882023.pdf,1,1923,08 - August,early,1920s,unknown,unknown,,Unclassified failure,pending,,,pending,,,,,pending,,,pending,,,pending,,,
07900140_M B TUCKER 35_1017390,s3://osu-well-records-225989338968/pdfs/ExportedFolderContents_1/1923/08 - August/07900140_M B TUCKER 35_1017390.pdf,1,1923,08 - August,early,1920s,unknown,unknown,,Unclassified failure,pending,,,pending,,,,,pending,,,pending,,,pending,,,
07900140_M B TUCKER 35_555846,s3://osu-well-records-225989338968/pdfs/ExportedFolderContents_1/1923/08 - August/07900140_M B TUCKER 35_555846.pdf,1,1923,08 - August,early,1920s,unknown,unknown,,Unclassified failure,pending,,,pending,,,,,pending,,,pending,,,pending,,,
08101264_No Data_1055838,s3://osu-well-records-225989338968/pdfs/ExportedFolderContents_1/1923/08 - August/08101264_No Data_1055838.pdf,1,1923,08 - August,early,1920s,unknown,unknown,,Unclassified failure,pending,,,pending,,,,,pending,,,pending,,,pending,,,
09100903_CARTER 1_1364650,s3://osu-well-records-225989338968/pdfs/ExportedFolderContents_1/1923/08 - August/09100903_CARTER 1_1364650.pdf,1,1923,08 - August,early,1920s,unknown,unknown,,Unclassified failure,pending,,,pending,,,,,pending,,,pending,,,pending,,,
09100945_STEVENS 6_1055639,s3://osu-well-records-225989338968/pdfs/ExportedFolderContents_1/1923/08 - August/09100945_STEVENS 6_1055639.pdf,1,1923,08 - August,early,1920s,unknown,unknown,,Unclassified failure,pending,,,pending,,,,,pending,,,pending,,,pending,,,
09500192_SETLIFF 1_516780,s3://osu-well-records-225989338968/pdfs/ExportedFolderContents_1/1923/08 - August/09500192_SETLIFF 1_516780.pdf,1,1923,08 - August,early,1920s,unknown,unknown,,Unclassified failure,pending,,,pending,,,,,pending,,,pending,,,pending,,,
10100875_WILLIE C DAVIS 5_1395541,s3://osu-well-records-225989338968/pdfs/ExportedFolderContents_1/1923/08 - August/10100875_WILLIE C DAVIS 5_1395541.pdf,1,1923,08 - August,early,1920s,unknown,unknown,,Unclassified failure,pending,,,pending,,,,,pending,,,pending,,,pending,,,
10101791_VANDERSLICE 1_1364648,s3://osu-well-records-225989338968/pdfs/ExportedFolderContents_1/1923/08 - August/10101791_VANDERSLICE 1_1364648.pdf,1,1923,08 - August,early,1920s,unknown,unknown,,Unclassified failure,pending,,,pending,,,,,pending,,,pending,,,pending,,,
10102957_MCKAY 5_1395391,s3://osu-well-records-225989338968/pdfs/ExportedFolderContents_1/1923/08 - August/10102957_MCKAY 5_1395391.pdf,1,1923,08 - August,early,1920s,unknown,unknown,,Unclassified failure,pending,,,pending,,,,,pending,,,pending,,,pending,,,
10103069_CLARK 4_1395702,s3://osu-well-records-225989338968/pdfs/ExportedFolderContents_1/1923/08 - August/10103069_CLARK 4_1395702.pdf,1,1923,08 - August,early,1920s,unknown,unknown,,Unclassified failure,pending,,,pending,,,,,pending,,,pending,,,pending,,,
10103185_PARENT 3_1395306,s3://osu-well-records-225989338968/pdfs/ExportedFolderContents_1/1923/08 - August/10103185_PARENT 3_1395306.pdf,1,1923,08 - August,early,1920s,unknown,unknown,,Unclassified failure,pending,,,pending,,,,,pending,,,pending,,,pending,,,
10103250_BUCH 1_1364635,s3://osu-well-records-225989338968/pdfs/ExportedFolderContents_1/1923/08 - August/10103250_BUCH 1_1364635.pdf,1,1923,08 - August,early,1920s,unknown,unknown,,Unclassified failure,pending,,,pending,,,,,pending,,,pending,,,pending,,,
10103255_HOPKINS 2_1395357,s3://osu-well-records-225989338968/pdfs/ExportedFolderContents_1/1923/08 - August/10103255_HOPKINS 2_1395357.pdf,1,1923,08 - August,early,1920s,unknown,unknown,,Unclassified failure,pending,,,pending,,,,,pending,,,pending,,,pending,,,
10103256_HOPKINS 4_1395595,s3://osu-well-records-225989338968/pdfs/ExportedFolderContents_1/1923/08 - August/10103256_HOPKINS 4_1395595.pdf,1,1923,08 - August,early,1920s,unknown,unknown,,Unclassified failure,pending,,,pending,,,,,pending,,,pending,,,pending,,,
10302548_RAGAN 1_1539778,s3://osu-well-records-225989338968/pdfs/ExportedFolderContents_1/1923/08 - August/10302548_RAGAN 1_1539778.pdf,1,1923,08 - August,early,1920s,unknown,unknown,,Unclassified failure,pending,,,pending,,,,,pending,,,pending,,,pending,,,
10302881_BLUBAUGH 12_1539762,s3://osu-well-records-225989338968/pdfs/ExportedFolderContents_1/1923/08 - August/10302881_BLUBAUGH 12_1539762.pdf,1,1923,08 - August,early,1920s,unknown,unknown,,Unclassified failure,pending,,,pending,,,,,pending,,,pending,,,pending,,,
10302904_BLUBAUGH 12-A_1539779,s3://osu-well-records-225989338968/pdfs/ExportedFolderContents_1/1923/08 - August/10302904_BLUBAUGH 12-A_1539779.pdf,1,1923,08 - August,early,1920s,unknown,unknown,,Unclassified failure,pending,,,pending,,,,,pending,,,pending,,,pending,,,
10302935_BLUBAUGH C-1_1539823,s3://osu-well-records-225989338968/pdfs/ExportedFolderContents_1/1923/08 - August/10302935_BLUBAUGH C-1_1539823.pdf,1,1923,08 - August,early,1920s,unknown,unknown,,Unclassified failure,pending,,,pending,,,,,pending,,,pending,,,pending,,,
10302937_BLUBAUGH C-3_1539741,s3://osu-well-records-225989338968/pdfs/ExportedFolderContents_1/1923/08 - August/10302937_BLUBAUGH C-3_1539741.pdf,1,1923,08 - August,early,1920s,unknown,unknown,,Unclassified failure,pending,,,pending,,,,,pending,,,pending,,,pending,,,
10302964_S GAUME 5_1539747,s3://osu-well-records-225989338968/pdfs/ExportedFolderContents_1/1923/08 - August/10302964_S GAUME 5_1539747.pdf,1,1923,08 - August,early,1920s,unknown,unknown,,Unclassified failure,pending,,,pending,,,,,pending,,,pending,,,pending,,,
10302981_S GAUME 10-A_1539809,s3://osu-well-records-225989338968/pdfs/ExportedFolderContents_1/1923/08 - August/10302981_S GAUME 10-A_1539809.pdf,1,1923,08 - August,early,1920s,unknown,unknown,,Unclassified failure,pending,,,pending,,,,,pending,,,pending,,,pending,,,
10303037_LEE SHAWVER 34_50900775,s3://osu-well-records-225989338968/pdfs/ExportedFolderContents_1/1923/08 - August/10303037_LEE SHAWVER 34_50900775.pdf,1,1923,08 - August,early,1920s,unknown,unknown,,Unclassified failure,pending,,,pending,,,,,pending,,,pending,,,pending,,,
10303044_LEE SHAWVER 41_1539735,s3://osu-well-records-225989338968/pdfs/ExportedFolderContents_1/1923/08 - August/10303044_LEE SHAWVER 41_1539735.pdf,1,1923,08 - August,early,1920s,unknown,unknown,,Unclassified failure,pending,,,pending,,,,,pending,,,pending,,,pending,,,
10303044_LEE SHAWVER 41_50900746,s3://osu-well-records-225989338968/pdfs/ExportedFolderContents_1/1923/08 - August/10303044_LEE SHAWVER 41_50900746.pdf,1,1923,08 - August,early,1920s,unknown,unknown,,Unclassified failure,pending,,,pending,,,,,pending,,,pending,,,pending,,,
10303046_LEE SHAWVER 43_1539759,s3://osu-well-records-225989338968/pdfs/ExportedFolderContents_1/1923/08 - August/10303046_LEE SHAWVER 43_1539759.pdf,1,1923,08 - August,early,1920s,unknown,unknown,,Unclassified failure,pending,,,pending,,,,,pending,,,pending,,,pending,,,
10303050_LEE SHAWVER 46_1539737,s3://osu-well-records-225989338968/pdfs/ExportedFolderContents_1/1923/08 - August/10303050_LEE SHAWVER 46_1539737.pdf,1,1923,08 - August,early,1920s,unknown,unknown,,Unclassified failure,pending,,,pending,,,,,pending,,,pending,,,pending,,,
10303050_LEE SHAWVER 46_50900785,s3://osu-well-records-225989338968/pdfs/ExportedFolderContents_1/1923/08 - August/10303050_LEE SHAWVER 46_50900785.pdf,1,1923,08 - August,early,1920s,unknown,unknown,,Unclassified failure,pending,,,pending,,,,,pending,,,pending,,,pending,,,
10303056_LEE SHAWVER 52_1539768,s3://osu-well-records-225989338968/pdfs/ExportedFolderContents_1/1923/08 - August/10303056_LEE SHAWVER 52_1539768.pdf,1,1923,08 - August,early,1920s,unknown,unknown,,Unclassified failure,pending,,,pending,,,,,pending,,,pending,,,pending,,,
10303056_LEE SHAWVER 52_50900743,s3://osu-well-records-225989338968/pdfs/ExportedFolderContents_1/1923/08 - August/10303056_LEE SHAWVER 52_50900743.pdf,1,1923,08 - August,early,1920s,unknown,unknown,,Unclassified failure,pending,,,pending,,,,,pending,,,pending,,,pending,,,
10303058_LEE SHAWVER 54_1539799,s3://osu-well-records-225989338968/pdfs/ExportedFolderContents_1/1923/08 - August/10303058_LEE SHAWVER 54_1539799.pdf,1,1923,08 - August,early,1920s,unknown,unknown,,Unclassified failure,pending,,,pending,,,,,pending,,,pending,,,pending,,,
10303058_LEE SHAWVER 54_50900040,s3://osu-well-records-225989338968/pdfs/ExportedFolderContents_1/1923/08 - August/10303058_LEE SHAWVER 54_50900040.pdf,1,1923,08 - August,early,1920s,unknown,unknown,,Unclassified failure,pending,,,pending,,,,,pending,,,pending,,,pending,,,
10303061_LEE SHAWVER 57_1539738,s3://osu-well-records-225989338968/pdfs/ExportedFolderContents_1/1923/08 - August/10303061_LEE SHAWVER 57_1539738.pdf,1,1923,08 - August,early,1920s,unknown,unknown,,Unclassified failure,pending,,,pending,,,,,pending,,,pending,,,pending,,,
10303062_LEE SHAWVER 58_1539774,s3://osu-well-records-225989338968/pdfs/ExportedFolderContents_1/1923/08 - August/10303062_LEE SHAWVER 58_1539774.pdf,1,1923,08 - August,early,1920s,unknown,unknown,,Unclassified failure,pending,,,pending,,,,,pending,,,pending,,,pending,,,
10303062_LEE SHAWVER 58_50900795,s3://osu-well-records-225989338968/pdfs/ExportedFolderContents_1/1923/08 - August/10303062_LEE SHAWVER 58_50900795.pdf,1,1923,08 - August,early,1920s,unknown,unknown,,Unclassified failure,pending,,,pending,,,,,pending,,,pending,,,pending,,,
10303069_LEE SHAWVER 65_1539776,s3://osu-well-records-225989338968/pdfs/ExportedFolderContents_1/1923/08 - August/10303069_LEE SHAWVER 65_1539776.pdf,1,1923,08 - August,early,1920s,unknown,unknown,,Unclassified failure,pending,,,pending,,,,,pending,,,pending,,,pending,,,
10303070_LEE SHAWVER 66_1539784,s3://osu-well-records-225989338968/pdfs/ExportedFolderContents_1/1923/08 - August/10303070_LEE SHAWVER 66_1539784.pdf,1,1923,08 - August,early,1920s,unknown,unknown,,Unclassified failure,pending,,,pending,,,,,pending,,,pending,,,pending,,,
10303071_LEE SHAWVER 67_1539750,s3://osu-well-records-225989338968/pdfs/ExportedFolderContents_1/1923/08 - August/10303071_LEE SHAWVER 67_1539750.pdf,1,1923,08 - August,early,1920s,unknown,unknown,,Unclassified failure,pending,,,pending,,,,,pending,,,pending,,,pending,,,
10303101_RUZEK 2-A_1539818,s3://osu-well-records-225989338968/pdfs/ExportedFolderContents_1/1923/08 - August/10303101_RUZEK 2-A_1539818.pdf,1,1923,08 - August,early,1920s,unknown,unknown,,Unclassified failure,pending,,,pending,,,,,pending,,,pending,,,pending,,,
10303116_RUZEK 10-A_1539771,s3://osu-well-records-225989338968/pdfs/ExportedFolderContents_1/1923/08 - August/10303116_RUZEK 10-A_1539771.pdf,1,1923,08 - August,early,1920s,unknown,unknown,,Unclassified failure,pending,,,pending,,,,,pending,,,pending,,,pending,,,
10303116_RUZEK 10-A_50980060,s3://osu-well-records-225989338968/pdfs/ExportedFolderContents_1/1923/08 - August/10303116_RUZEK 10-A_50980060.pdf,1,1923,08 - August,early,1920s,unknown,unknown,,Unclassified failure,pending,,,pending,,,,,pending,,,pending,,,pending,,,
10303147_CARMICHAEL 10-A_50976445,s3://osu-well-records-225989338968/pdfs/ExportedFolderContents_1/1923/08 - August/10303147_CARMICHAEL 10-A_50976445.pdf,1,1923,08 - August,early,1920s,unknown,unknown,,Unclassified failure,pending,,,pending,,,,,pending,,,pending,,,pending,,,
10303161_CARMICHAEL 14-A_1539798,s3://osu-well-records-225989338968/pdfs/ExportedFolderContents_1/1923/08 - August/10303161_CARMICHAEL 14-A_1539798.pdf,1,1923,08 - August,early,1920s,unknown,unknown,,Unclassified failure,pending,,,pending,,,,,pending,,,pending,,,pending,,,
10303161_CARMICHAEL 14-A_50976081,s3://osu-well-records-225989338968/pdfs/ExportedFolderContents_1/1923/08 - August/10303161_CARMICHAEL 14-A_50976081.pdf,1,1923,08 - August,early,1920s,unknown,unknown,,Unclassified failure,pending,,,pending,,,,,pending,,,pending,,,pending,,,
10303163_CARMICHAEL 15_1539821,s3://osu-well-records-225989338968/pdfs/ExportedFolderContents_1/1923/08 - August/10303163_CARMICHAEL 15_1539821.pdf,1,1923,08 - August,early,1920s,unknown,unknown,,Unclassified failure,pending,,,pending,,,,,pending,,,pending,,,pending,,,
10303163_CARMICHAEL 15_50981275,s3://osu-well-records-225989338968/pdfs/ExportedFolderContents_1/1923/08 - August/10303163_CARMICHAEL 15_50981275.pdf,1,1923,08 - August,early,1920s,unknown,unknown,,Unclassified failure,pending,,,pending,,,,,pending,,,pending,,,pending,,,
10303164_J CARMICHAEL 15-A_1539751,s3://osu-well-records-225989338968/pdfs/ExportedFolderContents_1/1923/08 - August/10303164_J CARMICHAEL 15-A_1539751.pdf,1,1923,08 - August,early,1920s,unknown,unknown,,Unclassified failure,pending,,,pending,,,,,pending,,,pending,,,pending,,,
35037077690000_PEEPER 1_2006572,s3://osu-well-records-225989338968/pdfs/ExportedFolderContents_1/1923/08 - August/35037077690000_PEEPER 1_2006572.pdf,1,1923,08 - August,early,1920s,unknown,unknown,,Unclassified failure,pending,,,pending,,,,,pending,,,pending,,,pending,,,
35037077690000_PEEPER 1_2006580,s3://osu-well-records-225989338968/pdfs/ExportedFolderContents_1/1923/08 - August/35037077690000_PEEPER 1_2006580.pdf,1,1923,08 - August,early,1920s,unknown,unknown,,Unclassified failure,pending,,,pending,,,,,pending,,,pending,,,pending,,,
35037082190000_CUMSEY 9_2006505,s3://osu-well-records-225989338968/pdfs/ExportedFolderContents_1/1923/08 - August/35037082190000_CUMSEY 9_2006505.pdf,1,1923,08 - August,early,1920s,unknown,unknown,,Unclassified failure,pending,,,pending,,,,,pending,,,pending,,,pending,,,
35037106090000_ALICE ATKINS 1_2006597,s3://osu-well-records-225989338968/pdfs/ExportedFolderContents_1/1923/08 - August/35037106090000_ALICE ATKINS 1_2006597.pdf,1,1923,08 - August,early,1920s,unknown,unknown,,Unclassified failure,pending,,,pending,,,,,pending,,,pending,,,pending,,,
35037137900000_JACKSON B 1_2006386,s3://osu-well-records-225989338968/pdfs/ExportedFolderContents_1/1923/08 - August/35037137900000_JACKSON B 1_2006386.pdf,1,1923,08 - August,early,1920s,unknown,unknown,,Unclassified failure,pending,,,pending,,,,,pending,,,pending,,,pending,,,
35037138230000_HENRY 1_2006465,s3://osu-well-records-225989338968/pdfs/ExportedFolderContents_1/1923/08 - August/35037138230000_HENRY 1_2006465.pdf,1,1923,08 - August,early,1920s,unknown,unknown,,Unclassified failure,pending,,,pending,,,,,pending,,,pending,,,pending,,,
35037142650000_HARJO DORR 1_2006503,s3://osu-well-records-225989338968/pdfs/ExportedFolderContents_1/1923/08 - August/35037142650000_HARJO DORR 1_2006503.pdf,1,1923,08 - August,early,1920s,unknown,unknown,,Unclassified failure,pending,,,pending,,,,,pending,,,pending,,,pending,,,
35037143050000_C ALECK 1_2006539,s3://osu-well-records-225989338968/pdfs/ExportedFolderContents_1/1923/08 - August/35037143050000_C ALECK 1_2006539.pdf,1,1923,08 - August,early,1920s,unknown,unknown,,Unclassified failure,pending,,,pending,,,,,pending,,,pending,,,pending,,,
35037143050000_CHARLES ALECK 1_2006544,s3://osu-well-records-225989338968/pdfs/ExportedFolderContents_1/1923/08 - August/35037143050000_CHARLES ALECK 1_2006544.pdf,1,1923,08 - August,early,1920s,unknown,unknown,,Unclassified failure,pending,,,pending,,,,,pending,,,pending,,,pending,,,
35037158060000_WALKER 1_2006371,s3://osu-well-records-225989338968/pdfs/ExportedFolderContents_1/1923/08 - August/35037158060000_WALKER 1_2006371.pdf,1,1923,08 - August,early,1920s,unknown,unknown,,Unclassified failure,pending,,,pending,,,,,pending,,,pending,,,pending,,,
35037159330000_SIER 1_2006365,s3://osu-well-records-225989338968/pdfs/ExportedFolderContents_1/1923/08 - August/35037159330000_SIER 1_2006365.pdf,1,1923,08 - August,early,1920s,unknown,unknown,,Unclassified failure,pending,,,pending,,,,,pending,,,pending,,,pending,,,
35063761170000_CHISKA BYRD 1_1496630,s3://osu-well-records-225989338968/pdfs/ExportedFolderContents_1/1923/08 - August/35063761170000_CHISKA BYRD 1_1496630.pdf,1,1923,08 - August,early,1920s,unknown,unknown,,Unclassified failure,pending,,,pending,,,,,pending,,,pending,,,pending,,,
35071031290000_H. BARNUM 3_2006427,s3://osu-well-records-225989338968/pdfs/ExportedFolderContents_1/1923/08 - August/35071031290000_H. BARNUM 3_2006427.pdf,1,1923,08 - August,early,1920s,unknown,unknown,,Unclassified failure,pending,,,pending,,,,,pending,,,pending,,,pending,,,
35071031290000_H. BARNUM 3_2289392,s3://osu-well-records-225989338968/pdfs/ExportedFolderContents_1/1923/08 - August/35071031290000_H. BARNUM 3_2289392.pdf,1,1923,08 - August,early,1920s,unknown,unknown,,Unclassified failure,pending,,,pending,,,,,pending,,,pending,,,pending,,,
35071031310000_H. BARNUM 1_2006458,s3://osu-well-records-225989338968/pdfs/ExportedFolderContents_1/1923/08 - August/35071031310000_H. BARNUM 1_2006458.pdf,1,1923,08 - August,early,1920s,unknown,unknown,,Unclassified failure,pending,,,pending,,,,,pending,,,pending,,,pending,,,
35071031310000_H. BARNUM 1_2289405,s3://osu-well-records-225989338968/pdfs/ExportedFolderContents_1/1923/08 - August/35071031310000_H. BARNUM 1_2289405.pdf,1,1923,08 - August,early,1920s,unknown,unknown,,Unclassified failure,pending,,,pending,,,,,pending,,,pending,,,pending,,,
35081760140000_J B CHARLES 1_1496631,s3://osu-well-records-225989338968/pdfs/ExportedFolderContents_1/1923/08 - August/35081760140000_J B CHARLES 1_1496631.pdf,1,1923,08 - August,early,1920s,unknown,unknown,,Unclassified failure,pending,,,pending,,,,,pending,,,pending,,,pending,,,
35091001250000_BUCK 1_2006468,s3://osu-well-records-225989338968/pdfs/ExportedFolderContents_1/1923/08 - August/35091001250000_BUCK 1_2006468.pdf,1,1923,08 - August,early,1920s,unknown,unknown,,Unclassified failure,pending,,,pending,,,,,pending,,,pending,,,pending,,,
35091002030000_FERGUSON 1_2364824,s3://osu-well-records-225989338968/pdfs/ExportedFolderContents_1/1923/08 - August/35091002030000_FERGUSON 1_2364824.pdf,1,1923,08 - August,early,1920s,unknown,unknown,,Unclassified failure,pending,,,pending,,,,,pending,,,pending,,,pending,,,
35101008470000_TUCKER 1_2364834,s3://osu-well-records-225989338968/pdfs/ExportedFolderContents_1/1923/08 - August/35101008470000_TUCKER 1_2364834.pdf,1,1923,08 - August,early,1920s,unknown,unknown,,Unclassified failure,pending,,,pending,,,,,pending,,,pending,,,pending,,,
35101027720000_M ROGERS 1_2364789,s3://osu-well-records-225989338968/pdfs/ExportedFolderContents_1/1923/08 - August/35101027720000_M ROGERS 1_2364789.pdf,1,1923,08 - August,early,1920s,unknown,unknown,,Unclassified failure,pending,,,pending,,,,,pending,,,pending,,,pending,,,
35101034120000_JACK HOWARD 3_2364801,s3://osu-well-records-225989338968/pdfs/ExportedFolderContents_1/1923/08 - August/35101034120000_JACK HOWARD 3_2364801.pdf,1,1923,08 - August,early,1920s,unknown,unknown,,Unclassified failure,pending,,,pending,,,,,pending,,,pending,,,pending,,,
35103028630000_BLUBAUGH 3_8002443,s3://osu-well-records-225989338968/pdfs/ExportedFolderContents_1/1923/08 - August/35103028630000_BLUBAUGH 3_8002443.pdf,1,1923,08 - August,early,1920s,unknown,unknown,,Unclassified failure,pending,,,pending,,,,,pending,,,pending,,,pending,,,
35103029060000_BLUBAUGH 14-A_8002468,s3://osu-well-records-225989338968/pdfs/ExportedFolderContents_1/1923/08 - August/35103029060000_BLUBAUGH 14-A_8002468.pdf,1,1923,08 - August,early,1920s,unknown,unknown,,Unclassified failure,pending,,,pending,,,,,pending,,,pending,,,pending,,,
35103029260000_BLUBAUGH 14-B_8002560,s3://osu-well-records-225989338968/pdfs/ExportedFolderContents_1/1923/08 - August/35103029260000_BLUBAUGH 14-B_8002560.pdf,1,1923,08 - August,early,1920s,unknown,unknown,,Unclassified failure,pending,,,pending,,,,,pending,,,pending,,,pending,,,
35103029400000_BLUBAUGH C-6_8002729,s3://osu-well-records-225989338968/pdfs/ExportedFolderContents_1/1923/08 - August/35103029400000_BLUBAUGH C-6_8002729.pdf,1,1923,08 - August,early,1920s,unknown,unknown,,Unclassified failure,pending,,,pending,,,,,pending,,,pending,,,pending,,,
35103030590000_LEE SHAWVER 55_8002613,s3://osu-well-records-225989338968/pdfs/ExportedFolderContents_1/1923/08 - August/35103030590000_LEE SHAWVER 55_8002613.pdf,1,1923,08 - August,early,1920s,unknown,unknown,,Unclassified failure,pending,,,pending,,,,,pending,,,pending,,,pending,,,
35103031230000_CARMICHAEL 1-B_3166610,s3://osu-well-records-225989338968/pdfs/ExportedFolderContents_1/1923/08 - August/35103031230000_CARMICHAEL 1-B_3166610.pdf,1,1923,08 - August,early,1920s,unknown,unknown,,Unclassified failure,pending,,,pending,,,,,pending,,,pending,,,pending,,,
35103031230000_CARMICHAEL 1-B_8002559,s3://osu-well-records-225989338968/pdfs/ExportedFolderContents_1/1923/08 - August/35103031230000_CARMICHAEL 1-B_8002559.pdf,1,1923,08 - August,early,1920s,unknown,unknown,,Unclassified failure,pending,,,pending,,,,,pending,,,pending,,,pending,,,
35103031470000_CARMICHAEL 10-A_8002615,s3://osu-well-records-225989338968/pdfs/ExportedFolderContents_1/1923/08 - August/35103031470000_CARMICHAEL 10-A_8002615.pdf,1,1923,08 - August,early,1920s,unknown,unknown,,Unclassified failure,pending,,,pending,,,,,pending,,,pending,,,pending,,,
35103031680000_J CARMICHAEL 16-A_3167729,s3://osu-well-records-225989338968/pdfs/ExportedFolderContents_1/1923/08 - August/35103031680000_J CARMICHAEL 16-A_3167729.pdf,1,1923,08 - August,early,1920s,unknown,unknown,,Unclassified failure,pending,,,pending,,,,,pending,,,pending,,,pending,,,
35103031680000_J CARMICHAEL 16-A_8002503,s3://osu-well-records-225989338968/pdfs/ExportedFolderContents_1/1923/08 - August/35103031680000_J CARMICHAEL 16-A_8002503.pdf,1,1923,08 - August,early,1920s,unknown,unknown,,Unclassified failure,pending,,,pending,,,,,pending,,,pending,,,pending,,,
35103031700000_CARMICHAEL 17_8002569,s3://osu-well-records-225989338968/pdfs/ExportedFolderContents_1/1923/08 - August/35103031700000_CARMICHAEL 17_8002569.pdf,1,1923,08 - August,early,1920s,unknown,unknown,,Unclassified failure,pending,,,pending,,,,,pending,,,pending,,,pending,,,
35103031750000_CARMICHAEL 19-A_3167736,s3://osu-well-records-225989338968/pdfs/ExportedFolderContents_1/1923/08 - August/35103031750000_CARMICHAEL 19-A_3167736.pdf,1,1923,08 - August,early,1920s,unknown,unknown,,Unclassified failure,pending,,,pending,,,,,pending,,,pending,,,pending,,,
35103031750000_CARMICHAEL 19-A_8002535,s3://osu-well-records-225989338968/pdfs/ExportedFolderContents_1/1923/08 - August/35103031750000_CARMICHAEL 19-A_8002535.pdf,1,1923,08 - August,early,1920s,unknown,unknown,,Unclassified failure,pending,,,pending,,,,,pending,,,pending,,,pending,,,
35103033170000_CARMICHAEL 17_3166604,s3://osu-well-records-225989338968/pdfs/ExportedFolderContents_1/1923/08 - August/35103033170000_CARMICHAEL 17_3166604.pdf,1,1923,08 - August,early,1920s,unknown,unknown,,Unclassified failure,pending,,,pending,,,,,pending,,,pending,,,pending,,,
35105021730000_D BUFFINGTON 1_2289448,s3://osu-well-records-225989338968/pdfs/ExportedFolderContents_1/1923/08 - August/35105021730000_D BUFFINGTON 1_2289448.pdf,1,1923,08 - August,early,1920s,unknown,unknown,,Unclassified failure,pending,,,pending,,,,,pending,,,pending,,,pending,,,
35105048320000_FAIR 1_2465183,s3://osu-well-records-225989338968/pdfs/ExportedFolderContents_1/1923/08 - August/35105048320000_FAIR 1_2465183.pdf,1,1923,08 - August,early,1920s,unknown,unknown,,Unclassified failure,pending,,,pending,,,,,pending,,,pending,,,pending,,,
35105048330000_FAIR 2_2465226,s3://osu-well-records-225989338968/pdfs/ExportedFolderContents_1/1923/08 - August/35105048330000_FAIR 2_2465226.pdf,1,1923,08 - August,early,1920s,unknown,unknown,,Unclassified failure,pending,,,pending,,,,,pending,,,pending,,,pending,,,
35107042150000_TOGY SUGAR_2006370,s3://osu-well-records-225989338968/pdfs/ExportedFolderContents_1/1923/08 - August/35107042150000_TOGY SUGAR_2006370.pdf,1,1923,08 - August,early,1920s,unknown,unknown,,Unclassified failure,pending,,,pending,,,,,pending,,,pending,,,pending,,,
35107046150000_LAFAYETTE 1_2006463,s3://osu-well-records-225989338968/pdfs/ExportedFolderContents_1/1923/08 - August/35107046150000_LAFAYETTE 1_2006463.pdf,1,1923,08 - August,early,1920s,unknown,unknown,,Unclassified failure,pending,,,pending,,,,,pending,,,pending,,,pending,,,
35107047700000_HARJO WILLIE 1_2006414,s3://osu-well-records-225989338968/pdfs/ExportedFolderContents_1/1923/08 - August/35107047700000_HARJO WILLIE 1_2006414.pdf,1,1923,08 - August,early,1920s,unknown,unknown,,Unclassified failure,pending,,,pending,,,,,pending,,,pending,,,pending,,,
35107052150000_SUSAN JIMBOY 1_1496633,s3://osu-well-records-225989338968/pdfs/ExportedFolderContents_1/1923/08 - August/35107052150000_SUSAN JIMBOY 1_1496633.pdf,1,1923,08 - August,early,1920s,unknown,unknown,,Unclassified failure,pending,,,pending,,,,,pending,,,pending,,,pending,,,
35107052150000_SUSAN JIMBOY 1_2006519,s3://osu-well-records-225989338968/pdfs/ExportedFolderContents_1/1923/08 - August/35107052150000_SUSAN JIMBOY 1_2006519.pdf,1,1923,08 - August,early,1920s,unknown,unknown,,Unclassified failure,pending,,,pending,,,,,pending,,,pending,,,pending,,,
35111013250000_WARNER 1_2006494,s3://osu-well-records-225989338968/pdfs/ExportedFolderContents_1/1923/08 - August/35111013250000_WARNER 1_2006494.pdf,1,1923,08 - August,early,1920s,unknown,unknown,,Unclassified failure,pending,,,pending,,,,,pending,,,pending,,,pending,,,
35111013250000_WARNER 1_2006495,s3://osu-well-records-225989338968/pdfs/ExportedFolderContents_1/1923/08 - August/35111013250000_WARNER 1_2006495.pdf,1,1923,08 - August,early,1920s,unknown,unknown,,Unclassified failure,pending,,,pending,,,,,pending,,,pending,,,pending,,,
35111016850000_TAYLOR_2006457,s3://osu-well-records-225989338968/pdfs/ExportedFolderContents_1/1923/08 - August/35111016850000_TAYLOR_2006457.pdf,1,1923,08 - August,early,1920s,unknown,unknown,,Unclassified failure,pending,,,pending,,,,,pending,,,pending,,,pending,,,
35111077150000_M COLEMAN 3_2006578,s3://osu-well-records-225989338968/pdfs/ExportedFolderContents_1/1923/08 - August/35111077150000_M COLEMAN 3_2006578.pdf,1,1923,08 - August,early,1920s,unknown,unknown,,Unclassified failure,pending,,,pending,,,,,pending,,,pending,,,pending,,,
35111084130000_H M HENRY 2_2006475,s3://osu-well-records-225989338968/pdfs/ExportedFolderContents_1/1923/08 - August/35111084130000_H M HENRY 2_2006475.pdf,1,1923,08 - August,early,1920s,unknown,unknown,,Unclassified failure,pending,,,pending,,,,,pending,,,pending,,,pending,,,
35111084130000_H M HENRY 2_2006481,s3://osu-well-records-225989338968/pdfs/ExportedFolderContents_1/1923/08 - August/35111084130000_H M HENRY 2_2006481.pdf,1,1923,08 - August,early,1920s,unknown,unknown,,Unclassified failure,pending,,,pending,,,,,pending,,,pending,,,pending,,,
35111087780000_NORA BROWN_1385070,s3://osu-well-records-225989338968/pdfs/ExportedFolderContents_1/1923/08 - August/35111087780000_NORA BROWN_1385070.pdf,1,1923,08 - August,early,1920s,unknown,unknown,,Unclassified failure,pending,,,pending,,,,,pending,,,pending,,,pending,,,
35111087780000_NORA BROWN_2006528,s3://osu-well-records-225989338968/pdfs/ExportedFolderContents_1/1923/08 - August/35111087780000_NORA BROWN_2006528.pdf,1,1923,08 - August,early,1920s,unknown,unknown,,Unclassified failure,pending,,,pending,,,,,pending,,,pending,,,pending,,,
35111098800000_MINA BYRD 1_2006467,s3://osu-well-records-225989338968/pdfs/ExportedFolderContents_1/1923/08 - August/35111098800000_MINA BYRD 1_2006467.pdf,1,1923,08 - August,early,1920s,unknown,unknown,,Unclassified failure,pending,,,pending,,,,,pending,,,pending,,,pending,,,
35111098810000_THOMAS M SMITH 1_2006524,s3://osu-well-records-225989338968/pdfs/ExportedFolderContents_1/1923/08 - August/35111098810000_THOMAS M SMITH 1_2006524.pdf,1,1923,08 - August,early,1920s,unknown,unknown,,Unclassified failure,pending,,,pending,,,,,pending,,,pending,,,pending,,,
35111126540000_M Adams 2_2006489,s3://osu-well-records-225989338968/pdfs/ExportedFolderContents_1/1923/08 - August/35111126540000_M Adams 2_2006489.pdf,1,1923,08 - August,early,1920s,unknown,unknown,,Unclassified failure,pending,,,pending,,,,,pending,,,pending,,,pending,,,
35111761280000_MCADOO 2_1385055,s3://osu-well-records-225989338968/pdfs/ExportedFolderContents_1/1923/08 - August/35111761280000_MCADOO 2_1385055.pdf,1,1923,08 - August,early,1920s,unknown,unknown,,Unclassified failure,pending,,,pending,,,,,pending,,,pending,,,pending,,,
35117023600000_P D CHISMAN  3_2006450,s3://osu-well-records-225989338968/pdfs/ExportedFolderContents_1/1923/08 - August/35117023600000_P D CHISMAN  3_2006450.pdf,1,1923,08 - August,early,1920s,unknown,unknown,,Unclassified failure,pending,,,pending,,,,,pending,,,pending,,,pending,,,
35117025920000_W T BESSER 5_2006542,s3://osu-well-records-225989338968/pdfs/ExportedFolderContents_1/1923/08 - August/35117025920000_W T BESSER 5_2006542.pdf,1,1923,08 - August,early,1920s,unknown,unknown,,Unclassified failure,pending,,,pending,,,,,pending,,,pending,,,pending,,,
35117031720000_HERRIFORD 1_2289416,s3://osu-well-records-225989338968/pdfs/ExportedFolderContents_1/1923/08 - August/35117031720000_HERRIFORD 1_2289416.pdf,1,1923,08 - August,early,1920s,unknown,unknown,,Unclassified failure,pending,,,pending,,,,,pending,,,pending,,,pending,,,
35117039790000_CANFIELD 1_2006416,s3://osu-well-records-225989338968/pdfs/ExportedFolderContents_1/1923/08 - August/35117039790000_CANFIELD 1_2006416.pdf,1,1923,08 - August,early,1920s,unknown,unknown,,Unclassified failure,pending,,,pending,,,,,pending,,,pending,,,pending,,,
35137089080000_A W BROWN 3_1844178,s3://osu-well-records-225989338968/pdfs/ExportedFolderContents_1/1923/08 - August/35137089080000_A W BROWN 3_1844178.pdf,1,1923,08 - August,early,1920s,unknown,unknown,,Unclassified failure,pending,,,pending,,,,,pending,,,pending,,,pending,,,
35137089100000_G W BOLTON 2_1844168,s3://osu-well-records-225989338968/pdfs/ExportedFolderContents_1/1923/08 - August/35137089100000_G W BOLTON 2_1844168.pdf,1,1923,08 - August,early,1920s,unknown,unknown,,Unclassified failure,pending,,,pending,,,,,pending,,,pending,,,pending,,,
35137108590000_W D FLOYD 3_1697196,s3://osu-well-records-225989338968/pdfs/ExportedFolderContents_1/1923/08 - August/35137108590000_W D FLOYD 3_1697196.pdf,1,1923,08 - August,early,1920s,unknown,unknown,,Unclassified failure,pending,,,pending,,,,,pending,,,pending,,,pending,,,
35143045730000_IDA SCOTT 1_2006399,s3://osu-well-records-225989338968/pdfs/ExportedFolderContents_1/1923/08 - August/35143045730000_IDA SCOTT 1_2006399.pdf,1,1923,08 - August,early,1920s,unknown,unknown,,Unclassified failure,pending,,,pending,,,,,pending,,,pending,,,pending,,,
35145021820000_KELLY 2_2364810,s3://osu-well-records-225989338968/pdfs/ExportedFolderContents_1/1923/08 - August/35145021820000_KELLY 2_2364810.pdf,1,1923,08 - August,early,1920s,unknown,unknown,,Unclassified failure,pending,,,pending,,,,,pending,,,pending,,,pending,,,
35145032530000_CARL HAHN 3_2364812,s3://osu-well-records-225989338968/pdfs/ExportedFolderContents_1/1923/08 - August/35145032530000_CARL HAHN 3_2364812.pdf,1,1923,08 - August,early,1920s,unknown,unknown,,Unclassified failure,pending,,,pending,,,,,pending,,,pending,,,pending,,,
35147063350000_MATILDA SAUNDERS 25_8069458,s3://osu-well-records-225989338968/pdfs/ExportedFolderContents_1/1923/08 - August/35147063350000_MATILDA SAUNDERS 25_8069458.pdf,1,1923,08 - August,early,1920s,unknown,unknown,,Unclassified failure,pending,,,pending,,,,,pending,,,pending,,,pending,,,
35147075720000_CONNELLY 3_2289446,s3://osu-well-records-225989338968/pdfs/ExportedFolderContents_1/1923/08 - August/35147075720000_CONNELLY 3_2289446.pdf,1,1923,08 - August,early,1920s,unknown,unknown,,Unclassified failure,pending,,,pending,,,,,pending,,,pending,,,pending,,,
35147079150000_HARNESS 1_2289360,s3://osu-well-records-225989338968/pdfs/ExportedFolderContents_1/1923/08 - August/35147079150000_HARNESS 1_2289360.pdf,1,1923,08 - August,early,1920s,unknown,unknown,,Unclassified failure,pending,,,pending,,,,,pending,,,pending,,,pending,,,
OSAGE_KEELER 7_2289359,s3://osu-well-records-225989338968/pdfs/ExportedFolderContents_1/1923/08 - August/OSAGE_KEELER 7_2289359.pdf,1,1923,08 - August,early,1920s,unknown,unknown,,Unclassified failure,pending,,,pending,,,,,pending,,,pending,,,pending,,,
OSAGE_OSAGE TRACT 30 10_2289383,s3://osu-well-records-225989338968/pdfs/ExportedFolderContents_1/1923/08 - August/OSAGE_OSAGE TRACT 30 10_2289383.pdf,1,1923,08 - August,early,1920s,unknown,unknown,,Unclassified failure,pending,,,pending,,,,,pending,,,pending,,,pending,,,
OSAGE_OSAGE TRACT 30 11_2289422,s3://osu-well-records-225989338968/pdfs/ExportedFolderContents_1/1923/08 - August/OSAGE_OSAGE TRACT 30 11_2289422.pdf,1,1923,08 - August,early,1920s,unknown,unknown,,Unclassified failure,pending,,,pending,,,,,pending,,,pending,,,pending,,,
OSAGE_R PRICE 5_2289423,s3://osu-well-records-225989338968/pdfs/ExportedFolderContents_1/1923/08 - August/OSAGE_R PRICE 5_2289423.pdf,1,1923,08 - August,early,1920s,unknown,unknown,,Unclassified failure,pending,,,pending,,,,,pending,,,pending,,,pending,,,
OSAGE_TRACT #601 1_2289399,s3://osu-well-records-225989338968/pdfs/ExportedFolderContents_1/1923/08 - August/OSAGE_TRACT #601 1_2289399.pdf,1,1923,08 - August,early,1920s,unknown,unknown,,Unclassified failure,pending,,,pending,,,,,pending,,,pending,,,pending,,,
03702932_H KERNAL 1_1055942,s3://osu-well-records-225989338968/pdfs/ExportedFolderContents_1/1923/09 - September/03702932_H KERNAL 1_1055942.pdf,1,1923,09 - September,early,1920s,unknown,unknown,,Unclassified failure,pending,,,pending,,,,,pending,,,pending,,,pending,,,
03718109_No Data_1055938,s3://osu-well-records-225989338968/pdfs/ExportedFolderContents_1/1923/09 - September/03718109_No Data_1055938.pdf,1,1923,09 - September,early,1920s,unknown,unknown,,Unclassified failure,pending,,,pending,,,,,pending,,,pending,,,pending,,,
04901139_W A GANN 1 A_C 2_782466,s3://osu-well-records-225989338968/pdfs/ExportedFolderContents_1/1923/09 - September/04901139_W A GANN 1 A_C 2_782466.pdf,1,1923,09 - September,early,1920s,unknown,unknown,,Unclassified failure,pending,,,pending,,,,,pending,,,pending,,,pending,,,
04935347_R J MAULDIN A2-DD_782480,s3://osu-well-records-225989338968/pdfs/ExportedFolderContents_1/1923/09 - September/04935347_R J MAULDIN A2-DD_782480.pdf,1,1923,09 - September,early,1920s,unknown,unknown,,Unclassified failure,pending,,,pending,,,,,pending,,,pending,,,pending,,,
049353820001_P W RICHARDSON 8_500889623,s3://osu-well-records-225989338968/pdfs/ExportedFolderContents_1/1923/09 - September/049353820001_P W RICHARDSON 8_500889623.pdf,1,1923,09 - September,early,1920s,unknown,unknown,,Unclassified failure,pending,,,pending,,,,,pending,,,pending,,,pending,,,
04935382_P W RICHARDSON 8_782472,s3://osu-well-records-225989338968/pdfs/ExportedFolderContents_1/1923/09 - September/04935382_P W RICHARDSON 8_782472.pdf,1,1923,09 - September,early,1920s,unknown,unknown,,Unclassified failure,pending,,,pending,,,,,pending,,,pending,,,pending,,,
04935664_S H COWAN 13-DD_782465,s3://osu-well-records-225989338968/pdfs/ExportedFolderContents_1/1923/09 - September/04935664_S H COWAN 13-DD_782465.pdf,1,1923,09 - September,early,1920s,unknown,unknown,,Unclassified failure,pending,,,pending,,,,,pending,,,pending,,,pending,,,
04935667_COWAN-GIBSON 2_782463,s3://osu-well-records-225989338968/pdfs/ExportedFolderContents_1/1923/09 - September/04935667_COWAN-GIBSON 2_782463.pdf,1,1923,09 - September,early,1920s,unknown,unknown,,Unclassified failure,pending,,,pending,,,,,pending,,,pending,,,pending,,,
04935668_COWAN-GIBSON 3_782473,s3://osu-well-records-225989338968/pdfs/ExportedFolderContents_1/1923/09 - September/04935668_COWAN-GIBSON 3_782473.pdf,1,1923,09 - September,early,1920s,unknown,unknown,,Unclassified failure,pending,,,pending,,,,,pending,,,pending,,,pending,,,
04935670_FREEMAN-GIBSON 2_782469,s3://osu-well-records-225989338968/pdfs/ExportedFolderContents_1/1923/09 - September/04935670_FREEMAN-GIBSON 2_782469.pdf,1,1923,09 - September,early,1920s,unknown,unknown,,Unclassified failure,pending,,,pending,,,,,pending,,,pending,,,pending,,,
04935754_ZARA GANN 4_782468,s3://osu-well-records-225989338968/pdfs/ExportedFolderContents_1/1923/09 - September/04935754_ZARA GANN 4_782468.pdf,1,1923,09 - September,early,1920s,unknown,unknown,,Unclassified failure,pending,,,pending,,,,,pending,,,pending,,,pending,,,
05100287_HARRISON 2_782482,s3://osu-well-records-225989338968/pdfs/ExportedFolderContents_1/1923/09 - September/05100287_HARRISON 2_782482.pdf,1,1923,09 - September,early,1920s,unknown,unknown,,Unclassified failure,pending,,,pending,,,,,pending,,,pending,,,pending,,,
05100617_DUKE 1_782467,s3://osu-well-records-225989338968/pdfs/ExportedFolderContents_1/1923/09 - September/05100617_DUKE 1_782467.pdf,1,1923,09 - September,early,1920s,unknown,unknown,,Unclassified failure,pending,,,pending,,,,,pending,,,pending,,,pending,,,
07103035_M PAPPAN 1_1055885,s3://osu-well-records-225989338968/pdfs/ExportedFolderContents_1/1923/09 - September/07103035_M PAPPAN 1_1055885.pdf,1,1923,09 - September,early,1920s,unknown,unknown,,Unclassified failure,pending,,,pending,,,,,pending,,,pending,,,pending,,,
07103056_IKE CLUBB 3_1055914,s3://osu-well-records-225989338968/pdfs/ExportedFolderContents_1/1923/09 - September/07103056_IKE CLUBB 3_1055914.pdf,1,1923,09 - September,early,1920s,unknown,unknown,,Unclassified failure,pending,,,pending,,,,,pending,,,pending,,,pending,,,
07103065_I M CLUBB 6-A_1056008,s3://osu-well-records-225989338968/pdfs/ExportedFolderContents_1/1923/09 - September/07103065_I M CLUBB 6-A_1056008.pdf,1,1923,09 - September,early,1920s,unknown,unknown,,Unclassified failure,pending,,,pending,,,,,pending,,,pending,,,pending,,,
07103130_J BARNUM W-02_1055902,s3://osu-well-records-225989338968/pdfs/ExportedFolderContents_1/1923/09 - September/07103130_J BARNUM W-02_1055902.pdf,1,1923,09 - September,early,1920s,unknown,unknown,,Unclassified failure,pending,,,pending,,,,,pending,,,pending,,,pending,,,
07103130_J BARNUM W-02_1415490,s3://osu-well-records-225989338968/pdfs/ExportedFolderContents_1/1923/09 - September/07103130_J BARNUM W-02_1415490.pdf,1,1923,09 - September,early,1920s,unknown,unknown,,Unclassified failure,pending,,,pending,,,,,pending,,,pending,,,pending,,,
07103852_KOELLING 1_1539834,s3://osu-well-records-225989338968/pdfs/ExportedFolderContents_1/1923/09 - September/07103852_KOELLING 1_1539834.pdf,1,1923,09 - September,early,1920s,unknown,unknown,,Unclassified failure,pending,,,pending,,,,,pending,,,pending,,,pending,,,
07103931_SCHOOL LAND 21 2-A_1539862,s3://osu-well-records-225989338968/pdfs/ExportedFolderContents_1/1923/09 - September/07103931_SCHOOL LAND 21 2-A_1539862.pdf,1,1923,09 - September,early,1920s,unknown,unknown,,Unclassified failure,pending,,,pending,,,,,pending,,,pending,,,pending,,,
07103947_C W GOLTRY 2_1539839,s3://osu-well-records-225989338968/pdfs/ExportedFolderContents_1/1923/09 - September/07103947_C W GOLTRY 2_1539839.pdf,1,1923,09 - September,early,1920s,unknown,unknown,,Unclassified failure,pending,,,pending,,,,,pending,,,pending,,,pending,,,
07103958_C W GOLTRY 12_1539908,s3://osu-well-records-225989338968/pdfs/ExportedFolderContents_1/1923/09 - September/07103958_C W GOLTRY 12_1539908.pdf,1,1923,09 - September,early,1920s,unknown,unknown,,Unclassified failure,pending,,,pending,,,,,pending,,,pending,,,pending,,,
07103996_MCDANIEL 3-B_1539898,s3://osu-well-records-225989338968/pdfs/ExportedFolderContents_1/1923/09 - September/07103996_MCDANIEL 3-B_1539898.pdf,1,1923,09 - September,early,1920s,unknown,unknown,,Unclassified failure,pending,,,pending,,,,,pending,,,pending,,,pending,,,
07104020_BEVERLIN 3-B_1539895,s3://osu-well-records-225989338968/pdfs/ExportedFolderContents_1/1923/09 - September/07104020_BEVERLIN 3-B_1539895.pdf,1,1923,09 - September,early,1920s,unknown,unknown,,Unclassified failure,pending,,,pending,,,,,pending,,,pending,,,pending,,,
07104029_BEVERLIN 6-A_1539914,s3://osu-well-records-225989338968/pdfs/ExportedFolderContents_1/1923/09 - September/07104029_BEVERLIN 6-A_1539914.pdf,1,1923,09 - September,early,1920s,unknown,unknown,,Unclassified failure,pending,,,pending,,,,,pending,,,pending,,,pending,,,
07104031_F BEVERLIN 7_1539910,s3://osu-well-records-225989338968/pdfs/ExportedFolderContents_1/1923/09 - September/07104031_F BEVERLIN 7_1539910.pdf,1,1923,09 - September,early,1920s,unknown,unknown,,Unclassified failure,pending,,,pending,,,,,pending,,,pending,,,pending,,,
07104034_F BEVERLIN 8_1539866,s3://osu-well-records-225989338968/pdfs/ExportedFolderContents_1/1923/09 - September/07104034_F BEVERLIN 8_1539866.pdf,1,1923,09 - September,early,1920s,unknown,unknown,,Unclassified failure,pending,,,pending,,,,,pending,,,pending,,,pending,,,
07104041_BEVERLIN 10_1539880,s3://osu-well-records-225989338968/pdfs/ExportedFolderContents_1/1923/09 - September/07104041_BEVERLIN 10_1539880.pdf,1,1923,09 - September,early,1920s,unknown,unknown,,Unclassified failure,pending,,,pending,,,,,pending,,,pending,,,pending,,,
07104045_BEVERLIN 11-B_1539852,s3://osu-well-records-225989338968/pdfs/ExportedFolderContents_1/1923/09 - September/07104045_BEVERLIN 11-B_1539852.pdf,1,1923,09 - September,early,1920s,unknown,unknown,,Unclassified failure,pending,,,pending,,,,,pending,,,pending,,,pending,,,
07104048_BEVERLIN 12-B_1539833,s3://osu-well-records-225989338968/pdfs/ExportedFolderContents_1/1923/09 - September/07104048_BEVERLIN 12-B_1539833.pdf,1,1923,09 - September,early,1920s,unknown,unknown,,Unclassified failure,pending,,,pending,,,,,pending,,,pending,,,pending,,,
07104051_BEVERLIN 13-B_1539845,s3://osu-well-records-225989338968/pdfs/ExportedFolderContents_1/1923/09 - September/07104051_BEVERLIN 13-B_1539845.pdf,1,1923,09 - September,early,1920s,unknown,unknown,,Unclassified failure,pending,,,pending,,,,,pending,,,pending,,,pending,,,
07104063_BEVERLIN 18_1539891,s3://osu-well-records-225989338968/pdfs/ExportedFolderContents_1/1923/09 - September/07104063_BEVERLIN 18_1539891.pdf,1,1923,09 - September,early,1920s,unknown,unknown,,Unclassified failure,pending,,,pending,,,,,pending,,,pending,,,pending,,,
07104067_BEVERLIN 19_1539857,s3://osu-well-records-225989338968/pdfs/ExportedFolderContents_1/1923/09 - September/07104067_BEVERLIN 19_1539857.pdf,1,1923,09 - September,early,1920s,unknown,unknown,,Unclassified failure,pending,,,pending,,,,,pending,,,pending,,,pending,,,
07104068_BEVERLIN 20_1539886,s3://osu-well-records-225989338968/pdfs/ExportedFolderContents_1/1923/09 - September/07104068_BEVERLIN 20_1539886.pdf,1,1923,09 - September,early,1920s,unknown,unknown,,Unclassified failure,pending,,,pending,,,,,pending,,,pending,,,pending,,,
07104085_C ENDICOTT 3_1539871,s3://osu-well-records-225989338968/pdfs/ExportedFolderContents_1/1923/09 - September/07104085_C ENDICOTT 3_1539871.pdf,1,1923,09 - September,early,1920s,unknown,unknown,,Unclassified failure,pending,,,pending,,,,,pending,,,pending,,,pending,,,
07104092_C C ENDICOTT 4-B_1539856,s3://osu-well-records-225989338968/pdfs/ExportedFolderContents_1/1923/09 - September/07104092_C C ENDICOTT 4-B_1539856.pdf,1,1923,09 - September,early,1920s,unknown,unknown,,Unclassified failure,pending,,,pending,,,,,pending,,,pending,,,pending,,,
07104093_C C ENDICOTT 4-C_1539915,s3://osu-well-records-225989338968/pdfs/ExportedFolderContents_1/1923/09 - September/07104093_C C ENDICOTT 4-C_1539915.pdf,1,1923,09 - September,early,1920s,unknown,unknown,,Unclassified failure,pending,,,pending,,,,,pending,,,pending,,,pending,,,
07104099_C C ENDICOTT 6_1539903,s3://osu-well-records-225989338968/pdfs/ExportedFolderContents_1/1923/09 - September/07104099_C C ENDICOTT 6_1539903.pdf,1,1923,09 - September,early,1920s,unknown,unknown,,Unclassified failure,pending,,,pending,,,,,pending,,,pending,,,pending,,,
07104106_C ENDICOTT 7-B_1539912,s3://osu-well-records-225989338968/pdfs/ExportedFolderContents_1/1923/09 - September/07104106_C ENDICOTT 7-B_1539912.pdf,1,1923,09 - September,early,1920s,unknown,unknown,,Unclassified failure,pending,,,pending,,,,,pending,,,pending,,,pending,,,
07104113_C ENDICOTT 9-A_1539842,s3://osu-well-records-225989338968/pdfs/ExportedFolderContents_1/1923/09 - September/07104113_C ENDICOTT 9-A_1539842.pdf,1,1923,09 - September,early,1920s,unknown,unknown,,Unclassified failure,pending,,,pending,,,,,pending,,,pending,,,pending,,,
07104151_C C ENDICOTT 9-B_1539860,s3://osu-well-records-225989338968/pdfs/ExportedFolderContents_1/1923/09 - September/07104151_C C ENDICOTT 9-B_1539860.pdf,1,1923,09 - September,early,1920s,unknown,unknown,,Unclassified failure,pending,,,pending,,,,,pending,,,pending,,,pending,,,
07104195_MCKEE 40_1539846,s3://osu-well-records-225989338968/pdfs/ExportedFolderContents_1/1923/09 - September/07104195_MCKEE 40_1539846.pdf,1,1923,09 - September,early,1920s,unknown,unknown,,Unclassified failure,pending,,,pending,,,,,pending,,,pending,,,pending,,,
07104217_L ENDICOTT 3-A_1539854,s3://osu-well-records-225989338968/pdfs/ExportedFolderContents_1/1923/09 - September/07104217_L ENDICOTT 3-A_1539854.pdf,1,1923,09 - September,early,1920s,unknown,unknown,,Unclassified failure,pending,,,pending,,,,,pending,,,pending,,,pending,,,
07104228_L ENDICOTT 7-B_1539858,s3://osu-well-records-225989338968/pdfs/ExportedFolderContents_1/1923/09 - September/07104228_L ENDICOTT 7-B_1539858.pdf,1,1923,09 - September,early,1920s,unknown,unknown,,Unclassified failure,pending,,,pending,,,,,pending,,,pending,,,pending,,,
07104232_L A ENDICOTT 8-B_1539890,s3://osu-well-records-225989338968/pdfs/ExportedFolderContents_1/1923/09 - September/07104232_L A ENDICOTT 8-B_1539890.pdf,1,1923,09 - September,early,1920s,unknown,unknown,,Unclassified failure,pending,,,pending,,,,,pending,,,pending,,,pending,,,
07104262_C R OGG 4-B_1539883,s3://osu-well-records-225989338968/pdfs/ExportedFolderContents_1/1923/09 - September/07104262_C R OGG 4-B_1539883.pdf,1,1923,09 - September,early,1920s,unknown,unknown,,Unclassified failure,pending,,,pending,,,,,pending,,,pending,,,pending,,,
07104510_SCHOOL LAND 2_1539847,s3://osu-well-records-225989338968/pdfs/ExportedFolderContents_1/1923/09 - September/07104510_SCHOOL LAND 2_1539847.pdf,1,1923,09 - September,early,1920s,unknown,unknown,,Unclassified failure,pending,,,pending,,,,,pending,,,pending,,,pending,,,
07104953_KANEY 1_1539840,s3://osu-well-records-225989338968/pdfs/ExportedFolderContents_1/1923/09 - September/07104953_KANEY 1_1539840.pdf,1,1923,09 - September,early,1920s,unknown,unknown,,Unclassified failure,pending,,,pending,,,,,pending,,,pending,,,pending,,,
07900121_J P MCDOW 36_1017391,s3://osu-well-records-225989338968/pdfs/ExportedFolderContents_1/1923/09 - September/07900121_J P MCDOW 36_1017391.pdf,1,1923,09 - September,early,1920s,unknown,unknown,,Unclassified failure,pending,,,pending,,,,,pending,,,pending,,,pending,,,
07900211_F L HOLTON 37_1017392,s3://osu-well-records-225989338968/pdfs/ExportedFolderContents_1/1923/09 - September/07900211_F L HOLTON 37_1017392.pdf,1,1923,09 - September,early,1920s,unknown,unknown,,Unclassified failure,pending,,,pending,,,,,pending,,,pending,,,pending,,,
08500146_DRAUGHON 1_516794,s3://osu-well-records-225989338968/pdfs/ExportedFolderContents_1/1923/09 - September/08500146_DRAUGHON 1_516794.pdf,1,1923,09 - September,early,1920s,unknown,unknown,,Unclassified failure,pending,,,pending,,,,,pending,,,pending,,,pending,,,
09900867_LAEL 1_589695,s3://osu-well-records-225989338968/pdfs/ExportedFolderContents_1/1923/09 - September/09900867_LAEL 1_589695.pdf,1,1923,09 - September,early,1920s,unknown,unknown,,Unclassified failure,pending,,,pending,,,,,pending,,,pending,,,pending,,,
10101237_H JAMES 3_1364661,s3://osu-well-records-225989338968/pdfs/ExportedFolderContents_1/1923/09 - September/10101237_H JAMES 3_1364661.pdf,1,1923,09 - September,early,1920s,unknown,unknown,,Unclassified failure,pending,,,pending,,,,,pending,,,pending,,,pending,,,
10302887_BLUBAUGH 18_1539897,s3://osu-well-records-225989338968/pdfs/ExportedFolderContents_1/1923/09 - September/10302887_BLUBAUGH 18_1539897.pdf,1,1923,09 - September,early,1920s,unknown,unknown,,Unclassified failure,pending,,,pending,,,,,pending,,,pending,,,pending,,,
10302901_BLUBAUGH 9-A_1539868,s3://osu-well-records-225989338968/pdfs/ExportedFolderContents_1/1923/09 - September/10302901_BLUBAUGH 9-A_1539868.pdf,1,1923,09 - September,early,1920s,unknown,unknown,,Unclassified failure,pending,,,pending,,,,,pending,,,pending,,,pending,,,
10303060_LEE SHAWVER 56_1539838,s3://osu-well-records-225989338968/pdfs/ExportedFolderContents_1/1923/09 - September/10303060_LEE SHAWVER 56_1539838.pdf,1,1923,09 - September,early,1920s,unknown,unknown,,Unclassified failure,pending,,,pending,,,,,pending,,,pending,,,pending,,,
10303060_LEE SHAWVER 56_50900776,s3://osu-well-records-225989338968/pdfs/ExportedFolderContents_1/1923/09 - September/10303060_LEE SHAWVER 56_50900776.pdf,1,1923,09 - September,early,1920s,unknown,unknown,,Unclassified failure,pending,,,pending,,,,,pending,,,pending,,,pending,,,
10303155_CARMICHAEL 12-A_1539874,s3://osu-well-records-225989338968/pdfs/ExportedFolderContents_1/1923/09 - September/10303155_CARMICHAEL 12-A_1539874.pdf,1,1923,09 - September,early,1920s,unknown,unknown,,Unclassified failure,pending,,,pending,,,,,pending,,,pending,,,pending,,,
10303155_CARMICHAEL 12-A_50981267,s3://osu-well-records-225989338968/pdfs/ExportedFolderContents_1/1923/09 - September/10303155_CARMICHAEL 12-A_50981267.pdf,1,1923,09 - September,early,1920s,unknown,unknown,,Unclassified failure,pending,,,pending,,,,,pending,,,pending,,,pending,,,
10303156_CARMICHAEL 12-B_1539885,s3://osu-well-records-225989338968/pdfs/ExportedFolderContents_1/1923/09 - September/10303156_CARMICHAEL 12-B_1539885.pdf,1,1923,09 - September,early,1920s,unknown,unknown,,Unclassified failure,pending,,,pending,,,,,pending,,,pending,,,pending,,,
10303156_CARMICHAEL 12-B_50981268,s3://osu-well-records-225989338968/pdfs/ExportedFolderContents_1/1923/09 - September/10303156_CARMICHAEL 12-B_50981268.pdf,1,1923,09 - September,early,1920s,unknown,unknown,,Unclassified failure,pending,,,pending,,,,,pending,,,pending,,,pending,,,
10303165_CARMICHAEL 15-B_1539893,s3://osu-well-records-225989338968/pdfs/ExportedFolderContents_1/1923/09 - September/10303165_CARMICHAEL 15-B_1539893.pdf,1,1923,09 - September,early,1920s,unknown,unknown,,Unclassified failure,pending,,,pending,,,,,pending,,,pending,,,pending,,,
10303165_CARMICHAEL 15-B_50981278,s3://osu-well-records-225989338968/pdfs/ExportedFolderContents_1/1923/09 - September/10303165_CARMICHAEL 15-B_50981278.pdf,1,1923,09 - September,early,1920s,unknown,unknown,,Unclassified failure,pending,,,pending,,,,,pending,,,pending,,,pending,,,
10303169_CARMICHAEL 17-A_1539888,s3://osu-well-records-225989338968/pdfs/ExportedFolderContents_1/1923/09 - September/10303169_CARMICHAEL 17-A_1539888.pdf,1,1923,09 - September,early,1920s,unknown,unknown,,Unclassified failure,pending,,,pending,,,,,pending,,,pending,,,pending,,,
10303169_CARMICHAEL 17-A_50981281,s3://osu-well-records-225989338968/pdfs/ExportedFolderContents_1/1923/09 - September/10303169_CARMICHAEL 17-A_50981281.pdf,1,1923,09 - September,early,1920s,unknown,unknown,,Unclassified failure,pending,,,pending,,,,,pending,,,pending,,,pending,,,
10303200_RUZEK 7-B_1539882,s3://osu-well-records-225989338968/pdfs/ExportedFolderContents_1/1923/09 - September/10303200_RUZEK 7-B_1539882.pdf,1,1923,09 - September,early,1920s,unknown,unknown,,Unclassified failure,pending,,,pending,,,,,pending,,,pending,,,pending,,,
10303207_P RUZEK 10-B_1539906,s3://osu-well-records-225989338968/pdfs/ExportedFolderContents_1/1923/09 - September/10303207_P RUZEK 10-B_1539906.pdf,1,1923,09 - September,early,1920s,unknown,unknown,,Unclassified failure,pending,,,pending,,,,,pending,,,pending,,,pending,,,
10303210_P RUZEK 11-B_1539850,s3://osu-well-records-225989338968/pdfs/ExportedFolderContents_1/1923/09 - September/10303210_P RUZEK 11-B_1539850.pdf,1,1923,09 - September,early,1920s,unknown,unknown,,Unclassified failure,pending,,,pending,,,,,pending,,,pending,,,pending,,,
10303212_P RUZEK 12-A_1539859,s3://osu-well-records-225989338968/pdfs/ExportedFolderContents_1/1923/09 - September/10303212_P RUZEK 12-A_1539859.pdf,1,1923,09 - September,early,1920s,unknown,unknown,,Unclassified failure,pending,,,pending,,,,,pending,,,pending,,,pending,,,
10303216_P RUZEK 14-A_1539917,s3://osu-well-records-225989338968/pdfs/ExportedFolderContents_1/1923/09 - September/10303216_P RUZEK 14-A_1539917.pdf,1,1923,09 - September,early,1920s,unknown,unknown,,Unclassified failure,pending,,,pending,,,,,pending,,,pending,,,pending,,,
10303218_P RUZEK 15_1539899,s3://osu-well-records-225989338968/pdfs/ExportedFolderContents_1/1923/09 - September/10303218_P RUZEK 15_1539899.pdf,1,1923,09 - September,early,1920s,unknown,unknown,,Unclassified failure,pending,,,pending,,,,,pending,,,pending,,,pending,,,
10303219_P RUZEK 15-A_1539907,s3://osu-well-records-225989338968/pdfs/ExportedFolderContents_1/1923/09 - September/10303219_P RUZEK 15-A_1539907.pdf,1,1923,09 - September,early,1920s,unknown,unknown,,Unclassified failure,pending,,,pending,,,,,pending,,,pending,,,pending,,,
10303271_D.E. EVANS 14_1539884,s3://osu-well-records-225989338968/pdfs/ExportedFolderContents_1/1923/09 - September/10303271_D.E. EVANS 14_1539884.pdf,1,1923,09 - September,early,1920s,unknown,unknown,,Unclassified failure,pending,,,pending,,,,,pending,,,pending,,,pending,,,
10303279_D.E. EVANS 21_1539901,s3://osu-well-records-225989338968/pdfs/ExportedFolderContents_1/1923/09 - September/10303279_D.E. EVANS 21_1539901.pdf,1,1923,09 - September,early,1920s,unknown,unknown,,Unclassified failure,pending,,,pending,,,,,pending,,,pending,,,pending,,,
10303323_RENCE 6B_1539835,s3://osu-well-records-225989338968/pdfs/ExportedFolderContents_1/1923/09 - September/10303323_RENCE 6B_1539835.pdf,1,1923,09 - September,early,1920s,unknown,unknown,,Unclassified failure,pending,,,pending,,,,,pending,,,pending,,,pending,,,
10303335_RENCE 10A_1539841,s3://osu-well-records-225989338968/pdfs/ExportedFolderContents_1/1923/09 - September/10303335_RENCE 10A_1539841.pdf,1,1923,09 - September,early,1920s,unknown,unknown,,Unclassified failure,pending,,,pending,,,,,pending,,,pending,,,pending,,,
10303404_JOHNSON 1_1539889,s3://osu-well-records-225989338968/pdfs/ExportedFolderContents_1/1923/09 - September/10303404_JOHNSON 1_1539889.pdf,1,1923,09 - September,early,1920s,unknown,unknown,,Unclassified failure,pending,,,pending,,,,,pending,,,pending,,,pending,,,
10501780_WOODS 2_1618592,s3://osu-well-records-225989338968/pdfs/ExportedFolderContents_1/1923/09 - September/10501780_WOODS 2_1618592.pdf,1,1923,09 - September,early,1920s,unknown,unknown,,Unclassified failure,pending,,,pending,,,,,pending,,,pending,,,pending,,,
10501781_WOODS 3_1618603,s3://osu-well-records-225989338968/pdfs/ExportedFolderContents_1/1923/09 - September/10501781_WOODS 3_1618603.pdf,1,1923,09 - September,early,1920s,unknown,unknown,,Unclassified failure,pending,,,pending,,,,,pending,,,pending,,,pending,,,
10501786_ROBERTS 1_1618578,s3://osu-well-records-225989338968/pdfs/ExportedFolderContents_1/1923/09 - September/10501786_ROBERTS 1_1618578.pdf,1,1923,09 - September,early,1920s,unknown,unknown,,Unclassified failure,pending,,,pending,,,,,pending,,,pending,,,pending,,,
10502045_J DODGE 11_1618584,s3://osu-well-records-225989338968/pdfs/ExportedFolderContents_1/1923/09 - September/10502045_J DODGE 11_1618584.pdf,1,1923,09 - September,early,1920s,unknown,unknown,,Unclassified failure,pending,,,pending,,,,,pending,,,pending,,,pending,,,
10504021_JOHN A BELL 1_1415503,s3://osu-well-records-225989338968/pdfs/ExportedFolderContents_1/1923/09 - September/10504021_JOHN A BELL 1_1415503.pdf,1,1923,09 - September,early,1920s,unknown,unknown,,Unclassified failure,pending,,,pending,,,,,pending,,,pending,,,pending,,,
10524429_WOOD 1_1618571,s3://osu-well-records-225989338968/pdfs/ExportedFolderContents_1/1923/09 - September/10524429_WOOD 1_1618571.pdf,1,1923,09 - September,early,1920s,unknown,unknown,,Unclassified failure,pending,,,pending,,,,,pending,,,pending,,,pending,,,
10704076_THOMPSON 2_1055961,s3://osu-well-records-225989338968/pdfs/ExportedFolderContents_1/1923/09 - September/10704076_THOMPSON 2_1055961.pdf,1,1923,09 - September,early,1920s,unknown,unknown,,Unclassified failure,pending,,,pending,,,,,pending,,,pending,,,pending,,,
11103740_HAVERCAMP 4_1395403,s3://osu-well-records-225989338968/pdfs/ExportedFolderContents_1/1923/09 - September/11103740_HAVERCAMP 4_1395403.pdf,1,1923,09 - September,early,1920s,unknown,unknown,,Unclassified failure,pending,,,pending,,,,,pending,,,pending,,,pending,,,
11105002_MCINTOSH (FEWELL) 1A_1055974,s3://osu-well-records-225989338968/pdfs/ExportedFolderContents_1/1923/09 - September/11105002_MCINTOSH (FEWELL) 1A_1055974.pdf,1,1923,09 - September,early,1920s,unknown,unknown,,Unclassified failure,pending,,,pending,,,,,pending,,,pending,,,pending,,,
11109894_Sullenberger 3_1055876,s3://osu-well-records-225989338968/pdfs/ExportedFolderContents_1/1923/09 - September/11109894_Sullenberger 3_1055876.pdf,1,1923,09 - September,early,1920s,unknown,unknown,,Unclassified failure,pending,,,pending,,,,,pending,,,pending,,,pending,,,
11110026_E LONDON 2_1056009,s3://osu-well-records-225989338968/pdfs/ExportedFolderContents_1/1923/09 - September/11110026_E LONDON 2_1056009.pdf,1,1923,09 - September,early,1920s,unknown,unknown,,Unclassified failure,pending,,,pending,,,,,pending,,,pending,,,pending,,,
11110035_No Data_1055936,s3://osu-well-records-225989338968/pdfs/ExportedFolderContents_1/1923/09 - September/11110035_No Data_1055936.pdf,1,1923,09 - September,early,1920s,unknown,unknown,,Unclassified failure,pending,,,pending,,,,,pending,,,pending,,,pending,,,
11110079_FARRAR 4-A_1056010,s3://osu-well-records-225989338968/pdfs/ExportedFolderContents_1/1923/09 - September/11110079_FARRAR 4-A_1056010.pdf,1,1923,09 - September,early,1920s,unknown,unknown,,Unclassified failure,pending,,,pending,,,,,pending,,,pending,,,pending,,,
11110222_GRACIE JOHNSON 1_1364668,s3://osu-well-records-225989338968/pdfs/ExportedFolderContents_1/1923/09 - September/11110222_GRACIE JOHNSON 1_1364668.pdf,1,1923,09 - September,early,1920s,unknown,unknown,,Unclassified failure,pending,,,pending,,,,,pending,,,pending,,,pending,,,
11110426_EDDIE LEWIS 2_1221014,s3://osu-well-records-225989338968/pdfs/ExportedFolderContents_1/1923/09 - September/11110426_EDDIE LEWIS 2_1221014.pdf,1,1923,09 - September,early,1920s,unknown,unknown,,Unclassified failure,pending,,,pending,,,,,pending,,,pending,,,pending,,,
11110428_EDDIE LEWIS 5_1220505,s3://osu-well-records-225989338968/pdfs/ExportedFolderContents_1/1923/09 - September/11110428_EDDIE LEWIS 5_1220505.pdf,1,1923,09 - September,early,1920s,unknown,unknown,,Unclassified failure,pending,,,pending,,,,,pending,,,pending,,,pending,,,
11702037_CUNNINGHAM 1_1055971,s3://osu-well-records-225989338968/pdfs/ExportedFolderContents_1/1923/09 - September/11702037_CUNNINGHAM 1_1055971.pdf,1,1923,09 - September,early,1920s,unknown,unknown,,Unclassified failure,pending,,,pending,,,,,pending,,,pending,,,pending,,,
11703258_SARGANT 1_1055880,s3://osu-well-records-225989338968/pdfs/ExportedFolderContents_1/1923/09 - September/11703258_SARGANT 1_1055880.pdf,1,1923,09 - September,early,1920s,unknown,unknown,,Unclassified failure,pending,,,pending,,,,,pending,,,pending,,,pending,,,
11903370_No Data_1055891,s3://osu-well-records-225989338968/pdfs/ExportedFolderContents_1/1923/09 - September/11903370_No Data_1055891.pdf,1,1923,09 - September,early,1920s,unknown,unknown,,Unclassified failure,pending,,,pending,,,,,pending,,,pending,,,pending,,,
11904229_TURPIN 1_1055879,s3://osu-well-records-225989338968/pdfs/ExportedFolderContents_1/1923/09 - September/11904229_TURPIN 1_1055879.pdf,1,1923,09 - September,early,1920s,unknown,unknown,,Unclassified failure,pending,,,pending,,,,,pending,,,pending,,,pending,,,
12300761_HYDE-SHIELDS 2_589694,s3://osu-well-records-225989338968/pdfs/ExportedFolderContents_1/1923/09 - September/12300761_HYDE-SHIELDS 2_589694.pdf,1,1923,09 - September,early,1920s,unknown,unknown,,Unclassified failure,pending,,,pending,,,,,pending,,,pending,,,pending,,,
12304508_WATSON 1_589691,s3://osu-well-records-225989338968/pdfs/ExportedFolderContents_1/1923/09 - September/12304508_WATSON 1_589691.pdf,1,1923,09 - September,early,1920s,unknown,unknown,,Unclassified failure,pending,,,pending,,,,,pending,,,pending,,,pending,,,
13101262_CROMER 1_1618566,s3://osu-well-records-225989338968/pdfs/ExportedFolderContents_1/1923/09 - September/13101262_CROMER 1_1618566.pdf,1,1923,09 - September,early,1920s,unknown,unknown,,Unclassified failure,pending,,,pending,,,,,pending,,,pending,,,pending,,,
13102893_PEARSON 2_1618606,s3://osu-well-records-225989338968/pdfs/ExportedFolderContents_1/1923/09 - September/13102893_PEARSON 2_1618606.pdf,1,1923,09 - September,early,1920s,unknown,unknown,,Unclassified failure,pending,,,pending,,,,,pending,,,pending,,,pending,,,
13103289_KORNEGAY 2_1618567,s3://osu-well-records-225989338968/pdfs/ExportedFolderContents_1/1923/09 - September/13103289_KORNEGAY 2_1618567.pdf,1,1923,09 - September,early,1920s,unknown,unknown,,Unclassified failure,pending,,,pending,,,,,pending,,,pending,,,pending,,,
13306876_ED PARKER 1_589699,s3://osu-well-records-225989338968/pdfs/ExportedFolderContents_1/1923/09 - September/13306876_ED PARKER 1_589699.pdf,1,1923,09 - September,early,1920s,unknown,unknown,,Unclassified failure,pending,,,pending,,,,,pending,,,pending,,,pending,,,
13306885_D A LONG 1_589696,s3://osu-well-records-225989338968/pdfs/ExportedFolderContents_1/1923/09 - September/13306885_D A LONG 1_589696.pdf,1,1923,09 - September,early,1920s,unknown,unknown,,Unclassified failure,pending,,,pending,,,,,pending,,,pending,,,pending,,,
13306964_A M SERAN 1_589701,s3://osu-well-records-225989338968/pdfs/ExportedFolderContents_1/1923/09 - September/13306964_A M SERAN 1_589701.pdf,1,1923,09 - September,early,1920s,unknown,unknown,,Unclassified failure,pending,,,pending,,,,,pending,,,pending,,,pending,,,
13306973_E P NORTHERN 2_589692,s3://osu-well-records-225989338968/pdfs/ExportedFolderContents_1/1923/09 - September/13306973_E P NORTHERN 2_589692.pdf,1,1923,09 - September,early,1920s,unknown,unknown,,Unclassified failure,pending,,,pending,,,,,pending,,,pending,,,pending,,,
13701999_L WILLIS 4_921066,s3://osu-well-records-225989338968/pdfs/ExportedFolderContents_1/1923/09 - September/13701999_L WILLIS 4_921066.pdf,1,1923,09 - September,early,1920s,unknown,unknown,,Unclassified failure,pending,,,pending,,,,,pending,,,pending,,,pending,,,
13702057_HEENAN FARRIS 2_921095,s3://osu-well-records-225989338968/pdfs/ExportedFolderContents_1/1923/09 - September/13702057_HEENAN FARRIS 2_921095.pdf,1,1923,09 - September,early,1920s,unknown,unknown,,Unclassified failure,pending,,,pending,,,,,pending,,,pending,,,pending,,,
13709828_T H MAXEY 3_782471,s3://osu-well-records-225989338968/pdfs/ExportedFolderContents_1/1923/09 - September/13709828_T H MAXEY 3_782471.pdf,1,1923,09 - September,early,1920s,unknown,unknown,,Unclassified failure,pending,,,pending,,,,,pending,,,pending,,,pending,,,
13709852_J R FUNK 7 DD_782476,s3://osu-well-records-225989338968/pdfs/ExportedFolderContents_1/1923/09 - September/13709852_J R FUNK 7 DD_782476.pdf,1,1923,09 - September,early,1920s,unknown,unknown,,Unclassified failure,pending,,,pending,,,,,pending,,,pending,,,pending,,,
13710530_R H BROWN 4_5765155,s3://osu-well-records-225989338968/pdfs/ExportedFolderContents_1/1923/09 - September/13710530_R H BROWN 4_5765155.pdf,1,1923,09 - September,early,1920s,unknown,unknown,,Unclassified failure,pending,,,pending,,,,,pending,,,pending,,,pending,,,
13710530_R H BROWN 4_921061,s3://osu-well-records-225989338968/pdfs/ExportedFolderContents_1/1923/09 - September/13710530_R H BROWN 4_921061.pdf,1,1923,09 - September,early,1920s,unknown,unknown,,Unclassified failure,pending,,,pending,,,,,pending,,,pending,,,pending,,,
13710531_R H BROWN 3_5765156,s3://osu-well-records-225989338968/pdfs/ExportedFolderContents_1/1923/09 - September/13710531_R H BROWN 3_5765156.pdf,1,1923,09 - September,early,1920s,unknown,unknown,,Unclassified failure,pending,,,pending,,,,,pending,,,pending,,,pending,,,
13710531_R H BROWN 3_921083,s3://osu-well-records-225989338968/pdfs/ExportedFolderContents_1/1923/09 - September/13710531_R H BROWN 3_921083.pdf,1,1923,09 - September,early,1920s,unknown,unknown,,Unclassified failure,pending,,,pending,,,,,pending,,,pending,,,pending,,,
13710539_BOLES-DILLARD 1 1ST HOLE_5765163,s3://osu-well-records-225989338968/pdfs/ExportedFolderContents_1/1923/09 - September/13710539_BOLES-DILLARD 1 1ST HOLE_5765163.pdf,1,1923,09 - September,early,1920s,unknown,unknown,,Unclassified failure,pending,,,pending,,,,,pending,,,pending,,,pending,,,
13710714_STRYKER DOAK 4_921075,s3://osu-well-records-225989338968/pdfs/ExportedFolderContents_1/1923/09 - September/13710714_STRYKER DOAK 4_921075.pdf,1,1923,09 - September,early,1920s,unknown,unknown,,Unclassified failure,pending,,,pending,,,,,pending,,,pending,,,pending,,,
13711496_MASSEY 1_921045,s3://osu-well-records-225989338968/pdfs/ExportedFolderContents_1/1923/09 - September/13711496_MASSEY 1_921045.pdf,1,1923,09 - September,early,1920s,unknown,unknown,,Unclassified failure,pending,,,pending,,,,,pending,,,pending,,,pending,,,
00000000_No Data_1220986,s3://osu-well-records-225989338968/pdfs/ExportedFolderContents_1/1923/10 - October/00000000_No Data_1220986.pdf,1,1923,10 - October,early,1920s,unknown,unknown,,Unclassified failure,pending,,,pending,,,,,pending,,,pending,,,pending,,,
01908885_F E TUCKER 2_921123,s3://osu-well-records-225989338968/pdfs/ExportedFolderContents_1/1923/10 - October/01908885_F E TUCKER 2_921123.pdf,1,1923,10 - October,early,1920s,unknown,unknown,,Unclassified failure,pending,,,pending,,,,,pending,,,pending,,,pending,,,
01908886_CALVIN JEFFERSON 1_921147,s3://osu-well-records-225989338968/pdfs/ExportedFolderContents_1/1923/10 - October/01908886_CALVIN JEFFERSON 1_921147.pdf,1,1923,10 - October,early,1920s,unknown,unknown,,Unclassified failure,pending,,,pending,,,,,pending,,,pending,,,pending,,,
01909134_J H BENNETT 11 (S GRAHAM DEESE SAND UNIT 1-11)_921110,s3://osu-well-records-225989338968/pdfs/ExportedFolderContents_1/1923/10 - October/01909134_J H BENNETT 11 (S GRAHAM DEESE SAND UNIT 1-11)_921110.pdf,1,1923,10 - October,early,1920s,unknown,unknown,,Unclassified failure,pending,,,pending,,,,,pending,,,pending,,,pending,,,
01909274_F E WATKINS 7_921125,s3://osu-well-records-225989338968/pdfs/ExportedFolderContents_1/1923/10 - October/01909274_F E WATKINS 7_921125.pdf,1,1923,10 - October,early,1920s,unknown,unknown,,Unclassified failure,pending,,,pending,,,,,pending,,,pending,,,pending,,,
01909697_FEE 4 FEE_921153,s3://osu-well-records-225989338968/pdfs/ExportedFolderContents_1/1923/10 - October/01909697_FEE 4 FEE_921153.pdf,1,1923,10 - October,early,1920s,unknown,unknown,,Unclassified failure,pending,,,pending,,,,,pending,,,pending,,,pending,,,
01909966_BROOKS 1_921141,s3://osu-well-records-225989338968/pdfs/ExportedFolderContents_1/1923/10 - October/01909966_BROOKS 1_921141.pdf,1,1923,10 - October,early,1920s,unknown,unknown,,Unclassified failure,pending,,,pending,,,,,pending,,,pending,,,pending,,,
01909982_DOLMAN 1_921142,s3://osu-well-records-225989338968/pdfs/ExportedFolderContents_1/1923/10 - October/01909982_DOLMAN 1_921142.pdf,1,1923,10 - October,early,1920s,unknown,unknown,,Unclassified failure,pending,,,pending,,,,,pending,,,pending,,,pending,,,
01910366_C E HOLMAN 1_921114,s3://osu-well-records-225989338968/pdfs/ExportedFolderContents_1/1923/10 - October/01910366_C E HOLMAN 1_921114.pdf,1,1923,10 - October,early,1920s,unknown,unknown,,Unclassified failure,pending,,,pending,,,,,pending,,,pending,,,pending,,,
01910377_G A NELSON 3_921132,s3://osu-well-records-225989338968/pdfs/ExportedFolderContents_1/1923/10 - October/01910377_G A NELSON 3_921132.pdf,1,1923,10 - October,early,1920s,unknown,unknown,,Unclassified failure,pending,,,pending,,,,,pending,,,pending,,,pending,,,
01910662_WALKER VOORHEES 11_921126,s3://osu-well-records-225989338968/pdfs/ExportedFolderContents_1/1923/10 - October/01910662_WALKER VOORHEES 11_921126.pdf,1,1923,10 - October,early,1920s,unknown,unknown,,Unclassified failure,pending,,,pending,,,,,pending,,,pending,,,pending,,,
01910979_PALMER 6_921146,s3://osu-well-records-225989338968/pdfs/ExportedFolderContents_1/1923/10 - October/01910979_PALMER 6_921146.pdf,1,1923,10 - October,early,1920s,unknown,unknown,,Unclassified failure,pending,,,pending,,,,,pending,,,pending,,,pending,,,
01910979_PALMER 6_921148,s3://osu-well-records-225989338968/pdfs/ExportedFolderContents_1/1923/10 - October/01910979_PALMER 6_921148.pdf,1,1923,10 - October,early,1920s,unknown,unknown,,Unclassified failure,pending,,,pending,,,,,pending,,,pending,,,pending,,,
01911362_DILLARD 16_921109,s3://osu-well-records-225989338968/pdfs/ExportedFolderContents_1/1923/10 - October/01911362_DILLARD 16_921109.pdf,1,1923,10 - October,early,1920s,unknown,unknown,,Unclassified failure,pending,,,pending,,,,,pending,,,pending,,,pending,,,
01911390_DILLARD 58_921115,s3://osu-well-records-225989338968/pdfs/ExportedFolderContents_1/1923/10 - October/01911390_DILLARD 58_921115.pdf,1,1923,10 - October,early,1920s,unknown,unknown,,Unclassified failure,pending,,,pending,,,,,pending,,,pending,,,pending,,,
01911430_DILLARD 110_921107,s3://osu-well-records-225989338968/pdfs/ExportedFolderContents_1/1923/10 - October/01911430_DILLARD 110_921107.pdf,1,1923,10 - October,early,1920s,unknown,unknown,,Unclassified failure,pending,,,pending,,,,,pending,,,pending,,,pending,,,
01911504_CUBBY DILLARD 12_921120,s3://osu-well-records-225989338968/pdfs/ExportedFolderContents_1/1923/10 - October/01911504_CUBBY DILLARD 12_921120.pdf,1,1923,10 - October,early,1920s,unknown,unknown,,Unclassified failure,pending,,,pending,,,,,pending,,,pending,,,pending,,,
01912557_J B CRINER 2_516811,s3://osu-well-records-225989338968/pdfs/ExportedFolderContents_1/1923/10 - October/01912557_J B CRINER 2_516811.pdf,1,1923,10 - October,early,1920s,unknown,unknown,,Unclassified failure,pending,,,pending,,,,,pending,,,pending,,,pending,,,
01914300_FOWLER 1_921112,s3://osu-well-records-225989338968/pdfs/ExportedFolderContents_1/1923/10 - October/01914300_FOWLER 1_921112.pdf,1,1923,10 - October,early,1920s,unknown,unknown,,Unclassified failure,pending,,,pending,,,,,pending,,,pending,,,pending,,,
01914309_PIERCE 5_921129,s3://osu-well-records-225989338968/pdfs/ExportedFolderContents_1/1923/10 - October/01914309_PIERCE 5_921129.pdf,1,1923,10 - October,early,1920s,unknown,unknown,,Unclassified failure,pending,,,pending,,,,,pending,,,pending,,,pending,,,
03700657_KIMBLE-READING 1_1056082,s3://osu-well-records-225989338968/pdfs/ExportedFolderContents_1/1923/10 - October/03700657_KIMBLE-READING 1_1056082.pdf,1,1923,10 - October,early,1920s,unknown,unknown,,Unclassified failure,pending,,,pending,,,,,pending,,,pending,,,pending,,,
03701244_JOSEPH MAYS B-8_1056019,s3://osu-well-records-225989338968/pdfs/ExportedFolderContents_1/1923/10 - October/03701244_JOSEPH MAYS B-8_1056019.pdf,1,1923,10 - October,early,1920s,unknown,unknown,,Unclassified failure,pending,,,pending,,,,,pending,,,pending,,,pending,,,
03702719_FRANK REED 1_1056056,s3://osu-well-records-225989338968/pdfs/ExportedFolderContents_1/1923/10 - October/03702719_FRANK REED 1_1056056.pdf,1,1923,10 - October,early,1920s,unknown,unknown,,Unclassified failure,pending,,,pending,,,,,pending,,,pending,,,pending,,,
03702964_CYNTHIA JACOBS 5_1056106,s3://osu-well-records-225989338968/pdfs/ExportedFolderContents_1/1923/10 - October/03702964_CYNTHIA JACOBS 5_1056106.pdf,1,1923,10 - October,early,1920s,unknown,unknown,,Unclassified failure,pending,,,pending,,,,,pending,,,pending,,,pending,,,
03704184_J WISENER 3_1056035,s3://osu-well-records-225989338968/pdfs/ExportedFolderContents_1/1923/10 - October/03704184_J WISENER 3_1056035.pdf,1,1923,10 - October,early,1920s,unknown,unknown,,Unclassified failure,pending,,,pending,,,,,pending,,,pending,,,pending,,,
03705352_ANDY BRUNER 2_1056057,s3://osu-well-records-225989338968/pdfs/ExportedFolderContents_1/1923/10 - October/03705352_ANDY BRUNER 2_1056057.pdf,1,1923,10 - October,early,1920s,unknown,unknown,,Unclassified failure,pending,,,pending,,,,,pending,,,pending,,,pending,,,
03707284_L CANADY 5A_1056061,s3://osu-well-records-225989338968/pdfs/ExportedFolderContents_1/1923/10 - October/03707284_L CANADY 5A_1056061.pdf,1,1923,10 - October,early,1920s,unknown,unknown,,Unclassified failure,pending,,,pending,,,,,pending,,,pending,,,pending,,,
03708939_LESTA KEYS 23_1056121,s3://osu-well-records-225989338968/pdfs/ExportedFolderContents_1/1923/10 - October/03708939_LESTA KEYS 23_1056121.pdf,1,1923,10 - October,early,1920s,unknown,unknown,,Unclassified failure,pending,,,pending,,,,,pending,,,pending,,,pending,,,
03709329_FRANK INGALLS 1_1056031,s3://osu-well-records-225989338968/pdfs/ExportedFolderContents_1/1923/10 - October/03709329_FRANK INGALLS 1_1056031.pdf,1,1923,10 - October,early,1920s,unknown,unknown,,Unclassified failure,pending,,,pending,,,,,pending,,,pending,,,pending,,,
03709900_AHROKELN TATTIE 4_1056046,s3://osu-well-records-225989338968/pdfs/ExportedFolderContents_1/1923/10 - October/03709900_AHROKELN TATTIE 4_1056046.pdf,1,1923,10 - October,early,1920s,unknown,unknown,,Unclassified failure,pending,,,pending,,,,,pending,,,pending,,,pending,,,
03714401_M KELLY 4_1056064,s3://osu-well-records-225989338968/pdfs/ExportedFolderContents_1/1923/10 - October/03714401_M KELLY 4_1056064.pdf,1,1923,10 - October,early,1920s,unknown,unknown,,Unclassified failure,pending,,,pending,,,,,pending,,,pending,,,pending,,,
03716050_THOMAS ATKINS 23_1221204,s3://osu-well-records-225989338968/pdfs/ExportedFolderContents_1/1923/10 - October/03716050_THOMAS ATKINS 23_1221204.pdf,1,1923,10 - October,early,1920s,unknown,unknown,,Unclassified failure,pending,,,pending,,,,,pending,,,pending,,,pending,,,
03719387_BEOMA FARRIS 3_1056097,s3://osu-well-records-225989338968/pdfs/ExportedFolderContents_1/1923/10 - October/03719387_BEOMA FARRIS 3_1056097.pdf,1,1923,10 - October,early,1920s,unknown,unknown,,Unclassified failure,pending,,,pending,,,,,pending,,,pending,,,pending,,,
03770592_L YAHOLA 7_1056029,s3://osu-well-records-225989338968/pdfs/ExportedFolderContents_1/1923/10 - October/03770592_L YAHOLA 7_1056029.pdf,1,1923,10 - October,early,1920s,unknown,unknown,,Unclassified failure,pending,,,pending,,,,,pending,,,pending,,,pending,,,
04700489_MILLARD 1_1539967,s3://osu-well-records-225989338968/pdfs/ExportedFolderContents_1/1923/10 - October/04700489_MILLARD 1_1539967.pdf,1,1923,10 - October,early,1920s,unknown,unknown,,Unclassified failure,pending,,,pending,,,,,pending,,,pending,,,pending,,,
04702254_R R KISNER WEST 17_1539951,s3://osu-well-records-225989338968/pdfs/ExportedFolderContents_1/1923/10 - October/04702254_R R KISNER WEST 17_1539951.pdf,1,1923,10 - October,early,1920s,unknown,unknown,,Unclassified failure,pending,,,pending,,,,,pending,,,pending,,,pending,,,
04702345_HARMON 1_1539948,s3://osu-well-records-225989338968/pdfs/ExportedFolderContents_1/1923/10 - October/04702345_HARMON 1_1539948.pdf,1,1923,10 - October,early,1920s,unknown,unknown,,Unclassified failure,pending,,,pending,,,,,pending,,,pending,,,pending,,,
04702714_C K WALKER SOUTH 22_1539947,s3://osu-well-records-225989338968/pdfs/ExportedFolderContents_1/1923/10 - October/04702714_C K WALKER SOUTH 22_1539947.pdf,1,1923,10 - October,early,1920s,unknown,unknown,,Unclassified failure,pending,,,pending,,,,,pending,,,pending,,,pending,,,
04702715_C K WALKER SOUTH 23_1539975,s3://osu-well-records-225989338968/pdfs/ExportedFolderContents_1/1923/10 - October/04702715_C K WALKER SOUTH 23_1539975.pdf,1,1923,10 - October,early,1920s,unknown,unknown,,Unclassified failure,pending,,,pending,,,,,pending,,,pending,,,pending,,,
04703068_SCHOOL LAND 1_1539931,s3://osu-well-records-225989338968/pdfs/ExportedFolderContents_1/1923/10 - October/04703068_SCHOOL LAND 1_1539931.pdf,1,1923,10 - October,early,1920s,unknown,unknown,,Unclassified failure,pending,,,pending,,,,,pending,,,pending,,,pending,,,
04900787_THOMAS PERNELL A-2-DD_782486,s3://osu-well-records-225989338968/pdfs/ExportedFolderContents_1/1923/10 - October/04900787_THOMAS PERNELL A-2-DD_782486.pdf,1,1923,10 - October,early,1920s,unknown,unknown,,Unclassified failure,pending,,,pending,,,,,pending,,,pending,,,pending,,,
04901018_RINGER GANN 2_782501,s3://osu-well-records-225989338968/pdfs/ExportedFolderContents_1/1923/10 - October/04901018_RINGER GANN 2_782501.pdf,1,1923,10 - October,early,1920s,unknown,unknown,,Unclassified failure,pending,,,pending,,,,,pending,,,pending,,,pending,,,
04901019_ZARA GANN 5_782507,s3://osu-well-records-225989338968/pdfs/ExportedFolderContents_1/1923/10 - October/04901019_ZARA GANN 5_782507.pdf,1,1923,10 - October,early,1920s,unknown,unknown,,Unclassified failure,pending,,,pending,,,,,pending,,,pending,,,pending,,,
04901085_THOMAS PERNELL B-2-DD_782497,s3://osu-well-records-225989338968/pdfs/ExportedFolderContents_1/1923/10 - October/04901085_THOMAS PERNELL B-2-DD_782497.pdf,1,1923,10 - October,early,1920s,unknown,unknown,,Unclassified failure,pending,,,pending,,,,,pending,,,pending,,,pending,,,
04901108_S H COWAN 22_782484,s3://osu-well-records-225989338968/pdfs/ExportedFolderContents_1/1923/10 - October/04901108_S H COWAN 22_782484.pdf,1,1923,10 - October,early,1920s,unknown,unknown,,Unclassified failure,pending,,,pending,,,,,pending,,,pending,,,pending,,,
04901157_GIBSON-ROSE 3_782505,s3://osu-well-records-225989338968/pdfs/ExportedFolderContents_1/1923/10 - October/04901157_GIBSON-ROSE 3_782505.pdf,1,1923,10 - October,early,1920s,unknown,unknown,,Unclassified failure,pending,,,pending,,,,,pending,,,pending,,,pending,,,
04935383_P W RICHARDSON 9_782490,s3://osu-well-records-225989338968/pdfs/ExportedFolderContents_1/1923/10 - October/04935383_P W RICHARDSON 9_782490.pdf,1,1923,10 - October,early,1920s,unknown,unknown,,Unclassified failure,pending,,,pending,,,,,pending,,,pending,,,pending,,,
05100162_SHADOAN 1_782485,s3://osu-well-records-225989338968/pdfs/ExportedFolderContents_1/1923/10 - October/05100162_SHADOAN 1_782485.pdf,1,1923,10 - October,early,1920s,unknown,unknown,,Unclassified failure,pending,,,pending,,,,,pending,,,pending,,,pending,,,
05100164_GRAHAM 1_782487,s3://osu-well-records-225989338968/pdfs/ExportedFolderContents_1/1923/10 - October/05100164_GRAHAM 1_782487.pdf,1,1923,10 - October,early,1920s,unknown,unknown,,Unclassified failure,pending,,,pending,,,,,pending,,,pending,,,pending,,,
05135256_W R IRVIN 1_782493,s3://osu-well-records-225989338968/pdfs/ExportedFolderContents_1/1923/10 - October/05135256_W R IRVIN 1_782493.pdf,1,1923,10 - October,early,1920s,unknown,unknown,,Unclassified failure,pending,,,pending,,,,,pending,,,pending,,,pending,,,
05135705_PENDLEY 1_782495,s3://osu-well-records-225989338968/pdfs/ExportedFolderContents_1/1923/10 - October/05135705_PENDLEY 1_782495.pdf,1,1923,10 - October,early,1920s,unknown,unknown,,Unclassified failure,pending,,,pending,,,,,pending,,,pending,,,pending,,,
05136727_MCCAUGHTRY 1_782492,s3://osu-well-records-225989338968/pdfs/ExportedFolderContents_1/1923/10 - October/05136727_MCCAUGHTRY 1_782492.pdf,1,1923,10 - October,early,1920s,unknown,unknown,,Unclassified failure,pending,,,pending,,,,,pending,,,pending,,,pending,,,
05500325_A GRAUMANN 1_882042,s3://osu-well-records-225989338968/pdfs/ExportedFolderContents_1/1923/10 - October/05500325_A GRAUMANN 1_882042.pdf,1,1923,10 - October,early,1920s,unknown,unknown,,Unclassified failure,pending,,,pending,,,,,pending,,,pending,,,pending,,,
06700385_F ISENHART 1_921127,s3://osu-well-records-225989338968/pdfs/ExportedFolderContents_1/1923/10 - October/06700385_F ISENHART 1_921127.pdf,1,1923,10 - October,early,1920s,unknown,unknown,,Unclassified failure,pending,,,pending,,,,,pending,,,pending,,,pending,,,
07103035_M PAPPAN 1_1056086,s3://osu-well-records-225989338968/pdfs/ExportedFolderContents_1/1923/10 - October/07103035_M PAPPAN 1_1056086.pdf,1,1923,10 - October,early,1920s,unknown,unknown,,Unclassified failure,pending,,,pending,,,,,pending,,,pending,,,pending,,,
07103063_I M CLUBB 4_1056109,s3://osu-well-records-225989338968/pdfs/ExportedFolderContents_1/1923/10 - October/07103063_I M CLUBB 4_1056109.pdf,1,1923,10 - October,early,1920s,unknown,unknown,,Unclassified failure,pending,,,pending,,,,,pending,,,pending,,,pending,,,
07103102_MUNROE 1_1415560,s3://osu-well-records-225989338968/pdfs/ExportedFolderContents_1/1923/10 - October/07103102_MUNROE 1_1415560.pdf,1,1923,10 - October,early,1920s,unknown,unknown,,Unclassified failure,pending,,,pending,,,,,pending,,,pending,,,pending,,,
07103897_MAHONEY 1_1539936,s3://osu-well-records-225989338968/pdfs/ExportedFolderContents_1/1923/10 - October/07103897_MAHONEY 1_1539936.pdf,1,1923,10 - October,early,1920s,unknown,unknown,,Unclassified failure,pending,,,pending,,,,,pending,,,pending,,,pending,,,
07103933_SCHOOL LAND 21 3-A_1539959,s3://osu-well-records-225989338968/pdfs/ExportedFolderContents_1/1923/10 - October/07103933_SCHOOL LAND 21 3-A_1539959.pdf,1,1923,10 - October,early,1920s,unknown,unknown,,Unclassified failure,pending,,,pending,,,,,pending,,,pending,,,pending,,,
07103936_SCHOOL LAND 21 6_1539960,s3://osu-well-records-225989338968/pdfs/ExportedFolderContents_1/1923/10 - October/07103936_SCHOOL LAND 21 6_1539960.pdf,1,1923,10 - October,early,1920s,unknown,unknown,,Unclassified failure,pending,,,pending,,,,,pending,,,pending,,,pending,,,
07103952_C W GOLTRY 6_1539940,s3://osu-well-records-225989338968/pdfs/ExportedFolderContents_1/1923/10 - October/07103952_C W GOLTRY 6_1539940.pdf,1,1923,10 - October,early,1920s,unknown,unknown,,Unclassified failure,pending,,,pending,,,,,pending,,,pending,,,pending,,,
07103953_C W GOLTRY 7_1539924,s3://osu-well-records-225989338968/pdfs/ExportedFolderContents_1/1923/10 - October/07103953_C W GOLTRY 7_1539924.pdf,1,1923,10 - October,early,1920s,unknown,unknown,,Unclassified failure,pending,,,pending,,,,,pending,,,pending,,,pending,,,
07104050_BEVERLIN 13-A_1539935,s3://osu-well-records-225989338968/pdfs/ExportedFolderContents_1/1923/10 - October/07104050_BEVERLIN 13-A_1539935.pdf,1,1923,10 - October,early,1920s,unknown,unknown,,Unclassified failure,pending,,,pending,,,,,pending,,,pending,,,pending,,,
07104059_BEVERLIN 16-A_1539920,s3://osu-well-records-225989338968/pdfs/ExportedFolderContents_1/1923/10 - October/07104059_BEVERLIN 16-A_1539920.pdf,1,1923,10 - October,early,1920s,unknown,unknown,,Unclassified failure,pending,,,pending,,,,,pending,,,pending,,,pending,,,
07104072_BEVERLIN 22_1539937,s3://osu-well-records-225989338968/pdfs/ExportedFolderContents_1/1923/10 - October/07104072_BEVERLIN 22_1539937.pdf,1,1923,10 - October,early,1920s,unknown,unknown,,Unclassified failure,pending,,,pending,,,,,pending,,,pending,,,pending,,,
07104105_C ENDICOTT 7-1_1539942,s3://osu-well-records-225989338968/pdfs/ExportedFolderContents_1/1923/10 - October/07104105_C ENDICOTT 7-1_1539942.pdf,1,1923,10 - October,early,1920s,unknown,unknown,,Unclassified failure,pending,,,pending,,,,,pending,,,pending,,,pending,,,
07104108_C C ENDICOTT 8_1539954,s3://osu-well-records-225989338968/pdfs/ExportedFolderContents_1/1923/10 - October/07104108_C C ENDICOTT 8_1539954.pdf,1,1923,10 - October,early,1920s,unknown,unknown,,Unclassified failure,pending,,,pending,,,,,pending,,,pending,,,pending,,,
07104110_C C ENDICOTT 8-B_1539958,s3://osu-well-records-225989338968/pdfs/ExportedFolderContents_1/1923/10 - October/07104110_C C ENDICOTT 8-B_1539958.pdf,1,1923,10 - October,early,1920s,unknown,unknown,,Unclassified failure,pending,,,pending,,,,,pending,,,pending,,,pending,,,
07104193_MCKEE 38_1539964,s3://osu-well-records-225989338968/pdfs/ExportedFolderContents_1/1923/10 - October/07104193_MCKEE 38_1539964.pdf,1,1923,10 - October,early,1920s,unknown,unknown,,Unclassified failure,pending,,,pending,,,,,pending,,,pending,,,pending,,,
07104194_MCKEE 39_1539956,s3://osu-well-records-225989338968/pdfs/ExportedFolderContents_1/1923/10 - October/07104194_MCKEE 39_1539956.pdf,1,1923,10 - October,early,1920s,unknown,unknown,,Unclassified failure,pending,,,pending,,,,,pending,,,pending,,,pending,,,
07104196_MCKEE 41_1539952,s3://osu-well-records-225989338968/pdfs/ExportedFolderContents_1/1923/10 - October/07104196_MCKEE 41_1539952.pdf,1,1923,10 - October,early,1920s,unknown,unknown,,Unclassified failure,pending,,,pending,,,,,pending,,,pending,,,pending,,,
07104207_BEVERLIN 21_1539929,s3://osu-well-records-225989338968/pdfs/ExportedFolderContents_1/1923/10 - October/07104207_BEVERLIN 21_1539929.pdf,1,1923,10 - October,early,1920s,unknown,unknown,,Unclassified failure,pending,,,pending,,,,,pending,,,pending,,,pending,,,
07104235_L ENDICOTT 10_1539957,s3://osu-well-records-225989338968/pdfs/ExportedFolderContents_1/1923/10 - October/07104235_L ENDICOTT 10_1539957.pdf,1,1923,10 - October,early,1920s,unknown,unknown,,Unclassified failure,pending,,,pending,,,,,pending,,,pending,,,pending,,,
07104491_SKELTON 2_1538813,s3://osu-well-records-225989338968/pdfs/ExportedFolderContents_1/1923/10 - October/07104491_SKELTON 2_1538813.pdf,1,1923,10 - October,early,1920s,unknown,unknown,,Unclassified failure,pending,,,pending,,,,,pending,,,pending,,,pending,,,
07104599_STATE 13-4_1539946,s3://osu-well-records-225989338968/pdfs/ExportedFolderContents_1/1923/10 - October/07104599_STATE 13-4_1539946.pdf,1,1923,10 - October,early,1920s,unknown,unknown,,Unclassified failure,pending,,,pending,,,,,pending,,,pending,,,pending,,,
07900209_MITCHELL 38_1017393,s3://osu-well-records-225989338968/pdfs/ExportedFolderContents_1/1923/10 - October/07900209_MITCHELL 38_1017393.pdf,1,1923,10 - October,early,1920s,unknown,unknown,,Unclassified failure,pending,,,pending,,,,,pending,,,pending,,,pending,,,
08102884_FIERS WW 1_1056077,s3://osu-well-records-225989338968/pdfs/ExportedFolderContents_1/1923/10 - October/08102884_FIERS WW 1_1056077.pdf,1,1923,10 - October,early,1920s,unknown,unknown,,Unclassified failure,pending,,,pending,,,,,pending,,,pending,,,pending,,,
10302373_CARMICHAEL 9-B_1539973,s3://osu-well-records-225989338968/pdfs/ExportedFolderContents_1/1923/10 - October/10302373_CARMICHAEL 9-B_1539973.pdf,1,1923,10 - October,early,1920s,unknown,unknown,,Unclassified failure,pending,,,pending,,,,,pending,,,pending,,,pending,,,
10302911_BLUBAUGH 19-A_1539968,s3://osu-well-records-225989338968/pdfs/ExportedFolderContents_1/1923/10 - October/10302911_BLUBAUGH 19-A_1539968.pdf,1,1923,10 - October,early,1920s,unknown,unknown,,Unclassified failure,pending,,,pending,,,,,pending,,,pending,,,pending,,,
10302923_BLUBAUGH 11-B_1539934,s3://osu-well-records-225989338968/pdfs/ExportedFolderContents_1/1923/10 - October/10302923_BLUBAUGH 11-B_1539934.pdf,1,1923,10 - October,early,1920s,unknown,unknown,,Unclassified failure,pending,,,pending,,,,,pending,,,pending,,,pending,,,
10303067_LEE SHAWVER 63_1539928,s3://osu-well-records-225989338968/pdfs/ExportedFolderContents_1/1923/10 - October/10303067_LEE SHAWVER 63_1539928.pdf,1,1923,10 - October,early,1920s,unknown,unknown,,Unclassified failure,pending,,,pending,,,,,pending,,,pending,,,pending,,,
10303080_LEE SHAWVER 76_1539974,s3://osu-well-records-225989338968/pdfs/ExportedFolderContents_1/1923/10 - October/10303080_LEE SHAWVER 76_1539974.pdf,1,1923,10 - October,early,1920s,unknown,unknown,,Unclassified failure,pending,,,pending,,,,,pending,,,pending,,,pending,,,
10303180_CARMICHAEL 21_1539961,s3://osu-well-records-225989338968/pdfs/ExportedFolderContents_1/1923/10 - October/10303180_CARMICHAEL 21_1539961.pdf,1,1923,10 - October,early,1920s,unknown,unknown,,Unclassified failure,pending,,,pending,,,,,pending,,,pending,,,pending,,,
10303183_CARMICHAEL 22-A_1539966,s3://osu-well-records-225989338968/pdfs/ExportedFolderContents_1/1923/10 - October/10303183_CARMICHAEL 22-A_1539966.pdf,1,1923,10 - October,early,1920s,unknown,unknown,,Unclassified failure,pending,,,pending,,,,,pending,,,pending,,,pending,,,
10303183_CARMICHAEL 22-A_50981313,s3://osu-well-records-225989338968/pdfs/ExportedFolderContents_1/1923/10 - October/10303183_CARMICHAEL 22-A_50981313.pdf,1,1923,10 - October,early,1920s,unknown,unknown,,Unclassified failure,pending,,,pending,,,,,pending,,,pending,,,pending,,,
10303202_P RUZEK 8-A_1539930,s3://osu-well-records-225989338968/pdfs/ExportedFolderContents_1/1923/10 - October/10303202_P RUZEK 8-A_1539930.pdf,1,1923,10 - October,early,1920s,unknown,unknown,,Unclassified failure,pending,,,pending,,,,,pending,,,pending,,,pending,,,
10303226_A J RILEY 5_1539955,s3://osu-well-records-225989338968/pdfs/ExportedFolderContents_1/1923/10 - October/10303226_A J RILEY 5_1539955.pdf,1,1923,10 - October,early,1920s,unknown,unknown,,Unclassified failure,pending,,,pending,,,,,pending,,,pending,,,pending,,,
10303252_J A NOVOTNY B 4_1539925,s3://osu-well-records-225989338968/pdfs/ExportedFolderContents_1/1923/10 - October/10303252_J A NOVOTNY B 4_1539925.pdf,1,1923,10 - October,early,1920s,unknown,unknown,,Unclassified failure,pending,,,pending,,,,,pending,,,pending,,,pending,,,
10303256_J A NOVOTNY B 6_1539953,s3://osu-well-records-225989338968/pdfs/ExportedFolderContents_1/1923/10 - October/10303256_J A NOVOTNY B 6_1539953.pdf,1,1923,10 - October,early,1920s,unknown,unknown,,Unclassified failure,pending,,,pending,,,,,pending,,,pending,,,pending,,,
10303276_D E EVANS 18_1539932,s3://osu-well-records-225989338968/pdfs/ExportedFolderContents_1/1923/10 - October/10303276_D E EVANS 18_1539932.pdf,1,1923,10 - October,early,1920s,unknown,unknown,,Unclassified failure,pending,,,pending,,,,,pending,,,pending,,,pending,,,
10303319_RENCE 5A_1539938,s3://osu-well-records-225989338968/pdfs/ExportedFolderContents_1/1923/10 - October/10303319_RENCE 5A_1539938.pdf,1,1923,10 - October,early,1920s,unknown,unknown,,Unclassified failure,pending,,,pending,,,,,pending,,,pending,,,pending,,,
10501775_PARKS 2_1618636,s3://osu-well-records-225989338968/pdfs/ExportedFolderContents_1/1923/10 - October/10501775_PARKS 2_1618636.pdf,1,1923,10 - October,early,1920s,unknown,unknown,,Unclassified failure,pending,,,pending,,,,,pending,,,pending,,,pending,,,
10502498_ESTAS 1_1618618,s3://osu-well-records-225989338968/pdfs/ExportedFolderContents_1/1923/10 - October/10502498_ESTAS 1_1618618.pdf,1,1923,10 - October,early,1920s,unknown,unknown,,Unclassified failure,pending,,,pending,,,,,pending,,,pending,,,pending,,,
10704077_THOMPSON 3_1056067,s3://osu-well-records-225989338968/pdfs/ExportedFolderContents_1/1923/10 - October/10704077_THOMPSON 3_1056067.pdf,1,1923,10 - October,early,1920s,unknown,unknown,,Unclassified failure,pending,,,pending,,,,,pending,,,pending,,,pending,,,
10704768_Riley M 1_1056116,s3://osu-well-records-225989338968/pdfs/ExportedFolderContents_1/1923/10 - October/10704768_Riley M 1_1056116.pdf,1,1923,10 - October,early,1920s,unknown,unknown,,Unclassified failure,pending,,,pending,,,,,pending,,,pending,,,pending,,,
11105384_HOGAN 2_1056122,s3://osu-well-records-225989338968/pdfs/ExportedFolderContents_1/1923/10 - October/11105384_HOGAN 2_1056122.pdf,1,1923,10 - October,early,1920s,unknown,unknown,,Unclassified failure,pending,,,pending,,,,,pending,,,pending,,,pending,,,
11108740_Bruner Dick 6_1056062,s3://osu-well-records-225989338968/pdfs/ExportedFolderContents_1/1923/10 - October/11108740_Bruner Dick 6_1056062.pdf,1,1923,10 - October,early,1920s,unknown,unknown,,Unclassified failure,pending,,,pending,,,,,pending,,,pending,,,pending,,,
11108740_Bruner Dick 6_516805,s3://osu-well-records-225989338968/pdfs/ExportedFolderContents_1/1923/10 - October/11108740_Bruner Dick 6_516805.pdf,1,1923,10 - October,early,1920s,unknown,unknown,,Unclassified failure,pending,,,pending,,,,,pending,,,pending,,,pending,,,
11109188_MILINER 1_1062400,s3://osu-well-records-225989338968/pdfs/ExportedFolderContents_1/1923/10 - October/11109188_MILINER 1_1062400.pdf,1,1923,10 - October,early,1920s,unknown,unknown,,Unclassified failure,pending,,,pending,,,,,pending,,,pending,,,pending,,,
35103029120000_B F BLUBAUGH 20-A_8002891,s3://osu-well-records-225989338968/pdfs/ExportedFolderContents_1/1923/11 - November/35103029120000_B F BLUBAUGH 20-A_8002891.pdf,1,1923,11 - November,early,1920s,unknown,unknown,,Unclassified failure,pending,,,pending,,,,,pending,,,pending,,,pending,,,
35103030790000_LEE SHAWVER 75_8002936,s3://osu-well-records-225989338968/pdfs/ExportedFolderContents_1/1923/11 - November/35103030790000_LEE SHAWVER 75_8002936.pdf,1,1923,11 - November,early,1920s,unknown,unknown,,Unclassified failure,pending,,,pending,,,,,pending,,,pending,,,pending,,,
35103030970000_SCHOOL DIST 21 1_8002906,s3://osu-well-records-225989338968/pdfs/ExportedFolderContents_1/1923/11 - November/35103030970000_SCHOOL DIST 21 1_8002906.pdf,1,1923,11 - November,early,1920s,unknown,unknown,,Unclassified failure,pending,,,pending,,,,,pending,,,pending,,,pending,,,
35103031240000_CARMICHAEL 2_3166640,s3://osu-well-records-225989338968/pdfs/ExportedFolderContents_1/1923/11 - November/35103031240000_CARMICHAEL 2_3166640.pdf,1,1923,11 - November,early,1920s,unknown,unknown,,Unclassified failure,pending,,,pending,,,,,pending,,,pending,,,pending,,,
35103031860000_CARMICHAEL 24_8002930,s3://osu-well-records-225989338968/pdfs/ExportedFolderContents_1/1923/11 - November/35103031860000_CARMICHAEL 24_8002930.pdf,1,1923,11 - November,early,1920s,unknown,unknown,,Unclassified failure,pending,,,pending,,,,,pending,,,pending,,,pending,,,
3510503813_PARRISH GRACIE_2465385,s3://osu-well-records-225989338968/pdfs/ExportedFolderContents_1/1923/11 - November/3510503813_PARRISH GRACIE_2465385.pdf,1,1923,11 - November,early,1920s,unknown,unknown,,Unclassified failure,pending,,,pending,,,,,pending,,,pending,,,pending,,,
3510503825_PARRISH_2465383,s3://osu-well-records-225989338968/pdfs/ExportedFolderContents_1/1923/11 - November/3510503825_PARRISH_2465383.pdf,1,1923,11 - November,early,1920s,unknown,unknown,,Unclassified failure,pending,,,pending,,,,,pending,,,pending,,,pending,,,
35105048410000_REED-REESE 2_2465438,s3://osu-well-records-225989338968/pdfs/ExportedFolderContents_1/1923/11 - November/35105048410000_REED-REESE 2_2465438.pdf,1,1923,11 - November,early,1920s,unknown,unknown,,Unclassified failure,pending,,,pending,,,,,pending,,,pending,,,pending,,,
35105066740000_FITZSIMMONS R 2_2289529,s3://osu-well-records-225989338968/pdfs/ExportedFolderContents_1/1923/11 - November/35105066740000_FITZSIMMONS R 2_2289529.pdf,1,1923,11 - November,early,1920s,unknown,unknown,,Unclassified failure,pending,,,pending,,,,,pending,,,pending,,,pending,,,
35107024960000_BARNETT 1_2006935,s3://osu-well-records-225989338968/pdfs/ExportedFolderContents_1/1923/11 - November/35107024960000_BARNETT 1_2006935.pdf,1,1923,11 - November,early,1920s,unknown,unknown,,Unclassified failure,pending,,,pending,,,,,pending,,,pending,,,pending,,,
35107030040000_DOC BARNETT_2006987,s3://osu-well-records-225989338968/pdfs/ExportedFolderContents_1/1923/11 - November/35107030040000_DOC BARNETT_2006987.pdf,1,1923,11 - November,early,1920s,unknown,unknown,,Unclassified failure,pending,,,pending,,,,,pending,,,pending,,,pending,,,
35107043460000_X_2006961,s3://osu-well-records-225989338968/pdfs/ExportedFolderContents_1/1923/11 - November/35107043460000_X_2006961.pdf,1,1923,11 - November,early,1920s,unknown,unknown,,Unclassified failure,pending,,,pending,,,,,pending,,,pending,,,pending,,,
35111047170000_HILL 2_2006904,s3://osu-well-records-225989338968/pdfs/ExportedFolderContents_1/1923/11 - November/35111047170000_HILL 2_2006904.pdf,1,1923,11 - November,early,1920s,unknown,unknown,,Unclassified failure,pending,,,pending,,,,,pending,,,pending,,,pending,,,
35111047230000_HILL FRANK 2_2006990,s3://osu-well-records-225989338968/pdfs/ExportedFolderContents_1/1923/11 - November/35111047230000_HILL FRANK 2_2006990.pdf,1,1923,11 - November,early,1920s,unknown,unknown,,Unclassified failure,pending,,,pending,,,,,pending,,,pending,,,pending,,,
35111058590000_BJ Badger 8_2006921,s3://osu-well-records-225989338968/pdfs/ExportedFolderContents_1/1923/11 - November/35111058590000_BJ Badger 8_2006921.pdf,1,1923,11 - November,early,1920s,unknown,unknown,,Unclassified failure,pending,,,pending,,,,,pending,,,pending,,,pending,,,
35111077840000_MEADORS 4_2006971,s3://osu-well-records-225989338968/pdfs/ExportedFolderContents_1/1923/11 - November/35111077840000_MEADORS 4_2006971.pdf,1,1923,11 - November,early,1920s,unknown,unknown,,Unclassified failure,pending,,,pending,,,,,pending,,,pending,,,pending,,,
35111077900000_MEADORS 1_2006898,s3://osu-well-records-225989338968/pdfs/ExportedFolderContents_1/1923/11 - November/35111077900000_MEADORS 1_2006898.pdf,1,1923,11 - November,early,1920s,unknown,unknown,,Unclassified failure,pending,,,pending,,,,,pending,,,pending,,,pending,,,
35117026050000_RICHARDS 5_2006955,s3://osu-well-records-225989338968/pdfs/ExportedFolderContents_1/1923/11 - November/35117026050000_RICHARDS 5_2006955.pdf,1,1923,11 - November,early,1920s,unknown,unknown,,Unclassified failure,pending,,,pending,,,,,pending,,,pending,,,pending,,,
35117760240000_KELSO 1_8063207,s3://osu-well-records-225989338968/pdfs/ExportedFolderContents_1/1923/11 - November/35117760240000_KELSO 1_8063207.pdf,1,1923,11 - November,early,1920s,unknown,unknown,,Unclassified failure,pending,,,pending,,,,,pending,,,pending,,,pending,,,
35119034890000_SCHOOLAND 104 3_2006939,s3://osu-well-records-225989338968/pdfs/ExportedFolderContents_1/1923/11 - November/35119034890000_SCHOOLAND 104 3_2006939.pdf,1,1923,11 - November,early,1920s,unknown,unknown,,Unclassified failure,pending,,,pending,,,,,pending,,,pending,,,pending,,,
35131015330000_DIRICKSON_2289559,s3://osu-well-records-225989338968/pdfs/ExportedFolderContents_1/1923/11 - November/35131015330000_DIRICKSON_2289559.pdf,1,1923,11 - November,early,1920s,unknown,unknown,,Unclassified failure,pending,,,pending,,,,,pending,,,pending,,,pending,,,
35131028380000_DAWSON 1_2465428,s3://osu-well-records-225989338968/pdfs/ExportedFolderContents_1/1923/11 - November/35131028380000_DAWSON 1_2465428.pdf,1,1923,11 - November,early,1920s,unknown,unknown,,Unclassified failure,pending,,,pending,,,,,pending,,,pending,,,pending,,,
35133087290000_HARJO 1_1496685,s3://osu-well-records-225989338968/pdfs/ExportedFolderContents_1/1923/11 - November/35133087290000_HARJO 1_1496685.pdf,1,1923,11 - November,early,1920s,unknown,unknown,,Unclassified failure,pending,,,pending,,,,,pending,,,pending,,,pending,,,
35137107420000_CHAPMAN DOAK 2_1697566,s3://osu-well-records-225989338968/pdfs/ExportedFolderContents_1/1923/11 - November/35137107420000_CHAPMAN DOAK 2_1697566.pdf,1,1923,11 - November,early,1920s,unknown,unknown,,Unclassified failure,pending,,,pending,,,,,pending,,,pending,,,pending,,,
35143015350000_O SAMPSON 11_2006881,s3://osu-well-records-225989338968/pdfs/ExportedFolderContents_1/1923/11 - November/35143015350000_O SAMPSON 11_2006881.pdf,1,1923,11 - November,early,1920s,unknown,unknown,,Unclassified failure,pending,,,pending,,,,,pending,,,pending,,,pending,,,
35143033660000_BARTLETT 2_2006868,s3://osu-well-records-225989338968/pdfs/ExportedFolderContents_1/1923/11 - November/35143033660000_BARTLETT 2_2006868.pdf,1,1923,11 - November,early,1920s,unknown,unknown,,Unclassified failure,pending,,,pending,,,,,pending,,,pending,,,pending,,,
35143054820000_CHARLEY 2-A_2289553,s3://osu-well-records-225989338968/pdfs/ExportedFolderContents_1/1923/11 - November/35143054820000_CHARLEY 2-A_2289553.pdf,1,1923,11 - November,early,1920s,unknown,unknown,,Unclassified failure,pending,,,pending,,,,,pending,,,pending,,,pending,,,
35143063410000_MEHLHORN 1_2006892,s3://osu-well-records-225989338968/pdfs/ExportedFolderContents_1/1923/11 - November/35143063410000_MEHLHORN 1_2006892.pdf,1,1923,11 - November,early,1920s,unknown,unknown,,Unclassified failure,pending,,,pending,,,,,pending,,,pending,,,pending,,,
35143065970000_GOURD LOONEY R_2289563,s3://osu-well-records-225989338968/pdfs/ExportedFolderContents_1/1923/11 - November/35143065970000_GOURD LOONEY R_2289563.pdf,1,1923,11 - November,early,1920s,unknown,unknown,,Unclassified failure,pending,,,pending,,,,,pending,,,pending,,,pending,,,
35147078740000_HENRY SCHAFFER 1_2289540,s3://osu-well-records-225989338968/pdfs/ExportedFolderContents_1/1923/11 - November/35147078740000_HENRY SCHAFFER 1_2289540.pdf,1,1923,11 - November,early,1920s,unknown,unknown,,Unclassified failure,pending,,,pending,,,,,pending,,,pending,,,pending,,,
35147079160000_PALMER 1_2289539,s3://osu-well-records-225989338968/pdfs/ExportedFolderContents_1/1923/11 - November/35147079160000_PALMER 1_2289539.pdf,1,1923,11 - November,early,1920s,unknown,unknown,,Unclassified failure,pending,,,pending,,,,,pending,,,pending,,,pending,,,
OSAGE_HUNT 1_2006938,s3://osu-well-records-225989338968/pdfs/ExportedFolderContents_1/1923/11 - November/OSAGE_HUNT 1_2006938.pdf,1,1923,11 - November,early,1920s,unknown,unknown,,Unclassified failure,pending,,,pending,,,,,pending,,,pending,,,pending,,,
OSAGE_KEELER 8_2289560,s3://osu-well-records-225989338968/pdfs/ExportedFolderContents_1/1923/11 - November/OSAGE_KEELER 8_2289560.pdf,1,1923,11 - November,early,1920s,unknown,unknown,,Unclassified failure,pending,,,pending,,,,,pending,,,pending,,,pending,,,
XX_J B STEWART 2_2364926,s3://osu-well-records-225989338968/pdfs/ExportedFolderContents_1/1923/11 - November/XX_J B STEWART 2_2364926.pdf,1,1923,11 - November,early,1920s,unknown,unknown,,Unclassified failure,pending,,,pending,,,,,pending,,,pending,,,pending,,,
X_16_2289531,s3://osu-well-records-225989338968/pdfs/ExportedFolderContents_1/1923/11 - November/X_16_2289531.pdf,1,1923,11 - November,early,1920s,unknown,unknown,,Unclassified failure,pending,,,pending,,,,,pending,,,pending,,,pending,,,
X_A H KECK_2006857,s3://osu-well-records-225989338968/pdfs/ExportedFolderContents_1/1923/11 - November/X_A H KECK_2006857.pdf,1,1923,11 - November,early,1920s,unknown,unknown,,Unclassified failure,pending,,,pending,,,,,pending,,,pending,,,pending,,,
X_B FOSTER 3 (2)_589723,s3://osu-well-records-225989338968/pdfs/ExportedFolderContents_1/1923/11 - November/X_B FOSTER 3 (2)_589723.pdf,1,1923,11 - November,early,1920s,unknown,unknown,,Unclassified failure,pending,,,pending,,,,,pending,,,pending,,,pending,,,
X_E P NORTHERN 6_589732,s3://osu-well-records-225989338968/pdfs/ExportedFolderContents_1/1923/11 - November/X_E P NORTHERN 6_589732.pdf,1,1923,11 - November,early,1920s,unknown,unknown,,Unclassified failure,pending,,,pending,,,,,pending,,,pending,,,pending,,,
X_EMMA COKER 23-DD_2006931,s3://osu-well-records-225989338968/pdfs/ExportedFolderContents_1/1923/11 - November/X_EMMA COKER 23-DD_2006931.pdf,1,1923,11 - November,early,1920s,unknown,unknown,,Unclassified failure,pending,,,pending,,,,,pending,,,pending,,,pending,,,
X_FEE 1_1056278,s3://osu-well-records-225989338968/pdfs/ExportedFolderContents_1/1923/11 - November/X_FEE 1_1056278.pdf,1,1923,11 - November,early,1920s,unknown,unknown,,Unclassified failure,pending,,,pending,,,,,pending,,,pending,,,pending,,,
X_FRANK DAVIS 2_921175,s3://osu-well-records-225989338968/pdfs/ExportedFolderContents_1/1923/11 - November/X_FRANK DAVIS 2_921175.pdf,1,1923,11 - November,early,1920s,unknown,unknown,,Unclassified failure,pending,,,pending,,,,,pending,,,pending,,,pending,,,
X_J F BROOKS 6_921159,s3://osu-well-records-225989338968/pdfs/ExportedFolderContents_1/1923/11 - November/X_J F BROOKS 6_921159.pdf,1,1923,11 - November,early,1920s,unknown,unknown,,Unclassified failure,pending,,,pending,,,,,pending,,,pending,,,pending,,,
X_J H DILLARD 13_921195,s3://osu-well-records-225989338968/pdfs/ExportedFolderContents_1/1923/11 - November/X_J H DILLARD 13_921195.pdf,1,1923,11 - November,early,1920s,unknown,unknown,,Unclassified failure,pending,,,pending,,,,,pending,,,pending,,,pending,,,
X_J R FUNK 2 DD_782516,s3://osu-well-records-225989338968/pdfs/ExportedFolderContents_1/1923/11 - November/X_J R FUNK 2 DD_782516.pdf,1,1923,11 - November,early,1920s,unknown,unknown,,Unclassified failure,pending,,,pending,,,,,pending,,,pending,,,pending,,,
X_JOHNSON-SWARTZ 1_921199,s3://osu-well-records-225989338968/pdfs/ExportedFolderContents_1/1923/11 - November/X_JOHNSON-SWARTZ 1_921199.pdf,1,1923,11 - November,early,1920s,unknown,unknown,,Unclassified failure,pending,,,pending,,,,,pending,,,pending,,,pending,,,
X_JOSEPH BIRNEY 1_1364711,s3://osu-well-records-225989338968/pdfs/ExportedFolderContents_1/1923/11 - November/X_JOSEPH BIRNEY 1_1364711.pdf,1,1923,11 - November,early,1920s,unknown,unknown,,Unclassified failure,pending,,,pending,,,,,pending,,,pending,,,pending,,,
X_L YAHOLA 6_2006891,s3://osu-well-records-225989338968/pdfs/ExportedFolderContents_1/1923/11 - November/X_L YAHOLA 6_2006891.pdf,1,1923,11 - November,early,1920s,unknown,unknown,,Unclassified failure,pending,,,pending,,,,,pending,,,pending,,,pending,,,
X_L. WATSON 1_2006979,s3://osu-well-records-225989338968/pdfs/ExportedFolderContents_1/1923/11 - November/X_L. WATSON 1_2006979.pdf,1,1923,11 - November,early,1920s,unknown,unknown,,Unclassified failure,pending,,,pending,,,,,pending,,,pending,,,pending,,,
X_MARY JONES 1-DD_1056213,s3://osu-well-records-225989338968/pdfs/ExportedFolderContents_1/1923/11 - November/X_MARY JONES 1-DD_1056213.pdf,1,1923,11 - November,early,1920s,unknown,unknown,,Unclassified failure,pending,,,pending,,,,,pending,,,pending,,,pending,,,
X_MAXEY A 2_782508,s3://osu-well-records-225989338968/pdfs/ExportedFolderContents_1/1923/11 - November/X_MAXEY A 2_782508.pdf,1,1923,11 - November,early,1920s,unknown,unknown,,Unclassified failure,pending,,,pending,,,,,pending,,,pending,,,pending,,,
X_MINTIO BOLYN JUSTICE 2_1415598,s3://osu-well-records-225989338968/pdfs/ExportedFolderContents_1/1923/11 - November/X_MINTIO BOLYN JUSTICE 2_1415598.pdf,1,1923,11 - November,early,1920s,unknown,unknown,,Unclassified failure,pending,,,pending,,,,,pending,,,pending,,,pending,,,
X_No Data_2006858,s3://osu-well-records-225989338968/pdfs/ExportedFolderContents_1/1923/11 - November/X_No Data_2006858.pdf,1,1923,11 - November,early,1920s,unknown,unknown,,Unclassified failure,pending,,,pending,,,,,pending,,,pending,,,pending,,,
X_No Data_2289541,s3://osu-well-records-225989338968/pdfs/ExportedFolderContents_1/1923/11 - November/X_No Data_2289541.pdf,1,1923,11 - November,early,1920s,unknown,unknown,,Unclassified failure,pending,,,pending,,,,,pending,,,pending,,,pending,,,
X_R H ROBEDEAUX 1-DD_2289551,s3://osu-well-records-225989338968/pdfs/ExportedFolderContents_1/1923/11 - November/X_R H ROBEDEAUX 1-DD_2289551.pdf,1,1923,11 - November,early,1920s,unknown,unknown,,Unclassified failure,pending,,,pending,,,,,pending,,,pending,,,pending,,,
X_ROSENDAHL 1_2364920,s3://osu-well-records-225989338968/pdfs/ExportedFolderContents_1/1923/11 - November/X_ROSENDAHL 1_2364920.pdf,1,1923,11 - November,early,1920s,unknown,unknown,,Unclassified failure,pending,,,pending,,,,,pending,,,pending,,,pending,,,
X_RUEHLEN 2_2006896,s3://osu-well-records-225989338968/pdfs/ExportedFolderContents_1/1923/11 - November/X_RUEHLEN 2_2006896.pdf,1,1923,11 - November,early,1920s,unknown,unknown,,Unclassified failure,pending,,,pending,,,,,pending,,,pending,,,pending,,,
X_SIMON 2_2006906,s3://osu-well-records-225989338968/pdfs/ExportedFolderContents_1/1923/11 - November/X_SIMON 2_2006906.pdf,1,1923,11 - November,early,1920s,unknown,unknown,,Unclassified failure,pending,,,pending,,,,,pending,,,pending,,,pending,,,
X_W J NEIL 10_8059997,s3://osu-well-records-225989338968/pdfs/ExportedFolderContents_1/1923/11 - November/X_W J NEIL 10_8059997.pdf,1,1923,11 - November,early,1920s,unknown,unknown,,Unclassified failure,pending,,,pending,,,,,pending,,,pending,,,pending,,,
X_W W STARK 1_589722,s3://osu-well-records-225989338968/pdfs/ExportedFolderContents_1/1923/11 - November/X_W W STARK 1_589722.pdf,1,1923,11 - November,early,1920s,unknown,unknown,,Unclassified failure,pending,,,pending,,,,,pending,,,pending,,,pending,,,
X_X_2465391,s3://osu-well-records-225989338968/pdfs/ExportedFolderContents_1/1923/11 - November/X_X_2465391.pdf,1,1923,11 - November,early,1920s,unknown,unknown,,Unclassified failure,pending,,,pending,,,,,pending,,,pending,,,pending,,,
x_ED ARNOLD 1_589725,s3://osu-well-records-225989338968/pdfs/ExportedFolderContents_1/1923/11 - November/x_ED ARNOLD 1_589725.pdf,1,1923,11 - November,early,1920s,unknown,unknown,,Unclassified failure,pending,,,pending,,,,,pending,,,pending,,,pending,,,
x_JACKSON 3_921165,s3://osu-well-records-225989338968/pdfs/ExportedFolderContents_1/1923/11 - November/x_JACKSON 3_921165.pdf,1,1923,11 - November,early,1920s,unknown,unknown,,Unclassified failure,pending,,,pending,,,,,pending,,,pending,,,pending,,,
00000000_A WILSON 3_1056427,s3://osu-well-records-225989338968/pdfs/ExportedFolderContents_1/1923/12 - December/00000000_A WILSON 3_1056427.pdf,1,1923,12 - December,early,1920s,unknown,unknown,,Unclassified failure,pending,,,pending,,,,,pending,,,pending,,,pending,,,
00000000_No Data_1056295,s3://osu-well-records-225989338968/pdfs/ExportedFolderContents_1/1923/12 - December/00000000_No Data_1056295.pdf,1,1923,12 - December,early,1920s,unknown,unknown,,Unclassified failure,pending,,,pending,,,,,pending,,,pending,,,pending,,,
00000000_No Data_1056308,s3://osu-well-records-225989338968/pdfs/ExportedFolderContents_1/1923/12 - December/00000000_No Data_1056308.pdf,1,1923,12 - December,early,1920s,unknown,unknown,,Unclassified failure,pending,,,pending,,,,,pending,,,pending,,,pending,,,
00000000_No Data_1056313,s3://osu-well-records-225989338968/pdfs/ExportedFolderContents_1/1923/12 - December/00000000_No Data_1056313.pdf,1,1923,12 - December,early,1920s,unknown,unknown,,Unclassified failure,pending,,,pending,,,,,pending,,,pending,,,pending,,,
00000000_No Data_1056333,s3://osu-well-records-225989338968/pdfs/ExportedFolderContents_1/1923/12 - December/00000000_No Data_1056333.pdf,1,1923,12 - December,early,1920s,unknown,unknown,,Unclassified failure,pending,,,pending,,,,,pending,,,pending,,,pending,,,
00000000_No Data_1056367,s3://osu-well-records-225989338968/pdfs/ExportedFolderContents_1/1923/12 - December/00000000_No Data_1056367.pdf,1,1923,12 - December,early,1920s,unknown,unknown,,Unclassified failure,pending,,,pending,,,,,pending,,,pending,,,pending,,,
00000000_No Data_1056373,s3://osu-well-records-225989338968/pdfs/ExportedFolderContents_1/1923/12 - December/00000000_No Data_1056373.pdf,1,1923,12 - December,early,1920s,unknown,unknown,,Unclassified failure,pending,,,pending,,,,,pending,,,pending,,,pending,,,
00000000_No Data_1056417,s3://osu-well-records-225989338968/pdfs/ExportedFolderContents_1/1923/12 - December/00000000_No Data_1056417.pdf,1,1923,12 - December,early,1920s,unknown,unknown,,Unclassified failure,pending,,,pending,,,,,pending,,,pending,,,pending,,,
00000000_No Data_1056422,s3://osu-well-records-225989338968/pdfs/ExportedFolderContents_1/1923/12 - December/00000000_No Data_1056422.pdf,1,1923,12 - December,early,1920s,unknown,unknown,,Unclassified failure,pending,,,pending,,,,,pending,,,pending,,,pending,,,
00000000_No Data_1056435,s3://osu-well-records-225989338968/pdfs/ExportedFolderContents_1/1923/12 - December/00000000_No Data_1056435.pdf,1,1923,12 - December,early,1920s,unknown,unknown,,Unclassified failure,pending,,,pending,,,,,pending,,,pending,,,pending,,,
00000000_No Data_1364746,s3://osu-well-records-225989338968/pdfs/ExportedFolderContents_1/1923/12 - December/00000000_No Data_1364746.pdf,1,1923,12 - December,early,1920s,unknown,unknown,,Unclassified failure,pending,,,pending,,,,,pending,,,pending,,,pending,,,
00000000_No Data_1364749,s3://osu-well-records-225989338968/pdfs/ExportedFolderContents_1/1923/12 - December/00000000_No Data_1364749.pdf,1,1923,12 - December,early,1920s,unknown,unknown,,Unclassified failure,pending,,,pending,,,,,pending,,,pending,,,pending,,,
00900150_SANDERS 1_882056,s3://osu-well-records-225989338968/pdfs/ExportedFolderContents_1/1923/12 - December/00900150_SANDERS 1_882056.pdf,1,1923,12 - December,early,1920s,unknown,unknown,,Unclassified failure,pending,,,pending,,,,,pending,,,pending,,,pending,,,
00900188_GITHENS 1_882055,s3://osu-well-records-225989338968/pdfs/ExportedFolderContents_1/1923/12 - December/00900188_GITHENS 1_882055.pdf,1,1923,12 - December,early,1920s,unknown,unknown,,Unclassified failure,pending,,,pending,,,,,pending,,,pending,,,pending,,,
01500190_M E WEST 1_1254931,s3://osu-well-records-225989338968/pdfs/ExportedFolderContents_1/1923/12 - December/01500190_M E WEST 1_1254931.pdf,1,1923,12 - December,early,1920s,unknown,unknown,,Unclassified failure,pending,,,pending,,,,,pending,,,pending,,,pending,,,
01900759_WESTHEIMER 1_516836,s3://osu-well-records-225989338968/pdfs/ExportedFolderContents_1/1923/12 - December/01900759_WESTHEIMER 1_516836.pdf,1,1923,12 - December,early,1920s,unknown,unknown,,Unclassified failure,pending,,,pending,,,,,pending,,,pending,,,pending,,,
01900787_H A LEDBETTER 1_921220,s3://osu-well-records-225989338968/pdfs/ExportedFolderContents_1/1923/12 - December/01900787_H A LEDBETTER 1_921220.pdf,1,1923,12 - December,early,1920s,unknown,unknown,,Unclassified failure,pending,,,pending,,,,,pending,,,pending,,,pending,,,
01900866_JENNINGS 1_921243,s3://osu-well-records-225989338968/pdfs/ExportedFolderContents_1/1923/12 - December/01900866_JENNINGS 1_921243.pdf,1,1923,12 - December,early,1920s,unknown,unknown,,Unclassified failure,pending,,,pending,,,,,pending,,,pending,,,pending,,,
01900869_STILLEY 1_921252,s3://osu-well-records-225989338968/pdfs/ExportedFolderContents_1/1923/12 - December/01900869_STILLEY 1_921252.pdf,1,1923,12 - December,early,1920s,unknown,unknown,,Unclassified failure,pending,,,pending,,,,,pending,,,pending,,,pending,,,
01907823_B C RICKETTS 2_921282,s3://osu-well-records-225989338968/pdfs/ExportedFolderContents_1/1923/12 - December/01907823_B C RICKETTS 2_921282.pdf,1,1923,12 - December,early,1920s,unknown,unknown,,Unclassified failure,pending,,,pending,,,,,pending,,,pending,,,pending,,,
01907824_HOLMAN 2B_921278,s3://osu-well-records-225989338968/pdfs/ExportedFolderContents_1/1923/12 - December/01907824_HOLMAN 2B_921278.pdf,1,1923,12 - December,early,1920s,unknown,unknown,,Unclassified failure,pending,,,pending,,,,,pending,,,pending,,,pending,,,
01907824_HOLMAN 2B_921279,s3://osu-well-records-225989338968/pdfs/ExportedFolderContents_1/1923/12 - December/01907824_HOLMAN 2B_921279.pdf,1,1923,12 - December,early,1920s,unknown,unknown,,Unclassified failure,pending,,,pending,,,,,pending,,,pending,,,pending,,,
01907825_C E HOLMAN 3_921239,s3://osu-well-records-225989338968/pdfs/ExportedFolderContents_1/1923/12 - December/01907825_C E HOLMAN 3_921239.pdf,1,1923,12 - December,early,1920s,unknown,unknown,,Unclassified failure,pending,,,pending,,,,,pending,,,pending,,,pending,,,
01907848_ELLIS 5_921254,s3://osu-well-records-225989338968/pdfs/ExportedFolderContents_1/1923/12 - December/01907848_ELLIS 5_921254.pdf,1,1923,12 - December,early,1920s,unknown,unknown,,Unclassified failure,pending,,,pending,,,,,pending,,,pending,,,pending,,,
01908737_MCCLURE 3_988351,s3://osu-well-records-225989338968/pdfs/ExportedFolderContents_1/1923/12 - December/01908737_MCCLURE 3_988351.pdf,1,1923,12 - December,early,1920s,unknown,unknown,,Unclassified failure,pending,,,pending,,,,,pending,,,pending,,,pending,,,
01908782_W FRANKLIN 7_988334,s3://osu-well-records-225989338968/pdfs/ExportedFolderContents_1/1923/12 - December/01908782_W FRANKLIN 7_988334.pdf,1,1923,12 - December,early,1920s,unknown,unknown,,Unclassified failure,pending,,,pending,,,,,pending,,,pending,,,pending,,,
01909012_FRAKLIN-THOMPSON B 3_921284,s3://osu-well-records-225989338968/pdfs/ExportedFolderContents_1/1923/12 - December/01909012_FRAKLIN-THOMPSON B 3_921284.pdf,1,1923,12 - December,early,1920s,unknown,unknown,,Unclassified failure,pending,,,pending,,,,,pending,,,pending,,,pending,,,
01909139_PALMER 4_921281,s3://osu-well-records-225989338968/pdfs/ExportedFolderContents_1/1923/12 - December/01909139_PALMER 4_921281.pdf,1,1923,12 - December,early,1920s,unknown,unknown,,Unclassified failure,pending,,,pending,,,,,pending,,,pending,,,pending,,,
13306930_JOHN LONG 2_589738,s3://osu-well-records-225989338968/pdfs/ExportedFolderContents_1/1923/12 - December/13306930_JOHN LONG 2_589738.pdf,1,1923,12 - December,early,1920s,unknown,unknown,,Unclassified failure,pending,,,pending,,,,,pending,,,pending,,,pending,,,
13306951_BETSY FOSTER 2_589741,s3://osu-well-records-225989338968/pdfs/ExportedFolderContents_1/1923/12 - December/13306951_BETSY FOSTER 2_589741.pdf,1,1923,12 - December,early,1920s,unknown,unknown,,Unclassified failure,pending,,,pending,,,,,pending,,,pending,,,pending,,,
13701489_O M ADKINS 1_782523,s3://osu-well-records-225989338968/pdfs/ExportedFolderContents_1/1923/12 - December/13701489_O M ADKINS 1_782523.pdf,1,1923,12 - December,early,1920s,unknown,unknown,,Unclassified failure,pending,,,pending,,,,,pending,,,pending,,,pending,,,
13701535_SCHOOL LAND 162 13-DD_921234,s3://osu-well-records-225989338968/pdfs/ExportedFolderContents_1/1923/12 - December/13701535_SCHOOL LAND 162 13-DD_921234.pdf,1,1923,12 - December,early,1920s,unknown,unknown,,Unclassified failure,pending,,,pending,,,,,pending,,,pending,,,pending,,,
13709638_G W COOK 3_782533,s3://osu-well-records-225989338968/pdfs/ExportedFolderContents_1/1923/12 - December/13709638_G W COOK 3_782533.pdf,1,1923,12 - December,early,1920s,unknown,unknown,,Unclassified failure,pending,,,pending,,,,,pending,,,pending,,,pending,,,
13709797_MORGAN A 7-DD_782538,s3://osu-well-records-225989338968/pdfs/ExportedFolderContents_1/1923/12 - December/13709797_MORGAN A 7-DD_782538.pdf,1,1923,12 - December,early,1920s,unknown,unknown,,Unclassified failure,pending,,,pending,,,,,pending,,,pending,,,pending,,,
13709821_H DOW 1_782527,s3://osu-well-records-225989338968/pdfs/ExportedFolderContents_1/1923/12 - December/13709821_H DOW 1_782527.pdf,1,1923,12 - December,early,1920s,unknown,unknown,,Unclassified failure,pending,,,pending,,,,,pending,,,pending,,,pending,,,
13710522_MYRTLE DILLARD 9_5765146,s3://osu-well-records-225989338968/pdfs/ExportedFolderContents_1/1923/12 - December/13710522_MYRTLE DILLARD 9_5765146.pdf,1,1923,12 - December,early,1920s,unknown,unknown,,Unclassified failure,pending,,,pending,,,,,pending,,,pending,,,pending,,,
13710522_MYRTLE DILLARD 9_921229,s3://osu-well-records-225989338968/pdfs/ExportedFolderContents_1/1923/12 - December/13710522_MYRTLE DILLARD 9_921229.pdf,1,1923,12 - December,early,1920s,unknown,unknown,,Unclassified failure,pending,,,pending,,,,,pending,,,pending,,,pending,,,
13710537_BOLES-DILLARD 2_5765161,s3://osu-well-records-225989338968/pdfs/ExportedFolderContents_1/1923/12 - December/13710537_BOLES-DILLARD 2_5765161.pdf,1,1923,12 - December,early,1920s,unknown,unknown,,Unclassified failure,pending,,,pending,,,,,pending,,,pending,,,pending,,,
13710537_BOLES-DILLARD 2_921264,s3://osu-well-records-225989338968/pdfs/ExportedFolderContents_1/1923/12 - December/13710537_BOLES-DILLARD 2_921264.pdf,1,1923,12 - December,early,1920s,unknown,unknown,,Unclassified failure,pending,,,pending,,,,,pending,,,pending,,,pending,,,
13710711_STRIKER DOAK 7_921224,s3://osu-well-records-225989338968/pdfs/ExportedFolderContents_1/1923/12 - December/13710711_STRIKER DOAK 7_921224.pdf,1,1923,12 - December,early,1920s,unknown,unknown,,Unclassified failure,pending,,,pending,,,,,pending,,,pending,,,pending,,,
13710725_CHAPMAN DOAK 8_921241,s3://osu-well-records-225989338968/pdfs/ExportedFolderContents_1/1923/12 - December/13710725_CHAPMAN DOAK 8_921241.pdf,1,1923,12 - December,early,1920s,unknown,unknown,,Unclassified failure,pending,,,pending,,,,,pending,,,pending,,,pending,,,
13710726_CHAPMAN DOAK 7_921258,s3://osu-well-records-225989338968/pdfs/ExportedFolderContents_1/1923/12 - December/13710726_CHAPMAN DOAK 7_921258.pdf,1,1923,12 - December,early,1920s,unknown,unknown,,Unclassified failure,pending,,,pending,,,,,pending,,,pending,,,pending,,,
13711165_J E QUACKENBUSH 3_921276,s3://osu-well-records-225989338968/pdfs/ExportedFolderContents_1/1923/12 - December/13711165_J E QUACKENBUSH 3_921276.pdf,1,1923,12 - December,early,1920s,unknown,unknown,,Unclassified failure,pending,,,pending,,,,,pending,,,pending,,,pending,,,
13711275_F F WILSON 4_921249,s3://osu-well-records-225989338968/pdfs/ExportedFolderContents_1/1923/12 - December/13711275_F F WILSON 4_921249.pdf,1,1923,12 - December,early,1920s,unknown,unknown,,Unclassified failure,pending,,,pending,,,,,pending,,,pending,,,pending,,,
13711275_F F WILSON 4_921250,s3://osu-well-records-225989338968/pdfs/ExportedFolderContents_1/1923/12 - December/13711275_F F WILSON 4_921250.pdf,1,1923,12 - December,early,1920s,unknown,unknown,,Unclassified failure,pending,,,pending,,,,,pending,,,pending,,,pending,,,
13712587_MARSHALL 1_921215,s3://osu-well-records-225989338968/pdfs/ExportedFolderContents_1/1923/12 - December/13712587_MARSHALL 1_921215.pdf,1,1923,12 - December,early,1920s,unknown,unknown,,Unclassified failure,pending,,,pending,,,,,pending,,,pending,,,pending,,,
13712587_MARSHALL 1_921216,s3://osu-well-records-225989338968/pdfs/ExportedFolderContents_1/1923/12 - December/13712587_MARSHALL 1_921216.pdf,1,1923,12 - December,early,1920s,unknown,unknown,,Unclassified failure,pending,,,pending,,,,,pending,,,pending,,,pending,,,
13712615_GLENN 1_921271,s3://osu-well-records-225989338968/pdfs/ExportedFolderContents_1/1923/12 - December/13712615_GLENN 1_921271.pdf,1,1923,12 - December,early,1920s,unknown,unknown,,Unclassified failure,pending,,,pending,,,,,pending,,,pending,,,pending,,,
13712615_GLENN 1_921272,s3://osu-well-records-225989338968/pdfs/ExportedFolderContents_1/1923/12 - December/13712615_GLENN 1_921272.pdf,1,1923,12 - December,early,1920s,unknown,unknown,,Unclassified failure,pending,,,pending,,,,,pending,,,pending,,,pending,,,
13712668_W H JOHNSON 4_921242,s3://osu-well-records-225989338968/pdfs/ExportedFolderContents_1/1923/12 - December/13712668_W H JOHNSON 4_921242.pdf,1,1923,12 - December,early,1920s,unknown,unknown,,Unclassified failure,pending,,,pending,,,,,pending,,,pending,,,pending,,,
13712800_VOSS 1_921263,s3://osu-well-records-225989338968/pdfs/ExportedFolderContents_1/1923/12 - December/13712800_VOSS 1_921263.pdf,1,1923,12 - December,early,1920s,unknown,unknown,,Unclassified failure,pending,,,pending,,,,,pending,,,pending,,,pending,,,
13713302_COX 7_921230,s3://osu-well-records-225989338968/pdfs/ExportedFolderContents_1/1923/12 - December/13713302_COX 7_921230.pdf,1,1923,12 - December,early,1920s,unknown,unknown,,Unclassified failure,pending,,,pending,,,,,pending,,,pending,,,pending,,,
14102142_G W GOEHLER 3_516839,s3://osu-well-records-225989338968/pdfs/ExportedFolderContents_1/1923/12 - December/14102142_G W GOEHLER 3_516839.pdf,1,1923,12 - December,early,1920s,unknown,unknown,,Unclassified failure,pending,,,pending,,,,,pending,,,pending,,,pending,,,
14102142_G W GOEHLER 3_921228,s3://osu-well-records-225989338968/pdfs/ExportedFolderContents_1/1923/12 - December/14102142_G W GOEHLER 3_921228.pdf,1,1923,12 - December,early,1920s,unknown,unknown,,Unclassified failure,pending,,,pending,,,,,pending,,,pending,,,pending,,,
14102179_H N OWEN 2_516837,s3://osu-well-records-225989338968/pdfs/ExportedFolderContents_1/1923/12 - December/14102179_H N OWEN 2_516837.pdf,1,1923,12 - December,early,1920s,unknown,unknown,,Unclassified failure,pending,,,pending,,,,,pending,,,pending,,,pending,,,
14102179_OWEN 2_921223,s3://osu-well-records-225989338968/pdfs/ExportedFolderContents_1/1923/12 - December/14102179_OWEN 2_921223.pdf,1,1923,12 - December,early,1920s,unknown,unknown,,Unclassified failure,pending,,,pending,,,,,pending,,,pending,,,pending,,,
14102180_OWEN 3_516847,s3://osu-well-records-225989338968/pdfs/ExportedFolderContents_1/1923/12 - December/14102180_OWEN 3_516847.pdf,1,1923,12 - December,early,1920s,unknown,unknown,,Unclassified failure,pending,,,pending,,,,,pending,,,pending,,,pending,,,
14301148_TANK LEWIS 1_1056335,s3://osu-well-records-225989338968/pdfs/ExportedFolderContents_1/1923/12 - December/14301148_TANK LEWIS 1_1056335.pdf,1,1923,12 - December,early,1920s,unknown,unknown,,Unclassified failure,pending,,,pending,,,,,pending,,,pending,,,pending,,,
14301624_ALLEN 1_1056369,s3://osu-well-records-225989338968/pdfs/ExportedFolderContents_1/1923/12 - December/14301624_ALLEN 1_1056369.pdf,1,1923,12 - December,early,1920s,unknown,unknown,,Unclassified failure,pending,,,pending,,,,,pending,,,pending,,,pending,,,
14302477_MINSHALL 1_50889885,s3://osu-well-records-225989338968/pdfs/ExportedFolderContents_1/1923/12 - December/14302477_MINSHALL 1_50889885.pdf,1,1923,12 - December,early,1920s,unknown,unknown,,Unclassified failure,pending,,,pending,,,,,pending,,,pending,,,pending,,,
14303110_TIGER 4_1056397,s3://osu-well-records-225989338968/pdfs/ExportedFolderContents_1/1923/12 - December/14303110_TIGER 4_1056397.pdf,1,1923,12 - December,early,1920s,unknown,unknown,,Unclassified failure,pending,,,pending,,,,,pending,,,pending,,,pending,,,
14303540_HUDDLESTON 2_50889878,s3://osu-well-records-225989338968/pdfs/ExportedFolderContents_1/1923/12 - December/14303540_HUDDLESTON 2_50889878.pdf,1,1923,12 - December,early,1920s,unknown,unknown,,Unclassified failure,pending,,,pending,,,,,pending,,,pending,,,pending,,,
14305212_MCALISTER 2_1415666,s3://osu-well-records-225989338968/pdfs/ExportedFolderContents_1/1923/12 - December/14305212_MCALISTER 2_1415666.pdf,1,1923,12 - December,early,1920s,unknown,unknown,,Unclassified failure,pending,,,pending,,,,,pending,,,pending,,,pending,,,
14502194_KESLER 1_1364722,s3://osu-well-records-225989338968/pdfs/ExportedFolderContents_1/1923/12 - December/14502194_KESLER 1_1364722.pdf,1,1923,12 - December,early,1920s,unknown,unknown,,Unclassified failure,pending,,,pending,,,,,pending,,,pending,,,pending,,,
14502574_STORY 1_50839855,s3://osu-well-records-225989338968/pdfs/ExportedFolderContents_1/1923/12 - December/14502574_STORY 1_50839855.pdf,1,1923,12 - December,early,1920s,unknown,unknown,,Unclassified failure,pending,,,pending,,,,,pending,,,pending,,,pending,,,
14502594_CARL STEIN 1_1365262,s3://osu-well-records-225989338968/pdfs/ExportedFolderContents_1/1923/12 - December/14502594_CARL STEIN 1_1365262.pdf,1,1923,12 - December,early,1920s,unknown,unknown,,Unclassified failure,pending,,,pending,,,,,pending,,,pending,,,pending,,,
14502879_COFFMAN 1_1364756,s3://osu-well-records-225989338968/pdfs/ExportedFolderContents_1/1923/12 - December/14502879_COFFMAN 1_1364756.pdf,1,1923,12 - December,early,1920s,unknown,unknown,,Unclassified failure,pending,,,pending,,,,,pending,,,pending,,,pending,,,
14503364_SECREST 1_1364740,s3://osu-well-records-225989338968/pdfs/ExportedFolderContents_1/1923/12 - December/14503364_SECREST 1_1364740.pdf,1,1923,12 - December,early,1920s,unknown,unknown,,Unclassified failure,pending,,,pending,,,,,pending,,,pending,,,pending,,,
14503364_SECREST 1_1364741,s3://osu-well-records-225989338968/pdfs/ExportedFolderContents_1/1923/12 - December/14503364_SECREST 1_1364741.pdf,1,1923,12 - December,early,1920s,unknown,unknown,,Unclassified failure,pending,,,pending,,,,,pending,,,pending,,,pending,,,
14503861_MCANALLY 1_1364737,s3://osu-well-records-225989338968/pdfs/ExportedFolderContents_1/1923/12 - December/14503861_MCANALLY 1_1364737.pdf,1,1923,12 - December,early,1920s,unknown,unknown,,Unclassified failure,pending,,,pending,,,,,pending,,,pending,,,pending,,,
14506127_LUMPKIN 1_1364727,s3://osu-well-records-225989338968/pdfs/ExportedFolderContents_1/1923/12 - December/14506127_LUMPKIN 1_1364727.pdf,1,1923,12 - December,early,1920s,unknown,unknown,,Unclassified failure,pending,,,pending,,,,,pending,,,pending,,,pending,,,
14576087_D PORRIN 1_1364742,s3://osu-well-records-225989338968/pdfs/ExportedFolderContents_1/1923/12 - December/14576087_D PORRIN 1_1364742.pdf,1,1923,12 - December,early,1920s,unknown,unknown,,Unclassified failure,pending,,,pending,,,,,pending,,,pending,,,pending,,,
14700289_BLACHLY WM K_1415624,s3://osu-well-records-225989338968/pdfs/ExportedFolderContents_1/1923/12 - December/14700289_BLACHLY WM K_1415624.pdf,1,1923,12 - December,early,1920s,unknown,unknown,,Unclassified failure,pending,,,pending,,,,,pending,,,pending,,,pending,,,
14702630_SEVERS JT #1_1415678,s3://osu-well-records-225989338968/pdfs/ExportedFolderContents_1/1923/12 - December/14702630_SEVERS JT #1_1415678.pdf,1,1923,12 - December,early,1920s,unknown,unknown,,Unclassified failure,pending,,,pending,,,,,pending,,,pending,,,pending,,,
14707900_WILLIAMS 2_1415646,s3://osu-well-records-225989338968/pdfs/ExportedFolderContents_1/1923/12 - December/14707900_WILLIAMS 2_1415646.pdf,1,1923,12 - December,early,1920s,unknown,unknown,,Unclassified failure,pending,,,pending,,,,,pending,,,pending,,,pending,,,
35005001500000_BUTLER_1385121,s3://osu-well-records-225989338968/pdfs/ExportedFolderContents_1/1923/12 - December/35005001500000_BUTLER_1385121.pdf,1,1923,12 - December,early,1920s,unknown,unknown,,Unclassified failure,pending,,,pending,,,,,pending,,,pending,,,pending,,,
35019099770000_DOLMAN 1_1697630,s3://osu-well-records-225989338968/pdfs/ExportedFolderContents_1/1923/12 - December/35019099770000_DOLMAN 1_1697630.pdf,1,1923,12 - December,early,1920s,unknown,unknown,,Unclassified failure,pending,,,pending,,,,,pending,,,pending,,,pending,,,
35037052880000_LESLIE SEWELL 2_2007034,s3://osu-well-records-225989338968/pdfs/ExportedFolderContents_1/1923/12 - December/35037052880000_LESLIE SEWELL 2_2007034.pdf,1,1923,12 - December,early,1920s,unknown,unknown,,Unclassified failure,pending,,,pending,,,,,pending,,,pending,,,pending,,,
35037053730000_JESSE HARRY 1_2007010,s3://osu-well-records-225989338968/pdfs/ExportedFolderContents_1/1923/12 - December/35037053730000_JESSE HARRY 1_2007010.pdf,1,1923,12 - December,early,1920s,unknown,unknown,,Unclassified failure,pending,,,pending,,,,,pending,,,pending,,,pending,,,
35037053730000_JESSE HARRY 1_2007017,s3://osu-well-records-225989338968/pdfs/ExportedFolderContents_1/1923/12 - December/35037053730000_JESSE HARRY 1_2007017.pdf,1,1923,12 - December,early,1920s,unknown,unknown,,Unclassified failure,pending,,,pending,,,,,pending,,,pending,,,pending,,,
35037069200000_J W TURNER 1_2007030,s3://osu-well-records-225989338968/pdfs/ExportedFolderContents_1/1923/12 - December/35037069200000_J W TURNER 1_2007030.pdf,1,1923,12 - December,early,1920s,unknown,unknown,,Unclassified failure,pending,,,pending,,,,,pending,,,pending,,,pending,,,
35037071130000_B GRAYSON 1_2007068,s3://osu-well-records-225989338968/pdfs/ExportedFolderContents_1/1923/12 - December/35037071130000_B GRAYSON 1_2007068.pdf,1,1923,12 - December,early,1920s,unknown,unknown,,Unclassified failure,pending,,,pending,,,,,pending,,,pending,,,pending,,,
35037071870000_WILSON 3_2007039,s3://osu-well-records-225989338968/pdfs/ExportedFolderContents_1/1923/12 - December/35037071870000_WILSON 3_2007039.pdf,1,1923,12 - December,early,1920s,unknown,unknown,,Unclassified failure,pending,,,pending,,,,,pending,,,pending,,,pending,,,
35037098480000_RALSTON 1_2007008,s3://osu-well-records-225989338968/pdfs/ExportedFolderContents_1/1923/12 - December/35037098480000_RALSTON 1_2007008.pdf,1,1923,12 - December,early,1920s,unknown,unknown,,Unclassified failure,pending,,,pending,,,,,pending,,,pending,,,pending,,,
35037142610000_HAGIE GREEN 1_2007022,s3://osu-well-records-225989338968/pdfs/ExportedFolderContents_1/1923/12 - December/35037142610000_HAGIE GREEN 1_2007022.pdf,1,1923,12 - December,early,1920s,unknown,unknown,,Unclassified failure,pending,,,pending,,,,,pending,,,pending,,,pending,,,
35037143760000_W W LEE 1_2007113,s3://osu-well-records-225989338968/pdfs/ExportedFolderContents_1/1923/12 - December/35037143760000_W W LEE 1_2007113.pdf,1,1923,12 - December,early,1920s,unknown,unknown,,Unclassified failure,pending,,,pending,,,,,pending,,,pending,,,pending,,,
35037158530000_WO BAKERS 2_2007088,s3://osu-well-records-225989338968/pdfs/ExportedFolderContents_1/1923/12 - December/35037158530000_WO BAKERS 2_2007088.pdf,1,1923,12 - December,early,1920s,unknown,unknown,,Unclassified failure,pending,,,pending,,,,,pending,,,pending,,,pending,,,
35037162630000_S S MUSSELLEM 11_2007021,s3://osu-well-records-225989338968/pdfs/ExportedFolderContents_1/1923/12 - December/35037162630000_S S MUSSELLEM 11_2007021.pdf,1,1923,12 - December,early,1920s,unknown,unknown,,Unclassified failure,pending,,,pending,,,,,pending,,,pending,,,pending,,,
35037281200000_WASHINGTON 1_2007091,s3://osu-well-records-225989338968/pdfs/ExportedFolderContents_1/1923/12 - December/35037281200000_WASHINGTON 1_2007091.pdf,1,1923,12 - December,early,1920s,unknown,unknown,,Unclassified failure,pending,,,pending,,,,,pending,,,pending,,,pending,,,
35067003420000_JOHN EMBRY 1_1697696,s3://osu-well-records-225989338968/pdfs/ExportedFolderContents_1/1923/12 - December/35067003420000_JOHN EMBRY 1_1697696.pdf,1,1923,12 - December,early,1920s,unknown,unknown,,Unclassified failure,pending,,,pending,,,,,pending,,,pending,,,pending,,,
35071028170000_OLA GOODSON 1_2289599,s3://osu-well-records-225989338968/pdfs/ExportedFolderContents_1/1923/12 - December/35071028170000_OLA GOODSON 1_2289599.pdf,1,1923,12 - December,early,1920s,unknown,unknown,,Unclassified failure,pending,,,pending,,,,,pending,,,pending,,,pending,,,
35095001900000_BOWMAN 1_1385127,s3://osu-well-records-225989338968/pdfs/ExportedFolderContents_1/1923/12 - December/35095001900000_BOWMAN 1_1385127.pdf,1,1923,12 - December,early,1920s,unknown,unknown,,Unclassified failure,pending,,,pending,,,,,pending,,,pending,,,pending,,,
35097001840000_KLASS 1_2365041,s3://osu-well-records-225989338968/pdfs/ExportedFolderContents_1/1923/12 - December/35097001840000_KLASS 1_2365041.pdf,1,1923,12 - December,early,1920s,unknown,unknown,,Unclassified failure,pending,,,pending,,,,,pending,,,pending,,,pending,,,
35097001840000_KLASS 1_2465492,s3://osu-well-records-225989338968/pdfs/ExportedFolderContents_1/1923/12 - December/35097001840000_KLASS 1_2465492.pdf,1,1923,12 - December,early,1920s,unknown,unknown,,Unclassified failure,pending,,,pending,,,,,pending,,,pending,,,pending,,,
35101010000000_SLATTERY 5_2364998,s3://osu-well-records-225989338968/pdfs/ExportedFolderContents_1/1923/12 - December/35101010000000_SLATTERY 5_2364998.pdf,1,1923,12 - December,early,1920s,unknown,unknown,,Unclassified failure,pending,,,pending,,,,,pending,,,pending,,,pending,,,
35103023560000_P RUZEK 2_8002994,s3://osu-well-records-225989338968/pdfs/ExportedFolderContents_1/1923/12 - December/35103023560000_P RUZEK 2_8002994.pdf,1,1923,12 - December,early,1920s,unknown,unknown,,Unclassified failure,pending,,,pending,,,,,pending,,,pending,,,pending,,,
35103029380000_BLUBAUGH C-4_8003007,s3://osu-well-records-225989338968/pdfs/ExportedFolderContents_1/1923/12 - December/35103029380000_BLUBAUGH C-4_8003007.pdf,1,1923,12 - December,early,1920s,unknown,unknown,,Unclassified failure,pending,,,pending,,,,,pending,,,pending,,,pending,,,
35105042080000_MONDY 1_2365024,s3://osu-well-records-225989338968/pdfs/ExportedFolderContents_1/1923/12 - December/35105042080000_MONDY 1_2365024.pdf,1,1923,12 - December,early,1920s,unknown,unknown,,Unclassified failure,pending,,,pending,,,,,pending,,,pending,,,pending,,,
35105042080000_MONDY 1_2465486,s3://osu-well-records-225989338968/pdfs/ExportedFolderContents_1/1923/12 - December/35105042080000_MONDY 1_2465486.pdf,1,1923,12 - December,early,1920s,unknown,unknown,,Unclassified failure,pending,,,pending,,,,,pending,,,pending,,,pending,,,
35107022750000_J BARNETT 4_2007019,s3://osu-well-records-225989338968/pdfs/ExportedFolderContents_1/1923/12 - December/35107022750000_J BARNETT 4_2007019.pdf,1,1923,12 - December,early,1920s,unknown,unknown,,Unclassified failure,pending,,,pending,,,,,pending,,,pending,,,pending,,,
35107025060000_JACKSON L L 1_2007067,s3://osu-well-records-225989338968/pdfs/ExportedFolderContents_1/1923/12 - December/35107025060000_JACKSON L L 1_2007067.pdf,1,1923,12 - December,early,1920s,unknown,unknown,,Unclassified failure,pending,,,pending,,,,,pending,,,pending,,,pending,,,
35107042150000_TOGY SUGAR_2007101,s3://osu-well-records-225989338968/pdfs/ExportedFolderContents_1/1923/12 - December/35107042150000_TOGY SUGAR_2007101.pdf,1,1923,12 - December,early,1920s,unknown,unknown,,Unclassified failure,pending,,,pending,,,,,pending,,,pending,,,pending,,,
35107052170000_W D PIERCE 1_1496705,s3://osu-well-records-225989338968/pdfs/ExportedFolderContents_1/1923/12 - December/35107052170000_W D PIERCE 1_1496705.pdf,1,1923,12 - December,early,1920s,unknown,unknown,,Unclassified failure,pending,,,pending,,,,,pending,,,pending,,,pending,,,
35107052170000_W D PIERCE 1_2007140,s3://osu-well-records-225989338968/pdfs/ExportedFolderContents_1/1923/12 - December/35107052170000_W D PIERCE 1_2007140.pdf,1,1923,12 - December,early,1920s,unknown,unknown,,Unclassified failure,pending,,,pending,,,,,pending,,,pending,,,pending,,,
35111077140000_M COLEMAN 4_2007069,s3://osu-well-records-225989338968/pdfs/ExportedFolderContents_1/1923/12 - December/35111077140000_M COLEMAN 4_2007069.pdf,1,1923,12 - December,early,1920s,unknown,unknown,,Unclassified failure,pending,,,pending,,,,,pending,,,pending,,,pending,,,
35111082280000_MORTON_2007146,s3://osu-well-records-225989338968/pdfs/ExportedFolderContents_1/1923/12 - December/35111082280000_MORTON_2007146.pdf,1,1923,12 - December,early,1920s,unknown,unknown,,Unclassified failure,pending,,,pending,,,,,pending,,,pending,,,pending,,,
35111082280000_NORTON_1385143,s3://osu-well-records-225989338968/pdfs/ExportedFolderContents_1/1923/12 - December/35111082280000_NORTON_1385143.pdf,1,1923,12 - December,early,1920s,unknown,unknown,,Unclassified failure,pending,,,pending,,,,,pending,,,pending,,,pending,,,
35111086330000_JENNIE WOLF 4_2007041,s3://osu-well-records-225989338968/pdfs/ExportedFolderContents_1/1923/12 - December/35111086330000_JENNIE WOLF 4_2007041.pdf,1,1923,12 - December,early,1920s,unknown,unknown,,Unclassified failure,pending,,,pending,,,,,pending,,,pending,,,pending,,,
35111087790000_PETER RANDALL_1385139,s3://osu-well-records-225989338968/pdfs/ExportedFolderContents_1/1923/12 - December/35111087790000_PETER RANDALL_1385139.pdf,1,1923,12 - December,early,1920s,unknown,unknown,,Unclassified failure,pending,,,pending,,,,,pending,,,pending,,,pending,,,
35111097670000_J.W. GUINN 1_1385135,s3://osu-well-records-225989338968/pdfs/ExportedFolderContents_1/1923/12 - December/35111097670000_J.W. GUINN 1_1385135.pdf,1,1923,12 - December,early,1920s,unknown,unknown,,Unclassified failure,pending,,,pending,,,,,pending,,,pending,,,pending,,,
35111098050000_HERROD 1_1385134,s3://osu-well-records-225989338968/pdfs/ExportedFolderContents_1/1923/12 - December/35111098050000_HERROD 1_1385134.pdf,1,1923,12 - December,early,1920s,unknown,unknown,,Unclassified failure,pending,,,pending,,,,,pending,,,pending,,,pending,,,
35111098050000_HERROD 1_2007071,s3://osu-well-records-225989338968/pdfs/ExportedFolderContents_1/1923/12 - December/35111098050000_HERROD 1_2007071.pdf,1,1923,12 - December,early,1920s,unknown,unknown,,Unclassified failure,pending,,,pending,,,,,pending,,,pending,,,pending,,,
35119018940000_BISWELL 1_2289615,s3://osu-well-records-225989338968/pdfs/ExportedFolderContents_1/1923/12 - December/35119018940000_BISWELL 1_2289615.pdf,1,1923,12 - December,early,1920s,unknown,unknown,,Unclassified failure,pending,,,pending,,,,,pending,,,pending,,,pending,,,
13724861_EBY 2_984865,s3://osu-well-records-225989338968/pdfs/ExportedFolderContents_10/1990/02 - February/13724861_EBY 2_984865.pdf,10,1990,02 - February,mid,1990s,unknown,unknown,,Unclassified failure,done,not_detected,96,done,not_found,01,2S,,done,,Stephens County,skipped,,,skipped,,,
13921492_INTERSTATE A-16_754762,s3://osu-well-records-225989338968/pdfs/ExportedFolderContents_10/1990/02 - February/13921492_INTERSTATE A-16_754762.pdf,10,1990,02 - February,mid,1990s,unknown,unknown,,Unclassified failure,done,not_detected,100,done,,,,,done,,Texas County,skipped,,,skipped,,,
13922330_STONEBRAKER 1-17_754720,s3://osu-well-records-225989338968/pdfs/ExportedFolderContents_10/1990/02 - February/13922330_STONEBRAKER 1-17_754720.pdf,10,1990,02 - February,mid,1990s,unknown,unknown,,Unclassified failure,done,not_detected,99,done,,,,,done,,Texas County,skipped,,,skipped,,,
14320737_JENNY MURRAY 6_1518851,s3://osu-well-records-225989338968/pdfs/ExportedFolderContents_10/1990/02 - February/14320737_JENNY MURRAY 6_1518851.pdf,10,1990,02 - February,mid,1990s,unknown,unknown,,Unclassified failure,done,not_detected,100,done,not_found,1,1,,done,,Tulsa County,skipped,,,skipped,,,
14323087_MTR TRUST 15_1514274,s3://osu-well-records-225989338968/pdfs/ExportedFolderContents_10/1990/02 - February/14323087_MTR TRUST 15_1514274.pdf,10,1990,02 - February,mid,1990s,unknown,unknown,,Unclassified failure,done,not_detected,100,done,,,,,done,,Tulsa County,skipped,,,skipped,,,
14323748_CROSBY 26_1212222,s3://osu-well-records-225989338968/pdfs/ExportedFolderContents_10/1990/02 - February/14323748_CROSBY 26_1212222.pdf,10,1990,02 - February,mid,1990s,unknown,unknown,,Unclassified failure,done,not_detected,100,done,,,,,done,,Tulsa County,skipped,,,skipped,,,
14522536_CARL R WRIGHT 3_1394135,s3://osu-well-records-225989338968/pdfs/ExportedFolderContents_10/1990/02 - February/14522536_CARL R WRIGHT 3_1394135.pdf,10,1990,02 - February,mid,1990s,unknown,unknown,,Unclassified failure,done,not_detected,96,done,,,,,done,,Wagoner County,skipped,,,skipped,,,
14920597_SEARS 1_902981,s3://osu-well-records-225989338968/pdfs/ExportedFolderContents_10/1990/02 - February/14920597_SEARS 1_902981.pdf,10,1990,02 - February,mid,1990s,unknown,unknown,,Unclassified failure,done,not_detected,95,done,,,,,done,,Washita County,skipped,,,skipped,,,
15121802_PARSON 1-27_1585690,s3://osu-well-records-225989338968/pdfs/ExportedFolderContents_10/1990/02 - February/15121802_PARSON 1-27_1585690.pdf,10,1990,02 - February,mid,1990s,unknown,unknown,,Unclassified failure,done,not_detected,97,done,not_found,,25N,14,done,,Woods County,skipped,,,skipped,,,
15121818_FORREST REX BAIRD 3-16_1702001,s3://osu-well-records-225989338968/pdfs/ExportedFolderContents_10/1990/02 - February/15121818_FORREST REX BAIRD 3-16_1702001.pdf,10,1990,02 - February,mid,1990s,unknown,unknown,,Unclassified failure,done,not_detected,99,done,,,,,done,,Woods County,skipped,,,skipped,,,
35133052660000_THOMPSON 1-3C_2110349,s3://osu-well-records-225989338968/pdfs/ExportedFolderContents_10/1990/02 - February/35133052660000_THOMPSON 1-3C_2110349.pdf,10,1990,02 - February,mid,1990s,unknown,unknown,,Unclassified failure,done,not_detected,96,done,not_found,011,,2,done,,Seminole County,skipped,,,skipped,,,
02520819A_NANCE 1_754790,s3://osu-well-records-225989338968/pdfs/ExportedFolderContents_10/1990/03 - March/02520819A_NANCE 1_754790.pdf,10,1990,03 - March,mid,1990s,unknown,unknown,,Unclassified failure,pending,,,pending,,,,,pending,,,pending,,,pending,,,
02520823_CONOVER MORROW SAND UNIT 516 WIW_754828,s3://osu-well-records-225989338968/pdfs/ExportedFolderContents_10/1990/03 - March/02520823_CONOVER MORROW SAND UNIT 516 WIW_754828.pdf,10,1990,03 - March,mid,1990s,unknown,unknown,,Unclassified failure,pending,,,pending,,,,,pending,,,pending,,,pending,,,
02520825_CONOVER MORROW SAND UNIT 1-WSW_754823,s3://osu-well-records-225989338968/pdfs/ExportedFolderContents_10/1990/03 - March/02520825_CONOVER MORROW SAND UNIT 1-WSW_754823.pdf,10,1990,03 - March,mid,1990s,unknown,unknown,,Unclassified failure,pending,,,pending,,,,,pending,,,pending,,,pending,,,
02530018_CONOVER MORROW SAND UNIT 512 (CONOVER 2)_754906,s3://osu-well-records-225989338968/pdfs/ExportedFolderContents_10/1990/03 - March/02530018_CONOVER MORROW SAND UNIT 512 (CONOVER 2)_754906.pdf,10,1990,03 - March,mid,1990s,unknown,unknown,,Unclassified failure,pending,,,pending,,,,,pending,,,pending,,,pending,,,
02535091_CONOVER MORROW SAND UNIT 511 (CONOVER 1)_754897,s3://osu-well-records-225989338968/pdfs/ExportedFolderContents_10/1990/03 - March/02535091_CONOVER MORROW SAND UNIT 511 (CONOVER 1)_754897.pdf,10,1990,03 - March,mid,1990s,unknown,unknown,,Unclassified failure,pending,,,pending,,,,,pending,,,pending,,,pending,,,
02721234_WIEBE 1_839482,s3://osu-well-records-225989338968/pdfs/ExportedFolderContents_10/1990/03 - March/02721234_WIEBE 1_839482.pdf,10,1990,03 - March,mid,1990s,unknown,unknown,,Unclassified failure,pending,,,pending,,,,,pending,,,pending,,,pending,,,
02920416_CRANE 1-28_683508,s3://osu-well-records-225989338968/pdfs/ExportedFolderContents_10/1990/03 - March/02920416_CRANE 1-28_683508.pdf,10,1990,03 - March,mid,1990s,unknown,unknown,,Unclassified failure,pending,,,pending,,,,,pending,,,pending,,,pending,,,
03521305_JOE CALLAHAN 5_1394178,s3://osu-well-records-225989338968/pdfs/ExportedFolderContents_10/1990/03 - March/03521305_JOE CALLAHAN 5_1394178.pdf,10,1990,03 - March,mid,1990s,unknown,unknown,,Unclassified failure,pending,,,pending,,,,,pending,,,pending,,,pending,,,
03521305_JOE CALLAHAN 5_1673293,s3://osu-well-records-225989338968/pdfs/ExportedFolderContents_10/1990/03 - March/03521305_JOE CALLAHAN 5_1673293.pdf,10,1990,03 - March,mid,1990s,unknown,unknown,,Unclassified failure,pending,,,pending,,,,,pending,,,pending,,,pending,,,
03521307_JOE CALLAHAN 7_1394176,s3://osu-well-records-225989338968/pdfs/ExportedFolderContents_10/1990/03 - March/03521307_JOE CALLAHAN 7_1394176.pdf,10,1990,03 - March,mid,1990s,unknown,unknown,,Unclassified failure,pending,,,pending,,,,,pending,,,pending,,,pending,,,
03521307_JOE CALLAHAN 7_1673290,s3://osu-well-records-225989338968/pdfs/ExportedFolderContents_10/1990/03 - March/03521307_JOE CALLAHAN 7_1673290.pdf,10,1990,03 - March,mid,1990s,unknown,unknown,,Unclassified failure,pending,,,pending,,,,,pending,,,pending,,,pending,,,
03721549_ARTUSSE 24_1212636,s3://osu-well-records-225989338968/pdfs/ExportedFolderContents_10/1990/03 - March/03721549_ARTUSSE 24_1212636.pdf,10,1990,03 - March,mid,1990s,unknown,unknown,,Unclassified failure,pending,,,pending,,,,,pending,,,pending,,,pending,,,
03721723_ARTUSSE W-26_1212635,s3://osu-well-records-225989338968/pdfs/ExportedFolderContents_10/1990/03 - March/03721723_ARTUSSE W-26_1212635.pdf,10,1990,03 - March,mid,1990s,unknown,unknown,,Unclassified failure,pending,,,pending,,,,,pending,,,pending,,,pending,,,
03723161_SHELTON-PONDER DUTCHER SD UN 3511-W_1212678,s3://osu-well-records-225989338968/pdfs/ExportedFolderContents_10/1990/03 - March/03723161_SHELTON-PONDER DUTCHER SD UN 3511-W_1212678.pdf,10,1990,03 - March,mid,1990s,unknown,unknown,,Unclassified failure,pending,,,pending,,,,,pending,,,pending,,,pending,,,
03723161_SHELTON-PONDER DUTCHER SD UN 3511-W_1212682,s3://osu-well-records-225989338968/pdfs/ExportedFolderContents_10/1990/03 - March/03723161_SHELTON-PONDER DUTCHER SD UN 3511-W_1212682.pdf,10,1990,03 - March,mid,1990s,unknown,unknown,,Unclassified failure,pending,,,pending,,,,,pending,,,pending,,,pending,,,
03723412C_SHELTON PONDER DUTCHER SAND UNIT 2712-W_3560820,s3://osu-well-records-225989338968/pdfs/ExportedFolderContents_10/1990/03 - March/03723412C_SHELTON PONDER DUTCHER SAND UNIT 2712-W_3560820.pdf,10,1990,03 - March,mid,1990s,unknown,unknown,,Unclassified failure,pending,,,pending,,,,,pending,,,pending,,,pending,,,
03723412_POLECAT CREEK RED FORK SAND UNIT 2741_1212661,s3://osu-well-records-225989338968/pdfs/ExportedFolderContents_10/1990/03 - March/03723412_POLECAT CREEK RED FORK SAND UNIT 2741_1212661.pdf,10,1990,03 - March,mid,1990s,unknown,unknown,,Unclassified failure,pending,,,pending,,,,,pending,,,pending,,,pending,,,
03723412_SHELTON PONDER DUTCHER SAND UNIT 2712-W_1212667,s3://osu-well-records-225989338968/pdfs/ExportedFolderContents_10/1990/03 - March/03723412_SHELTON PONDER DUTCHER SAND UNIT 2712-W_1212667.pdf,10,1990,03 - March,mid,1990s,unknown,unknown,,Unclassified failure,pending,,,pending,,,,,pending,,,pending,,,pending,,,
03728050_MILES DEVIN 9_1212714,s3://osu-well-records-225989338968/pdfs/ExportedFolderContents_10/1990/03 - March/03728050_MILES DEVIN 9_1212714.pdf,10,1990,03 - March,mid,1990s,unknown,unknown,,Unclassified failure,pending,,,pending,,,,,pending,,,pending,,,pending,,,
03728161_SHELTON-PONDER DUTCHER SAND UNIT 2725-W_1212585,s3://osu-well-records-225989338968/pdfs/ExportedFolderContents_10/1990/03 - March/03728161_SHELTON-PONDER DUTCHER SAND UNIT 2725-W_1212585.pdf,10,1990,03 - March,mid,1990s,unknown,unknown,,Unclassified failure,pending,,,pending,,,,,pending,,,pending,,,pending,,,
03728161_SHELTON-PONDER DUTCHER SAND UNIT 2725-W_1212591,s3://osu-well-records-225989338968/pdfs/ExportedFolderContents_10/1990/03 - March/03728161_SHELTON-PONDER DUTCHER SAND UNIT 2725-W_1212591.pdf,10,1990,03 - March,mid,1990s,unknown,unknown,,Unclassified failure,pending,,,pending,,,,,pending,,,pending,,,pending,,,
03728176_SCHWABE 3_1212673,s3://osu-well-records-225989338968/pdfs/ExportedFolderContents_10/1990/03 - March/03728176_SCHWABE 3_1212673.pdf,10,1990,03 - March,mid,1990s,unknown,unknown,,Unclassified failure,pending,,,pending,,,,,pending,,,pending,,,pending,,,
03728184_JACKSON 1_1212665,s3://osu-well-records-225989338968/pdfs/ExportedFolderContents_10/1990/03 - March/03728184_JACKSON 1_1212665.pdf,10,1990,03 - March,mid,1990s,unknown,unknown,,Unclassified failure,pending,,,pending,,,,,pending,,,pending,,,pending,,,
03728191_JACKSON RANCH 1_1212757,s3://osu-well-records-225989338968/pdfs/ExportedFolderContents_10/1990/03 - March/03728191_JACKSON RANCH 1_1212757.pdf,10,1990,03 - March,mid,1990s,unknown,unknown,,Unclassified failure,pending,,,pending,,,,,pending,,,pending,,,pending,,,
03921346_SANDYCAT 1_498929,s3://osu-well-records-225989338968/pdfs/ExportedFolderContents_10/1990/03 - March/03921346_SANDYCAT 1_498929.pdf,10,1990,03 - March,mid,1990s,unknown,unknown,,Unclassified failure,pending,,,pending,,,,,pending,,,pending,,,pending,,,
04321223_PETREE UNIT 1-35_495219,s3://osu-well-records-225989338968/pdfs/ExportedFolderContents_10/1990/03 - March/04321223_PETREE UNIT 1-35_495219.pdf,10,1990,03 - March,mid,1990s,unknown,unknown,,Unclassified failure,pending,,,pending,,,,,pending,,,pending,,,pending,,,
04322132_HOWARD 1-33_497859,s3://osu-well-records-225989338968/pdfs/ExportedFolderContents_10/1990/03 - March/04322132_HOWARD 1-33_497859.pdf,10,1990,03 - March,mid,1990s,unknown,unknown,,Unclassified failure,pending,,,pending,,,,,pending,,,pending,,,pending,,,
04322317_HURT FEDERAL 1-9_483803,s3://osu-well-records-225989338968/pdfs/ExportedFolderContents_10/1990/03 - March/04322317_HURT FEDERAL 1-9_483803.pdf,10,1990,03 - March,mid,1990s,unknown,unknown,,Unclassified failure,pending,,,pending,,,,,pending,,,pending,,,pending,,,
043223490003_PROSTAR 28 SWD (CHRISTOPHER 2) 1_500413914,s3://osu-well-records-225989338968/pdfs/ExportedFolderContents_10/1990/03 - March/043223490003_PROSTAR 28 SWD (CHRISTOPHER 2) 1_500413914.pdf,10,1990,03 - March,mid,1990s,unknown,unknown,,Unclassified failure,pending,,,pending,,,,,pending,,,pending,,,pending,,,
04322354_PRESLEY B-1_477340,s3://osu-well-records-225989338968/pdfs/ExportedFolderContents_10/1990/03 - March/04322354_PRESLEY B-1_477340.pdf,10,1990,03 - March,mid,1990s,unknown,unknown,,Unclassified failure,pending,,,pending,,,,,pending,,,pending,,,pending,,,
04322375_JOHNSON 1_476949,s3://osu-well-records-225989338968/pdfs/ExportedFolderContents_10/1990/03 - March/04322375_JOHNSON 1_476949.pdf,10,1990,03 - March,mid,1990s,unknown,unknown,,Unclassified failure,pending,,,pending,,,,,pending,,,pending,,,pending,,,
04322378_CHARLES 1-7_476727,s3://osu-well-records-225989338968/pdfs/ExportedFolderContents_10/1990/03 - March/04322378_CHARLES 1-7_476727.pdf,10,1990,03 - March,mid,1990s,unknown,unknown,,Unclassified failure,pending,,,pending,,,,,pending,,,pending,,,pending,,,
04322379_STIDHAM 27-2_471854,s3://osu-well-records-225989338968/pdfs/ExportedFolderContents_10/1990/03 - March/04322379_STIDHAM 27-2_471854.pdf,10,1990,03 - March,mid,1990s,unknown,unknown,,Unclassified failure,pending,,,pending,,,,,pending,,,pending,,,pending,,,
04322384_BROWN 3-10_1317783,s3://osu-well-records-225989338968/pdfs/ExportedFolderContents_10/1990/03 - March/04322384_BROWN 3-10_1317783.pdf,10,1990,03 - March,mid,1990s,unknown,unknown,,Unclassified failure,pending,,,pending,,,,,pending,,,pending,,,pending,,,
04521638_BERRYMAN 1-7_486032,s3://osu-well-records-225989338968/pdfs/ExportedFolderContents_10/1990/03 - March/04521638_BERRYMAN 1-7_486032.pdf,10,1990,03 - March,mid,1990s,unknown,unknown,,Unclassified failure,pending,,,pending,,,,,pending,,,pending,,,pending,,,
04521638_BERRYMAN 1-7_510627,s3://osu-well-records-225989338968/pdfs/ExportedFolderContents_10/1990/03 - March/04521638_BERRYMAN 1-7_510627.pdf,10,1990,03 - March,mid,1990s,unknown,unknown,,Unclassified failure,pending,,,pending,,,,,pending,,,pending,,,pending,,,
04521638_BERRYMAN 1-7_510628,s3://osu-well-records-225989338968/pdfs/ExportedFolderContents_10/1990/03 - March/04521638_BERRYMAN 1-7_510628.pdf,10,1990,03 - March,mid,1990s,unknown,unknown,,Unclassified failure,pending,,,pending,,,,,pending,,,pending,,,pending,,,
04521646_INGLE 1_1702064,s3://osu-well-records-225989338968/pdfs/ExportedFolderContents_10/1990/03 - March/04521646_INGLE 1_1702064.pdf,10,1990,03 - March,mid,1990s,unknown,unknown,,Unclassified failure,pending,,,pending,,,,,pending,,,pending,,,pending,,,
04722062_ISHMAEL UNIT 4_1317812,s3://osu-well-records-225989338968/pdfs/ExportedFolderContents_10/1990/03 - March/04722062_ISHMAEL UNIT 4_1317812.pdf,10,1990,03 - March,mid,1990s,unknown,unknown,,Unclassified failure,pending,,,pending,,,,,pending,,,pending,,,pending,,,
04724040_KIMBALL 1_1585918,s3://osu-well-records-225989338968/pdfs/ExportedFolderContents_10/1990/03 - March/04724040_KIMBALL 1_1585918.pdf,10,1990,03 - March,mid,1990s,unknown,unknown,,Unclassified failure,pending,,,pending,,,,,pending,,,pending,,,pending,,,
04901289_TULSA UNIVERSITY C-1A_839441,s3://osu-well-records-225989338968/pdfs/ExportedFolderContents_10/1990/03 - March/04901289_TULSA UNIVERSITY C-1A_839441.pdf,10,1990,03 - March,mid,1990s,unknown,unknown,,Unclassified failure,pending,,,pending,,,,,pending,,,pending,,,pending,,,
04920721_BOATWRIGHT 2_683432,s3://osu-well-records-225989338968/pdfs/ExportedFolderContents_10/1990/03 - March/04920721_BOATWRIGHT 2_683432.pdf,10,1990,03 - March,mid,1990s,unknown,unknown,,Unclassified failure,pending,,,pending,,,,,pending,,,pending,,,pending,,,
04922437_THOMPSON D 1-25_839516,s3://osu-well-records-225989338968/pdfs/ExportedFolderContents_10/1990/03 - March/04922437_THOMPSON D 1-25_839516.pdf,10,1990,03 - March,mid,1990s,unknown,unknown,,Unclassified failure,pending,,,pending,,,,,pending,,,pending,,,pending,,,
04923401_JONES 1-16_838161,s3://osu-well-records-225989338968/pdfs/ExportedFolderContents_10/1990/03 - March/04923401_JONES 1-16_838161.pdf,10,1990,03 - March,mid,1990s,unknown,unknown,,Unclassified failure,pending,,,pending,,,,,pending,,,pending,,,pending,,,
04923418_BUNCH 1-11_839508,s3://osu-well-records-225989338968/pdfs/ExportedFolderContents_10/1990/03 - March/04923418_BUNCH 1-11_839508.pdf,10,1990,03 - March,mid,1990s,unknown,unknown,,Unclassified failure,pending,,,pending,,,,,pending,,,pending,,,pending,,,
04923450_JOHNSON I-1_839453,s3://osu-well-records-225989338968/pdfs/ExportedFolderContents_10/1990/03 - March/04923450_JOHNSON I-1_839453.pdf,10,1990,03 - March,mid,1990s,unknown,unknown,,Unclassified failure,pending,,,pending,,,,,pending,,,pending,,,pending,,,
04923458_JAKE 1-5_839548,s3://osu-well-records-225989338968/pdfs/ExportedFolderContents_10/1990/03 - March/04923458_JAKE 1-5_839548.pdf,10,1990,03 - March,mid,1990s,unknown,unknown,,Unclassified failure,pending,,,pending,,,,,pending,,,pending,,,pending,,,
04923458_JAKE 1-5_839552,s3://osu-well-records-225989338968/pdfs/ExportedFolderContents_10/1990/03 - March/04923458_JAKE 1-5_839552.pdf,10,1990,03 - March,mid,1990s,unknown,unknown,,Unclassified failure,pending,,,pending,,,,,pending,,,pending,,,pending,,,
04923463_T S GRANT 11_839400,s3://osu-well-records-225989338968/pdfs/ExportedFolderContents_10/1990/03 - March/04923463_T S GRANT 11_839400.pdf,10,1990,03 - March,mid,1990s,unknown,unknown,,Unclassified failure,pending,,,pending,,,,,pending,,,pending,,,pending,,,
04923466_T S GRANT 12_839428,s3://osu-well-records-225989338968/pdfs/ExportedFolderContents_10/1990/03 - March/04923466_T S GRANT 12_839428.pdf,10,1990,03 - March,mid,1990s,unknown,unknown,,Unclassified failure,pending,,,pending,,,,,pending,,,pending,,,pending,,,
04923469_HARRIS 25-1_683491,s3://osu-well-records-225989338968/pdfs/ExportedFolderContents_10/1990/03 - March/04923469_HARRIS 25-1_683491.pdf,10,1990,03 - March,mid,1990s,unknown,unknown,,Unclassified failure,pending,,,pending,,,,,pending,,,pending,,,pending,,,
04923473_S H COWAN 38_839479,s3://osu-well-records-225989338968/pdfs/ExportedFolderContents_10/1990/03 - March/04923473_S H COWAN 38_839479.pdf,10,1990,03 - March,mid,1990s,unknown,unknown,,Unclassified failure,pending,,,pending,,,,,pending,,,pending,,,pending,,,
04923474_F H HARRIS 15_839468,s3://osu-well-records-225989338968/pdfs/ExportedFolderContents_10/1990/03 - March/04923474_F H HARRIS 15_839468.pdf,10,1990,03 - March,mid,1990s,unknown,unknown,,Unclassified failure,pending,,,pending,,,,,pending,,,pending,,,pending,,,
04936390_DOC COLE 6_839528,s3://osu-well-records-225989338968/pdfs/ExportedFolderContents_10/1990/03 - March/04936390_DOC COLE 6_839528.pdf,10,1990,03 - March,mid,1990s,unknown,unknown,,Unclassified failure,pending,,,pending,,,,,pending,,,pending,,,pending,,,
04938529B_MARTIN HARRISON C-3_839462,s3://osu-well-records-225989338968/pdfs/ExportedFolderContents_10/1990/03 - March/04938529B_MARTIN HARRISON C-3_839462.pdf,10,1990,03 - March,mid,1990s,unknown,unknown,,Unclassified failure,pending,,,pending,,,,,pending,,,pending,,,pending,,,
05120990_MOWDY 1-13_817805,s3://osu-well-records-225989338968/pdfs/ExportedFolderContents_10/1990/03 - March/05120990_MOWDY 1-13_817805.pdf,10,1990,03 - March,mid,1990s,unknown,unknown,,Unclassified failure,pending,,,pending,,,,,pending,,,pending,,,pending,,,
05121067_NORVILL C-1_839518,s3://osu-well-records-225989338968/pdfs/ExportedFolderContents_10/1990/03 - March/05121067_NORVILL C-1_839518.pdf,10,1990,03 - March,mid,1990s,unknown,unknown,,Unclassified failure,pending,,,pending,,,,,pending,,,pending,,,pending,,,
05121827_MURRAY 1-18_839530,s3://osu-well-records-225989338968/pdfs/ExportedFolderContents_10/1990/03 - March/05121827_MURRAY 1-18_839530.pdf,10,1990,03 - March,mid,1990s,unknown,unknown,,Unclassified failure,pending,,,pending,,,,,pending,,,pending,,,pending,,,
05121827_MURRAY 1-18_839542,s3://osu-well-records-225989338968/pdfs/ExportedFolderContents_10/1990/03 - March/05121827_MURRAY 1-18_839542.pdf,10,1990,03 - March,mid,1990s,unknown,unknown,,Unclassified failure,pending,,,pending,,,,,pending,,,pending,,,pending,,,
05122075_NEWBY 1-1_837970,s3://osu-well-records-225989338968/pdfs/ExportedFolderContents_10/1990/03 - March/05122075_NEWBY 1-1_837970.pdf,10,1990,03 - March,mid,1990s,unknown,unknown,,Unclassified failure,pending,,,pending,,,,,pending,,,pending,,,pending,,,
05122075_NEWBY 1-1_844732,s3://osu-well-records-225989338968/pdfs/ExportedFolderContents_10/1990/03 - March/05122075_NEWBY 1-1_844732.pdf,10,1990,03 - March,mid,1990s,unknown,unknown,,Unclassified failure,pending,,,pending,,,,,pending,,,pending,,,pending,,,
05122122_LEONA 1-33_839523,s3://osu-well-records-225989338968/pdfs/ExportedFolderContents_10/1990/03 - March/05122122_LEONA 1-33_839523.pdf,10,1990,03 - March,mid,1990s,unknown,unknown,,Unclassified failure,pending,,,pending,,,,,pending,,,pending,,,pending,,,
05122127_SARAH HALL 2-30_839510,s3://osu-well-records-225989338968/pdfs/ExportedFolderContents_10/1990/03 - March/05122127_SARAH HALL 2-30_839510.pdf,10,1990,03 - March,mid,1990s,unknown,unknown,,Unclassified failure,pending,,,pending,,,,,pending,,,pending,,,pending,,,
05122132_LAQUITA 1_839420,s3://osu-well-records-225989338968/pdfs/ExportedFolderContents_10/1990/03 - March/05122132_LAQUITA 1_839420.pdf,10,1990,03 - March,mid,1990s,unknown,unknown,,Unclassified failure,pending,,,pending,,,,,pending,,,pending,,,pending,,,
05135656A_AMERADA 1-36_1796342,s3://osu-well-records-225989338968/pdfs/ExportedFolderContents_10/1990/03 - March/05135656A_AMERADA 1-36_1796342.pdf,10,1990,03 - March,mid,1990s,unknown,unknown,,Unclassified failure,pending,,,pending,,,,,pending,,,pending,,,pending,,,
05300801A_BOOHER 2 (BOOHER C-55 2)_1585810,s3://osu-well-records-225989338968/pdfs/ExportedFolderContents_10/1990/03 - March/05300801A_BOOHER 2 (BOOHER C-55 2)_1585810.pdf,10,1990,03 - March,mid,1990s,unknown,unknown,,Unclassified failure,pending,,,pending,,,,,pending,,,pending,,,pending,,,
05322156_GEORGE 1_1585901,s3://osu-well-records-225989338968/pdfs/ExportedFolderContents_10/1990/03 - March/05322156_GEORGE 1_1585901.pdf,10,1990,03 - March,mid,1990s,unknown,unknown,,Unclassified failure,pending,,,pending,,,,,pending,,,pending,,,pending,,,
05322159_ROBINSON 1_1585848,s3://osu-well-records-225989338968/pdfs/ExportedFolderContents_10/1990/03 - March/05322159_ROBINSON 1_1585848.pdf,10,1990,03 - March,mid,1990s,unknown,unknown,,Unclassified failure,pending,,,pending,,,,,pending,,,pending,,,pending,,,
05322160_ROBERT HENRY KIRK 1-15_1585856,s3://osu-well-records-225989338968/pdfs/ExportedFolderContents_10/1990/03 - March/05322160_ROBERT HENRY KIRK 1-15_1585856.pdf,10,1990,03 - March,mid,1990s,unknown,unknown,,Unclassified failure,pending,,,pending,,,,,pending,,,pending,,,pending,,,
05322161_MILLER 1_1585939,s3://osu-well-records-225989338968/pdfs/ExportedFolderContents_10/1990/03 - March/05322161_MILLER 1_1585939.pdf,10,1990,03 - March,mid,1990s,unknown,unknown,,Unclassified failure,pending,,,pending,,,,,pending,,,pending,,,pending,,,
05920306_GEORGIA 8-3_1702092,s3://osu-well-records-225989338968/pdfs/ExportedFolderContents_10/1990/03 - March/05920306_GEORGIA 8-3_1702092.pdf,10,1990,03 - March,mid,1990s,unknown,unknown,,Unclassified failure,pending,,,pending,,,,,pending,,,pending,,,pending,,,
05921653_CAMPBELL-STATE 1-8_1702104,s3://osu-well-records-225989338968/pdfs/ExportedFolderContents_10/1990/03 - March/05921653_CAMPBELL-STATE 1-8_1702104.pdf,10,1990,03 - March,mid,1990s,unknown,unknown,,Unclassified failure,pending,,,pending,,,,,pending,,,pending,,,pending,,,
05921667_STAKER 15-2_1702072,s3://osu-well-records-225989338968/pdfs/ExportedFolderContents_10/1990/03 - March/05921667_STAKER 15-2_1702072.pdf,10,1990,03 - March,mid,1990s,unknown,unknown,,Unclassified failure,pending,,,pending,,,,,pending,,,pending,,,pending,,,
05921668_SELMAN 1-32_1702047,s3://osu-well-records-225989338968/pdfs/ExportedFolderContents_10/1990/03 - March/05921668_SELMAN 1-32_1702047.pdf,10,1990,03 - March,mid,1990s,unknown,unknown,,Unclassified failure,pending,,,pending,,,,,pending,,,pending,,,pending,,,
05921673_USF&G CLARK 1-21_1702089,s3://osu-well-records-225989338968/pdfs/ExportedFolderContents_10/1990/03 - March/05921673_USF&G CLARK 1-21_1702089.pdf,10,1990,03 - March,mid,1990s,unknown,unknown,,Unclassified failure,pending,,,pending,,,,,pending,,,pending,,,pending,,,
06120844_MIDGLEY 2_1022567,s3://osu-well-records-225989338968/pdfs/ExportedFolderContents_10/1990/03 - March/06120844_MIDGLEY 2_1022567.pdf,10,1990,03 - March,mid,1990s,unknown,unknown,,Unclassified failure,pending,,,pending,,,,,pending,,,pending,,,pending,,,
06120844_MIDGLEY 2_565528,s3://osu-well-records-225989338968/pdfs/ExportedFolderContents_10/1990/03 - March/06120844_MIDGLEY 2_565528.pdf,10,1990,03 - March,mid,1990s,unknown,unknown,,Unclassified failure,pending,,,pending,,,,,pending,,,pending,,,pending,,,
06322816_KAISER 1-31_683443,s3://osu-well-records-225989338968/pdfs/ExportedFolderContents_10/1990/03 - March/06322816_KAISER 1-31_683443.pdf,10,1990,03 - March,mid,1990s,unknown,unknown,,Unclassified failure,pending,,,pending,,,,,pending,,,pending,,,pending,,,
06322892_MITCHELL 1_683502,s3://osu-well-records-225989338968/pdfs/ExportedFolderContents_10/1990/03 - March/06322892_MITCHELL 1_683502.pdf,10,1990,03 - March,mid,1990s,unknown,unknown,,Unclassified failure,pending,,,pending,,,,,pending,,,pending,,,pending,,,
06322892_MITCHELL 1_683505,s3://osu-well-records-225989338968/pdfs/ExportedFolderContents_10/1990/03 - March/06322892_MITCHELL 1_683505.pdf,10,1990,03 - March,mid,1990s,unknown,unknown,,Unclassified failure,pending,,,pending,,,,,pending,,,pending,,,pending,,,
06322898_TRAVIS P-1 _1212567,s3://osu-well-records-225989338968/pdfs/ExportedFolderContents_10/1990/03 - March/06322898_TRAVIS P-1 _1212567.pdf,10,1990,03 - March,mid,1990s,unknown,unknown,,Unclassified failure,pending,,,pending,,,,,pending,,,pending,,,pending,,,
06322898_TRAVIS P-1 _1212568,s3://osu-well-records-225989338968/pdfs/ExportedFolderContents_10/1990/03 - March/06322898_TRAVIS P-1 _1212568.pdf,10,1990,03 - March,mid,1990s,unknown,unknown,,Unclassified failure,pending,,,pending,,,,,pending,,,pending,,,pending,,,
06322898_TRAVIS P-1_683395,s3://osu-well-records-225989338968/pdfs/ExportedFolderContents_10/1990/03 - March/06322898_TRAVIS P-1_683395.pdf,10,1990,03 - March,mid,1990s,unknown,unknown,,Unclassified failure,pending,,,pending,,,,,pending,,,pending,,,pending,,,
06322898_TRAVIS P-1_683397,s3://osu-well-records-225989338968/pdfs/ExportedFolderContents_10/1990/03 - March/06322898_TRAVIS P-1_683397.pdf,10,1990,03 - March,mid,1990s,unknown,unknown,,Unclassified failure,pending,,,pending,,,,,pending,,,pending,,,pending,,,
06322902_HUCKLEBERRY 1_683516,s3://osu-well-records-225989338968/pdfs/ExportedFolderContents_10/1990/03 - March/06322902_HUCKLEBERRY 1_683516.pdf,10,1990,03 - March,mid,1990s,unknown,unknown,,Unclassified failure,pending,,,pending,,,,,pending,,,pending,,,pending,,,
06322906_HUCKLEBERRY 2_683462,s3://osu-well-records-225989338968/pdfs/ExportedFolderContents_10/1990/03 - March/06322906_HUCKLEBERRY 2_683462.pdf,10,1990,03 - March,mid,1990s,unknown,unknown,,Unclassified failure,pending,,,pending,,,,,pending,,,pending,,,pending,,,
07120725_BARCLAY (BOOTH) 2_1514406,s3://osu-well-records-225989338968/pdfs/ExportedFolderContents_10/1990/03 - March/07120725_BARCLAY (BOOTH) 2_1514406.pdf,10,1990,03 - March,mid,1990s,unknown,unknown,,Unclassified failure,pending,,,pending,,,,,pending,,,pending,,,pending,,,
07122367A_ONA 1_3649497,s3://osu-well-records-225989338968/pdfs/ExportedFolderContents_10/1990/03 - March/07122367A_ONA 1_3649497.pdf,10,1990,03 - March,mid,1990s,unknown,unknown,,Unclassified failure,pending,,,pending,,,,,pending,,,pending,,,pending,,,
07324210_CAMES 1_1317768,s3://osu-well-records-225989338968/pdfs/ExportedFolderContents_10/1990/03 - March/07324210_CAMES 1_1317768.pdf,10,1990,03 - March,mid,1990s,unknown,unknown,,Unclassified failure,pending,,,pending,,,,,pending,,,pending,,,pending,,,
07324211_BREDEL 1-9_1317713,s3://osu-well-records-225989338968/pdfs/ExportedFolderContents_10/1990/03 - March/07324211_BREDEL 1-9_1317713.pdf,10,1990,03 - March,mid,1990s,unknown,unknown,,Unclassified failure,pending,,,pending,,,,,pending,,,pending,,,pending,,,
07720530_WATTS JONES 2_565580,s3://osu-well-records-225989338968/pdfs/ExportedFolderContents_10/1990/03 - March/07720530_WATTS JONES 2_565580.pdf,10,1990,03 - March,mid,1990s,unknown,unknown,,Unclassified failure,pending,,,pending,,,,,pending,,,pending,,,pending,,,
07920708_QUALLS 2-5_1022576,s3://osu-well-records-225989338968/pdfs/ExportedFolderContents_10/1990/03 - March/07920708_QUALLS 2-5_1022576.pdf,10,1990,03 - March,mid,1990s,unknown,unknown,,Unclassified failure,pending,,,pending,,,,,pending,,,pending,,,pending,,,
07920708_QUALLS 2-5_565568,s3://osu-well-records-225989338968/pdfs/ExportedFolderContents_10/1990/03 - March/07920708_QUALLS 2-5_565568.pdf,10,1990,03 - March,mid,1990s,unknown,unknown,,Unclassified failure,pending,,,pending,,,,,pending,,,pending,,,pending,,,
08121054_HEMMER 1-A_1212726,s3://osu-well-records-225989338968/pdfs/ExportedFolderContents_10/1990/03 - March/08121054_HEMMER 1-A_1212726.pdf,10,1990,03 - March,mid,1990s,unknown,unknown,,Unclassified failure,pending,,,pending,,,,,pending,,,pending,,,pending,,,
08121781_LEBOW 2-A_1212660,s3://osu-well-records-225989338968/pdfs/ExportedFolderContents_10/1990/03 - March/08121781_LEBOW 2-A_1212660.pdf,10,1990,03 - March,mid,1990s,unknown,unknown,,Unclassified failure,pending,,,pending,,,,,pending,,,pending,,,pending,,,
11920606_LYTER 3_1318061,s3://osu-well-records-225989338968/pdfs/ExportedFolderContents_10/1990/04 - April/11920606_LYTER 3_1318061.pdf,10,1990,04 - April,mid,1990s,unknown,unknown,,Unclassified failure,done,not_detected,100,done,,,,,done,no_match,Kingfisher County,skipped,,,skipped,,,
12121508_TOMLIN 1_565628,s3://osu-well-records-225989338968/pdfs/ExportedFolderContents_10/1990/04 - April/12121508_TOMLIN 1_565628.pdf,10,1990,04 - April,mid,1990s,unknown,unknown,,Unclassified failure,done,not_detected,99,done,,,,,done,no_match,Pittsburg County,skipped,,,skipped,,,
12121553_PEARL DAVIS 3_565648,s3://osu-well-records-225989338968/pdfs/ExportedFolderContents_10/1990/04 - April/12121553_PEARL DAVIS 3_565648.pdf,10,1990,04 - April,mid,1990s,unknown,unknown,,Unclassified failure,done,not_detected,92,done,not_found,,4,16E,done,,Pittsburg County,skipped,,,skipped,,,
12121555_DOROTHY SILVA 1_565662,s3://osu-well-records-225989338968/pdfs/ExportedFolderContents_10/1990/04 - April/12121555_DOROTHY SILVA 1_565662.pdf,10,1990,04 - April,mid,1990s,unknown,unknown,,Unclassified failure,done,not_detected,97,done,,,,,done,,Pittsburg County,skipped,,,skipped,,,
13305220_NW WEWOKA BOOCH SAND UNIT 3321_683656,s3://osu-well-records-225989338968/pdfs/ExportedFolderContents_10/1990/04 - April/13305220_NW WEWOKA BOOCH SAND UNIT 3321_683656.pdf,10,1990,04 - April,mid,1990s,unknown,unknown,,Unclassified failure,done,not_detected,100,done,not_found,11,11,7E,done,,Seminole County,skipped,,,skipped,,,
13305221A_NW WEWOKA BOOCH SAND UNIT 3325-W_683719,s3://osu-well-records-225989338968/pdfs/ExportedFolderContents_10/1990/04 - April/13305221A_NW WEWOKA BOOCH SAND UNIT 3325-W_683719.pdf,10,1990,04 - April,mid,1990s,unknown,unknown,,Unclassified failure,done,not_detected,99,done,,,,,done,,Seminole County,skipped,,,skipped,,,
13323588_COATS 33-B_683653,s3://osu-well-records-225989338968/pdfs/ExportedFolderContents_10/1990/04 - April/13323588_COATS 33-B_683653.pdf,10,1990,04 - April,mid,1990s,unknown,unknown,,Unclassified failure,done,not_detected,100,done,not_found,11,11,,done,,Seminole County,skipped,,,skipped,,,
13323816_HTR BERRY 1_1514549,s3://osu-well-records-225989338968/pdfs/ExportedFolderContents_10/1990/04 - April/13323816_HTR BERRY 1_1514549.pdf,10,1990,04 - April,mid,1990s,unknown,unknown,,Unclassified failure,done,,96,done,,,,,done,,Seminole County,done,,98,skipped,,,
13323823_W S 3-A_683667,s3://osu-well-records-225989338968/pdfs/ExportedFolderContents_10/1990/04 - April/13323823_W S 3-A_683667.pdf,10,1990,04 - April,mid,1990s,unknown,unknown,,Unclassified failure,done,not_detected,98,done,not_found,11,11,7E,done,,Seminole County,skipped,,,skipped,,,
13323824_HAMMONS 1-9_683761,s3://osu-well-records-225989338968/pdfs/ExportedFolderContents_10/1990/04 - April/13323824_HAMMONS 1-9_683761.pdf,10,1990,04 - April,mid,1990s,unknown,unknown,,Unclassified failure,done,not_detected,100,done,,,,,done,,Seminole County,skipped,,,skipped,,,
13922334_MEYER 1-19_755013,s3://osu-well-records-225989338968/pdfs/ExportedFolderContents_10/1990/04 - April/13922334_MEYER 1-19_755013.pdf,10,1990,04 - April,mid,1990s,unknown,unknown,,Unclassified failure,done,not_detected,99,done,,,,,done,,Texas County,skipped,,,skipped,,,
14726210_SCUDDER A AG-11_1514529,s3://osu-well-records-225989338968/pdfs/ExportedFolderContents_10/1990/04 - April/14726210_SCUDDER A AG-11_1514529.pdf,10,1990,04 - April,mid,1990s,unknown,unknown,,Unclassified failure,done,not_detected,100,done,,,,,done,,Washington County,skipped,,,skipped,,,
15321805_ZIEGLER 1-11_1702178,s3://osu-well-records-225989338968/pdfs/ExportedFolderContents_10/1990/04 - April/15321805_ZIEGLER 1-11_1702178.pdf,10,1990,04 - April,mid,1990s,unknown,unknown,,Unclassified failure,done,not_detected,97,done,not_found,,23N,18W,done,,Woodward County,skipped,,,skipped,,,
35015002730000_MARCHAND 1_1736558,s3://osu-well-records-225989338968/pdfs/ExportedFolderContents_10/1990/04 - April/35015002730000_MARCHAND 1_1736558.pdf,10,1990,04 - April,mid,1990s,unknown,unknown,,Unclassified failure,done,not_detected,97,done,not_found,011,5N,,done,,Caddo County,skipped,,,skipped,,,
01522087_E LOOKEBA WSW 1_840083,s3://osu-well-records-225989338968/pdfs/ExportedFolderContents_10/1990/05 - May/01522087_E LOOKEBA WSW 1_840083.pdf,10,1990,05 - May,mid,1990s,unknown,unknown,,Unclassified failure,pending,,,pending,,,,,pending,,,pending,,,pending,,,
01535300C_KUNSEMULLER 3-A_4035297,s3://osu-well-records-225989338968/pdfs/ExportedFolderContents_10/1990/05 - May/01535300C_KUNSEMULLER 3-A_4035297.pdf,10,1990,05 - May,mid,1990s,unknown,unknown,,Unclassified failure,pending,,,pending,,,,,pending,,,pending,,,pending,,,
01721648_SCHROEDER D-1_1318525,s3://osu-well-records-225989338968/pdfs/ExportedFolderContents_10/1990/05 - May/01721648_SCHROEDER D-1_1318525.pdf,10,1990,05 - May,mid,1990s,unknown,unknown,,Unclassified failure,pending,,,pending,,,,,pending,,,pending,,,pending,,,
01721648_SCHROEDER D-1_1318526,s3://osu-well-records-225989338968/pdfs/ExportedFolderContents_10/1990/05 - May/01721648_SCHROEDER D-1_1318526.pdf,10,1990,05 - May,mid,1990s,unknown,unknown,,Unclassified failure,pending,,,pending,,,,,pending,,,pending,,,pending,,,
01721922_STRAKA 1_840065,s3://osu-well-records-225989338968/pdfs/ExportedFolderContents_10/1990/05 - May/01721922_STRAKA 1_840065.pdf,10,1990,05 - May,mid,1990s,unknown,unknown,,Unclassified failure,pending,,,pending,,,,,pending,,,pending,,,pending,,,
01723150_MARY E DELANA 1-11_1318586,s3://osu-well-records-225989338968/pdfs/ExportedFolderContents_10/1990/05 - May/01723150_MARY E DELANA 1-11_1318586.pdf,10,1990,05 - May,mid,1990s,unknown,unknown,,Unclassified failure,pending,,,pending,,,,,pending,,,pending,,,pending,,,
01723152_TREXLER 1-9_1318562,s3://osu-well-records-225989338968/pdfs/ExportedFolderContents_10/1990/05 - May/01723152_TREXLER 1-9_1318562.pdf,10,1990,05 - May,mid,1990s,unknown,unknown,,Unclassified failure,pending,,,pending,,,,,pending,,,pending,,,pending,,,
01723157_INEZ 1-30_1318496,s3://osu-well-records-225989338968/pdfs/ExportedFolderContents_10/1990/05 - May/01723157_INEZ 1-30_1318496.pdf,10,1990,05 - May,mid,1990s,unknown,unknown,,Unclassified failure,pending,,,pending,,,,,pending,,,pending,,,pending,,,
01907027_BAYOU UNIT 24_988366,s3://osu-well-records-225989338968/pdfs/ExportedFolderContents_10/1990/05 - May/01907027_BAYOU UNIT 24_988366.pdf,10,1990,05 - May,mid,1990s,unknown,unknown,,Unclassified failure,pending,,,pending,,,,,pending,,,pending,,,pending,,,
01909298_HEALDTON VI UNIT 4-10_985345,s3://osu-well-records-225989338968/pdfs/ExportedFolderContents_10/1990/05 - May/01909298_HEALDTON VI UNIT 4-10_985345.pdf,10,1990,05 - May,mid,1990s,unknown,unknown,,Unclassified failure,pending,,,pending,,,,,pending,,,pending,,,pending,,,
01923212_HEWITT UNIT 22-4502_985327,s3://osu-well-records-225989338968/pdfs/ExportedFolderContents_10/1990/05 - May/01923212_HEWITT UNIT 22-4502_985327.pdf,10,1990,05 - May,mid,1990s,unknown,unknown,,Unclassified failure,pending,,,pending,,,,,pending,,,pending,,,pending,,,
01923569_THEODOCIA MILLER B 1_985353,s3://osu-well-records-225989338968/pdfs/ExportedFolderContents_10/1990/05 - May/01923569_THEODOCIA MILLER B 1_985353.pdf,10,1990,05 - May,mid,1990s,unknown,unknown,,Unclassified failure,pending,,,pending,,,,,pending,,,pending,,,pending,,,
01923749_COTTONWOOD CREEK 31-E-1_985350,s3://osu-well-records-225989338968/pdfs/ExportedFolderContents_10/1990/05 - May/01923749_COTTONWOOD CREEK 31-E-1_985350.pdf,10,1990,05 - May,mid,1990s,unknown,unknown,,Unclassified failure,pending,,,pending,,,,,pending,,,pending,,,pending,,,
01923805_COTTONWOOD CREEK 30-C-1_985318,s3://osu-well-records-225989338968/pdfs/ExportedFolderContents_10/1990/05 - May/01923805_COTTONWOOD CREEK 30-C-1_985318.pdf,10,1990,05 - May,mid,1990s,unknown,unknown,,Unclassified failure,pending,,,pending,,,,,pending,,,pending,,,pending,,,
01923849_COTTONWOOD CREEK 19-D-1_985330,s3://osu-well-records-225989338968/pdfs/ExportedFolderContents_10/1990/05 - May/01923849_COTTONWOOD CREEK 19-D-1_985330.pdf,10,1990,05 - May,mid,1990s,unknown,unknown,,Unclassified failure,pending,,,pending,,,,,pending,,,pending,,,pending,,,
01923934_COUNTY LINE 82-3_985319,s3://osu-well-records-225989338968/pdfs/ExportedFolderContents_10/1990/05 - May/01923934_COUNTY LINE 82-3_985319.pdf,10,1990,05 - May,mid,1990s,unknown,unknown,,Unclassified failure,pending,,,pending,,,,,pending,,,pending,,,pending,,,
01923934_COUNTY LINE UNIT 82-3_985314,s3://osu-well-records-225989338968/pdfs/ExportedFolderContents_10/1990/05 - May/01923934_COUNTY LINE UNIT 82-3_985314.pdf,10,1990,05 - May,mid,1990s,unknown,unknown,,Unclassified failure,pending,,,pending,,,,,pending,,,pending,,,pending,,,
01923935_LEE 1-10_985357,s3://osu-well-records-225989338968/pdfs/ExportedFolderContents_10/1990/05 - May/01923935_LEE 1-10_985357.pdf,10,1990,05 - May,mid,1990s,unknown,unknown,,Unclassified failure,pending,,,pending,,,,,pending,,,pending,,,pending,,,
01923944_HEALDTON V UNIT 2-62_985377,s3://osu-well-records-225989338968/pdfs/ExportedFolderContents_10/1990/05 - May/01923944_HEALDTON V UNIT 2-62_985377.pdf,10,1990,05 - May,mid,1990s,unknown,unknown,,Unclassified failure,pending,,,pending,,,,,pending,,,pending,,,pending,,,
01923945_HEALDTON V UNIT 15-71_985341,s3://osu-well-records-225989338968/pdfs/ExportedFolderContents_10/1990/05 - May/01923945_HEALDTON V UNIT 15-71_985341.pdf,10,1990,05 - May,mid,1990s,unknown,unknown,,Unclassified failure,pending,,,pending,,,,,pending,,,pending,,,pending,,,
02721241_OSBURN 1-10_1514713,s3://osu-well-records-225989338968/pdfs/ExportedFolderContents_10/1990/05 - May/02721241_OSBURN 1-10_1514713.pdf,10,1990,05 - May,mid,1990s,unknown,unknown,,Unclassified failure,pending,,,pending,,,,,pending,,,pending,,,pending,,,
02721241_OSBURN 1-10_684012,s3://osu-well-records-225989338968/pdfs/ExportedFolderContents_10/1990/05 - May/02721241_OSBURN 1-10_684012.pdf,10,1990,05 - May,mid,1990s,unknown,unknown,,Unclassified failure,pending,,,pending,,,,,pending,,,pending,,,pending,,,
02721255_FIGARI 1_840000,s3://osu-well-records-225989338968/pdfs/ExportedFolderContents_10/1990/05 - May/02721255_FIGARI 1_840000.pdf,10,1990,05 - May,mid,1990s,unknown,unknown,,Unclassified failure,pending,,,pending,,,,,pending,,,pending,,,pending,,,
02721266_HODAM 1-5_1514670,s3://osu-well-records-225989338968/pdfs/ExportedFolderContents_10/1990/05 - May/02721266_HODAM 1-5_1514670.pdf,10,1990,05 - May,mid,1990s,unknown,unknown,,Unclassified failure,pending,,,pending,,,,,pending,,,pending,,,pending,,,
02721266_HODAM 1-5_683940,s3://osu-well-records-225989338968/pdfs/ExportedFolderContents_10/1990/05 - May/02721266_HODAM 1-5_683940.pdf,10,1990,05 - May,mid,1990s,unknown,unknown,,Unclassified failure,pending,,,pending,,,,,pending,,,pending,,,pending,,,
02721267_LEXINGTON WILDLIFE 1_1514705,s3://osu-well-records-225989338968/pdfs/ExportedFolderContents_10/1990/05 - May/02721267_LEXINGTON WILDLIFE 1_1514705.pdf,10,1990,05 - May,mid,1990s,unknown,unknown,,Unclassified failure,pending,,,pending,,,,,pending,,,pending,,,pending,,,
02721267_LEXINGTON WILDLIFE 1_683989,s3://osu-well-records-225989338968/pdfs/ExportedFolderContents_10/1990/05 - May/02721267_LEXINGTON WILDLIFE 1_683989.pdf,10,1990,05 - May,mid,1990s,unknown,unknown,,Unclassified failure,pending,,,pending,,,,,pending,,,pending,,,pending,,,
02920014_CRIM 2_684082,s3://osu-well-records-225989338968/pdfs/ExportedFolderContents_10/1990/05 - May/02920014_CRIM 2_684082.pdf,10,1990,05 - May,mid,1990s,unknown,unknown,,Unclassified failure,pending,,,pending,,,,,pending,,,pending,,,pending,,,
02920422_ROBINS 1-27_684014,s3://osu-well-records-225989338968/pdfs/ExportedFolderContents_10/1990/05 - May/02920422_ROBINS 1-27_684014.pdf,10,1990,05 - May,mid,1990s,unknown,unknown,,Unclassified failure,pending,,,pending,,,,,pending,,,pending,,,pending,,,
02920422_ROBINS 1-27_684060,s3://osu-well-records-225989338968/pdfs/ExportedFolderContents_10/1990/05 - May/02920422_ROBINS 1-27_684060.pdf,10,1990,05 - May,mid,1990s,unknown,unknown,,Unclassified failure,pending,,,pending,,,,,pending,,,pending,,,pending,,,
02920423_ESTES 1-24_1213334,s3://osu-well-records-225989338968/pdfs/ExportedFolderContents_10/1990/05 - May/02920423_ESTES 1-24_1213334.pdf,10,1990,05 - May,mid,1990s,unknown,unknown,,Unclassified failure,pending,,,pending,,,,,pending,,,pending,,,pending,,,
02920423_ESTES 1-24_683983,s3://osu-well-records-225989338968/pdfs/ExportedFolderContents_10/1990/05 - May/02920423_ESTES 1-24_683983.pdf,10,1990,05 - May,mid,1990s,unknown,unknown,,Unclassified failure,pending,,,pending,,,,,pending,,,pending,,,pending,,,
02920428_REYNOLDS 1-34_684063,s3://osu-well-records-225989338968/pdfs/ExportedFolderContents_10/1990/05 - May/02920428_REYNOLDS 1-34_684063.pdf,10,1990,05 - May,mid,1990s,unknown,unknown,,Unclassified failure,pending,,,pending,,,,,pending,,,pending,,,pending,,,
03728098_ANTHIS 4_1213288,s3://osu-well-records-225989338968/pdfs/ExportedFolderContents_10/1990/05 - May/03728098_ANTHIS 4_1213288.pdf,10,1990,05 - May,mid,1990s,unknown,unknown,,Unclassified failure,pending,,,pending,,,,,pending,,,pending,,,pending,,,
03728123_DIAL 1_1213298,s3://osu-well-records-225989338968/pdfs/ExportedFolderContents_10/1990/05 - May/03728123_DIAL 1_1213298.pdf,10,1990,05 - May,mid,1990s,unknown,unknown,,Unclassified failure,pending,,,pending,,,,,pending,,,pending,,,pending,,,
03728151_EMMA COKER 38_1213403,s3://osu-well-records-225989338968/pdfs/ExportedFolderContents_10/1990/05 - May/03728151_EMMA COKER 38_1213403.pdf,10,1990,05 - May,mid,1990s,unknown,unknown,,Unclassified failure,pending,,,pending,,,,,pending,,,pending,,,pending,,,
03728154_VIDA WAY 28_1213213,s3://osu-well-records-225989338968/pdfs/ExportedFolderContents_10/1990/05 - May/03728154_VIDA WAY 28_1213213.pdf,10,1990,05 - May,mid,1990s,unknown,unknown,,Unclassified failure,pending,,,pending,,,,,pending,,,pending,,,pending,,,
03728178_EAGLE 1-2_1213429,s3://osu-well-records-225989338968/pdfs/ExportedFolderContents_10/1990/05 - May/03728178_EAGLE 1-2_1213429.pdf,10,1990,05 - May,mid,1990s,unknown,unknown,,Unclassified failure,pending,,,pending,,,,,pending,,,pending,,,pending,,,
03728183_MATHERLY P-1_1213450,s3://osu-well-records-225989338968/pdfs/ExportedFolderContents_10/1990/05 - May/03728183_MATHERLY P-1_1213450.pdf,10,1990,05 - May,mid,1990s,unknown,unknown,,Unclassified failure,pending,,,pending,,,,,pending,,,pending,,,pending,,,
03728187_ADAMS 1_1213303,s3://osu-well-records-225989338968/pdfs/ExportedFolderContents_10/1990/05 - May/03728187_ADAMS 1_1213303.pdf,10,1990,05 - May,mid,1990s,unknown,unknown,,Unclassified failure,pending,,,pending,,,,,pending,,,pending,,,pending,,,
03730163_MARY JONES 7_1213265,s3://osu-well-records-225989338968/pdfs/ExportedFolderContents_10/1990/05 - May/03730163_MARY JONES 7_1213265.pdf,10,1990,05 - May,mid,1990s,unknown,unknown,,Unclassified failure,pending,,,pending,,,,,pending,,,pending,,,pending,,,
03920708_REPP 1_1318474,s3://osu-well-records-225989338968/pdfs/ExportedFolderContents_10/1990/05 - May/03920708_REPP 1_1318474.pdf,10,1990,05 - May,mid,1990s,unknown,unknown,,Unclassified failure,pending,,,pending,,,,,pending,,,pending,,,pending,,,
03920708_REPP 1_1318479,s3://osu-well-records-225989338968/pdfs/ExportedFolderContents_10/1990/05 - May/03920708_REPP 1_1318479.pdf,10,1990,05 - May,mid,1990s,unknown,unknown,,Unclassified failure,pending,,,pending,,,,,pending,,,pending,,,pending,,,
03921378_KLEIN 1-34_484246,s3://osu-well-records-225989338968/pdfs/ExportedFolderContents_10/1990/05 - May/03921378_KLEIN 1-34_484246.pdf,10,1990,05 - May,mid,1990s,unknown,unknown,,Unclassified failure,pending,,,pending,,,,,pending,,,pending,,,pending,,,
03921380_LONG 1-22_497746,s3://osu-well-records-225989338968/pdfs/ExportedFolderContents_10/1990/05 - May/03921380_LONG 1-22_497746.pdf,10,1990,05 - May,mid,1990s,unknown,unknown,,Unclassified failure,pending,,,pending,,,,,pending,,,pending,,,pending,,,
04321179_PRESLEY A-1_478917,s3://osu-well-records-225989338968/pdfs/ExportedFolderContents_10/1990/05 - May/04321179_PRESLEY A-1_478917.pdf,10,1990,05 - May,mid,1990s,unknown,unknown,,Unclassified failure,pending,,,pending,,,,,pending,,,pending,,,pending,,,
04321179_PRESLEY A-1_500423,s3://osu-well-records-225989338968/pdfs/ExportedFolderContents_10/1990/05 - May/04321179_PRESLEY A-1_500423.pdf,10,1990,05 - May,mid,1990s,unknown,unknown,,Unclassified failure,pending,,,pending,,,,,pending,,,pending,,,pending,,,
04322363_SCHOMP 1-32_508963,s3://osu-well-records-225989338968/pdfs/ExportedFolderContents_10/1990/05 - May/04322363_SCHOMP 1-32_508963.pdf,10,1990,05 - May,mid,1990s,unknown,unknown,,Unclassified failure,pending,,,pending,,,,,pending,,,pending,,,pending,,,
04322369_IVA SMITH-STATE 1-33_479803,s3://osu-well-records-225989338968/pdfs/ExportedFolderContents_10/1990/05 - May/04322369_IVA SMITH-STATE 1-33_479803.pdf,10,1990,05 - May,mid,1990s,unknown,unknown,,Unclassified failure,pending,,,pending,,,,,pending,,,pending,,,pending,,,
04322377_KIMBALL 1_499251,s3://osu-well-records-225989338968/pdfs/ExportedFolderContents_10/1990/05 - May/04322377_KIMBALL 1_499251.pdf,10,1990,05 - May,mid,1990s,unknown,unknown,,Unclassified failure,pending,,,pending,,,,,pending,,,pending,,,pending,,,
04322381_NIMMO 1-29_475551,s3://osu-well-records-225989338968/pdfs/ExportedFolderContents_10/1990/05 - May/04322381_NIMMO 1-29_475551.pdf,10,1990,05 - May,mid,1990s,unknown,unknown,,Unclassified failure,pending,,,pending,,,,,pending,,,pending,,,pending,,,
04322382_BURGESS 2-20_492768,s3://osu-well-records-225989338968/pdfs/ExportedFolderContents_10/1990/05 - May/04322382_BURGESS 2-20_492768.pdf,10,1990,05 - May,mid,1990s,unknown,unknown,,Unclassified failure,pending,,,pending,,,,,pending,,,pending,,,pending,,,
04322383_KOEHN 1-A_469067,s3://osu-well-records-225989338968/pdfs/ExportedFolderContents_10/1990/05 - May/04322383_KOEHN 1-A_469067.pdf,10,1990,05 - May,mid,1990s,unknown,unknown,,Unclassified failure,pending,,,pending,,,,,pending,,,pending,,,pending,,,
04322386_MYRON 18-1_478950,s3://osu-well-records-225989338968/pdfs/ExportedFolderContents_10/1990/05 - May/04322386_MYRON 18-1_478950.pdf,10,1990,05 - May,mid,1990s,unknown,unknown,,Unclassified failure,pending,,,pending,,,,,pending,,,pending,,,pending,,,
04322387_JOHNSON FARMS 2_497021,s3://osu-well-records-225989338968/pdfs/ExportedFolderContents_10/1990/05 - May/04322387_JOHNSON FARMS 2_497021.pdf,10,1990,05 - May,mid,1990s,unknown,unknown,,Unclassified failure,pending,,,pending,,,,,pending,,,pending,,,pending,,,
04322387_JOHNSON FARMS 2_508281,s3://osu-well-records-225989338968/pdfs/ExportedFolderContents_10/1990/05 - May/04322387_JOHNSON FARMS 2_508281.pdf,10,1990,05 - May,mid,1990s,unknown,unknown,,Unclassified failure,pending,,,pending,,,,,pending,,,pending,,,pending,,,
04322390_MABEL 1-17_505836,s3://osu-well-records-225989338968/pdfs/ExportedFolderContents_10/1990/05 - May/04322390_MABEL 1-17_505836.pdf,10,1990,05 - May,mid,1990s,unknown,unknown,,Unclassified failure,pending,,,pending,,,,,pending,,,pending,,,pending,,,
04322391_BOZARTH 1-33_494775,s3://osu-well-records-225989338968/pdfs/ExportedFolderContents_10/1990/05 - May/04322391_BOZARTH 1-33_494775.pdf,10,1990,05 - May,mid,1990s,unknown,unknown,,Unclassified failure,pending,,,pending,,,,,pending,,,pending,,,pending,,,
04521633_VONALEE 1_469897,s3://osu-well-records-225989338968/pdfs/ExportedFolderContents_10/1990/05 - May/04521633_VONALEE 1_469897.pdf,10,1990,05 - May,mid,1990s,unknown,unknown,,Unclassified failure,pending,,,pending,,,,,pending,,,pending,,,pending,,,
04521633_VONALEE 1_495709,s3://osu-well-records-225989338968/pdfs/ExportedFolderContents_10/1990/05 - May/04521633_VONALEE 1_495709.pdf,10,1990,05 - May,mid,1990s,unknown,unknown,,Unclassified failure,pending,,,pending,,,,,pending,,,pending,,,pending,,,
04521645_WAUHOB 1-32_1702245,s3://osu-well-records-225989338968/pdfs/ExportedFolderContents_10/1990/05 - May/04521645_WAUHOB 1-32_1702245.pdf,10,1990,05 - May,mid,1990s,unknown,unknown,,Unclassified failure,pending,,,pending,,,,,pending,,,pending,,,pending,,,
04521649_EHRLICH 1-11_1702268,s3://osu-well-records-225989338968/pdfs/ExportedFolderContents_10/1990/05 - May/04521649_EHRLICH 1-11_1702268.pdf,10,1990,05 - May,mid,1990s,unknown,unknown,,Unclassified failure,pending,,,pending,,,,,pending,,,pending,,,pending,,,
04521654_IRVIN UNIT C-2_1702297,s3://osu-well-records-225989338968/pdfs/ExportedFolderContents_10/1990/05 - May/04521654_IRVIN UNIT C-2_1702297.pdf,10,1990,05 - May,mid,1990s,unknown,unknown,,Unclassified failure,pending,,,pending,,,,,pending,,,pending,,,pending,,,
04521657_BARTH 1-26_1702294,s3://osu-well-records-225989338968/pdfs/ExportedFolderContents_10/1990/05 - May/04521657_BARTH 1-26_1702294.pdf,10,1990,05 - May,mid,1990s,unknown,unknown,,Unclassified failure,pending,,,pending,,,,,pending,,,pending,,,pending,,,
04521659_LAUBHAN 1-8_499751,s3://osu-well-records-225989338968/pdfs/ExportedFolderContents_10/1990/05 - May/04521659_LAUBHAN 1-8_499751.pdf,10,1990,05 - May,mid,1990s,unknown,unknown,,Unclassified failure,pending,,,pending,,,,,pending,,,pending,,,pending,,,
04724035_ABBIE 1-26_1318504,s3://osu-well-records-225989338968/pdfs/ExportedFolderContents_10/1990/05 - May/04724035_ABBIE 1-26_1318504.pdf,10,1990,05 - May,mid,1990s,unknown,unknown,,Unclassified failure,pending,,,pending,,,,,pending,,,pending,,,pending,,,
04724037_JOHN DIVELEY 2-TWIN_1586236,s3://osu-well-records-225989338968/pdfs/ExportedFolderContents_10/1990/05 - May/04724037_JOHN DIVELEY 2-TWIN_1586236.pdf,10,1990,05 - May,mid,1990s,unknown,unknown,,Unclassified failure,pending,,,pending,,,,,pending,,,pending,,,pending,,,
04724039_TROJAN 20-1_1318649,s3://osu-well-records-225989338968/pdfs/ExportedFolderContents_10/1990/05 - May/04724039_TROJAN 20-1_1318649.pdf,10,1990,05 - May,mid,1990s,unknown,unknown,,Unclassified failure,pending,,,pending,,,,,pending,,,pending,,,pending,,,
04724041_H & H WILLIAMS 1-33_1586437,s3://osu-well-records-225989338968/pdfs/ExportedFolderContents_10/1990/05 - May/04724041_H & H WILLIAMS 1-33_1586437.pdf,10,1990,05 - May,mid,1990s,unknown,unknown,,Unclassified failure,pending,,,pending,,,,,pending,,,pending,,,pending,,,
04724044_TROJAN 20-2_1318606,s3://osu-well-records-225989338968/pdfs/ExportedFolderContents_10/1990/05 - May/04724044_TROJAN 20-2_1318606.pdf,10,1990,05 - May,mid,1990s,unknown,unknown,,Unclassified failure,pending,,,pending,,,,,pending,,,pending,,,pending,,,
04901012_O E NEILL B-2_840120,s3://osu-well-records-225989338968/pdfs/ExportedFolderContents_10/1990/05 - May/04901012_O E NEILL B-2_840120.pdf,10,1990,05 - May,mid,1990s,unknown,unknown,,Unclassified failure,pending,,,pending,,,,,pending,,,pending,,,pending,,,
04922159_MCCASKILL 1-28_840115,s3://osu-well-records-225989338968/pdfs/ExportedFolderContents_10/1990/05 - May/04922159_MCCASKILL 1-28_840115.pdf,10,1990,05 - May,mid,1990s,unknown,unknown,,Unclassified failure,pending,,,pending,,,,,pending,,,pending,,,pending,,,
04923452_FALLIS 1-11_840030,s3://osu-well-records-225989338968/pdfs/ExportedFolderContents_10/1990/05 - May/04923452_FALLIS 1-11_840030.pdf,10,1990,05 - May,mid,1990s,unknown,unknown,,Unclassified failure,pending,,,pending,,,,,pending,,,pending,,,pending,,,
04923457_EMERSON 1-1_840009,s3://osu-well-records-225989338968/pdfs/ExportedFolderContents_10/1990/05 - May/04923457_EMERSON 1-1_840009.pdf,10,1990,05 - May,mid,1990s,unknown,unknown,,Unclassified failure,pending,,,pending,,,,,pending,,,pending,,,pending,,,
04923464_NESBITT 1-28_840099,s3://osu-well-records-225989338968/pdfs/ExportedFolderContents_10/1990/05 - May/04923464_NESBITT 1-28_840099.pdf,10,1990,05 - May,mid,1990s,unknown,unknown,,Unclassified failure,pending,,,pending,,,,,pending,,,pending,,,pending,,,
04923471_T S GRANT 13_840131,s3://osu-well-records-225989338968/pdfs/ExportedFolderContents_10/1990/05 - May/04923471_T S GRANT 13_840131.pdf,10,1990,05 - May,mid,1990s,unknown,unknown,,Unclassified failure,pending,,,pending,,,,,pending,,,pending,,,pending,,,
04923476_MARGARET 1_683951,s3://osu-well-records-225989338968/pdfs/ExportedFolderContents_10/1990/05 - May/04923476_MARGARET 1_683951.pdf,10,1990,05 - May,mid,1990s,unknown,unknown,,Unclassified failure,pending,,,pending,,,,,pending,,,pending,,,pending,,,
04923476_MARGARET 1_683953,s3://osu-well-records-225989338968/pdfs/ExportedFolderContents_10/1990/05 - May/04923476_MARGARET 1_683953.pdf,10,1990,05 - May,mid,1990s,unknown,unknown,,Unclassified failure,pending,,,pending,,,,,pending,,,pending,,,pending,,,
04923477_WAUGH 1-8_840090,s3://osu-well-records-225989338968/pdfs/ExportedFolderContents_10/1990/05 - May/04923477_WAUGH 1-8_840090.pdf,10,1990,05 - May,mid,1990s,unknown,unknown,,Unclassified failure,pending,,,pending,,,,,pending,,,pending,,,pending,,,
04923478_BARNES D SWD 1_839991,s3://osu-well-records-225989338968/pdfs/ExportedFolderContents_10/1990/05 - May/04923478_BARNES D SWD 1_839991.pdf,10,1990,05 - May,mid,1990s,unknown,unknown,,Unclassified failure,pending,,,pending,,,,,pending,,,pending,,,pending,,,
04923478_BARNES D SWD 1_839992,s3://osu-well-records-225989338968/pdfs/ExportedFolderContents_10/1990/05 - May/04923478_BARNES D SWD 1_839992.pdf,10,1990,05 - May,mid,1990s,unknown,unknown,,Unclassified failure,pending,,,pending,,,,,pending,,,pending,,,pending,,,
04923479_FIELD 34-1_683905,s3://osu-well-records-225989338968/pdfs/ExportedFolderContents_10/1990/05 - May/04923479_FIELD 34-1_683905.pdf,10,1990,05 - May,mid,1990s,unknown,unknown,,Unclassified failure,pending,,,pending,,,,,pending,,,pending,,,pending,,,
04935828_SHOEMAKER 1_840028,s3://osu-well-records-225989338968/pdfs/ExportedFolderContents_10/1990/05 - May/04935828_SHOEMAKER 1_840028.pdf,10,1990,05 - May,mid,1990s,unknown,unknown,,Unclassified failure,pending,,,pending,,,,,pending,,,pending,,,pending,,,
04938496_CHISHOLM 4_683961,s3://osu-well-records-225989338968/pdfs/ExportedFolderContents_10/1990/05 - May/04938496_CHISHOLM 4_683961.pdf,10,1990,05 - May,mid,1990s,unknown,unknown,,Unclassified failure,pending,,,pending,,,,,pending,,,pending,,,pending,,,
04938531_T LINDSAY NCT-2 1_840037,s3://osu-well-records-225989338968/pdfs/ExportedFolderContents_10/1990/05 - May/04938531_T LINDSAY NCT-2 1_840037.pdf,10,1990,05 - May,mid,1990s,unknown,unknown,,Unclassified failure,pending,,,pending,,,,,pending,,,pending,,,pending,,,
05122075_NEWBY 1-1_837974,s3://osu-well-records-225989338968/pdfs/ExportedFolderContents_10/1990/05 - May/05122075_NEWBY 1-1_837974.pdf,10,1990,05 - May,mid,1990s,unknown,unknown,,Unclassified failure,pending,,,pending,,,,,pending,,,pending,,,pending,,,
05122113_SCHULTE 2-12_840108,s3://osu-well-records-225989338968/pdfs/ExportedFolderContents_10/1990/05 - May/05122113_SCHULTE 2-12_840108.pdf,10,1990,05 - May,mid,1990s,unknown,unknown,,Unclassified failure,pending,,,pending,,,,,pending,,,pending,,,pending,,,
05122133_CARLIN FARMS 1-10_840006,s3://osu-well-records-225989338968/pdfs/ExportedFolderContents_10/1990/05 - May/05122133_CARLIN FARMS 1-10_840006.pdf,10,1990,05 - May,mid,1990s,unknown,unknown,,Unclassified failure,pending,,,pending,,,,,pending,,,pending,,,pending,,,
05122146_KENNETH WILLIAMS A-1_840046,s3://osu-well-records-225989338968/pdfs/ExportedFolderContents_10/1990/05 - May/05122146_KENNETH WILLIAMS A-1_840046.pdf,10,1990,05 - May,mid,1990s,unknown,unknown,,Unclassified failure,pending,,,pending,,,,,pending,,,pending,,,pending,,,
05122148_SHIPLEY 18-7_839958,s3://osu-well-records-225989338968/pdfs/ExportedFolderContents_10/1990/05 - May/05122148_SHIPLEY 18-7_839958.pdf,10,1990,05 - May,mid,1990s,unknown,unknown,,Unclassified failure,pending,,,pending,,,,,pending,,,pending,,,pending,,,
05122159_RED RIVER-BUD 2_840027,s3://osu-well-records-225989338968/pdfs/ExportedFolderContents_10/1990/05 - May/05122159_RED RIVER-BUD 2_840027.pdf,10,1990,05 - May,mid,1990s,unknown,unknown,,Unclassified failure,pending,,,pending,,,,,pending,,,pending,,,pending,,,
05320719A_HAJEK 24-4 (4)_1586372,s3://osu-well-records-225989338968/pdfs/ExportedFolderContents_10/1990/05 - May/05320719A_HAJEK 24-4 (4)_1586372.pdf,10,1990,05 - May,mid,1990s,unknown,unknown,,Unclassified failure,pending,,,pending,,,,,pending,,,pending,,,pending,,,
05320992A_PETRIK 24-3_1586410,s3://osu-well-records-225989338968/pdfs/ExportedFolderContents_10/1990/05 - May/05320992A_PETRIK 24-3_1586410.pdf,10,1990,05 - May,mid,1990s,unknown,unknown,,Unclassified failure,pending,,,pending,,,,,pending,,,pending,,,pending,,,
05321534_MORMAC WEBB 2-2 (FOX 2-2)_1572104,s3://osu-well-records-225989338968/pdfs/ExportedFolderContents_10/1990/05 - May/05321534_MORMAC WEBB 2-2 (FOX 2-2)_1572104.pdf,10,1990,05 - May,mid,1990s,unknown,unknown,,Unclassified failure,pending,,,pending,,,,,pending,,,pending,,,pending,,,
05322163_SOPHIA 1_1586294,s3://osu-well-records-225989338968/pdfs/ExportedFolderContents_10/1990/05 - May/05322163_SOPHIA 1_1586294.pdf,10,1990,05 - May,mid,1990s,unknown,unknown,,Unclassified failure,pending,,,pending,,,,,pending,,,pending,,,pending,,,
05322164_U S F & G BERTHA 1-30_1586409,s3://osu-well-records-225989338968/pdfs/ExportedFolderContents_10/1990/05 - May/05322164_U S F & G BERTHA 1-30_1586409.pdf,10,1990,05 - May,mid,1990s,unknown,unknown,,Unclassified failure,pending,,,pending,,,,,pending,,,pending,,,pending,,,
05322165_LEFORCE FARMS 24-2_1586295,s3://osu-well-records-225989338968/pdfs/ExportedFolderContents_10/1990/05 - May/05322165_LEFORCE FARMS 24-2_1586295.pdf,10,1990,05 - May,mid,1990s,unknown,unknown,,Unclassified failure,pending,,,pending,,,,,pending,,,pending,,,pending,,,
13323875_EMMITT SMITH 2_685465,s3://osu-well-records-225989338968/pdfs/ExportedFolderContents_10/1990/10 - October/13323875_EMMITT SMITH 2_685465.pdf,10,1990,10 - October,mid,1990s,unknown,unknown,,Unclassified failure,done,not_detected,99,done,not_found,11,1,,done,,Seminole County,skipped,,,skipped,,,
13323876_KAY 4-1_685505,s3://osu-well-records-225989338968/pdfs/ExportedFolderContents_10/1990/10 - October/13323876_KAY 4-1_685505.pdf,10,1990,10 - October,mid,1990s,unknown,unknown,,Unclassified failure,done,not_detected,97,done,not_found,11,,7E,done,,Seminole County,skipped,,,skipped,,,
13705379_MILROY UNIT 18-3A (FISHER 3-A)_986098,s3://osu-well-records-225989338968/pdfs/ExportedFolderContents_10/1990/10 - October/13705379_MILROY UNIT 18-3A (FISHER 3-A)_986098.pdf,10,1990,10 - October,mid,1990s,unknown,unknown,,Unclassified failure,done,not_detected,98,done,,,,,done,,Stephens County,skipped,,,skipped,,,
13705610_MILROY UNIT 32-24 (HARLEY A-24)_986080,s3://osu-well-records-225989338968/pdfs/ExportedFolderContents_10/1990/10 - October/13705610_MILROY UNIT 32-24 (HARLEY A-24)_986080.pdf,10,1990,10 - October,mid,1990s,unknown,unknown,,Unclassified failure,done,not_detected,99,done,,,,,done,,Stephens County,skipped,,,skipped,,,
13710183_ROSA SEARS 2_841358,s3://osu-well-records-225989338968/pdfs/ExportedFolderContents_10/1990/10 - October/13710183_ROSA SEARS 2_841358.pdf,10,1990,10 - October,mid,1990s,unknown,unknown,,Unclassified failure,done,not_detected,99,done,not_found,,1,1,done,,Stephens County,skipped,,,skipped,,,
13724932_GAYANICH 2-25_986055,s3://osu-well-records-225989338968/pdfs/ExportedFolderContents_10/1990/10 - October/13724932_GAYANICH 2-25_986055.pdf,10,1990,10 - October,mid,1990s,unknown,unknown,,Unclassified failure,done,not_detected,98,done,,,,,done,,Stephens County,skipped,,,skipped,,,
13922341_BLUE A-1_755669,s3://osu-well-records-225989338968/pdfs/ExportedFolderContents_10/1990/10 - October/13922341_BLUE A-1_755669.pdf,10,1990,10 - October,mid,1990s,unknown,unknown,,Unclassified failure,done,not_detected,100,done,not_found,036,3,36,done,,Texas County,skipped,,,skipped,,,
13922348_W HOUGH MORROW UNIT 99_755755,s3://osu-well-records-225989338968/pdfs/ExportedFolderContents_10/1990/10 - October/13922348_W HOUGH MORROW UNIT 99_755755.pdf,10,1990,10 - October,mid,1990s,unknown,unknown,,Unclassified failure,done,not_detected,98,done,,,,,done,,Texas County,skipped,,,skipped,,,
13922350C_WAR PARTY WATERFLOOD II DAVIS-HITCH 7-2_1811303,s3://osu-well-records-225989338968/pdfs/ExportedFolderContents_10/1990/10 - October/13922350C_WAR PARTY WATERFLOOD II DAVIS-HITCH 7-2_1811303.pdf,10,1990,10 - October,mid,1990s,unknown,unknown,,Unclassified failure,done,,97,done,,,,,done,,Texas County,done,,96,skipped,,,
13922355_L E TRYON UNIT 2_755739,s3://osu-well-records-225989338968/pdfs/ExportedFolderContents_10/1990/10 - October/13922355_L E TRYON UNIT 2_755739.pdf,10,1990,10 - October,mid,1990s,unknown,unknown,,Unclassified failure,done,not_detected,100,done,,,,,done,,Texas County,skipped,,,skipped,,,
14522757_ANDERSEN 3-B_1394697,s3://osu-well-records-225989338968/pdfs/ExportedFolderContents_10/1990/10 - October/14522757_ANDERSEN 3-B_1394697.pdf,10,1990,10 - October,mid,1990s,unknown,unknown,,Unclassified failure,done,not_detected,100,done,,,,,done,,Wagoner County,skipped,,,skipped,,,
14726236_PAINTER B WI-14_1515706,s3://osu-well-records-225989338968/pdfs/ExportedFolderContents_10/1990/10 - October/14726236_PAINTER B WI-14_1515706.pdf,10,1990,10 - October,mid,1990s,unknown,unknown,,Unclassified failure,done,not_detected,93,done,,,,,done,no_match,Dewey County,skipped,,,skipped,,,
14726259_HASTINGS 3-E_1515606,s3://osu-well-records-225989338968/pdfs/ExportedFolderContents_10/1990/10 - October/14726259_HASTINGS 3-E_1515606.pdf,10,1990,10 - October,mid,1990s,unknown,unknown,,Unclassified failure,done,not_detected,99,done,,,,,done,,Washington County,skipped,,,skipped,,,
14726259_HASTINGS 3-E_1515609,s3://osu-well-records-225989338968/pdfs/ExportedFolderContents_10/1990/10 - October/14726259_HASTINGS 3-E_1515609.pdf,10,1990,10 - October,mid,1990s,unknown,unknown,,Unclassified failure,done,not_detected,99,done,,,,,done,,Washington County,skipped,,,skipped,,,
14726259_HASTINGS 3-E_547553,s3://osu-well-records-225989338968/pdfs/ExportedFolderContents_10/1990/10 - October/14726259_HASTINGS 3-E_547553.pdf,10,1990,10 - October,mid,1990s,unknown,unknown,,Unclassified failure,done,not_detected,99,done,,,,,done,,Washington County,skipped,,,skipped,,,
14920596_NUTLEY 1-33_903431,s3://osu-well-records-225989338968/pdfs/ExportedFolderContents_10/1990/10 - October/14920596_NUTLEY 1-33_903431.pdf,10,1990,10 - October,mid,1990s,unknown,unknown,,Unclassified failure,done,not_detected,97,done,not_found,011,,2,done,,Washita County,skipped,,,skipped,,,
14920617_J C WALTER 3-19_903473,s3://osu-well-records-225989338968/pdfs/ExportedFolderContents_10/1990/10 - October/14920617_J C WALTER 3-19_903473.pdf,10,1990,10 - October,mid,1990s,unknown,unknown,,Unclassified failure,done,not_detected,99,done,,,,,done,,Washita County,skipped,,,skipped,,,
14920617_J C WALTER 3-19_903475,s3://osu-well-records-225989338968/pdfs/ExportedFolderContents_10/1990/10 - October/14920617_J C WALTER 3-19_903475.pdf,10,1990,10 - October,mid,1990s,unknown,unknown,,Unclassified failure,done,not_detected,100,done,,,,,done,,Washita County,skipped,,,skipped,,,
14920617_J C WALTER 3-19_903476,s3://osu-well-records-225989338968/pdfs/ExportedFolderContents_10/1990/10 - October/14920617_J C WALTER 3-19_903476.pdf,10,1990,10 - October,mid,1990s,unknown,unknown,,Unclassified failure,done,not_detected,99,done,,,,,done,,Washita County,skipped,,,skipped,,,
14920617_J C WALTER 3-19_903477,s3://osu-well-records-225989338968/pdfs/ExportedFolderContents_10/1990/10 - October/14920617_J C WALTER 3-19_903477.pdf,10,1990,10 - October,mid,1990s,unknown,unknown,,Unclassified failure,done,not_detected,100,done,,,,,done,,Washita County,skipped,,,skipped,,,
14920617_J C WALTER 3-19_903479,s3://osu-well-records-225989338968/pdfs/ExportedFolderContents_10/1990/10 - October/14920617_J C WALTER 3-19_903479.pdf,10,1990,10 - October,mid,1990s,unknown,unknown,,Unclassified failure,done,not_detected,98,done,,,,,done,,Washita County,skipped,,,skipped,,,
14920617_J C WALTER 3-19_903482,s3://osu-well-records-225989338968/pdfs/ExportedFolderContents_10/1990/10 - October/14920617_J C WALTER 3-19_903482.pdf,10,1990,10 - October,mid,1990s,unknown,unknown,,Unclassified failure,done,not_detected,100,done,,,,,done,,Washita County,skipped,,,skipped,,,
15121845_BOUZIDEN 1-32_1702808,s3://osu-well-records-225989338968/pdfs/ExportedFolderContents_10/1990/10 - October/15121845_BOUZIDEN 1-32_1702808.pdf,10,1990,10 - October,mid,1990s,unknown,unknown,,Unclassified failure,done,not_detected,99,done,,,,,done,,Woods County,skipped,,,skipped,,,
15121846_DIAMOND 1A-15_1702764,s3://osu-well-records-225989338968/pdfs/ExportedFolderContents_10/1990/10 - October/15121846_DIAMOND 1A-15_1702764.pdf,10,1990,10 - October,mid,1990s,unknown,unknown,,Unclassified failure,done,not_detected,99,done,,,1S,,done,,Woods County,skipped,,,skipped,,,
01522102_WYATT 1_1320440,s3://osu-well-records-225989338968/pdfs/ExportedFolderContents_10/1990/11 - November/01522102_WYATT 1_1320440.pdf,10,1990,11 - November,mid,1990s,unknown,unknown,,Unclassified failure,pending,,,pending,,,,,pending,,,pending,,,pending,,,
01721731_HOUSE 1-20_1320335,s3://osu-well-records-225989338968/pdfs/ExportedFolderContents_10/1990/11 - November/01721731_HOUSE 1-20_1320335.pdf,10,1990,11 - November,mid,1990s,unknown,unknown,,Unclassified failure,pending,,,pending,,,,,pending,,,pending,,,pending,,,
01721847_GAMBLE 3-1_1320454,s3://osu-well-records-225989338968/pdfs/ExportedFolderContents_10/1990/11 - November/01721847_GAMBLE 3-1_1320454.pdf,10,1990,11 - November,mid,1990s,unknown,unknown,,Unclassified failure,pending,,,pending,,,,,pending,,,pending,,,pending,,,
01723168_CALVERT 1-13_1320281,s3://osu-well-records-225989338968/pdfs/ExportedFolderContents_10/1990/11 - November/01723168_CALVERT 1-13_1320281.pdf,10,1990,11 - November,mid,1990s,unknown,unknown,,Unclassified failure,pending,,,pending,,,,,pending,,,pending,,,pending,,,
01723176_BLANC 1-1_1320309,s3://osu-well-records-225989338968/pdfs/ExportedFolderContents_10/1990/11 - November/01723176_BLANC 1-1_1320309.pdf,10,1990,11 - November,mid,1990s,unknown,unknown,,Unclassified failure,pending,,,pending,,,,,pending,,,pending,,,pending,,,
01723178_AUDREY 1-36_1320437,s3://osu-well-records-225989338968/pdfs/ExportedFolderContents_10/1990/11 - November/01723178_AUDREY 1-36_1320437.pdf,10,1990,11 - November,mid,1990s,unknown,unknown,,Unclassified failure,pending,,,pending,,,,,pending,,,pending,,,pending,,,
01900279_MILROY UNIT 24-1 (MATTIE ELMORE A-1)_986196,s3://osu-well-records-225989338968/pdfs/ExportedFolderContents_10/1990/11 - November/01900279_MILROY UNIT 24-1 (MATTIE ELMORE A-1)_986196.pdf,10,1990,11 - November,mid,1990s,unknown,unknown,,Unclassified failure,pending,,,pending,,,,,pending,,,pending,,,pending,,,
01904221_COX 7_935587,s3://osu-well-records-225989338968/pdfs/ExportedFolderContents_10/1990/11 - November/01904221_COX 7_935587.pdf,10,1990,11 - November,mid,1990s,unknown,unknown,,Unclassified failure,pending,,,pending,,,,,pending,,,pending,,,pending,,,
01905037_MILROY UNIT 31-4_986129,s3://osu-well-records-225989338968/pdfs/ExportedFolderContents_10/1990/11 - November/01905037_MILROY UNIT 31-4_986129.pdf,10,1990,11 - November,mid,1990s,unknown,unknown,,Unclassified failure,pending,,,pending,,,,,pending,,,pending,,,pending,,,
01906170_HEALDTON I UNIT 1-23 (IDA WOODRUFF 23)_986153,s3://osu-well-records-225989338968/pdfs/ExportedFolderContents_10/1990/11 - November/01906170_HEALDTON I UNIT 1-23 (IDA WOODRUFF 23)_986153.pdf,10,1990,11 - November,mid,1990s,unknown,unknown,,Unclassified failure,pending,,,pending,,,,,pending,,,pending,,,pending,,,
01914242_HIGGINS 20A 1_931592,s3://osu-well-records-225989338968/pdfs/ExportedFolderContents_10/1990/11 - November/01914242_HIGGINS 20A 1_931592.pdf,10,1990,11 - November,mid,1990s,unknown,unknown,,Unclassified failure,pending,,,pending,,,,,pending,,,pending,,,pending,,,
01922485A_HEWITT UNIT 22-4302_1753433,s3://osu-well-records-225989338968/pdfs/ExportedFolderContents_10/1990/11 - November/01922485A_HEWITT UNIT 22-4302_1753433.pdf,10,1990,11 - November,mid,1990s,unknown,unknown,,Unclassified failure,pending,,,pending,,,,,pending,,,pending,,,pending,,,
01923018A_HEWITT UNIT 22-3004_970461,s3://osu-well-records-225989338968/pdfs/ExportedFolderContents_10/1990/11 - November/01923018A_HEWITT UNIT 22-3004_970461.pdf,10,1990,11 - November,mid,1990s,unknown,unknown,,Unclassified failure,pending,,,pending,,,,,pending,,,pending,,,pending,,,
01923901_HEWITT UNIT 22-1704_986207,s3://osu-well-records-225989338968/pdfs/ExportedFolderContents_10/1990/11 - November/01923901_HEWITT UNIT 22-1704_986207.pdf,10,1990,11 - November,mid,1990s,unknown,unknown,,Unclassified failure,pending,,,pending,,,,,pending,,,pending,,,pending,,,
01923904_HEWITT UNIT 10-4102_986135,s3://osu-well-records-225989338968/pdfs/ExportedFolderContents_10/1990/11 - November/01923904_HEWITT UNIT 10-4102_986135.pdf,10,1990,11 - November,mid,1990s,unknown,unknown,,Unclassified failure,pending,,,pending,,,,,pending,,,pending,,,pending,,,
01923904_HEWITT UNIT 10-4102_986141,s3://osu-well-records-225989338968/pdfs/ExportedFolderContents_10/1990/11 - November/01923904_HEWITT UNIT 10-4102_986141.pdf,10,1990,11 - November,mid,1990s,unknown,unknown,,Unclassified failure,pending,,,pending,,,,,pending,,,pending,,,pending,,,
01923989_COUNTY LINE UNIT 76-2_986126,s3://osu-well-records-225989338968/pdfs/ExportedFolderContents_10/1990/11 - November/01923989_COUNTY LINE UNIT 76-2_986126.pdf,10,1990,11 - November,mid,1990s,unknown,unknown,,Unclassified failure,pending,,,pending,,,,,pending,,,pending,,,pending,,,
01923989_COUNTY LINE UNIT 76-2_986149,s3://osu-well-records-225989338968/pdfs/ExportedFolderContents_10/1990/11 - November/01923989_COUNTY LINE UNIT 76-2_986149.pdf,10,1990,11 - November,mid,1990s,unknown,unknown,,Unclassified failure,pending,,,pending,,,,,pending,,,pending,,,pending,,,
01924000_MCCRORY 1_986166,s3://osu-well-records-225989338968/pdfs/ExportedFolderContents_10/1990/11 - November/01924000_MCCRORY 1_986166.pdf,10,1990,11 - November,mid,1990s,unknown,unknown,,Unclassified failure,pending,,,pending,,,,,pending,,,pending,,,pending,,,
01924001_SIMPSON VOORHEES 24_986191,s3://osu-well-records-225989338968/pdfs/ExportedFolderContents_10/1990/11 - November/01924001_SIMPSON VOORHEES 24_986191.pdf,10,1990,11 - November,mid,1990s,unknown,unknown,,Unclassified failure,pending,,,pending,,,,,pending,,,pending,,,pending,,,
02520834_ANDERSON 2-27_755828,s3://osu-well-records-225989338968/pdfs/ExportedFolderContents_10/1990/11 - November/02520834_ANDERSON 2-27_755828.pdf,10,1990,11 - November,mid,1990s,unknown,unknown,,Unclassified failure,pending,,,pending,,,,,pending,,,pending,,,pending,,,
02721206_C H BARNES 1_841445,s3://osu-well-records-225989338968/pdfs/ExportedFolderContents_10/1990/11 - November/02721206_C H BARNES 1_841445.pdf,10,1990,11 - November,mid,1990s,unknown,unknown,,Unclassified failure,pending,,,pending,,,,,pending,,,pending,,,pending,,,
02721282_STATE 3-31_1515822,s3://osu-well-records-225989338968/pdfs/ExportedFolderContents_10/1990/11 - November/02721282_STATE 3-31_1515822.pdf,10,1990,11 - November,mid,1990s,unknown,unknown,,Unclassified failure,pending,,,pending,,,,,pending,,,pending,,,pending,,,
02900268_CRANE 2 SWDW_685884,s3://osu-well-records-225989338968/pdfs/ExportedFolderContents_10/1990/11 - November/02900268_CRANE 2 SWDW_685884.pdf,10,1990,11 - November,mid,1990s,unknown,unknown,,Unclassified failure,pending,,,pending,,,,,pending,,,pending,,,pending,,,
02920438_DEMPSEY 1-A_1215842,s3://osu-well-records-225989338968/pdfs/ExportedFolderContents_10/1990/11 - November/02920438_DEMPSEY 1-A_1215842.pdf,10,1990,11 - November,mid,1990s,unknown,unknown,,Unclassified failure,pending,,,pending,,,,,pending,,,pending,,,pending,,,
02920438_DEMPSEY 1-A_685749,s3://osu-well-records-225989338968/pdfs/ExportedFolderContents_10/1990/11 - November/02920438_DEMPSEY 1-A_685749.pdf,10,1990,11 - November,mid,1990s,unknown,unknown,,Unclassified failure,pending,,,pending,,,,,pending,,,pending,,,pending,,,
02920441_MASSIE 1_685860,s3://osu-well-records-225989338968/pdfs/ExportedFolderContents_10/1990/11 - November/02920441_MASSIE 1_685860.pdf,10,1990,11 - November,mid,1990s,unknown,unknown,,Unclassified failure,pending,,,pending,,,,,pending,,,pending,,,pending,,,
02920441_MASSIE 1_685862,s3://osu-well-records-225989338968/pdfs/ExportedFolderContents_10/1990/11 - November/02920441_MASSIE 1_685862.pdf,10,1990,11 - November,mid,1990s,unknown,unknown,,Unclassified failure,pending,,,pending,,,,,pending,,,pending,,,pending,,,
03101769_LITTLE B-1_841565,s3://osu-well-records-225989338968/pdfs/ExportedFolderContents_10/1990/11 - November/03101769_LITTLE B-1_841565.pdf,10,1990,11 - November,mid,1990s,unknown,unknown,,Unclassified failure,pending,,,pending,,,,,pending,,,pending,,,pending,,,
03121400_ELIZONDO 3_841527,s3://osu-well-records-225989338968/pdfs/ExportedFolderContents_10/1990/11 - November/03121400_ELIZONDO 3_841527.pdf,10,1990,11 - November,mid,1990s,unknown,unknown,,Unclassified failure,pending,,,pending,,,,,pending,,,pending,,,pending,,,
03721164_ROGERS 1_1215955,s3://osu-well-records-225989338968/pdfs/ExportedFolderContents_10/1990/11 - November/03721164_ROGERS 1_1215955.pdf,10,1990,11 - November,mid,1990s,unknown,unknown,,Unclassified failure,pending,,,pending,,,,,pending,,,pending,,,pending,,,
03722957_EGAN 2_1215877,s3://osu-well-records-225989338968/pdfs/ExportedFolderContents_10/1990/11 - November/03722957_EGAN 2_1215877.pdf,10,1990,11 - November,mid,1990s,unknown,unknown,,Unclassified failure,pending,,,pending,,,,,pending,,,pending,,,pending,,,
03723755_ELIAS PAULINE 4_1215919,s3://osu-well-records-225989338968/pdfs/ExportedFolderContents_10/1990/11 - November/03723755_ELIAS PAULINE 4_1215919.pdf,10,1990,11 - November,mid,1990s,unknown,unknown,,Unclassified failure,pending,,,pending,,,,,pending,,,pending,,,pending,,,
03727800_E MILLS 3_1216116,s3://osu-well-records-225989338968/pdfs/ExportedFolderContents_10/1990/11 - November/03727800_E MILLS 3_1216116.pdf,10,1990,11 - November,mid,1990s,unknown,unknown,,Unclassified failure,pending,,,pending,,,,,pending,,,pending,,,pending,,,
03728019_MASON 1_1215868,s3://osu-well-records-225989338968/pdfs/ExportedFolderContents_10/1990/11 - November/03728019_MASON 1_1215868.pdf,10,1990,11 - November,mid,1990s,unknown,unknown,,Unclassified failure,pending,,,pending,,,,,pending,,,pending,,,pending,,,
03728035_KEELING 7_1215805,s3://osu-well-records-225989338968/pdfs/ExportedFolderContents_10/1990/11 - November/03728035_KEELING 7_1215805.pdf,10,1990,11 - November,mid,1990s,unknown,unknown,,Unclassified failure,pending,,,pending,,,,,pending,,,pending,,,pending,,,
037282150001_ANTHIS 6_500214430,s3://osu-well-records-225989338968/pdfs/ExportedFolderContents_10/1990/11 - November/037282150001_ANTHIS 6_500214430.pdf,10,1990,11 - November,mid,1990s,unknown,unknown,,Unclassified failure,pending,,,pending,,,,,pending,,,pending,,,pending,,,
03728215_ANTHIS 6_1215912,s3://osu-well-records-225989338968/pdfs/ExportedFolderContents_10/1990/11 - November/03728215_ANTHIS 6_1215912.pdf,10,1990,11 - November,mid,1990s,unknown,unknown,,Unclassified failure,pending,,,pending,,,,,pending,,,pending,,,pending,,,
03728221_DAVIS 3-A_1216094,s3://osu-well-records-225989338968/pdfs/ExportedFolderContents_10/1990/11 - November/03728221_DAVIS 3-A_1216094.pdf,10,1990,11 - November,mid,1990s,unknown,unknown,,Unclassified failure,pending,,,pending,,,,,pending,,,pending,,,pending,,,
03728229_KELLY 2_1216059,s3://osu-well-records-225989338968/pdfs/ExportedFolderContents_10/1990/11 - November/03728229_KELLY 2_1216059.pdf,10,1990,11 - November,mid,1990s,unknown,unknown,,Unclassified failure,pending,,,pending,,,,,pending,,,pending,,,pending,,,
03728230_WILEY 21_1756620,s3://osu-well-records-225989338968/pdfs/ExportedFolderContents_10/1990/11 - November/03728230_WILEY 21_1756620.pdf,10,1990,11 - November,mid,1990s,unknown,unknown,,Unclassified failure,pending,,,pending,,,,,pending,,,pending,,,pending,,,
03728231_MARTIN 1_1215853,s3://osu-well-records-225989338968/pdfs/ExportedFolderContents_10/1990/11 - November/03728231_MARTIN 1_1215853.pdf,10,1990,11 - November,mid,1990s,unknown,unknown,,Unclassified failure,pending,,,pending,,,,,pending,,,pending,,,pending,,,
03728232_COX 2_1215948,s3://osu-well-records-225989338968/pdfs/ExportedFolderContents_10/1990/11 - November/03728232_COX 2_1215948.pdf,10,1990,11 - November,mid,1990s,unknown,unknown,,Unclassified failure,pending,,,pending,,,,,pending,,,pending,,,pending,,,
03728232_COX 2_1215951,s3://osu-well-records-225989338968/pdfs/ExportedFolderContents_10/1990/11 - November/03728232_COX 2_1215951.pdf,10,1990,11 - November,mid,1990s,unknown,unknown,,Unclassified failure,pending,,,pending,,,,,pending,,,pending,,,pending,,,
03728236_MILES DEVIN 20_1215916,s3://osu-well-records-225989338968/pdfs/ExportedFolderContents_10/1990/11 - November/03728236_MILES DEVIN 20_1215916.pdf,10,1990,11 - November,mid,1990s,unknown,unknown,,Unclassified failure,pending,,,pending,,,,,pending,,,pending,,,pending,,,
03728241_PIERCE 1_1215985,s3://osu-well-records-225989338968/pdfs/ExportedFolderContents_10/1990/11 - November/03728241_PIERCE 1_1215985.pdf,10,1990,11 - November,mid,1990s,unknown,unknown,,Unclassified failure,pending,,,pending,,,,,pending,,,pending,,,pending,,,
03728247_ABRAHAM 1-24_1215968,s3://osu-well-records-225989338968/pdfs/ExportedFolderContents_10/1990/11 - November/03728247_ABRAHAM 1-24_1215968.pdf,10,1990,11 - November,mid,1990s,unknown,unknown,,Unclassified failure,pending,,,pending,,,,,pending,,,pending,,,pending,,,
04521674_LTS 9-2_1702824,s3://osu-well-records-225989338968/pdfs/ExportedFolderContents_10/1990/11 - November/04521674_LTS 9-2_1702824.pdf,10,1990,11 - November,mid,1990s,unknown,unknown,,Unclassified failure,pending,,,pending,,,,,pending,,,pending,,,pending,,,
04720834_BULLIS 1-22_1320429,s3://osu-well-records-225989338968/pdfs/ExportedFolderContents_10/1990/11 - November/04720834_BULLIS 1-22_1320429.pdf,10,1990,11 - November,mid,1990s,unknown,unknown,,Unclassified failure,pending,,,pending,,,,,pending,,,pending,,,pending,,,
04724051_JOSEPH 27-4_1320404,s3://osu-well-records-225989338968/pdfs/ExportedFolderContents_10/1990/11 - November/04724051_JOSEPH 27-4_1320404.pdf,10,1990,11 - November,mid,1990s,unknown,unknown,,Unclassified failure,pending,,,pending,,,,,pending,,,pending,,,pending,,,
04724060_BRAKHAGE 1_1587634,s3://osu-well-records-225989338968/pdfs/ExportedFolderContents_10/1990/11 - November/04724060_BRAKHAGE 1_1587634.pdf,10,1990,11 - November,mid,1990s,unknown,unknown,,Unclassified failure,pending,,,pending,,,,,pending,,,pending,,,pending,,,
04724062_WILMA 1_1320349,s3://osu-well-records-225989338968/pdfs/ExportedFolderContents_10/1990/11 - November/04724062_WILMA 1_1320349.pdf,10,1990,11 - November,mid,1990s,unknown,unknown,,Unclassified failure,pending,,,pending,,,,,pending,,,pending,,,pending,,,
04724063_HUNTER 24-1H_1587539,s3://osu-well-records-225989338968/pdfs/ExportedFolderContents_10/1990/11 - November/04724063_HUNTER 24-1H_1587539.pdf,10,1990,11 - November,mid,1990s,unknown,unknown,,Unclassified failure,pending,,,pending,,,,,pending,,,pending,,,pending,,,
04724064_RAHM 1_1587688,s3://osu-well-records-225989338968/pdfs/ExportedFolderContents_10/1990/11 - November/04724064_RAHM 1_1587688.pdf,10,1990,11 - November,mid,1990s,unknown,unknown,,Unclassified failure,pending,,,pending,,,,,pending,,,pending,,,pending,,,
04922602_ADAMS O 1-27_841553,s3://osu-well-records-225989338968/pdfs/ExportedFolderContents_10/1990/11 - November/04922602_ADAMS O 1-27_841553.pdf,10,1990,11 - November,mid,1990s,unknown,unknown,,Unclassified failure,pending,,,pending,,,,,pending,,,pending,,,pending,,,
04922761_KINGERY 1_1515790,s3://osu-well-records-225989338968/pdfs/ExportedFolderContents_10/1990/11 - November/04922761_KINGERY 1_1515790.pdf,10,1990,11 - November,mid,1990s,unknown,unknown,,Unclassified failure,pending,,,pending,,,,,pending,,,pending,,,pending,,,
04923143_BECKHAM 1-20_841552,s3://osu-well-records-225989338968/pdfs/ExportedFolderContents_10/1990/11 - November/04923143_BECKHAM 1-20_841552.pdf,10,1990,11 - November,mid,1990s,unknown,unknown,,Unclassified failure,pending,,,pending,,,,,pending,,,pending,,,pending,,,
04923202_J T BLANTON 1_841486,s3://osu-well-records-225989338968/pdfs/ExportedFolderContents_10/1990/11 - November/04923202_J T BLANTON 1_841486.pdf,10,1990,11 - November,mid,1990s,unknown,unknown,,Unclassified failure,pending,,,pending,,,,,pending,,,pending,,,pending,,,
04923432_BRANCH 1-13_841448,s3://osu-well-records-225989338968/pdfs/ExportedFolderContents_10/1990/11 - November/04923432_BRANCH 1-13_841448.pdf,10,1990,11 - November,mid,1990s,unknown,unknown,,Unclassified failure,pending,,,pending,,,,,pending,,,pending,,,pending,,,
04923505_CASHIN 1_841435,s3://osu-well-records-225989338968/pdfs/ExportedFolderContents_10/1990/11 - November/04923505_CASHIN 1_841435.pdf,10,1990,11 - November,mid,1990s,unknown,unknown,,Unclassified failure,pending,,,pending,,,,,pending,,,pending,,,pending,,,
04923508_JEWEL 1-29_685850,s3://osu-well-records-225989338968/pdfs/ExportedFolderContents_10/1990/11 - November/04923508_JEWEL 1-29_685850.pdf,10,1990,11 - November,mid,1990s,unknown,unknown,,Unclassified failure,pending,,,pending,,,,,pending,,,pending,,,pending,,,
04923510_MCDANIEL A 1-11_841599,s3://osu-well-records-225989338968/pdfs/ExportedFolderContents_10/1990/11 - November/04923510_MCDANIEL A 1-11_841599.pdf,10,1990,11 - November,mid,1990s,unknown,unknown,,Unclassified failure,pending,,,pending,,,,,pending,,,pending,,,pending,,,
04923524_RINGER A-3_685975,s3://osu-well-records-225989338968/pdfs/ExportedFolderContents_10/1990/11 - November/04923524_RINGER A-3_685975.pdf,10,1990,11 - November,mid,1990s,unknown,unknown,,Unclassified failure,pending,,,pending,,,,,pending,,,pending,,,pending,,,
04923526_HERZIG 1-35_841532,s3://osu-well-records-225989338968/pdfs/ExportedFolderContents_10/1990/11 - November/04923526_HERZIG 1-35_841532.pdf,10,1990,11 - November,mid,1990s,unknown,unknown,,Unclassified failure,pending,,,pending,,,,,pending,,,pending,,,pending,,,
04923532_R J MAULDIN B-16_841508,s3://osu-well-records-225989338968/pdfs/ExportedFolderContents_10/1990/11 - November/04923532_R J MAULDIN B-16_841508.pdf,10,1990,11 - November,mid,1990s,unknown,unknown,,Unclassified failure,pending,,,pending,,,,,pending,,,pending,,,pending,,,
04923542_NEUSTADT 1_841502,s3://osu-well-records-225989338968/pdfs/ExportedFolderContents_10/1990/11 - November/04923542_NEUSTADT 1_841502.pdf,10,1990,11 - November,mid,1990s,unknown,unknown,,Unclassified failure,pending,,,pending,,,,,pending,,,pending,,,pending,,,
04923548_F H HARRIS 17_841409,s3://osu-well-records-225989338968/pdfs/ExportedFolderContents_10/1990/11 - November/04923548_F H HARRIS 17_841409.pdf,10,1990,11 - November,mid,1990s,unknown,unknown,,Unclassified failure,pending,,,pending,,,,,pending,,,pending,,,pending,,,
04923550_JUNE 1-25_685914,s3://osu-well-records-225989338968/pdfs/ExportedFolderContents_10/1990/11 - November/04923550_JUNE 1-25_685914.pdf,10,1990,11 - November,mid,1990s,unknown,unknown,,Unclassified failure,pending,,,pending,,,,,pending,,,pending,,,pending,,,
04923557_GREEN 1-28_841598,s3://osu-well-records-225989338968/pdfs/ExportedFolderContents_10/1990/11 - November/04923557_GREEN 1-28_841598.pdf,10,1990,11 - November,mid,1990s,unknown,unknown,,Unclassified failure,pending,,,pending,,,,,pending,,,pending,,,pending,,,
04935416_S H COWAN 30_841556,s3://osu-well-records-225989338968/pdfs/ExportedFolderContents_10/1990/11 - November/04935416_S H COWAN 30_841556.pdf,10,1990,11 - November,mid,1990s,unknown,unknown,,Unclassified failure,pending,,,pending,,,,,pending,,,pending,,,pending,,,
05120966_ALLIANCE 2A-13_841591,s3://osu-well-records-225989338968/pdfs/ExportedFolderContents_10/1990/11 - November/05120966_ALLIANCE 2A-13_841591.pdf,10,1990,11 - November,mid,1990s,unknown,unknown,,Unclassified failure,pending,,,pending,,,,,pending,,,pending,,,pending,,,
05122162_LEE 1-25A_841476,s3://osu-well-records-225989338968/pdfs/ExportedFolderContents_10/1990/11 - November/05122162_LEE 1-25A_841476.pdf,10,1990,11 - November,mid,1990s,unknown,unknown,,Unclassified failure,pending,,,pending,,,,,pending,,,pending,,,pending,,,
05122175_HELEN HUFFINE 1-16_841534,s3://osu-well-records-225989338968/pdfs/ExportedFolderContents_10/1990/11 - November/05122175_HELEN HUFFINE 1-16_841534.pdf,10,1990,11 - November,mid,1990s,unknown,unknown,,Unclassified failure,pending,,,pending,,,,,pending,,,pending,,,pending,,,
05122177_W H 1-24_841462,s3://osu-well-records-225989338968/pdfs/ExportedFolderContents_10/1990/11 - November/05122177_W H 1-24_841462.pdf,10,1990,11 - November,mid,1990s,unknown,unknown,,Unclassified failure,pending,,,pending,,,,,pending,,,pending,,,pending,,,
05122190_L H SCOTT 1-20_841531,s3://osu-well-records-225989338968/pdfs/ExportedFolderContents_10/1990/11 - November/05122190_L H SCOTT 1-20_841531.pdf,10,1990,11 - November,mid,1990s,unknown,unknown,,Unclassified failure,pending,,,pending,,,,,pending,,,pending,,,pending,,,
05122193_SHOOK 1-4_841546,s3://osu-well-records-225989338968/pdfs/ExportedFolderContents_10/1990/11 - November/05122193_SHOOK 1-4_841546.pdf,10,1990,11 - November,mid,1990s,unknown,unknown,,Unclassified failure,pending,,,pending,,,,,pending,,,pending,,,pending,,,
05122196_GIBSON 2-32_841592,s3://osu-well-records-225989338968/pdfs/ExportedFolderContents_10/1990/11 - November/05122196_GIBSON 2-32_841592.pdf,10,1990,11 - November,mid,1990s,unknown,unknown,,Unclassified failure,pending,,,pending,,,,,pending,,,pending,,,pending,,,
05135391A_MARLIN BILLY 1_841456,s3://osu-well-records-225989338968/pdfs/ExportedFolderContents_10/1990/11 - November/05135391A_MARLIN BILLY 1_841456.pdf,10,1990,11 - November,mid,1990s,unknown,unknown,,Unclassified failure,pending,,,pending,,,,,pending,,,pending,,,pending,,,
05135499_J W HALL 1-24_841583,s3://osu-well-records-225989338968/pdfs/ExportedFolderContents_10/1990/11 - November/05135499_J W HALL 1-24_841583.pdf,10,1990,11 - November,mid,1990s,unknown,unknown,,Unclassified failure,pending,,,pending,,,,,pending,,,pending,,,pending,,,
05135499_J W HALL 1-24_841589,s3://osu-well-records-225989338968/pdfs/ExportedFolderContents_10/1990/11 - November/05135499_J W HALL 1-24_841589.pdf,10,1990,11 - November,mid,1990s,unknown,unknown,,Unclassified failure,pending,,,pending,,,,,pending,,,pending,,,pending,,,
05135510_ESIAS THOMPSON 1_841561,s3://osu-well-records-225989338968/pdfs/ExportedFolderContents_10/1990/11 - November/05135510_ESIAS THOMPSON 1_841561.pdf,10,1990,11 - November,mid,1990s,unknown,unknown,,Unclassified failure,pending,,,pending,,,,,pending,,,pending,,,pending,,,
05135510_ESIAS THOMPSON 1_841563,s3://osu-well-records-225989338968/pdfs/ExportedFolderContents_10/1990/11 - November/05135510_ESIAS THOMPSON 1_841563.pdf,10,1990,11 - November,mid,1990s,unknown,unknown,,Unclassified failure,pending,,,pending,,,,,pending,,,pending,,,pending,,,
05135515_J L CHARLES 1_841465,s3://osu-well-records-225989338968/pdfs/ExportedFolderContents_10/1990/11 - November/05135515_J L CHARLES 1_841465.pdf,10,1990,11 - November,mid,1990s,unknown,unknown,,Unclassified failure,pending,,,pending,,,,,pending,,,pending,,,pending,,,
05322100_JOHNSON 4-8_1587660,s3://osu-well-records-225989338968/pdfs/ExportedFolderContents_10/1990/11 - November/05322100_JOHNSON 4-8_1587660.pdf,10,1990,11 - November,mid,1990s,unknown,unknown,,Unclassified failure,pending,,,pending,,,,,pending,,,pending,,,pending,,,
05322100_JOHNSON 4-8_51142446,s3://osu-well-records-225989338968/pdfs/ExportedFolderContents_10/1990/11 - November/05322100_JOHNSON 4-8_51142446.pdf,10,1990,11 - November,mid,1990s,unknown,unknown,,Unclassified failure,pending,,,pending,,,,,pending,,,pending,,,pending,,,
05322184_STATE OF OKLAHOMA 1_1587718,s3://osu-well-records-225989338968/pdfs/ExportedFolderContents_10/1990/11 - November/05322184_STATE OF OKLAHOMA 1_1587718.pdf,10,1990,11 - November,mid,1990s,unknown,unknown,,Unclassified failure,pending,,,pending,,,,,pending,,,pending,,,pending,,,
05322186_GLADYS 1_1587691,s3://osu-well-records-225989338968/pdfs/ExportedFolderContents_10/1990/11 - November/05322186_GLADYS 1_1587691.pdf,10,1990,11 - November,mid,1990s,unknown,unknown,,Unclassified failure,pending,,,pending,,,,,pending,,,pending,,,pending,,,
12302966_FITTS WEST UNIT 18-1_686285,s3://osu-well-records-225989338968/pdfs/ExportedFolderContents_10/1991/01 - January/12302966_FITTS WEST UNIT 18-1_686285.pdf,10,1991,01 - January,mid,1990s,unknown,unknown,,Unclassified failure,done,not_detected,100,done,not_found,011,1,,done,no_match,Pontotoc County,skipped,,,skipped,,,
12513808_JACKSON A-2_2625830,s3://osu-well-records-225989338968/pdfs/ExportedFolderContents_10/1991/01 - January/12513808_JACKSON A-2_2625830.pdf,10,1991,01 - January,mid,1990s,unknown,unknown,,Unclassified failure,done,not_detected,99,done,,,,,done,,Pottawatomie County,skipped,,,skipped,,,
12523171_KENNEDY 2_1516243,s3://osu-well-records-225989338968/pdfs/ExportedFolderContents_10/1991/01 - January/12523171_KENNEDY 2_1516243.pdf,10,1991,01 - January,mid,1990s,unknown,unknown,,Unclassified failure,done,not_detected,99,done,,,,,done,,Pottawatomie County,skipped,,,skipped,,,
12523178_NW TECUMSEH UNIT WSW 38-63_686323,s3://osu-well-records-225989338968/pdfs/ExportedFolderContents_10/1991/01 - January/12523178_NW TECUMSEH UNIT WSW 38-63_686323.pdf,10,1991,01 - January,mid,1990s,unknown,unknown,,Unclassified failure,done,not_detected,99,done,,,,,done,,Pottawatomie County,skipped,,,skipped,,,
12523181_CLARKE 1-A_686332,s3://osu-well-records-225989338968/pdfs/ExportedFolderContents_10/1991/01 - January/12523181_CLARKE 1-A_686332.pdf,10,1991,01 - January,mid,1990s,unknown,unknown,,Unclassified failure,done,not_detected,98,done,,,,,done,,Pottawatomie County,skipped,,,skipped,,,
12921551_NISTLER 3-17_479430,s3://osu-well-records-225989338968/pdfs/ExportedFolderContents_10/1991/01 - January/12921551_NISTLER 3-17_479430.pdf,10,1991,01 - January,mid,1990s,unknown,unknown,,Unclassified failure,done,not_detected,100,done,,,,,done,,Roger Mills County,skipped,,,skipped,,,
13323855_JUMPER CREEK THURMAN SAND UNIT 332_686266,s3://osu-well-records-225989338968/pdfs/ExportedFolderContents_10/1991/01 - January/13323855_JUMPER CREEK THURMAN SAND UNIT 332_686266.pdf,10,1991,01 - January,mid,1990s,unknown,unknown,,Unclassified failure,done,not_detected,99,done,not_found,5,5,6E,done,,Seminole County,skipped,,,skipped,,,
13323877_G C MAYHUE 11_686270,s3://osu-well-records-225989338968/pdfs/ExportedFolderContents_10/1991/01 - January/13323877_G C MAYHUE 11_686270.pdf,10,1991,01 - January,mid,1990s,unknown,unknown,,Unclassified failure,done,not_detected,99,done,,,,,done,,Seminole County,skipped,,,skipped,,,
13323896_NELSON 1A-22_686264,s3://osu-well-records-225989338968/pdfs/ExportedFolderContents_10/1991/01 - January/13323896_NELSON 1A-22_686264.pdf,10,1991,01 - January,mid,1990s,unknown,unknown,,Unclassified failure,done,,95,done,,,,,done,,Seminole County,done,,99,skipped,,,
13323900_VONI 1_686287,s3://osu-well-records-225989338968/pdfs/ExportedFolderContents_10/1991/01 - January/13323900_VONI 1_686287.pdf,10,1991,01 - January,mid,1990s,unknown,unknown,,Unclassified failure,done,not_detected,97,done,,,,,done,,Seminole County,skipped,,,skipped,,,
13323910_JESSICA 19-A_686299,s3://osu-well-records-225989338968/pdfs/ExportedFolderContents_10/1991/01 - January/13323910_JESSICA 19-A_686299.pdf,10,1991,01 - January,mid,1990s,unknown,unknown,,Unclassified failure,done,not_detected,100,done,,,1S,,done,,Seminole County,skipped,,,skipped,,,
13323912_KELLY 4_686339,s3://osu-well-records-225989338968/pdfs/ExportedFolderContents_10/1991/01 - January/13323912_KELLY 4_686339.pdf,10,1991,01 - January,mid,1990s,unknown,unknown,,Unclassified failure,done,not_detected,99,done,not_found,11,11,8E,done,,Seminole County,skipped,,,skipped,,,
13720798_HUMPHREYS 304 (MOORE-MILLER 2)_986422,s3://osu-well-records-225989338968/pdfs/ExportedFolderContents_10/1991/01 - January/13720798_HUMPHREYS 304 (MOORE-MILLER 2)_986422.pdf,10,1991,01 - January,mid,1990s,unknown,unknown,,Unclassified failure,done,not_detected,100,done,,,,,done,,Stephens County,skipped,,,skipped,,,
13724870C_DALEY 1-15_1775439,s3://osu-well-records-225989338968/pdfs/ExportedFolderContents_10/1991/01 - January/13724870C_DALEY 1-15_1775439.pdf,10,1991,01 - January,mid,1990s,unknown,unknown,,Unclassified failure,done,,97,done,,,,,done,,Stephens County,done,,98,skipped,,,
13724883_SMILEY B-2_841979,s3://osu-well-records-225989338968/pdfs/ExportedFolderContents_10/1991/01 - January/13724883_SMILEY B-2_841979.pdf,10,1991,01 - January,mid,1990s,unknown,unknown,,Unclassified failure,done,not_detected,96,done,not_found,11,2N,,done,,Stephens County,skipped,,,skipped,,,
13724940_ELLIOTT 1-25_986361,s3://osu-well-records-225989338968/pdfs/ExportedFolderContents_10/1991/01 - January/13724940_ELLIOTT 1-25_986361.pdf,10,1991,01 - January,mid,1990s,unknown,unknown,,Unclassified failure,done,not_detected,99,done,not_found,2,,6,done,,Stephens County,skipped,,,skipped,,,
13920514_POSTLE UPPER MORROW UNIT 1-4_756135,s3://osu-well-records-225989338968/pdfs/ExportedFolderContents_10/1991/01 - January/13920514_POSTLE UPPER MORROW UNIT 1-4_756135.pdf,10,1991,01 - January,mid,1990s,unknown,unknown,,Unclassified failure,done,not_detected,99,done,,,,,done,,Texas County,skipped,,,skipped,,,
14726260_REYNOLDS 8_1516202,s3://osu-well-records-225989338968/pdfs/ExportedFolderContents_10/1991/01 - January/14726260_REYNOLDS 8_1516202.pdf,10,1991,01 - January,mid,1990s,unknown,unknown,,Unclassified failure,done,not_detected,100,done,not_found,,25N,14E,done,,Washington County,skipped,,,skipped,,,
14726297_SCUDDER A AG-22_1516208,s3://osu-well-records-225989338968/pdfs/ExportedFolderContents_10/1991/01 - January/14726297_SCUDDER A AG-22_1516208.pdf,10,1991,01 - January,mid,1990s,unknown,unknown,,Unclassified failure,done,not_detected,100,done,,,,,done,,Washington County,skipped,,,skipped,,,
14726303_WITT HEIRS 2_1516206,s3://osu-well-records-225989338968/pdfs/ExportedFolderContents_10/1991/01 - January/14726303_WITT HEIRS 2_1516206.pdf,10,1991,01 - January,mid,1990s,unknown,unknown,,Unclassified failure,done,not_detected,100,done,not_found,11,2S,,done,,Washington County,skipped,,,skipped,,,
14726303_WITT HEIRS 2_1516209,s3://osu-well-records-225989338968/pdfs/ExportedFolderContents_10/1991/01 - January/14726303_WITT HEIRS 2_1516209.pdf,10,1991,01 - January,mid,1990s,unknown,unknown,,Unclassified failure,done,not_detected,100,done,not_found,11,2S,,done,,Washington County,skipped,,,skipped,,,
14726303_WITT HEIRS 2_547703,s3://osu-well-records-225989338968/pdfs/ExportedFolderContents_10/1991/01 - January/14726303_WITT HEIRS 2_547703.pdf,10,1991,01 - January,mid,1990s,unknown,unknown,,Unclassified failure,done,not_detected,100,done,not_found,11,2S,,done,,Washington County,skipped,,,skipped,,,
15121804_AARON 1-31_1585792,s3://osu-well-records-225989338968/pdfs/ExportedFolderContents_10/1991/01 - January/15121804_AARON 1-31_1585792.pdf,10,1991,01 - January,mid,1990s,unknown,unknown,,Unclassified failure,done,not_detected,99,done,,,,,done,,Woods County,skipped,,,skipped,,,
01924014_OVEN 1-9_986506,s3://osu-well-records-225989338968/pdfs/ExportedFolderContents_10/1991/02 - February/01924014_OVEN 1-9_986506.pdf,10,1991,02 - February,mid,1990s,unknown,unknown,,Unclassified failure,pending,,,pending,,,,,pending,,,pending,,,pending,,,
02120031_DAVIS 1_1394815,s3://osu-well-records-225989338968/pdfs/ExportedFolderContents_10/1991/02 - February/02120031_DAVIS 1_1394815.pdf,10,1991,02 - February,mid,1990s,unknown,unknown,,Unclassified failure,pending,,,pending,,,,,pending,,,pending,,,pending,,,
02720273_M T REYNOLDS A-5_842253,s3://osu-well-records-225989338968/pdfs/ExportedFolderContents_10/1991/02 - February/02720273_M T REYNOLDS A-5_842253.pdf,10,1991,02 - February,mid,1990s,unknown,unknown,,Unclassified failure,pending,,,pending,,,,,pending,,,pending,,,pending,,,
02721244_CUSACK 3 A-3_842151,s3://osu-well-records-225989338968/pdfs/ExportedFolderContents_10/1991/02 - February/02721244_CUSACK 3 A-3_842151.pdf,10,1991,02 - February,mid,1990s,unknown,unknown,,Unclassified failure,pending,,,pending,,,,,pending,,,pending,,,pending,,,
02721259_FESSENBECK 4_842241,s3://osu-well-records-225989338968/pdfs/ExportedFolderContents_10/1991/02 - February/02721259_FESSENBECK 4_842241.pdf,10,1991,02 - February,mid,1990s,unknown,unknown,,Unclassified failure,pending,,,pending,,,,,pending,,,pending,,,pending,,,
02721287_MONTGOMERY 2-19_842185,s3://osu-well-records-225989338968/pdfs/ExportedFolderContents_10/1991/02 - February/02721287_MONTGOMERY 2-19_842185.pdf,10,1991,02 - February,mid,1990s,unknown,unknown,,Unclassified failure,pending,,,pending,,,,,pending,,,pending,,,pending,,,
02721287_SW ALAMO OSBORN SAND UNIT 4 (MONTGOMERY 2-19)_842193,s3://osu-well-records-225989338968/pdfs/ExportedFolderContents_10/1991/02 - February/02721287_SW ALAMO OSBORN SAND UNIT 4 (MONTGOMERY 2-19)_842193.pdf,10,1991,02 - February,mid,1990s,unknown,unknown,,Unclassified failure,pending,,,pending,,,,,pending,,,pending,,,pending,,,
02920379_BANDIT 30-2_670651,s3://osu-well-records-225989338968/pdfs/ExportedFolderContents_10/1991/02 - February/02920379_BANDIT 30-2_670651.pdf,10,1991,02 - February,mid,1990s,unknown,unknown,,Unclassified failure,pending,,,pending,,,,,pending,,,pending,,,pending,,,
03121403_FERGUSON 3_842183,s3://osu-well-records-225989338968/pdfs/ExportedFolderContents_10/1991/02 - February/03121403_FERGUSON 3_842183.pdf,10,1991,02 - February,mid,1990s,unknown,unknown,,Unclassified failure,pending,,,pending,,,,,pending,,,pending,,,pending,,,
03701453_LIZZIE STARR UNIT 2_1216744,s3://osu-well-records-225989338968/pdfs/ExportedFolderContents_10/1991/02 - February/03701453_LIZZIE STARR UNIT 2_1216744.pdf,10,1991,02 - February,mid,1990s,unknown,unknown,,Unclassified failure,pending,,,pending,,,,,pending,,,pending,,,pending,,,
03704040_LIZZIE STARR UNIT 4_1216764,s3://osu-well-records-225989338968/pdfs/ExportedFolderContents_10/1991/02 - February/03704040_LIZZIE STARR UNIT 4_1216764.pdf,10,1991,02 - February,mid,1990s,unknown,unknown,,Unclassified failure,pending,,,pending,,,,,pending,,,pending,,,pending,,,
03709915_EMARTHLOCHEE 2_1785683,s3://osu-well-records-225989338968/pdfs/ExportedFolderContents_10/1991/02 - February/03709915_EMARTHLOCHEE 2_1785683.pdf,10,1991,02 - February,mid,1990s,unknown,unknown,,Unclassified failure,pending,,,pending,,,,,pending,,,pending,,,pending,,,
03709915_EMARTHOCHLEE A2-SWI 2_1217033,s3://osu-well-records-225989338968/pdfs/ExportedFolderContents_10/1991/02 - February/03709915_EMARTHOCHLEE A2-SWI 2_1217033.pdf,10,1991,02 - February,mid,1990s,unknown,unknown,,Unclassified failure,pending,,,pending,,,,,pending,,,pending,,,pending,,,
03709917_BARNETT 1_1216734,s3://osu-well-records-225989338968/pdfs/ExportedFolderContents_10/1991/02 - February/03709917_BARNETT 1_1216734.pdf,10,1991,02 - February,mid,1990s,unknown,unknown,,Unclassified failure,pending,,,pending,,,,,pending,,,pending,,,pending,,,
03709979_FRANCIS MEAGHER 3_1032099,s3://osu-well-records-225989338968/pdfs/ExportedFolderContents_10/1991/02 - February/03709979_FRANCIS MEAGHER 3_1032099.pdf,10,1991,02 - February,mid,1990s,unknown,unknown,,Unclassified failure,pending,,,pending,,,,,pending,,,pending,,,pending,,,
03709980_FRANCIS MEAGHER 4_1032186,s3://osu-well-records-225989338968/pdfs/ExportedFolderContents_10/1991/02 - February/03709980_FRANCIS MEAGHER 4_1032186.pdf,10,1991,02 - February,mid,1990s,unknown,unknown,,Unclassified failure,pending,,,pending,,,,,pending,,,pending,,,pending,,,
03728233_JACKSON B-2_1216977,s3://osu-well-records-225989338968/pdfs/ExportedFolderContents_10/1991/02 - February/03728233_JACKSON B-2_1216977.pdf,10,1991,02 - February,mid,1990s,unknown,unknown,,Unclassified failure,pending,,,pending,,,,,pending,,,pending,,,pending,,,
03728244_JACKSON B-3_1216975,s3://osu-well-records-225989338968/pdfs/ExportedFolderContents_10/1991/02 - February/03728244_JACKSON B-3_1216975.pdf,10,1991,02 - February,mid,1990s,unknown,unknown,,Unclassified failure,pending,,,pending,,,,,pending,,,pending,,,pending,,,
03728256_REESE 1_1216937,s3://osu-well-records-225989338968/pdfs/ExportedFolderContents_10/1991/02 - February/03728256_REESE 1_1216937.pdf,10,1991,02 - February,mid,1990s,unknown,unknown,,Unclassified failure,pending,,,pending,,,,,pending,,,pending,,,pending,,,
03728257_CUBBIE 3_1217063,s3://osu-well-records-225989338968/pdfs/ExportedFolderContents_10/1991/02 - February/03728257_CUBBIE 3_1217063.pdf,10,1991,02 - February,mid,1990s,unknown,unknown,,Unclassified failure,pending,,,pending,,,,,pending,,,pending,,,pending,,,
03728263_HARRINGTON 1-13_1216969,s3://osu-well-records-225989338968/pdfs/ExportedFolderContents_10/1991/02 - February/03728263_HARRINGTON 1-13_1216969.pdf,10,1991,02 - February,mid,1990s,unknown,unknown,,Unclassified failure,pending,,,pending,,,,,pending,,,pending,,,pending,,,
03920458_KAISER 1-16_480190,s3://osu-well-records-225989338968/pdfs/ExportedFolderContents_10/1991/02 - February/03920458_KAISER 1-16_480190.pdf,10,1991,02 - February,mid,1990s,unknown,unknown,,Unclassified failure,pending,,,pending,,,,,pending,,,pending,,,pending,,,
03921390_LYNN 1-5_474365,s3://osu-well-records-225989338968/pdfs/ExportedFolderContents_10/1991/02 - February/03921390_LYNN 1-5_474365.pdf,10,1991,02 - February,mid,1990s,unknown,unknown,,Unclassified failure,pending,,,pending,,,,,pending,,,pending,,,pending,,,
03921395_MYRTLE GOODALL 2-11_500839,s3://osu-well-records-225989338968/pdfs/ExportedFolderContents_10/1991/02 - February/03921395_MYRTLE GOODALL 2-11_500839.pdf,10,1991,02 - February,mid,1990s,unknown,unknown,,Unclassified failure,pending,,,pending,,,,,pending,,,pending,,,pending,,,
04300077_MILLER 2_496424,s3://osu-well-records-225989338968/pdfs/ExportedFolderContents_10/1991/02 - February/04300077_MILLER 2_496424.pdf,10,1991,02 - February,mid,1990s,unknown,unknown,,Unclassified failure,pending,,,pending,,,,,pending,,,pending,,,pending,,,
04320259_STATE 1-16_505214,s3://osu-well-records-225989338968/pdfs/ExportedFolderContents_10/1991/02 - February/04320259_STATE 1-16_505214.pdf,10,1991,02 - February,mid,1990s,unknown,unknown,,Unclassified failure,pending,,,pending,,,,,pending,,,pending,,,pending,,,
04322039_JOHNNIE CLARK 2-8_507628,s3://osu-well-records-225989338968/pdfs/ExportedFolderContents_10/1991/02 - February/04322039_JOHNNIE CLARK 2-8_507628.pdf,10,1991,02 - February,mid,1990s,unknown,unknown,,Unclassified failure,pending,,,pending,,,,,pending,,,pending,,,pending,,,
04322414_COX TRUST 7-2_475410,s3://osu-well-records-225989338968/pdfs/ExportedFolderContents_10/1991/02 - February/04322414_COX TRUST 7-2_475410.pdf,10,1991,02 - February,mid,1990s,unknown,unknown,,Unclassified failure,pending,,,pending,,,,,pending,,,pending,,,pending,,,
04322424_KOUNS FARM 1_483323,s3://osu-well-records-225989338968/pdfs/ExportedFolderContents_10/1991/02 - February/04322424_KOUNS FARM 1_483323.pdf,10,1991,02 - February,mid,1990s,unknown,unknown,,Unclassified failure,pending,,,pending,,,,,pending,,,pending,,,pending,,,
04521676_WITSCHI 1_1703175,s3://osu-well-records-225989338968/pdfs/ExportedFolderContents_10/1991/02 - February/04521676_WITSCHI 1_1703175.pdf,10,1991,02 - February,mid,1990s,unknown,unknown,,Unclassified failure,pending,,,pending,,,,,pending,,,pending,,,pending,,,
04521684_GAGE 10-1_1703140,s3://osu-well-records-225989338968/pdfs/ExportedFolderContents_10/1991/02 - February/04521684_GAGE 10-1_1703140.pdf,10,1991,02 - February,mid,1990s,unknown,unknown,,Unclassified failure,pending,,,pending,,,,,pending,,,pending,,,pending,,,
04521686_HAINES 1-7_1703159,s3://osu-well-records-225989338968/pdfs/ExportedFolderContents_10/1991/02 - February/04521686_HAINES 1-7_1703159.pdf,10,1991,02 - February,mid,1990s,unknown,unknown,,Unclassified failure,pending,,,pending,,,,,pending,,,pending,,,pending,,,
04521686_HAINES 1-7_1703201,s3://osu-well-records-225989338968/pdfs/ExportedFolderContents_10/1991/02 - February/04521686_HAINES 1-7_1703201.pdf,10,1991,02 - February,mid,1990s,unknown,unknown,,Unclassified failure,pending,,,pending,,,,,pending,,,pending,,,pending,,,
04521690_ELOISE 1_509795,s3://osu-well-records-225989338968/pdfs/ExportedFolderContents_10/1991/02 - February/04521690_ELOISE 1_509795.pdf,10,1991,02 - February,mid,1990s,unknown,unknown,,Unclassified failure,pending,,,pending,,,,,pending,,,pending,,,pending,,,
04721694_LIEBHART 1-11_1321045,s3://osu-well-records-225989338968/pdfs/ExportedFolderContents_10/1991/02 - February/04721694_LIEBHART 1-11_1321045.pdf,10,1991,02 - February,mid,1990s,unknown,unknown,,Unclassified failure,pending,,,pending,,,,,pending,,,pending,,,pending,,,
04724069_C ANN 1-16_1588146,s3://osu-well-records-225989338968/pdfs/ExportedFolderContents_10/1991/02 - February/04724069_C ANN 1-16_1588146.pdf,10,1991,02 - February,mid,1990s,unknown,unknown,,Unclassified failure,pending,,,pending,,,,,pending,,,pending,,,pending,,,
04724074_LEE 1-26_1321136,s3://osu-well-records-225989338968/pdfs/ExportedFolderContents_10/1991/02 - February/04724074_LEE 1-26_1321136.pdf,10,1991,02 - February,mid,1990s,unknown,unknown,,Unclassified failure,pending,,,pending,,,,,pending,,,pending,,,pending,,,
04724075_OLIVE 1-28_1321087,s3://osu-well-records-225989338968/pdfs/ExportedFolderContents_10/1991/02 - February/04724075_OLIVE 1-28_1321087.pdf,10,1991,02 - February,mid,1990s,unknown,unknown,,Unclassified failure,pending,,,pending,,,,,pending,,,pending,,,pending,,,
04724075_OLIVE 1-28_1321088,s3://osu-well-records-225989338968/pdfs/ExportedFolderContents_10/1991/02 - February/04724075_OLIVE 1-28_1321088.pdf,10,1991,02 - February,mid,1990s,unknown,unknown,,Unclassified failure,pending,,,pending,,,,,pending,,,pending,,,pending,,,
04901561_SW ANTIOCH GIBSON SAND UNIT 138_844617,s3://osu-well-records-225989338968/pdfs/ExportedFolderContents_10/1991/02 - February/04901561_SW ANTIOCH GIBSON SAND UNIT 138_844617.pdf,10,1991,02 - February,mid,1990s,unknown,unknown,,Unclassified failure,pending,,,pending,,,,,pending,,,pending,,,pending,,,
04920957A_MCKINLEY SWD 1_649511,s3://osu-well-records-225989338968/pdfs/ExportedFolderContents_10/1991/02 - February/04920957A_MCKINLEY SWD 1_649511.pdf,10,1991,02 - February,mid,1990s,unknown,unknown,,Unclassified failure,pending,,,pending,,,,,pending,,,pending,,,pending,,,
04923151_MARTIN RANCH 12_842175,s3://osu-well-records-225989338968/pdfs/ExportedFolderContents_10/1991/02 - February/04923151_MARTIN RANCH 12_842175.pdf,10,1991,02 - February,mid,1990s,unknown,unknown,,Unclassified failure,pending,,,pending,,,,,pending,,,pending,,,pending,,,
04923151_MARTIN RANCH 12_842179,s3://osu-well-records-225989338968/pdfs/ExportedFolderContents_10/1991/02 - February/04923151_MARTIN RANCH 12_842179.pdf,10,1991,02 - February,mid,1990s,unknown,unknown,,Unclassified failure,pending,,,pending,,,,,pending,,,pending,,,pending,,,
04923486_HILDERBRANDT A-1_842166,s3://osu-well-records-225989338968/pdfs/ExportedFolderContents_10/1991/02 - February/04923486_HILDERBRANDT A-1_842166.pdf,10,1991,02 - February,mid,1990s,unknown,unknown,,Unclassified failure,pending,,,pending,,,,,pending,,,pending,,,pending,,,
04923540_WHITE 1-35_686408,s3://osu-well-records-225989338968/pdfs/ExportedFolderContents_10/1991/02 - February/04923540_WHITE 1-35_686408.pdf,10,1991,02 - February,mid,1990s,unknown,unknown,,Unclassified failure,pending,,,pending,,,,,pending,,,pending,,,pending,,,
04923541A_KIMBRELL 2_317940,s3://osu-well-records-225989338968/pdfs/ExportedFolderContents_10/1991/02 - February/04923541A_KIMBRELL 2_317940.pdf,10,1991,02 - February,mid,1990s,unknown,unknown,,Unclassified failure,pending,,,pending,,,,,pending,,,pending,,,pending,,,
04923541_KIMBRELL 2_842161,s3://osu-well-records-225989338968/pdfs/ExportedFolderContents_10/1991/02 - February/04923541_KIMBRELL 2_842161.pdf,10,1991,02 - February,mid,1990s,unknown,unknown,,Unclassified failure,pending,,,pending,,,,,pending,,,pending,,,pending,,,
04923546_KATIE 1-13_842145,s3://osu-well-records-225989338968/pdfs/ExportedFolderContents_10/1991/02 - February/04923546_KATIE 1-13_842145.pdf,10,1991,02 - February,mid,1990s,unknown,unknown,,Unclassified failure,pending,,,pending,,,,,pending,,,pending,,,pending,,,
04923558_FERGUSON 1-26_842134,s3://osu-well-records-225989338968/pdfs/ExportedFolderContents_10/1991/02 - February/04923558_FERGUSON 1-26_842134.pdf,10,1991,02 - February,mid,1990s,unknown,unknown,,Unclassified failure,pending,,,pending,,,,,pending,,,pending,,,pending,,,
04923562_HARRIS B-6_842225,s3://osu-well-records-225989338968/pdfs/ExportedFolderContents_10/1991/02 - February/04923562_HARRIS B-6_842225.pdf,10,1991,02 - February,mid,1990s,unknown,unknown,,Unclassified failure,pending,,,pending,,,,,pending,,,pending,,,pending,,,
04923563_NEUSTADT 1-A_842202,s3://osu-well-records-225989338968/pdfs/ExportedFolderContents_10/1991/02 - February/04923563_NEUSTADT 1-A_842202.pdf,10,1991,02 - February,mid,1990s,unknown,unknown,,Unclassified failure,pending,,,pending,,,,,pending,,,pending,,,pending,,,
04923567_EVANS 1-33_842114,s3://osu-well-records-225989338968/pdfs/ExportedFolderContents_10/1991/02 - February/04923567_EVANS 1-33_842114.pdf,10,1991,02 - February,mid,1990s,unknown,unknown,,Unclassified failure,pending,,,pending,,,,,pending,,,pending,,,pending,,,
04923584_ROCKY 1-15_686558,s3://osu-well-records-225989338968/pdfs/ExportedFolderContents_10/1991/02 - February/04923584_ROCKY 1-15_686558.pdf,10,1991,02 - February,mid,1990s,unknown,unknown,,Unclassified failure,pending,,,pending,,,,,pending,,,pending,,,pending,,,
04923585_PAKES 1-1_686477,s3://osu-well-records-225989338968/pdfs/ExportedFolderContents_10/1991/02 - February/04923585_PAKES 1-1_686477.pdf,10,1991,02 - February,mid,1990s,unknown,unknown,,Unclassified failure,pending,,,pending,,,,,pending,,,pending,,,pending,,,
04923587_HARRIS C-1_842227,s3://osu-well-records-225989338968/pdfs/ExportedFolderContents_10/1991/02 - February/04923587_HARRIS C-1_842227.pdf,10,1991,02 - February,mid,1990s,unknown,unknown,,Unclassified failure,pending,,,pending,,,,,pending,,,pending,,,pending,,,
04938747B_J C HAWTHORNE 1_842140,s3://osu-well-records-225989338968/pdfs/ExportedFolderContents_10/1991/02 - February/04938747B_J C HAWTHORNE 1_842140.pdf,10,1991,02 - February,mid,1990s,unknown,unknown,,Unclassified failure,pending,,,pending,,,,,pending,,,pending,,,pending,,,
04939107_S J MAYS 1_842208,s3://osu-well-records-225989338968/pdfs/ExportedFolderContents_10/1991/02 - February/04939107_S J MAYS 1_842208.pdf,10,1991,02 - February,mid,1990s,unknown,unknown,,Unclassified failure,pending,,,pending,,,,,pending,,,pending,,,pending,,,
04940117_SW ANTIOCH GIBSON SAND UNIT 128 (REX CURRY 2)_788814,s3://osu-well-records-225989338968/pdfs/ExportedFolderContents_10/1991/02 - February/04940117_SW ANTIOCH GIBSON SAND UNIT 128 (REX CURRY 2)_788814.pdf,10,1991,02 - February,mid,1990s,unknown,unknown,,Unclassified failure,pending,,,pending,,,,,pending,,,pending,,,pending,,,
04940171_DUNCAN-NEILL UNIT 1_842149,s3://osu-well-records-225989338968/pdfs/ExportedFolderContents_10/1991/02 - February/04940171_DUNCAN-NEILL UNIT 1_842149.pdf,10,1991,02 - February,mid,1990s,unknown,unknown,,Unclassified failure,pending,,,pending,,,,,pending,,,pending,,,pending,,,
05121405_GARRETT 1-5_842218,s3://osu-well-records-225989338968/pdfs/ExportedFolderContents_10/1991/02 - February/05121405_GARRETT 1-5_842218.pdf,10,1991,02 - February,mid,1990s,unknown,unknown,,Unclassified failure,pending,,,pending,,,,,pending,,,pending,,,pending,,,
05122033_TOLL 2-2_842089,s3://osu-well-records-225989338968/pdfs/ExportedFolderContents_10/1991/02 - February/05122033_TOLL 2-2_842089.pdf,10,1991,02 - February,mid,1990s,unknown,unknown,,Unclassified failure,pending,,,pending,,,,,pending,,,pending,,,pending,,,
05122136_UMBACH 1-21_842217,s3://osu-well-records-225989338968/pdfs/ExportedFolderContents_10/1991/02 - February/05122136_UMBACH 1-21_842217.pdf,10,1991,02 - February,mid,1990s,unknown,unknown,,Unclassified failure,pending,,,pending,,,,,pending,,,pending,,,pending,,,
05122192_PATRICIA 1_842155,s3://osu-well-records-225989338968/pdfs/ExportedFolderContents_10/1991/02 - February/05122192_PATRICIA 1_842155.pdf,10,1991,02 - February,mid,1990s,unknown,unknown,,Unclassified failure,pending,,,pending,,,,,pending,,,pending,,,pending,,,
05122195_VIRGIL HENSON 2-23_842197,s3://osu-well-records-225989338968/pdfs/ExportedFolderContents_10/1991/02 - February/05122195_VIRGIL HENSON 2-23_842197.pdf,10,1991,02 - February,mid,1990s,unknown,unknown,,Unclassified failure,pending,,,pending,,,,,pending,,,pending,,,pending,,,
05122198_RICHEY 18-A_842116,s3://osu-well-records-225989338968/pdfs/ExportedFolderContents_10/1991/02 - February/05122198_RICHEY 18-A_842116.pdf,10,1991,02 - February,mid,1990s,unknown,unknown,,Unclassified failure,pending,,,pending,,,,,pending,,,pending,,,pending,,,
05122202_COFER 2-33_842125,s3://osu-well-records-225989338968/pdfs/ExportedFolderContents_10/1991/02 - February/05122202_COFER 2-33_842125.pdf,10,1991,02 - February,mid,1990s,unknown,unknown,,Unclassified failure,pending,,,pending,,,,,pending,,,pending,,,pending,,,
05122206_THOMAS 1-16_842064,s3://osu-well-records-225989338968/pdfs/ExportedFolderContents_10/1991/02 - February/05122206_THOMAS 1-16_842064.pdf,10,1991,02 - February,mid,1990s,unknown,unknown,,Unclassified failure,pending,,,pending,,,,,pending,,,pending,,,pending,,,
05122208_TOLL 2-2A_842143,s3://osu-well-records-225989338968/pdfs/ExportedFolderContents_10/1991/02 - February/05122208_TOLL 2-2A_842143.pdf,10,1991,02 - February,mid,1990s,unknown,unknown,,Unclassified failure,pending,,,pending,,,,,pending,,,pending,,,pending,,,
05122211_DARVIN SMITH 1-28_842211,s3://osu-well-records-225989338968/pdfs/ExportedFolderContents_10/1991/02 - February/05122211_DARVIN SMITH 1-28_842211.pdf,10,1991,02 - February,mid,1990s,unknown,unknown,,Unclassified failure,pending,,,pending,,,,,pending,,,pending,,,pending,,,
05122212_MEMA 1_842232,s3://osu-well-records-225989338968/pdfs/ExportedFolderContents_10/1991/02 - February/05122212_MEMA 1_842232.pdf,10,1991,02 - February,mid,1990s,unknown,unknown,,Unclassified failure,pending,,,pending,,,,,pending,,,pending,,,pending,,,
05122217_WEST 1-33_842246,s3://osu-well-records-225989338968/pdfs/ExportedFolderContents_10/1991/02 - February/05122217_WEST 1-33_842246.pdf,10,1991,02 - February,mid,1990s,unknown,unknown,,Unclassified failure,pending,,,pending,,,,,pending,,,pending,,,pending,,,
05135515_J L CHARLES 1_841468,s3://osu-well-records-225989338968/pdfs/ExportedFolderContents_10/1991/02 - February/05135515_J L CHARLES 1_841468.pdf,10,1991,02 - February,mid,1990s,unknown,unknown,,Unclassified failure,pending,,,pending,,,,,pending,,,pending,,,pending,,,
05322197_LIGHT 1_1588118,s3://osu-well-records-225989338968/pdfs/ExportedFolderContents_10/1991/02 - February/05322197_LIGHT 1_1588118.pdf,10,1991,02 - February,mid,1990s,unknown,unknown,,Unclassified failure,pending,,,pending,,,,,pending,,,pending,,,pending,,,
05520652_HOOD 1-3_903650,s3://osu-well-records-225989338968/pdfs/ExportedFolderContents_10/1991/02 - February/05520652_HOOD 1-3_903650.pdf,10,1991,02 - February,mid,1990s,unknown,unknown,,Unclassified failure,pending,,,pending,,,,,pending,,,pending,,,pending,,,
05920459_R F MCCLUNG 2_1703155,s3://osu-well-records-225989338968/pdfs/ExportedFolderContents_10/1991/02 - February/05920459_R F MCCLUNG 2_1703155.pdf,10,1991,02 - February,mid,1990s,unknown,unknown,,Unclassified failure,pending,,,pending,,,,,pending,,,pending,,,pending,,,
05920618_PETTY 10-110_1703150,s3://osu-well-records-225989338968/pdfs/ExportedFolderContents_10/1991/02 - February/05920618_PETTY 10-110_1703150.pdf,10,1991,02 - February,mid,1990s,unknown,unknown,,Unclassified failure,pending,,,pending,,,,,pending,,,pending,,,pending,,,
05920983_F STINSON A-3_1703173,s3://osu-well-records-225989338968/pdfs/ExportedFolderContents_10/1991/02 - February/05920983_F STINSON A-3_1703173.pdf,10,1991,02 - February,mid,1990s,unknown,unknown,,Unclassified failure,pending,,,pending,,,,,pending,,,pending,,,pending,,,
05921712_O'HAIR 21-2_1703151,s3://osu-well-records-225989338968/pdfs/ExportedFolderContents_10/1991/02 - February/05921712_O'HAIR 21-2_1703151.pdf,10,1991,02 - February,mid,1990s,unknown,unknown,,Unclassified failure,pending,,,pending,,,,,pending,,,pending,,,pending,,,
05921722_BOWYER 1-19_1703130,s3://osu-well-records-225989338968/pdfs/ExportedFolderContents_10/1991/02 - February/05921722_BOWYER 1-19_1703130.pdf,10,1991,02 - February,mid,1990s,unknown,unknown,,Unclassified failure,pending,,,pending,,,,,pending,,,pending,,,pending,,,
05921723_TROY 1-27_1703148,s3://osu-well-records-225989338968/pdfs/ExportedFolderContents_10/1991/02 - February/05921723_TROY 1-27_1703148.pdf,10,1991,02 - February,mid,1990s,unknown,unknown,,Unclassified failure,pending,,,pending,,,,,pending,,,pending,,,pending,,,
13724980_EDWARDS 3-4_986829,s3://osu-well-records-225989338968/pdfs/ExportedFolderContents_10/1991/05 - May/13724980_EDWARDS 3-4_986829.pdf,10,1991,05 - May,mid,1990s,unknown,unknown,,Unclassified failure,done,not_detected,100,done,,,,,done,,Stephens County,skipped,,,skipped,,,
13724993_SUTTON 3_986808,s3://osu-well-records-225989338968/pdfs/ExportedFolderContents_10/1991/05 - May/13724993_SUTTON 3_986808.pdf,10,1991,05 - May,mid,1990s,unknown,unknown,,Unclassified failure,done,,89,done,,,,,done,no_match,Grady County,done,,99,skipped,,,
14120326A_NOKIE PROSPECT 3B-8_547945,s3://osu-well-records-225989338968/pdfs/ExportedFolderContents_10/1991/05 - May/14120326A_NOKIE PROSPECT 3B-8_547945.pdf,10,1991,05 - May,mid,1990s,unknown,unknown,,Unclassified failure,done,not_detected,99,done,,,,,done,,Tillman County,skipped,,,skipped,,,
14120326A_NOKIE PROSPECT 3B-8_986809,s3://osu-well-records-225989338968/pdfs/ExportedFolderContents_10/1991/05 - May/14120326A_NOKIE PROSPECT 3B-8_986809.pdf,10,1991,05 - May,mid,1990s,unknown,unknown,,Unclassified failure,done,not_detected,99,done,,,,,done,,Tillman County,skipped,,,skipped,,,
14120330_WHITWORTH 3_1029769,s3://osu-well-records-225989338968/pdfs/ExportedFolderContents_10/1991/05 - May/14120330_WHITWORTH 3_1029769.pdf,10,1991,05 - May,mid,1990s,unknown,unknown,,Unclassified failure,done,not_detected,100,done,,,,,done,,Tillman County,skipped,,,skipped,,,
14120332_GOEHLER 30_547977,s3://osu-well-records-225989338968/pdfs/ExportedFolderContents_10/1991/05 - May/14120332_GOEHLER 30_547977.pdf,10,1991,05 - May,mid,1990s,unknown,unknown,,Unclassified failure,done,not_detected,99,done,not_found,,5S,1,done,,Tillman County,skipped,,,skipped,,,
14120332_GOEHLER 30_986878,s3://osu-well-records-225989338968/pdfs/ExportedFolderContents_10/1991/05 - May/14120332_GOEHLER 30_986878.pdf,10,1991,05 - May,mid,1990s,unknown,unknown,,Unclassified failure,done,not_detected,99,done,not_found,,5S,1,done,,Tillman County,skipped,,,skipped,,,
14726327_BARNETT 22_1516736,s3://osu-well-records-225989338968/pdfs/ExportedFolderContents_10/1991/05 - May/14726327_BARNETT 22_1516736.pdf,10,1991,05 - May,mid,1990s,unknown,unknown,,Unclassified failure,done,not_detected,97,done,,,,,done,no_match,Dewey County,skipped,,,skipped,,,
15121863_OLSON 1_1703483,s3://osu-well-records-225989338968/pdfs/ExportedFolderContents_10/1991/05 - May/15121863_OLSON 1_1703483.pdf,10,1991,05 - May,mid,1990s,unknown,unknown,,Unclassified failure,done,not_detected,98,done,,,1S,,done,,Woods County,skipped,,,skipped,,,
15121864_WIEBENER 1-31_1588590,s3://osu-well-records-225989338968/pdfs/ExportedFolderContents_10/1991/05 - May/15121864_WIEBENER 1-31_1588590.pdf,10,1991,05 - May,mid,1990s,unknown,unknown,,Unclassified failure,done,not_detected,98,done,,,,,done,,Woods County,skipped,,,skipped,,,
15130027_STEWART 1_1588521,s3://osu-well-records-225989338968/pdfs/ExportedFolderContents_10/1991/05 - May/15130027_STEWART 1_1588521.pdf,10,1991,05 - May,mid,1990s,unknown,unknown,,Unclassified failure,done,not_detected,99,done,,,,,done,,Woods County,skipped,,,skipped,,,
01924026_LOWRANCE 1-27_986925,s3://osu-well-records-225989338968/pdfs/ExportedFolderContents_10/1991/06 - June/01924026_LOWRANCE 1-27_986925.pdf,10,1991,06 - June,mid,1990s,unknown,unknown,,Unclassified failure,pending,,,pending,,,,,pending,,,pending,,,pending,,,
01924041_WILDCAT JIM PENN UNIT 62-A_987005,s3://osu-well-records-225989338968/pdfs/ExportedFolderContents_10/1991/06 - June/01924041_WILDCAT JIM PENN UNIT 62-A_987005.pdf,10,1991,06 - June,mid,1990s,unknown,unknown,,Unclassified failure,pending,,,pending,,,,,pending,,,pending,,,pending,,,
01924046_S TATUMS SAND UNIT 11-3A_987008,s3://osu-well-records-225989338968/pdfs/ExportedFolderContents_10/1991/06 - June/01924046_S TATUMS SAND UNIT 11-3A_987008.pdf,10,1991,06 - June,mid,1990s,unknown,unknown,,Unclassified failure,pending,,,pending,,,,,pending,,,pending,,,pending,,,
01924048_WILDCAT JIM PENN UNIT 117-A_986947,s3://osu-well-records-225989338968/pdfs/ExportedFolderContents_10/1991/06 - June/01924048_WILDCAT JIM PENN UNIT 117-A_986947.pdf,10,1991,06 - June,mid,1990s,unknown,unknown,,Unclassified failure,pending,,,pending,,,,,pending,,,pending,,,pending,,,
01924050_WILDCAT JIM PENN UNIT 136_986952,s3://osu-well-records-225989338968/pdfs/ExportedFolderContents_10/1991/06 - June/01924050_WILDCAT JIM PENN UNIT 136_986952.pdf,10,1991,06 - June,mid,1990s,unknown,unknown,,Unclassified failure,pending,,,pending,,,,,pending,,,pending,,,pending,,,
01924051_JOHNSTON 2-32_986966,s3://osu-well-records-225989338968/pdfs/ExportedFolderContents_10/1991/06 - June/01924051_JOHNSTON 2-32_986966.pdf,10,1991,06 - June,mid,1990s,unknown,unknown,,Unclassified failure,pending,,,pending,,,,,pending,,,pending,,,pending,,,
019240520001_WILDCAT JIM PENN UNIT 63-A_500246034,s3://osu-well-records-225989338968/pdfs/ExportedFolderContents_10/1991/06 - June/019240520001_WILDCAT JIM PENN UNIT 63-A_500246034.pdf,10,1991,06 - June,mid,1990s,unknown,unknown,,Unclassified failure,pending,,,pending,,,,,pending,,,pending,,,pending,,,
01924052_WILDCAT JIM PENN UNIT 63-A_986988,s3://osu-well-records-225989338968/pdfs/ExportedFolderContents_10/1991/06 - June/01924052_WILDCAT JIM PENN UNIT 63-A_986988.pdf,10,1991,06 - June,mid,1990s,unknown,unknown,,Unclassified failure,pending,,,pending,,,,,pending,,,pending,,,pending,,,
01924054_WILDCAT JIM PENN UNIT 110-A_986933,s3://osu-well-records-225989338968/pdfs/ExportedFolderContents_10/1991/06 - June/01924054_WILDCAT JIM PENN UNIT 110-A_986933.pdf,10,1991,06 - June,mid,1990s,unknown,unknown,,Unclassified failure,pending,,,pending,,,,,pending,,,pending,,,pending,,,
01924061_WILLIAMS 1_987001,s3://osu-well-records-225989338968/pdfs/ExportedFolderContents_10/1991/06 - June/01924061_WILLIAMS 1_987001.pdf,10,1991,06 - June,mid,1990s,unknown,unknown,,Unclassified failure,pending,,,pending,,,,,pending,,,pending,,,pending,,,
02520838_FERGUSON 2-26_756808,s3://osu-well-records-225989338968/pdfs/ExportedFolderContents_10/1991/06 - June/02520838_FERGUSON 2-26_756808.pdf,10,1991,06 - June,mid,1990s,unknown,unknown,,Unclassified failure,pending,,,pending,,,,,pending,,,pending,,,pending,,,
02721274_PAUL FOSTER 1-4_842996,s3://osu-well-records-225989338968/pdfs/ExportedFolderContents_10/1991/06 - June/02721274_PAUL FOSTER 1-4_842996.pdf,10,1991,06 - June,mid,1990s,unknown,unknown,,Unclassified failure,pending,,,pending,,,,,pending,,,pending,,,pending,,,
02721281_B & V ESTATES 1-9_1516840,s3://osu-well-records-225989338968/pdfs/ExportedFolderContents_10/1991/06 - June/02721281_B & V ESTATES 1-9_1516840.pdf,10,1991,06 - June,mid,1990s,unknown,unknown,,Unclassified failure,pending,,,pending,,,,,pending,,,pending,,,pending,,,
02721281_B & V ESTATES 1-9_687226,s3://osu-well-records-225989338968/pdfs/ExportedFolderContents_10/1991/06 - June/02721281_B & V ESTATES 1-9_687226.pdf,10,1991,06 - June,mid,1990s,unknown,unknown,,Unclassified failure,pending,,,pending,,,,,pending,,,pending,,,pending,,,
02721281_B-V ESTATE 1_1516838,s3://osu-well-records-225989338968/pdfs/ExportedFolderContents_10/1991/06 - June/02721281_B-V ESTATE 1_1516838.pdf,10,1991,06 - June,mid,1990s,unknown,unknown,,Unclassified failure,pending,,,pending,,,,,pending,,,pending,,,pending,,,
02721281_B-V ESTATE 1_687225,s3://osu-well-records-225989338968/pdfs/ExportedFolderContents_10/1991/06 - June/02721281_B-V ESTATE 1_687225.pdf,10,1991,06 - June,mid,1990s,unknown,unknown,,Unclassified failure,pending,,,pending,,,,,pending,,,pending,,,pending,,,
02721291_HAYES 1-9_1516880,s3://osu-well-records-225989338968/pdfs/ExportedFolderContents_10/1991/06 - June/02721291_HAYES 1-9_1516880.pdf,10,1991,06 - June,mid,1990s,unknown,unknown,,Unclassified failure,pending,,,pending,,,,,pending,,,pending,,,pending,,,
02721292_BETHEL 1-17_842975,s3://osu-well-records-225989338968/pdfs/ExportedFolderContents_10/1991/06 - June/02721292_BETHEL 1-17_842975.pdf,10,1991,06 - June,mid,1990s,unknown,unknown,,Unclassified failure,pending,,,pending,,,,,pending,,,pending,,,pending,,,
03121404_CIRCLE H-1_843031,s3://osu-well-records-225989338968/pdfs/ExportedFolderContents_10/1991/06 - June/03121404_CIRCLE H-1_843031.pdf,10,1991,06 - June,mid,1990s,unknown,unknown,,Unclassified failure,pending,,,pending,,,,,pending,,,pending,,,pending,,,
03575010_VINITA SINCLAIR F_1395405,s3://osu-well-records-225989338968/pdfs/ExportedFolderContents_10/1991/06 - June/03575010_VINITA SINCLAIR F_1395405.pdf,10,1991,06 - June,mid,1990s,unknown,unknown,,Unclassified failure,pending,,,pending,,,,,pending,,,pending,,,pending,,,
03575011_VINITA SINCLAIR D_1395345,s3://osu-well-records-225989338968/pdfs/ExportedFolderContents_10/1991/06 - June/03575011_VINITA SINCLAIR D_1395345.pdf,10,1991,06 - June,mid,1990s,unknown,unknown,,Unclassified failure,pending,,,pending,,,,,pending,,,pending,,,pending,,,
03575012_VINITA SINCLAIR E_1395663,s3://osu-well-records-225989338968/pdfs/ExportedFolderContents_10/1991/06 - June/03575012_VINITA SINCLAIR E_1395663.pdf,10,1991,06 - June,mid,1990s,unknown,unknown,,Unclassified failure,pending,,,pending,,,,,pending,,,pending,,,pending,,,
03575013_VINITA SINCLAIR C_1395313,s3://osu-well-records-225989338968/pdfs/ExportedFolderContents_10/1991/06 - June/03575013_VINITA SINCLAIR C_1395313.pdf,10,1991,06 - June,mid,1990s,unknown,unknown,,Unclassified failure,pending,,,pending,,,,,pending,,,pending,,,pending,,,
03575014_VINITA SINCLAIR A_1395406,s3://osu-well-records-225989338968/pdfs/ExportedFolderContents_10/1991/06 - June/03575014_VINITA SINCLAIR A_1395406.pdf,10,1991,06 - June,mid,1990s,unknown,unknown,,Unclassified failure,pending,,,pending,,,,,pending,,,pending,,,pending,,,
03728251_NEWELL 2_1218281,s3://osu-well-records-225989338968/pdfs/ExportedFolderContents_10/1991/06 - June/03728251_NEWELL 2_1218281.pdf,10,1991,06 - June,mid,1990s,unknown,unknown,,Unclassified failure,pending,,,pending,,,,,pending,,,pending,,,pending,,,
03728274_DAVIS 1_1218241,s3://osu-well-records-225989338968/pdfs/ExportedFolderContents_10/1991/06 - June/03728274_DAVIS 1_1218241.pdf,10,1991,06 - June,mid,1990s,unknown,unknown,,Unclassified failure,pending,,,pending,,,,,pending,,,pending,,,pending,,,
03728288_JENNINGS 35_1218290,s3://osu-well-records-225989338968/pdfs/ExportedFolderContents_10/1991/06 - June/03728288_JENNINGS 35_1218290.pdf,10,1991,06 - June,mid,1990s,unknown,unknown,,Unclassified failure,pending,,,pending,,,,,pending,,,pending,,,pending,,,
03921393_MARJORIE 1-23_493741,s3://osu-well-records-225989338968/pdfs/ExportedFolderContents_10/1991/06 - June/03921393_MARJORIE 1-23_493741.pdf,10,1991,06 - June,mid,1990s,unknown,unknown,,Unclassified failure,pending,,,pending,,,,,pending,,,pending,,,pending,,,
03921394_NEWCOMB 1-10_493329,s3://osu-well-records-225989338968/pdfs/ExportedFolderContents_10/1991/06 - June/03921394_NEWCOMB 1-10_493329.pdf,10,1991,06 - June,mid,1990s,unknown,unknown,,Unclassified failure,pending,,,pending,,,,,pending,,,pending,,,pending,,,
03921397_KAUK 3-3_484267,s3://osu-well-records-225989338968/pdfs/ExportedFolderContents_10/1991/06 - June/03921397_KAUK 3-3_484267.pdf,10,1991,06 - June,mid,1990s,unknown,unknown,,Unclassified failure,pending,,,pending,,,,,pending,,,pending,,,pending,,,
03921403_YOUNG 1-31_502032,s3://osu-well-records-225989338968/pdfs/ExportedFolderContents_10/1991/06 - June/03921403_YOUNG 1-31_502032.pdf,10,1991,06 - June,mid,1990s,unknown,unknown,,Unclassified failure,pending,,,pending,,,,,pending,,,pending,,,pending,,,
03921404_CURTIS LOCKHART 9-3_476846,s3://osu-well-records-225989338968/pdfs/ExportedFolderContents_10/1991/06 - June/03921404_CURTIS LOCKHART 9-3_476846.pdf,10,1991,06 - June,mid,1990s,unknown,unknown,,Unclassified failure,pending,,,pending,,,,,pending,,,pending,,,pending,,,
03921404_CURTIS LOCKHART 9-3_497180,s3://osu-well-records-225989338968/pdfs/ExportedFolderContents_10/1991/06 - June/03921404_CURTIS LOCKHART 9-3_497180.pdf,10,1991,06 - June,mid,1990s,unknown,unknown,,Unclassified failure,pending,,,pending,,,,,pending,,,pending,,,pending,,,
03921405_MEACHAM 3-19_510738,s3://osu-well-records-225989338968/pdfs/ExportedFolderContents_10/1991/06 - June/03921405_MEACHAM 3-19_510738.pdf,10,1991,06 - June,mid,1990s,unknown,unknown,,Unclassified failure,pending,,,pending,,,,,pending,,,pending,,,pending,,,
04322315_BESSIE 1-29_500870,s3://osu-well-records-225989338968/pdfs/ExportedFolderContents_10/1991/06 - June/04322315_BESSIE 1-29_500870.pdf,10,1991,06 - June,mid,1990s,unknown,unknown,,Unclassified failure,pending,,,pending,,,,,pending,,,pending,,,pending,,,
04322426_IRENE BURGESS 3-20_484418,s3://osu-well-records-225989338968/pdfs/ExportedFolderContents_10/1991/06 - June/04322426_IRENE BURGESS 3-20_484418.pdf,10,1991,06 - June,mid,1990s,unknown,unknown,,Unclassified failure,pending,,,pending,,,,,pending,,,pending,,,pending,,,
04322427_LONNIE 1-17_469906,s3://osu-well-records-225989338968/pdfs/ExportedFolderContents_10/1991/06 - June/04322427_LONNIE 1-17_469906.pdf,10,1991,06 - June,mid,1990s,unknown,unknown,,Unclassified failure,pending,,,pending,,,,,pending,,,pending,,,pending,,,
04322434_KOUNS 3-18_471910,s3://osu-well-records-225989338968/pdfs/ExportedFolderContents_10/1991/06 - June/04322434_KOUNS 3-18_471910.pdf,10,1991,06 - June,mid,1990s,unknown,unknown,,Unclassified failure,pending,,,pending,,,,,pending,,,pending,,,pending,,,
04322434_KOUNS FARM 3-18_472013,s3://osu-well-records-225989338968/pdfs/ExportedFolderContents_10/1991/06 - June/04322434_KOUNS FARM 3-18_472013.pdf,10,1991,06 - June,mid,1990s,unknown,unknown,,Unclassified failure,pending,,,pending,,,,,pending,,,pending,,,pending,,,
04521689_FILES 1-9_510345,s3://osu-well-records-225989338968/pdfs/ExportedFolderContents_10/1991/06 - June/04521689_FILES 1-9_510345.pdf,10,1991,06 - June,mid,1990s,unknown,unknown,,Unclassified failure,pending,,,pending,,,,,pending,,,pending,,,pending,,,
04521693_BRANDENBURG UNIT 2_1703550,s3://osu-well-records-225989338968/pdfs/ExportedFolderContents_10/1991/06 - June/04521693_BRANDENBURG UNIT 2_1703550.pdf,10,1991,06 - June,mid,1990s,unknown,unknown,,Unclassified failure,pending,,,pending,,,,,pending,,,pending,,,pending,,,
04721283A_WEHLING 22-1_1588778,s3://osu-well-records-225989338968/pdfs/ExportedFolderContents_10/1991/06 - June/04721283A_WEHLING 22-1_1588778.pdf,10,1991,06 - June,mid,1990s,unknown,unknown,,Unclassified failure,pending,,,pending,,,,,pending,,,pending,,,pending,,,
04722024_MAYBERRY-BEASLEY 2_1588747,s3://osu-well-records-225989338968/pdfs/ExportedFolderContents_10/1991/06 - June/04722024_MAYBERRY-BEASLEY 2_1588747.pdf,10,1991,06 - June,mid,1990s,unknown,unknown,,Unclassified failure,pending,,,pending,,,,,pending,,,pending,,,pending,,,
04724080_HOLTZEN 1-9_1588759,s3://osu-well-records-225989338968/pdfs/ExportedFolderContents_10/1991/06 - June/04724080_HOLTZEN 1-9_1588759.pdf,10,1991,06 - June,mid,1990s,unknown,unknown,,Unclassified failure,pending,,,pending,,,,,pending,,,pending,,,pending,,,
04920411_CARNELL 1_842946,s3://osu-well-records-225989338968/pdfs/ExportedFolderContents_10/1991/06 - June/04920411_CARNELL 1_842946.pdf,10,1991,06 - June,mid,1990s,unknown,unknown,,Unclassified failure,pending,,,pending,,,,,pending,,,pending,,,pending,,,
04922583_SMITH B-1_843111,s3://osu-well-records-225989338968/pdfs/ExportedFolderContents_10/1991/06 - June/04922583_SMITH B-1_843111.pdf,10,1991,06 - June,mid,1990s,unknown,unknown,,Unclassified failure,pending,,,pending,,,,,pending,,,pending,,,pending,,,
04923009_VASHTI 1_843015,s3://osu-well-records-225989338968/pdfs/ExportedFolderContents_10/1991/06 - June/04923009_VASHTI 1_843015.pdf,10,1991,06 - June,mid,1990s,unknown,unknown,,Unclassified failure,pending,,,pending,,,,,pending,,,pending,,,pending,,,
04923262_MINTON 1-8_842987,s3://osu-well-records-225989338968/pdfs/ExportedFolderContents_10/1991/06 - June/04923262_MINTON 1-8_842987.pdf,10,1991,06 - June,mid,1990s,unknown,unknown,,Unclassified failure,pending,,,pending,,,,,pending,,,pending,,,pending,,,
04923465_BRAY 1-22_840685,s3://osu-well-records-225989338968/pdfs/ExportedFolderContents_10/1991/06 - June/04923465_BRAY 1-22_840685.pdf,10,1991,06 - June,mid,1990s,unknown,unknown,,Unclassified failure,pending,,,pending,,,,,pending,,,pending,,,pending,,,
04923579_BATTIEST 2-7_842962,s3://osu-well-records-225989338968/pdfs/ExportedFolderContents_10/1991/06 - June/04923579_BATTIEST 2-7_842962.pdf,10,1991,06 - June,mid,1990s,unknown,unknown,,Unclassified failure,pending,,,pending,,,,,pending,,,pending,,,pending,,,
04923582_EVANS 1-21_843122,s3://osu-well-records-225989338968/pdfs/ExportedFolderContents_10/1991/06 - June/04923582_EVANS 1-21_843122.pdf,10,1991,06 - June,mid,1990s,unknown,unknown,,Unclassified failure,pending,,,pending,,,,,pending,,,pending,,,pending,,,
04923593_HERSH 1-29_843023,s3://osu-well-records-225989338968/pdfs/ExportedFolderContents_10/1991/06 - June/04923593_HERSH 1-29_843023.pdf,10,1991,06 - June,mid,1990s,unknown,unknown,,Unclassified failure,pending,,,pending,,,,,pending,,,pending,,,pending,,,
04923596_LEPAK 1-13_1516859,s3://osu-well-records-225989338968/pdfs/ExportedFolderContents_10/1991/06 - June/04923596_LEPAK 1-13_1516859.pdf,10,1991,06 - June,mid,1990s,unknown,unknown,,Unclassified failure,pending,,,pending,,,,,pending,,,pending,,,pending,,,
04923596_LEPAK 1-13_687266,s3://osu-well-records-225989338968/pdfs/ExportedFolderContents_10/1991/06 - June/04923596_LEPAK 1-13_687266.pdf,10,1991,06 - June,mid,1990s,unknown,unknown,,Unclassified failure,pending,,,pending,,,,,pending,,,pending,,,pending,,,
04923598_MAULDIN 3_843052,s3://osu-well-records-225989338968/pdfs/ExportedFolderContents_10/1991/06 - June/04923598_MAULDIN 3_843052.pdf,10,1991,06 - June,mid,1990s,unknown,unknown,,Unclassified failure,pending,,,pending,,,,,pending,,,pending,,,pending,,,
04923599_DELBERT HICKS 1_1516887,s3://osu-well-records-225989338968/pdfs/ExportedFolderContents_10/1991/06 - June/04923599_DELBERT HICKS 1_1516887.pdf,10,1991,06 - June,mid,1990s,unknown,unknown,,Unclassified failure,pending,,,pending,,,,,pending,,,pending,,,pending,,,
04923599_DELBERT HICKS 1_687335,s3://osu-well-records-225989338968/pdfs/ExportedFolderContents_10/1991/06 - June/04923599_DELBERT HICKS 1_687335.pdf,10,1991,06 - June,mid,1990s,unknown,unknown,,Unclassified failure,pending,,,pending,,,,,pending,,,pending,,,pending,,,
04923600_M L COWAN 8_843055,s3://osu-well-records-225989338968/pdfs/ExportedFolderContents_10/1991/06 - June/04923600_M L COWAN 8_843055.pdf,10,1991,06 - June,mid,1990s,unknown,unknown,,Unclassified failure,pending,,,pending,,,,,pending,,,pending,,,pending,,,
04923602_F H HARRIS 18_843051,s3://osu-well-records-225989338968/pdfs/ExportedFolderContents_10/1991/06 - June/04923602_F H HARRIS 18_843051.pdf,10,1991,06 - June,mid,1990s,unknown,unknown,,Unclassified failure,pending,,,pending,,,,,pending,,,pending,,,pending,,,
04923602_F H HARRIS 18_843054,s3://osu-well-records-225989338968/pdfs/ExportedFolderContents_10/1991/06 - June/04923602_F H HARRIS 18_843054.pdf,10,1991,06 - June,mid,1990s,unknown,unknown,,Unclassified failure,pending,,,pending,,,,,pending,,,pending,,,pending,,,
04923608_FREEMAN A-1_843087,s3://osu-well-records-225989338968/pdfs/ExportedFolderContents_10/1991/06 - June/04923608_FREEMAN A-1_843087.pdf,10,1991,06 - June,mid,1990s,unknown,unknown,,Unclassified failure,pending,,,pending,,,,,pending,,,pending,,,pending,,,
04923609_RENNIE 1_687217,s3://osu-well-records-225989338968/pdfs/ExportedFolderContents_10/1991/06 - June/04923609_RENNIE 1_687217.pdf,10,1991,06 - June,mid,1990s,unknown,unknown,,Unclassified failure,pending,,,pending,,,,,pending,,,pending,,,pending,,,
04923610_TILLERY 1_843058,s3://osu-well-records-225989338968/pdfs/ExportedFolderContents_10/1991/06 - June/04923610_TILLERY 1_843058.pdf,10,1991,06 - June,mid,1990s,unknown,unknown,,Unclassified failure,pending,,,pending,,,,,pending,,,pending,,,pending,,,
04935663_S H COWAN 11 RE _843029,s3://osu-well-records-225989338968/pdfs/ExportedFolderContents_10/1991/06 - June/04935663_S H COWAN 11 RE _843029.pdf,10,1991,06 - June,mid,1990s,unknown,unknown,,Unclassified failure,pending,,,pending,,,,,pending,,,pending,,,pending,,,
04938508_C PRUITT 3_1516810,s3://osu-well-records-225989338968/pdfs/ExportedFolderContents_10/1991/06 - June/04938508_C PRUITT 3_1516810.pdf,10,1991,06 - June,mid,1990s,unknown,unknown,,Unclassified failure,pending,,,pending,,,,,pending,,,pending,,,pending,,,
04938508_C PRUITT 3_687212,s3://osu-well-records-225989338968/pdfs/ExportedFolderContents_10/1991/06 - June/04938508_C PRUITT 3_687212.pdf,10,1991,06 - June,mid,1990s,unknown,unknown,,Unclassified failure,pending,,,pending,,,,,pending,,,pending,,,pending,,,
04938509_C PRUITT 1_1516805,s3://osu-well-records-225989338968/pdfs/ExportedFolderContents_10/1991/06 - June/04938509_C PRUITT 1_1516805.pdf,10,1991,06 - June,mid,1990s,unknown,unknown,,Unclassified failure,pending,,,pending,,,,,pending,,,pending,,,pending,,,
04938509_C PRUITT 1_687193,s3://osu-well-records-225989338968/pdfs/ExportedFolderContents_10/1991/06 - June/04938509_C PRUITT 1_687193.pdf,10,1991,06 - June,mid,1990s,unknown,unknown,,Unclassified failure,pending,,,pending,,,,,pending,,,pending,,,pending,,,
05120842_NORVILL B-1_816536,s3://osu-well-records-225989338968/pdfs/ExportedFolderContents_10/1991/06 - June/05120842_NORVILL B-1_816536.pdf,10,1991,06 - June,mid,1990s,unknown,unknown,,Unclassified failure,pending,,,pending,,,,,pending,,,pending,,,pending,,,
05122099_BENNETT 1_843006,s3://osu-well-records-225989338968/pdfs/ExportedFolderContents_10/1991/06 - June/05122099_BENNETT 1_843006.pdf,10,1991,06 - June,mid,1990s,unknown,unknown,,Unclassified failure,pending,,,pending,,,,,pending,,,pending,,,pending,,,
05122207_HEFNER 1-6_842973,s3://osu-well-records-225989338968/pdfs/ExportedFolderContents_10/1991/06 - June/05122207_HEFNER 1-6_842973.pdf,10,1991,06 - June,mid,1990s,unknown,unknown,,Unclassified failure,pending,,,pending,,,,,pending,,,pending,,,pending,,,
05122214_MCGUIRE 1_842968,s3://osu-well-records-225989338968/pdfs/ExportedFolderContents_10/1991/06 - June/05122214_MCGUIRE 1_842968.pdf,10,1991,06 - June,mid,1990s,unknown,unknown,,Unclassified failure,pending,,,pending,,,,,pending,,,pending,,,pending,,,
05122228_TRAXLER 1_843099,s3://osu-well-records-225989338968/pdfs/ExportedFolderContents_10/1991/06 - June/05122228_TRAXLER 1_843099.pdf,10,1991,06 - June,mid,1990s,unknown,unknown,,Unclassified failure,pending,,,pending,,,,,pending,,,pending,,,pending,,,
05122228_TRAXLER 1_843110,s3://osu-well-records-225989338968/pdfs/ExportedFolderContents_10/1991/06 - June/05122228_TRAXLER 1_843110.pdf,10,1991,06 - June,mid,1990s,unknown,unknown,,Unclassified failure,pending,,,pending,,,,,pending,,,pending,,,pending,,,
05122233_GAGE UNIT 1-22_843106,s3://osu-well-records-225989338968/pdfs/ExportedFolderContents_10/1991/06 - June/05122233_GAGE UNIT 1-22_843106.pdf,10,1991,06 - June,mid,1990s,unknown,unknown,,Unclassified failure,pending,,,pending,,,,,pending,,,pending,,,pending,,,
05921694_STRICKLAND 1-13_1703540,s3://osu-well-records-225989338968/pdfs/ExportedFolderContents_10/1991/06 - June/05921694_STRICKLAND 1-13_1703540.pdf,10,1991,06 - June,mid,1990s,unknown,unknown,,Unclassified failure,pending,,,pending,,,,,pending,,,pending,,,pending,,,
05921749_ELVA LOVE 2-18_1703568,s3://osu-well-records-225989338968/pdfs/ExportedFolderContents_10/1991/06 - June/05921749_ELVA LOVE 2-18_1703568.pdf,10,1991,06 - June,mid,1990s,unknown,unknown,,Unclassified failure,pending,,,pending,,,,,pending,,,pending,,,pending,,,
05921750_RUTH LENZ 1-6_1703591,s3://osu-well-records-225989338968/pdfs/ExportedFolderContents_10/1991/06 - June/05921750_RUTH LENZ 1-6_1703591.pdf,10,1991,06 - June,mid,1990s,unknown,unknown,,Unclassified failure,pending,,,pending,,,,,pending,,,pending,,,pending,,,
05921752_LENZ 2-7_1703582,s3://osu-well-records-225989338968/pdfs/ExportedFolderContents_10/1991/06 - June/05921752_LENZ 2-7_1703582.pdf,10,1991,06 - June,mid,1990s,unknown,unknown,,Unclassified failure,pending,,,pending,,,,,pending,,,pending,,,pending,,,
05921755_HUDSON 1_1703562,s3://osu-well-records-225989338968/pdfs/ExportedFolderContents_10/1991/06 - June/05921755_HUDSON 1_1703562.pdf,10,1991,06 - June,mid,1990s,unknown,unknown,,Unclassified failure,pending,,,pending,,,,,pending,,,pending,,,pending,,,
05921756_WOOLFOLK 1_1703588,s3://osu-well-records-225989338968/pdfs/ExportedFolderContents_10/1991/06 - June/05921756_WOOLFOLK 1_1703588.pdf,10,1991,06 - June,mid,1990s,unknown,unknown,,Unclassified failure,pending,,,pending,,,,,pending,,,pending,,,pending,,,
06120893_ANDERSON 2_1023428,s3://osu-well-records-225989338968/pdfs/ExportedFolderContents_10/1991/06 - June/06120893_ANDERSON 2_1023428.pdf,10,1991,06 - June,mid,1990s,unknown,unknown,,Unclassified failure,pending,,,pending,,,,,pending,,,pending,,,pending,,,
06120893_ANDERSON 2_567327,s3://osu-well-records-225989338968/pdfs/ExportedFolderContents_10/1991/06 - June/06120893_ANDERSON 2_567327.pdf,10,1991,06 - June,mid,1990s,unknown,unknown,,Unclassified failure,pending,,,pending,,,,,pending,,,pending,,,pending,,,
06120895_DANIEL 1_567349,s3://osu-well-records-225989338968/pdfs/ExportedFolderContents_10/1991/06 - June/06120895_DANIEL 1_567349.pdf,10,1991,06 - June,mid,1990s,unknown,unknown,,Unclassified failure,pending,,,pending,,,,,pending,,,pending,,,pending,,,
06321920_VERNON SMITH 2-28_1218320,s3://osu-well-records-225989338968/pdfs/ExportedFolderContents_10/1991/06 - June/06321920_VERNON SMITH 2-28_1218320.pdf,10,1991,06 - June,mid,1990s,unknown,unknown,,Unclassified failure,pending,,,pending,,,,,pending,,,pending,,,pending,,,
06321920_VERNON SMITH 2-28_687356,s3://osu-well-records-225989338968/pdfs/ExportedFolderContents_10/1991/06 - June/06321920_VERNON SMITH 2-28_687356.pdf,10,1991,06 - June,mid,1990s,unknown,unknown,,Unclassified failure,pending,,,pending,,,,,pending,,,pending,,,pending,,,
06322836A_JILANNE 1-16_687300,s3://osu-well-records-225989338968/pdfs/ExportedFolderContents_10/1991/06 - June/06322836A_JILANNE 1-16_687300.pdf,10,1991,06 - June,mid,1990s,unknown,unknown,,Unclassified failure,pending,,,pending,,,,,pending,,,pending,,,pending,,,
06322986_NEWTON 1-25_1218353,s3://osu-well-records-225989338968/pdfs/ExportedFolderContents_10/1991/06 - June/06322986_NEWTON 1-25_1218353.pdf,10,1991,06 - June,mid,1990s,unknown,unknown,,Unclassified failure,pending,,,pending,,,,,pending,,,pending,,,pending,,,
06322986_NEWTON 1-25_687375,s3://osu-well-records-225989338968/pdfs/ExportedFolderContents_10/1991/06 - June/06322986_NEWTON 1-25_687375.pdf,10,1991,06 - June,mid,1990s,unknown,unknown,,Unclassified failure,pending,,,pending,,,,,pending,,,pending,,,pending,,,
06322994_L JOHNSON 1-A1_687294,s3://osu-well-records-225989338968/pdfs/ExportedFolderContents_10/1991/06 - June/06322994_L JOHNSON 1-A1_687294.pdf,10,1991,06 - June,mid,1990s,unknown,unknown,,Unclassified failure,pending,,,pending,,,,,pending,,,pending,,,pending,,,
06322999_ALAN J-1_1218054,s3://osu-well-records-225989338968/pdfs/ExportedFolderContents_10/1991/06 - June/06322999_ALAN J-1_1218054.pdf,10,1991,06 - June,mid,1990s,unknown,unknown,,Unclassified failure,pending,,,pending,,,,,pending,,,pending,,,pending,,,
06322999_ALAN J-1_687202,s3://osu-well-records-225989338968/pdfs/ExportedFolderContents_10/1991/06 - June/06322999_ALAN J-1_687202.pdf,10,1991,06 - June,mid,1990s,unknown,unknown,,Unclassified failure,pending,,,pending,,,,,pending,,,pending,,,pending,,,
06323002_FULLCAT 1-36_1218278,s3://osu-well-records-225989338968/pdfs/ExportedFolderContents_10/1991/06 - June/06323002_FULLCAT 1-36_1218278.pdf,10,1991,06 - June,mid,1990s,unknown,unknown,,Unclassified failure,pending,,,pending,,,,,pending,,,pending,,,pending,,,
06323002_FULLCAT 1-36_687322,s3://osu-well-records-225989338968/pdfs/ExportedFolderContents_10/1991/06 - June/06323002_FULLCAT 1-36_687322.pdf,10,1991,06 - June,mid,1990s,unknown,unknown,,Unclassified failure,pending,,,pending,,,,,pending,,,pending,,,pending,,,
06323018_LOGAN 1_1218085,s3://osu-well-records-225989338968/pdfs/ExportedFolderContents_10/1991/06 - June/06323018_LOGAN 1_1218085.pdf,10,1991,06 - June,mid,1990s,unknown,unknown,,Unclassified failure,pending,,,pending,,,,,pending,,,pending,,,pending,,,
13323957_JARVIS A 18-1_688174,s3://osu-well-records-225989338968/pdfs/ExportedFolderContents_10/1991/09 - September/13323957_JARVIS A 18-1_688174.pdf,10,1991,09 - September,mid,1990s,unknown,unknown,,Unclassified failure,done,not_detected,98,done,,,,,done,,Seminole County,skipped,,,skipped,,,
13323957_JARVIS A 18-1_688176,s3://osu-well-records-225989338968/pdfs/ExportedFolderContents_10/1991/09 - September/13323957_JARVIS A 18-1_688176.pdf,10,1991,09 - September,mid,1990s,unknown,unknown,,Unclassified failure,done,not_detected,99,done,not_found,11,21,21,done,,Seminole County,skipped,,,skipped,,,
13520227_BRANT 1_567617,s3://osu-well-records-225989338968/pdfs/ExportedFolderContents_10/1991/09 - September/13520227_BRANT 1_567617.pdf,10,1991,09 - September,mid,1990s,unknown,unknown,,Unclassified failure,done,not_detected,99,done,,,1S,,done,,Sequoyah County,skipped,,,skipped,,,
13921009_HUGHEY GAS UNIT A-2_757108,s3://osu-well-records-225989338968/pdfs/ExportedFolderContents_10/1991/09 - September/13921009_HUGHEY GAS UNIT A-2_757108.pdf,10,1991,09 - September,mid,1990s,unknown,unknown,,Unclassified failure,done,not_detected,98,done,not_found,,1,17E,done,,Texas County,skipped,,,skipped,,,
14120352_NOKIE PROSPECT 8 1-B_548189,s3://osu-well-records-225989338968/pdfs/ExportedFolderContents_10/1991/09 - September/14120352_NOKIE PROSPECT 8 1-B_548189.pdf,10,1991,09 - September,mid,1990s,unknown,unknown,,Unclassified failure,done,not_detected,99,done,not_found,11,11,,done,,Tillman County,skipped,,,skipped,,,
14120352_NOKIE PROSPECT 8 1-B_987286,s3://osu-well-records-225989338968/pdfs/ExportedFolderContents_10/1991/09 - September/14120352_NOKIE PROSPECT 8 1-B_987286.pdf,10,1991,09 - September,mid,1990s,unknown,unknown,,Unclassified failure,done,not_detected,99,done,not_found,11,11,,done,,Tillman County,skipped,,,skipped,,,
14726346_SCUDDER F-23_1517390,s3://osu-well-records-225989338968/pdfs/ExportedFolderContents_10/1991/09 - September/14726346_SCUDDER F-23_1517390.pdf,10,1991,09 - September,mid,1990s,unknown,unknown,,Unclassified failure,done,not_detected,98,done,,,,,done,,Washington County,skipped,,,skipped,,,
14726365_WISER WI-5_1517372,s3://osu-well-records-225989338968/pdfs/ExportedFolderContents_10/1991/09 - September/14726365_WISER WI-5_1517372.pdf,10,1991,09 - September,mid,1990s,unknown,unknown,,Unclassified failure,done,not_detected,100,done,,,,,done,,Washington County,skipped,,,skipped,,,
04322389_PERCY 2-16_470782,s3://osu-well-records-225989338968/pdfs/ExportedFolderContents_10/1991/10 - October/04322389_PERCY 2-16_470782.pdf,10,1991,10 - October,mid,1990s,unknown,unknown,,Unclassified failure,pending,,,pending,,,,,pending,,,pending,,,pending,,,
04322437_WALKER FEIKES 1_1323213,s3://osu-well-records-225989338968/pdfs/ExportedFolderContents_10/1991/10 - October/04322437_WALKER FEIKES 1_1323213.pdf,10,1991,10 - October,mid,1990s,unknown,unknown,,Unclassified failure,pending,,,pending,,,,,pending,,,pending,,,pending,,,
04322439_NICHOLAS 1-6_502867,s3://osu-well-records-225989338968/pdfs/ExportedFolderContents_10/1991/10 - October/04322439_NICHOLAS 1-6_502867.pdf,10,1991,10 - October,mid,1990s,unknown,unknown,,Unclassified failure,pending,,,pending,,,,,pending,,,pending,,,pending,,,
04322442_GORE 28-3_488080,s3://osu-well-records-225989338968/pdfs/ExportedFolderContents_10/1991/10 - October/04322442_GORE 28-3_488080.pdf,10,1991,10 - October,mid,1990s,unknown,unknown,,Unclassified failure,pending,,,pending,,,,,pending,,,pending,,,pending,,,
04322444_BERRY 32-1_510704,s3://osu-well-records-225989338968/pdfs/ExportedFolderContents_10/1991/10 - October/04322444_BERRY 32-1_510704.pdf,10,1991,10 - October,mid,1990s,unknown,unknown,,Unclassified failure,pending,,,pending,,,,,pending,,,pending,,,pending,,,
04322446_CHOATE 1_486128,s3://osu-well-records-225989338968/pdfs/ExportedFolderContents_10/1991/10 - October/04322446_CHOATE 1_486128.pdf,10,1991,10 - October,mid,1990s,unknown,unknown,,Unclassified failure,pending,,,pending,,,,,pending,,,pending,,,pending,,,
04322447_RUBY HAY 1_510832,s3://osu-well-records-225989338968/pdfs/ExportedFolderContents_10/1991/10 - October/04322447_RUBY HAY 1_510832.pdf,10,1991,10 - October,mid,1990s,unknown,unknown,,Unclassified failure,pending,,,pending,,,,,pending,,,pending,,,pending,,,
04322448_OKLAHOMA STATE N-2_497036,s3://osu-well-records-225989338968/pdfs/ExportedFolderContents_10/1991/10 - October/04322448_OKLAHOMA STATE N-2_497036.pdf,10,1991,10 - October,mid,1990s,unknown,unknown,,Unclassified failure,pending,,,pending,,,,,pending,,,pending,,,pending,,,
04521699_THOMAS 2_496929,s3://osu-well-records-225989338968/pdfs/ExportedFolderContents_10/1991/10 - October/04521699_THOMAS 2_496929.pdf,10,1991,10 - October,mid,1990s,unknown,unknown,,Unclassified failure,pending,,,pending,,,,,pending,,,pending,,,pending,,,
04521703_ELLIOTT 32-1_1703908,s3://osu-well-records-225989338968/pdfs/ExportedFolderContents_10/1991/10 - October/04521703_ELLIOTT 32-1_1703908.pdf,10,1991,10 - October,mid,1990s,unknown,unknown,,Unclassified failure,pending,,,pending,,,,,pending,,,pending,,,pending,,,
04700131_GRASSMAN SOUTH 1_1323168,s3://osu-well-records-225989338968/pdfs/ExportedFolderContents_10/1991/10 - October/04700131_GRASSMAN SOUTH 1_1323168.pdf,10,1991,10 - October,mid,1990s,unknown,unknown,,Unclassified failure,pending,,,pending,,,,,pending,,,pending,,,pending,,,
04722304_COVINGTON 1_1589446,s3://osu-well-records-225989338968/pdfs/ExportedFolderContents_10/1991/10 - October/04722304_COVINGTON 1_1589446.pdf,10,1991,10 - October,mid,1990s,unknown,unknown,,Unclassified failure,pending,,,pending,,,,,pending,,,pending,,,pending,,,
04724088_MACK 1_1589523,s3://osu-well-records-225989338968/pdfs/ExportedFolderContents_10/1991/10 - October/04724088_MACK 1_1589523.pdf,10,1991,10 - October,mid,1990s,unknown,unknown,,Unclassified failure,pending,,,pending,,,,,pending,,,pending,,,pending,,,
04724095_DEERING 1_1323122,s3://osu-well-records-225989338968/pdfs/ExportedFolderContents_10/1991/10 - October/04724095_DEERING 1_1323122.pdf,10,1991,10 - October,mid,1990s,unknown,unknown,,Unclassified failure,pending,,,pending,,,,,pending,,,pending,,,pending,,,
04921111_GRIMES 1_843935,s3://osu-well-records-225989338968/pdfs/ExportedFolderContents_10/1991/10 - October/04921111_GRIMES 1_843935.pdf,10,1991,10 - October,mid,1990s,unknown,unknown,,Unclassified failure,pending,,,pending,,,,,pending,,,pending,,,pending,,,
04922239_BOWMAN 1_688413,s3://osu-well-records-225989338968/pdfs/ExportedFolderContents_10/1991/10 - October/04922239_BOWMAN 1_688413.pdf,10,1991,10 - October,mid,1990s,unknown,unknown,,Unclassified failure,pending,,,pending,,,,,pending,,,pending,,,pending,,,
049232200001_GOOD (GOOD 4) 5_500856545,s3://osu-well-records-225989338968/pdfs/ExportedFolderContents_10/1991/10 - October/049232200001_GOOD (GOOD 4) 5_500856545.pdf,10,1991,10 - October,mid,1990s,unknown,unknown,,Unclassified failure,pending,,,pending,,,,,pending,,,pending,,,pending,,,
04923277B_HAMMER-SOUTHERN 8-3_1733950,s3://osu-well-records-225989338968/pdfs/ExportedFolderContents_10/1991/10 - October/04923277B_HAMMER-SOUTHERN 8-3_1733950.pdf,10,1991,10 - October,mid,1990s,unknown,unknown,,Unclassified failure,pending,,,pending,,,,,pending,,,pending,,,pending,,,
04923278_HAMMER-SOUTHERN 9_1733951,s3://osu-well-records-225989338968/pdfs/ExportedFolderContents_10/1991/10 - October/04923278_HAMMER-SOUTHERN 9_1733951.pdf,10,1991,10 - October,mid,1990s,unknown,unknown,,Unclassified failure,pending,,,pending,,,,,pending,,,pending,,,pending,,,
04923291A_HAMMER-SOUTHERN 10-10_1733952,s3://osu-well-records-225989338968/pdfs/ExportedFolderContents_10/1991/10 - October/04923291A_HAMMER-SOUTHERN 10-10_1733952.pdf,10,1991,10 - October,mid,1990s,unknown,unknown,,Unclassified failure,pending,,,pending,,,,,pending,,,pending,,,pending,,,
04923544_BELL COCHRAN 9_843990,s3://osu-well-records-225989338968/pdfs/ExportedFolderContents_10/1991/10 - October/04923544_BELL COCHRAN 9_843990.pdf,10,1991,10 - October,mid,1990s,unknown,unknown,,Unclassified failure,pending,,,pending,,,,,pending,,,pending,,,pending,,,
04923601_S H COWAN 42_843854,s3://osu-well-records-225989338968/pdfs/ExportedFolderContents_10/1991/10 - October/04923601_S H COWAN 42_843854.pdf,10,1991,10 - October,mid,1990s,unknown,unknown,,Unclassified failure,pending,,,pending,,,,,pending,,,pending,,,pending,,,
04923607_PARR 1-22_843861,s3://osu-well-records-225989338968/pdfs/ExportedFolderContents_10/1991/10 - October/04923607_PARR 1-22_843861.pdf,10,1991,10 - October,mid,1990s,unknown,unknown,,Unclassified failure,pending,,,pending,,,,,pending,,,pending,,,pending,,,
04923622_TRAMMELL 1-17_843808,s3://osu-well-records-225989338968/pdfs/ExportedFolderContents_10/1991/10 - October/04923622_TRAMMELL 1-17_843808.pdf,10,1991,10 - October,mid,1990s,unknown,unknown,,Unclassified failure,pending,,,pending,,,,,pending,,,pending,,,pending,,,
04923631_MAYS 1_843855,s3://osu-well-records-225989338968/pdfs/ExportedFolderContents_10/1991/10 - October/04923631_MAYS 1_843855.pdf,10,1991,10 - October,mid,1990s,unknown,unknown,,Unclassified failure,pending,,,pending,,,,,pending,,,pending,,,pending,,,
04923632_BLALOCK 2_688474,s3://osu-well-records-225989338968/pdfs/ExportedFolderContents_10/1991/10 - October/04923632_BLALOCK 2_688474.pdf,10,1991,10 - October,mid,1990s,unknown,unknown,,Unclassified failure,pending,,,pending,,,,,pending,,,pending,,,pending,,,
04923634_WILSON B-1_843968,s3://osu-well-records-225989338968/pdfs/ExportedFolderContents_10/1991/10 - October/04923634_WILSON B-1_843968.pdf,10,1991,10 - October,mid,1990s,unknown,unknown,,Unclassified failure,pending,,,pending,,,,,pending,,,pending,,,pending,,,
04923636_SHEEGOG 2-1_1517502,s3://osu-well-records-225989338968/pdfs/ExportedFolderContents_10/1991/10 - October/04923636_SHEEGOG 2-1_1517502.pdf,10,1991,10 - October,mid,1990s,unknown,unknown,,Unclassified failure,pending,,,pending,,,,,pending,,,pending,,,pending,,,
04923641_THOMAS PERNELL  (THOMAS PERNELL AC_1  21) 21_843970,s3://osu-well-records-225989338968/pdfs/ExportedFolderContents_10/1991/10 - October/04923641_THOMAS PERNELL  (THOMAS PERNELL AC_1  21) 21_843970.pdf,10,1991,10 - October,mid,1990s,unknown,unknown,,Unclassified failure,pending,,,pending,,,,,pending,,,pending,,,pending,,,
04923647_FROSTY 1_843999,s3://osu-well-records-225989338968/pdfs/ExportedFolderContents_10/1991/10 - October/04923647_FROSTY 1_843999.pdf,10,1991,10 - October,mid,1990s,unknown,unknown,,Unclassified failure,pending,,,pending,,,,,pending,,,pending,,,pending,,,
05122209_SELZER A 1-25_843836,s3://osu-well-records-225989338968/pdfs/ExportedFolderContents_10/1991/10 - October/05122209_SELZER A 1-25_843836.pdf,10,1991,10 - October,mid,1990s,unknown,unknown,,Unclassified failure,pending,,,pending,,,,,pending,,,pending,,,pending,,,
05122223_MARCHANT A-1_843993,s3://osu-well-records-225989338968/pdfs/ExportedFolderContents_10/1991/10 - October/05122223_MARCHANT A-1_843993.pdf,10,1991,10 - October,mid,1990s,unknown,unknown,,Unclassified failure,pending,,,pending,,,,,pending,,,pending,,,pending,,,
05122232_COSTELLO B 1-14_843664,s3://osu-well-records-225989338968/pdfs/ExportedFolderContents_10/1991/10 - October/05122232_COSTELLO B 1-14_843664.pdf,10,1991,10 - October,mid,1990s,unknown,unknown,,Unclassified failure,pending,,,pending,,,,,pending,,,pending,,,pending,,,
05122237_GLENN 1-9_843988,s3://osu-well-records-225989338968/pdfs/ExportedFolderContents_10/1991/10 - October/05122237_GLENN 1-9_843988.pdf,10,1991,10 - October,mid,1990s,unknown,unknown,,Unclassified failure,pending,,,pending,,,,,pending,,,pending,,,pending,,,
05122247_POWELL D-1_843884,s3://osu-well-records-225989338968/pdfs/ExportedFolderContents_10/1991/10 - October/05122247_POWELL D-1_843884.pdf,10,1991,10 - October,mid,1990s,unknown,unknown,,Unclassified failure,pending,,,pending,,,,,pending,,,pending,,,pending,,,
05122247_POWELL D-1_843886,s3://osu-well-records-225989338968/pdfs/ExportedFolderContents_10/1991/10 - October/05122247_POWELL D-1_843886.pdf,10,1991,10 - October,mid,1990s,unknown,unknown,,Unclassified failure,pending,,,pending,,,,,pending,,,pending,,,pending,,,
05122249_NORDAN B 1-24_843852,s3://osu-well-records-225989338968/pdfs/ExportedFolderContents_10/1991/10 - October/05122249_NORDAN B 1-24_843852.pdf,10,1991,10 - October,mid,1990s,unknown,unknown,,Unclassified failure,pending,,,pending,,,,,pending,,,pending,,,pending,,,
05321314A_RANSOM (R E M) 1-3_3825823,s3://osu-well-records-225989338968/pdfs/ExportedFolderContents_10/1991/10 - October/05321314A_RANSOM (R E M) 1-3_3825823.pdf,10,1991,10 - October,mid,1990s,unknown,unknown,,Unclassified failure,pending,,,pending,,,,,pending,,,pending,,,pending,,,
05321314B_RANSOM (R E M) 1-3_3825822,s3://osu-well-records-225989338968/pdfs/ExportedFolderContents_10/1991/10 - October/05321314B_RANSOM (R E M) 1-3_3825822.pdf,10,1991,10 - October,mid,1990s,unknown,unknown,,Unclassified failure,pending,,,pending,,,,,pending,,,pending,,,pending,,,
05322200_ALDRIDGE 1-19_1589415,s3://osu-well-records-225989338968/pdfs/ExportedFolderContents_10/1991/10 - October/05322200_ALDRIDGE 1-19_1589415.pdf,10,1991,10 - October,mid,1990s,unknown,unknown,,Unclassified failure,pending,,,pending,,,,,pending,,,pending,,,pending,,,
05322218_BROWN 1-34_1589450,s3://osu-well-records-225989338968/pdfs/ExportedFolderContents_10/1991/10 - October/05322218_BROWN 1-34_1589450.pdf,10,1991,10 - October,mid,1990s,unknown,unknown,,Unclassified failure,pending,,,pending,,,,,pending,,,pending,,,pending,,,
05921763_STATE OF OKLAHOMA 16-4_1703952,s3://osu-well-records-225989338968/pdfs/ExportedFolderContents_10/1991/10 - October/05921763_STATE OF OKLAHOMA 16-4_1703952.pdf,10,1991,10 - October,mid,1990s,unknown,unknown,,Unclassified failure,pending,,,pending,,,,,pending,,,pending,,,pending,,,
05921770_CHABINO 9-2_1703930,s3://osu-well-records-225989338968/pdfs/ExportedFolderContents_10/1991/10 - October/05921770_CHABINO 9-2_1703930.pdf,10,1991,10 - October,mid,1990s,unknown,unknown,,Unclassified failure,pending,,,pending,,,,,pending,,,pending,,,pending,,,
06120896_BURRIS 1-19_1023643,s3://osu-well-records-225989338968/pdfs/ExportedFolderContents_10/1991/10 - October/06120896_BURRIS 1-19_1023643.pdf,10,1991,10 - October,mid,1990s,unknown,unknown,,Unclassified failure,pending,,,pending,,,,,pending,,,pending,,,pending,,,
06120896_BURRIS 1-19_567671,s3://osu-well-records-225989338968/pdfs/ExportedFolderContents_10/1991/10 - October/06120896_BURRIS 1-19_567671.pdf,10,1991,10 - October,mid,1990s,unknown,unknown,,Unclassified failure,pending,,,pending,,,,,pending,,,pending,,,pending,,,
06120899_SEWELL 1-12_1023683,s3://osu-well-records-225989338968/pdfs/ExportedFolderContents_10/1991/10 - October/06120899_SEWELL 1-12_1023683.pdf,10,1991,10 - October,mid,1990s,unknown,unknown,,Unclassified failure,pending,,,pending,,,,,pending,,,pending,,,pending,,,
06120899_SEWELL 1-12_567748,s3://osu-well-records-225989338968/pdfs/ExportedFolderContents_10/1991/10 - October/06120899_SEWELL 1-12_567748.pdf,10,1991,10 - October,mid,1990s,unknown,unknown,,Unclassified failure,pending,,,pending,,,,,pending,,,pending,,,pending,,,
06120905_PALMER 1_1023659,s3://osu-well-records-225989338968/pdfs/ExportedFolderContents_10/1991/10 - October/06120905_PALMER 1_1023659.pdf,10,1991,10 - October,mid,1990s,unknown,unknown,,Unclassified failure,pending,,,pending,,,,,pending,,,pending,,,pending,,,
06120905_PALMER 1_567707,s3://osu-well-records-225989338968/pdfs/ExportedFolderContents_10/1991/10 - October/06120905_PALMER 1_567707.pdf,10,1991,10 - October,mid,1990s,unknown,unknown,,Unclassified failure,pending,,,pending,,,,,pending,,,pending,,,pending,,,
06120906_DANIEL 2_567718,s3://osu-well-records-225989338968/pdfs/ExportedFolderContents_10/1991/10 - October/06120906_DANIEL 2_567718.pdf,10,1991,10 - October,mid,1990s,unknown,unknown,,Unclassified failure,pending,,,pending,,,,,pending,,,pending,,,pending,,,
06302990_ISAACS 5_688409,s3://osu-well-records-225989338968/pdfs/ExportedFolderContents_10/1991/10 - October/06302990_ISAACS 5_688409.pdf,10,1991,10 - October,mid,1990s,unknown,unknown,,Unclassified failure,pending,,,pending,,,,,pending,,,pending,,,pending,,,
06304354_KERNEK 2_688447,s3://osu-well-records-225989338968/pdfs/ExportedFolderContents_10/1991/10 - October/06304354_KERNEK 2_688447.pdf,10,1991,10 - October,mid,1990s,unknown,unknown,,Unclassified failure,pending,,,pending,,,,,pending,,,pending,,,pending,,,
06323017A_LEISTER REED 16_688470,s3://osu-well-records-225989338968/pdfs/ExportedFolderContents_10/1991/10 - October/06323017A_LEISTER REED 16_688470.pdf,10,1991,10 - October,mid,1990s,unknown,unknown,,Unclassified failure,pending,,,pending,,,,,pending,,,pending,,,pending,,,
06323017_LEISTER REED 16_688471,s3://osu-well-records-225989338968/pdfs/ExportedFolderContents_10/1991/10 - October/06323017_LEISTER REED 16_688471.pdf,10,1991,10 - October,mid,1990s,unknown,unknown,,Unclassified failure,pending,,,pending,,,,,pending,,,pending,,,pending,,,
06323048_BULL PASTURE 1_688489,s3://osu-well-records-225989338968/pdfs/ExportedFolderContents_10/1991/10 - October/06323048_BULL PASTURE 1_688489.pdf,10,1991,10 - October,mid,1990s,unknown,unknown,,Unclassified failure,pending,,,pending,,,,,pending,,,pending,,,pending,,,
06323051_EDGAR JULIAN 1_688453,s3://osu-well-records-225989338968/pdfs/ExportedFolderContents_10/1991/10 - October/06323051_EDGAR JULIAN 1_688453.pdf,10,1991,10 - October,mid,1990s,unknown,unknown,,Unclassified failure,pending,,,pending,,,,,pending,,,pending,,,pending,,,
06323056_LACKEY 27-2_1219603,s3://osu-well-records-225989338968/pdfs/ExportedFolderContents_10/1991/10 - October/06323056_LACKEY 27-2_1219603.pdf,10,1991,10 - October,mid,1990s,unknown,unknown,,Unclassified failure,pending,,,pending,,,,,pending,,,pending,,,pending,,,
06323056_LACKEY 27-2_688346,s3://osu-well-records-225989338968/pdfs/ExportedFolderContents_10/1991/10 - October/06323056_LACKEY 27-2_688346.pdf,10,1991,10 - October,mid,1990s,unknown,unknown,,Unclassified failure,pending,,,pending,,,,,pending,,,pending,,,pending,,,
06323057_ODIE MCKEE 3-32_1219554,s3://osu-well-records-225989338968/pdfs/ExportedFolderContents_10/1991/10 - October/06323057_ODIE MCKEE 3-32_1219554.pdf,10,1991,10 - October,mid,1990s,unknown,unknown,,Unclassified failure,pending,,,pending,,,,,pending,,,pending,,,pending,,,
06323057_ODIE MCKEE 3-32_688289,s3://osu-well-records-225989338968/pdfs/ExportedFolderContents_10/1991/10 - October/06323057_ODIE MCKEE 3-32_688289.pdf,10,1991,10 - October,mid,1990s,unknown,unknown,,Unclassified failure,pending,,,pending,,,,,pending,,,pending,,,pending,,,
06323069_SHIELDS 1_688351,s3://osu-well-records-225989338968/pdfs/ExportedFolderContents_10/1991/10 - October/06323069_SHIELDS 1_688351.pdf,10,1991,10 - October,mid,1990s,unknown,unknown,,Unclassified failure,pending,,,pending,,,,,pending,,,pending,,,pending,,,
06323078_HEATH 1_1219829,s3://osu-well-records-225989338968/pdfs/ExportedFolderContents_10/1991/10 - October/06323078_HEATH 1_1219829.pdf,10,1991,10 - October,mid,1990s,unknown,unknown,,Unclassified failure,pending,,,pending,,,,,pending,,,pending,,,pending,,,
06323078_HEATH 1_688508,s3://osu-well-records-225989338968/pdfs/ExportedFolderContents_10/1991/10 - October/06323078_HEATH 1_688508.pdf,10,1991,10 - October,mid,1990s,unknown,unknown,,Unclassified failure,pending,,,pending,,,,,pending,,,pending,,,pending,,,
06520187_COOPER RAY 1_904079,s3://osu-well-records-225989338968/pdfs/ExportedFolderContents_10/1991/10 - October/06520187_COOPER RAY 1_904079.pdf,10,1991,10 - October,mid,1990s,unknown,unknown,,Unclassified failure,pending,,,pending,,,,,pending,,,pending,,,pending,,,
06520187_COOPER RAY 1_904080,s3://osu-well-records-225989338968/pdfs/ExportedFolderContents_10/1991/10 - October/06520187_COOPER RAY 1_904080.pdf,10,1991,10 - October,mid,1990s,unknown,unknown,,Unclassified failure,pending,,,pending,,,,,pending,,,pending,,,pending,,,
06720899_DILLARD 15-1H_987491,s3://osu-well-records-225989338968/pdfs/ExportedFolderContents_10/1991/10 - October/06720899_DILLARD 15-1H_987491.pdf,10,1991,10 - October,mid,1990s,unknown,unknown,,Unclassified failure,pending,,,pending,,,,,pending,,,pending,,,pending,,,
07120603_FOX 14_1517531,s3://osu-well-records-225989338968/pdfs/ExportedFolderContents_10/1991/10 - October/07120603_FOX 14_1517531.pdf,10,1991,10 - October,mid,1990s,unknown,unknown,,Unclassified failure,pending,,,pending,,,,,pending,,,pending,,,pending,,,
07120954_HUTCHINS 3_320961,s3://osu-well-records-225989338968/pdfs/ExportedFolderContents_10/1991/10 - October/07120954_HUTCHINS 3_320961.pdf,10,1991,10 - October,mid,1990s,unknown,unknown,,Unclassified failure,pending,,,pending,,,,,pending,,,pending,,,pending,,,
07123537_DEAN 1_1517518,s3://osu-well-records-225989338968/pdfs/ExportedFolderContents_10/1991/10 - October/07123537_DEAN 1_1517518.pdf,10,1991,10 - October,mid,1990s,unknown,unknown,,Unclassified failure,pending,,,pending,,,,,pending,,,pending,,,pending,,,
07123559_U T DUNCAN 24_1589475,s3://osu-well-records-225989338968/pdfs/ExportedFolderContents_10/1991/10 - October/07123559_U T DUNCAN 24_1589475.pdf,10,1991,10 - October,mid,1990s,unknown,unknown,,Unclassified failure,pending,,,pending,,,,,pending,,,pending,,,pending,,,
07321060_BENDA 1_1323212,s3://osu-well-records-225989338968/pdfs/ExportedFolderContents_10/1991/10 - October/07321060_BENDA 1_1323212.pdf,10,1991,10 - October,mid,1990s,unknown,unknown,,Unclassified failure,pending,,,pending,,,,,pending,,,pending,,,pending,,,
07321306_R W GARRETT 1_1323236,s3://osu-well-records-225989338968/pdfs/ExportedFolderContents_10/1991/10 - October/07321306_R W GARRETT 1_1323236.pdf,10,1991,10 - October,mid,1990s,unknown,unknown,,Unclassified failure,pending,,,pending,,,,,pending,,,pending,,,pending,,,
07321673_VEITH KING 1-19_1279571,s3://osu-well-records-225989338968/pdfs/ExportedFolderContents_10/1991/10 - October/07321673_VEITH KING 1-19_1279571.pdf,10,1991,10 - October,mid,1990s,unknown,unknown,,Unclassified failure,pending,,,pending,,,,,pending,,,pending,,,pending,,,
07321673_VEITH KING 1-19_1279572,s3://osu-well-records-225989338968/pdfs/ExportedFolderContents_10/1991/10 - October/07321673_VEITH KING 1-19_1279572.pdf,10,1991,10 - October,mid,1990s,unknown,unknown,,Unclassified failure,pending,,,pending,,,,,pending,,,pending,,,pending,,,
07322524_MARY PINKERTON STATE 1-24_1323200,s3://osu-well-records-225989338968/pdfs/ExportedFolderContents_10/1991/10 - October/07322524_MARY PINKERTON STATE 1-24_1323200.pdf,10,1991,10 - October,mid,1990s,unknown,unknown,,Unclassified failure,pending,,,pending,,,,,pending,,,pending,,,pending,,,
07323084_BORELLI A-2_1323109,s3://osu-well-records-225989338968/pdfs/ExportedFolderContents_10/1991/10 - October/07323084_BORELLI A-2_1323109.pdf,10,1991,10 - October,mid,1990s,unknown,unknown,,Unclassified failure,pending,,,pending,,,,,pending,,,pending,,,pending,,,
07324086_EVANS 1-18_1299821,s3://osu-well-records-225989338968/pdfs/ExportedFolderContents_10/1991/10 - October/07324086_EVANS 1-18_1299821.pdf,10,1991,10 - October,mid,1990s,unknown,unknown,,Unclassified failure,pending,,,pending,,,,,pending,,,pending,,,pending,,,
07324255_YOST E-1_1322737,s3://osu-well-records-225989338968/pdfs/ExportedFolderContents_10/1991/10 - October/07324255_YOST E-1_1322737.pdf,10,1991,10 - October,mid,1990s,unknown,unknown,,Unclassified failure,pending,,,pending,,,,,pending,,,pending,,,pending,,,
07521822_BURTON 15_904072,s3://osu-well-records-225989338968/pdfs/ExportedFolderContents_10/1991/10 - October/07521822_BURTON 15_904072.pdf,10,1991,10 - October,mid,1990s,unknown,unknown,,Unclassified failure,pending,,,pending,,,,,pending,,,pending,,,pending,,,
07521822_BURTON 15_904074,s3://osu-well-records-225989338968/pdfs/ExportedFolderContents_10/1991/10 - October/07521822_BURTON 15_904074.pdf,10,1991,10 - October,mid,1990s,unknown,unknown,,Unclassified failure,pending,,,pending,,,,,pending,,,pending,,,pending,,,
07521828_STATE THOMAS 4_904092,s3://osu-well-records-225989338968/pdfs/ExportedFolderContents_10/1991/10 - October/07521828_STATE THOMAS 4_904092.pdf,10,1991,10 - October,mid,1990s,unknown,unknown,,Unclassified failure,pending,,,pending,,,,,pending,,,pending,,,pending,,,
07521828_STATE THOMAS 4_904098,s3://osu-well-records-225989338968/pdfs/ExportedFolderContents_10/1991/10 - October/07521828_STATE THOMAS 4_904098.pdf,10,1991,10 - October,mid,1990s,unknown,unknown,,Unclassified failure,pending,,,pending,,,,,pending,,,pending,,,pending,,,
07720541_COLLEGE UNIT 2-18_567764,s3://osu-well-records-225989338968/pdfs/ExportedFolderContents_10/1991/10 - October/07720541_COLLEGE UNIT 2-18_567764.pdf,10,1991,10 - October,mid,1990s,unknown,unknown,,Unclassified failure,pending,,,pending,,,,,pending,,,pending,,,pending,,,
07720608_SMALLWOOD 1-3_1023660,s3://osu-well-records-225989338968/pdfs/ExportedFolderContents_10/1991/10 - October/07720608_SMALLWOOD 1-3_1023660.pdf,10,1991,10 - October,mid,1990s,unknown,unknown,,Unclassified failure,pending,,,pending,,,,,pending,,,pending,,,pending,,,
07720608_SMALLWOOD 1-3_567705,s3://osu-well-records-225989338968/pdfs/ExportedFolderContents_10/1991/10 - October/07720608_SMALLWOOD 1-3_567705.pdf,10,1991,10 - October,mid,1990s,unknown,unknown,,Unclassified failure,pending,,,pending,,,,,pending,,,pending,,,pending,,,
07720609_W WALLACE B 1-15_567681,s3://osu-well-records-225989338968/pdfs/ExportedFolderContents_10/1991/10 - October/07720609_W WALLACE B 1-15_567681.pdf,10,1991,10 - October,mid,1990s,unknown,unknown,,Unclassified failure,pending,,,pending,,,,,pending,,,pending,,,pending,,,
07720631A_BROWN B 1-30_4035289,s3://osu-well-records-225989338968/pdfs/ExportedFolderContents_10/1991/10 - October/07720631A_BROWN B 1-30_4035289.pdf,10,1991,10 - October,mid,1990s,unknown,unknown,,Unclassified failure,pending,,,pending,,,,,pending,,,pending,,,pending,,,
07720650_GAINES CREEK 1-2_567734,s3://osu-well-records-225989338968/pdfs/ExportedFolderContents_10/1991/10 - October/07720650_GAINES CREEK 1-2_567734.pdf,10,1991,10 - October,mid,1990s,unknown,unknown,,Unclassified failure,pending,,,pending,,,,,pending,,,pending,,,pending,,,
07720657_TURNER 1-33_1023688,s3://osu-well-records-225989338968/pdfs/ExportedFolderContents_10/1991/10 - October/07720657_TURNER 1-33_1023688.pdf,10,1991,10 - October,mid,1990s,unknown,unknown,,Unclassified failure,pending,,,pending,,,,,pending,,,pending,,,pending,,,
07720657_TURNER 1-33_567767,s3://osu-well-records-225989338968/pdfs/ExportedFolderContents_10/1991/10 - October/07720657_TURNER 1-33_567767.pdf,10,1991,10 - October,mid,1990s,unknown,unknown,,Unclassified failure,pending,,,pending,,,,,pending,,,pending,,,pending,,,
07720665_BLACK C 1-4_567750,s3://osu-well-records-225989338968/pdfs/ExportedFolderContents_10/1991/10 - October/07720665_BLACK C 1-4_567750.pdf,10,1991,10 - October,mid,1990s,unknown,unknown,,Unclassified failure,pending,,,pending,,,,,pending,,,pending,,,pending,,,
07720679_PARKS UNIT B-3_1023690,s3://osu-well-records-225989338968/pdfs/ExportedFolderContents_10/1991/10 - October/07720679_PARKS UNIT B-3_1023690.pdf,10,1991,10 - October,mid,1990s,unknown,unknown,,Unclassified failure,pending,,,pending,,,,,pending,,,pending,,,pending,,,
07720679_PARKS UNIT B-3_567769,s3://osu-well-records-225989338968/pdfs/ExportedFolderContents_10/1991/10 - October/07720679_PARKS UNIT B-3_567769.pdf,10,1991,10 - October,mid,1990s,unknown,unknown,,Unclassified failure,pending,,,pending,,,,,pending,,,pending,,,pending,,,
07720688_BOYKIN 1-24_1023671,s3://osu-well-records-225989338968/pdfs/ExportedFolderContents_10/1991/10 - October/07720688_BOYKIN 1-24_1023671.pdf,10,1991,10 - October,mid,1990s,unknown,unknown,,Unclassified failure,pending,,,pending,,,,,pending,,,pending,,,pending,,,
07720688_BOYKIN 1-24_567736,s3://osu-well-records-225989338968/pdfs/ExportedFolderContents_10/1991/10 - October/07720688_BOYKIN 1-24_567736.pdf,10,1991,10 - October,mid,1990s,unknown,unknown,,Unclassified failure,pending,,,pending,,,,,pending,,,pending,,,pending,,,
07920444_HOPE 1_1023677,s3://osu-well-records-225989338968/pdfs/ExportedFolderContents_10/1991/10 - October/07920444_HOPE 1_1023677.pdf,10,1991,10 - October,mid,1990s,unknown,unknown,,Unclassified failure,pending,,,pending,,,,,pending,,,pending,,,pending,,,
