pdf_stem,pdf_path,collection,year,month,model_tier,decade,failure_domain,failure_stage,failure_error_type,failure_detail,grid_status,grid_error_type,grid_confidence,location_status,location_error_type,location_section,location_township,location_range,county_status,county_error_type,county_name,dot_status,dot_error_type,dot_confidence,latlong_status,latlong_error_type,resolution_source,flags
OSAGE_OSAGE_2287995,s3://osu-well-records-225989338968/pdfs/ExportedFolderContents_1/1922/09 - September/OSAGE_OSAGE_2287995.pdf,1,1922,09 - September,early,1920s,grid,grid,not_detected,Grid image extraction failed: not_detected,failed,not_detected,,failed,not_found,,,,failed,exception,,skipped,,,skipped,,,
X_KNIGHT 3_2287943,s3://osu-well-records-225989338968/pdfs/ExportedFolderContents_1/1922/09 - September/X_KNIGHT 3_2287943.pdf,1,1922,09 - September,early,1920s,grid,grid,not_detected,Grid image extraction failed: not_detected,failed,not_detected,,failed,not_found,,,,failed,exception,,skipped,,,skipped,,,
X_MARGARET I DENOYA_1413823,s3://osu-well-records-225989338968/pdfs/ExportedFolderContents_1/1922/09 - September/X_MARGARET I DENOYA_1413823.pdf,1,1922,09 - September,early,1920s,grid,grid,not_detected,Grid image extraction failed: not_detected,failed,not_detected,,done,,,2,8,failed,exception,,skipped,,,skipped,,,
x_UNKNOWN 1_2363912,s3://osu-well-records-225989338968/pdfs/ExportedFolderContents_1/1922/09 - September/x_UNKNOWN 1_2363912.pdf,1,1922,09 - September,early,1920s,grid,grid,not_detected,Grid image extraction failed: not_detected,failed,not_detected,,failed,not_found,,,,failed,keyword_not_found,,skipped,,,skipped,,,
00000000_No Data_1052282,s3://osu-well-records-225989338968/pdfs/ExportedFolderContents_1/1922/10 - October/00000000_No Data_1052282.pdf,1,1922,10 - October,early,1920s,grid,grid,not_detected,Grid image extraction failed: not_detected,failed,not_detected,,failed,not_found,,,,failed,exception,,skipped,,,skipped,,,
00000000_No Data_1052290,s3://osu-well-records-225989338968/pdfs/ExportedFolderContents_1/1922/10 - October/00000000_No Data_1052290.pdf,1,1922,10 - October,early,1920s,grid,grid,not_detected,Grid image extraction failed: not_detected,failed,not_detected,,failed,not_found,,,,failed,exception,,skipped,,,skipped,,,
10703870_J S ABBEY 1_1052348,s3://osu-well-records-225989338968/pdfs/ExportedFolderContents_1/1922/11 - November/10703870_J S ABBEY 1_1052348.pdf,1,1922,11 - November,early,1920s,grid,grid,not_detected,Grid image extraction failed: not_detected,failed,not_detected,,failed,not_found,,,,failed,exception,,skipped,,,skipped,,,
10705335_LAURA BROOKS 2_588836,s3://osu-well-records-225989338968/pdfs/ExportedFolderContents_1/1922/11 - November/10705335_LAURA BROOKS 2_588836.pdf,1,1922,11 - November,early,1920s,grid,grid,not_detected,Grid image extraction failed: not_detected,failed,not_detected,,failed,not_found,,,,failed,exception,,skipped,,,skipped,,,
137124370001_WARDEN UNIT 113_500502256,s3://osu-well-records-225989338968/pdfs/ExportedFolderContents_1/1922/11 - November/137124370001_WARDEN UNIT 113_500502256.pdf,1,1922,11 - November,early,1920s,grid,grid,not_detected,Grid image extraction failed: not_detected,failed,not_detected,,failed,not_found,,,,failed,exception,,skipped,,,skipped,,,
13713315_DORA RUSSELL 4_920212,s3://osu-well-records-225989338968/pdfs/ExportedFolderContents_1/1922/11 - November/13713315_DORA RUSSELL 4_920212.pdf,1,1922,11 - November,early,1920s,grid,grid,not_detected,Grid image extraction failed: not_detected,failed,not_detected,,failed,not_found,,,,failed,keyword_not_found,,skipped,,,skipped,,,
14300918_E SIMMONS 22_1052504,s3://osu-well-records-225989338968/pdfs/ExportedFolderContents_1/1922/11 - November/14300918_E SIMMONS 22_1052504.pdf,1,1922,11 - November,early,1920s,grid,grid,not_detected,Grid image extraction failed: not_detected,failed,not_detected,,failed,not_found,,,,failed,keyword_not_found,,skipped,,,skipped,,,
14302717_HARTMAN 1_1052389,s3://osu-well-records-225989338968/pdfs/ExportedFolderContents_1/1922/11 - November/14302717_HARTMAN 1_1052389.pdf,1,1922,11 - November,early,1920s,grid,grid,not_detected,Grid image extraction failed: not_detected,failed,not_detected,,failed,not_found,,,,failed,exception,,skipped,,,skipped,,,
35013000650000_ED LOVE 1_1384659,s3://osu-well-records-225989338968/pdfs/ExportedFolderContents_1/1922/11 - November/35013000650000_ED LOVE 1_1384659.pdf,1,1922,11 - November,early,1920s,grid,grid,not_detected,Grid image extraction failed: not_detected,failed,not_detected,,failed,not_found,,,,failed,exception,,skipped,,,skipped,,,
35019007160000_EBAHOTUBBI 1_1696301,s3://osu-well-records-225989338968/pdfs/ExportedFolderContents_1/1922/11 - November/35019007160000_EBAHOTUBBI 1_1696301.pdf,1,1922,11 - November,early,1920s,grid,grid,not_detected,Grid image extraction failed: not_detected,failed,not_detected,,failed,not_found,,,,failed,exception,,skipped,,,skipped,,,
35019761260000_ELIZA STECHI 9_1696296,s3://osu-well-records-225989338968/pdfs/ExportedFolderContents_1/1922/11 - November/35019761260000_ELIZA STECHI 9_1696296.pdf,1,1922,11 - November,early,1920s,grid,grid,not_detected,Grid image extraction failed: not_detected,failed,not_detected,,failed,not_found,,,,failed,exception,,skipped,,,skipped,,,
35037006000000_BRUNER ET AL_2003492,s3://osu-well-records-225989338968/pdfs/ExportedFolderContents_1/1922/11 - November/35037006000000_BRUNER ET AL_2003492.pdf,1,1922,11 - November,early,1920s,grid,grid,not_detected,Grid image extraction failed: not_detected,failed,not_detected,,failed,not_found,,,,failed,exception,,skipped,,,skipped,,,
35037042090000_HAGER JACKSON 6_2003291,s3://osu-well-records-225989338968/pdfs/ExportedFolderContents_1/1922/11 - November/35037042090000_HAGER JACKSON 6_2003291.pdf,1,1922,11 - November,early,1920s,grid,grid,not_detected,Grid image extraction failed: not_detected,failed,not_detected,,failed,not_found,,,,failed,exception,,skipped,,,skipped,,,
X_JACOB SHIELD 1_588837,s3://osu-well-records-225989338968/pdfs/ExportedFolderContents_1/1922/11 - November/X_JACOB SHIELD 1_588837.pdf,1,1922,11 - November,early,1920s,grid,grid,not_detected,Grid image extraction failed: not_detected,failed,not_detected,,failed,not_found,,,,failed,exception,,skipped,,,skipped,,,
X_JOHN MOSIER 9_2364025,s3://osu-well-records-225989338968/pdfs/ExportedFolderContents_1/1922/11 - November/X_JOHN MOSIER 9_2364025.pdf,1,1922,11 - November,early,1920s,grid,grid,not_detected,Grid image extraction failed: not_detected,failed,not_detected,,failed,not_found,,,,failed,exception,,skipped,,,skipped,,,
X_MAYS NEWBERRY 2_782070,s3://osu-well-records-225989338968/pdfs/ExportedFolderContents_1/1922/11 - November/X_MAYS NEWBERRY 2_782070.pdf,1,1922,11 - November,early,1920s,grid,grid,not_detected,Grid image extraction failed: not_detected,failed,not_detected,,failed,not_found,,,,failed,exception,,skipped,,,skipped,,,
X_MILLER BROS_2288224,s3://osu-well-records-225989338968/pdfs/ExportedFolderContents_1/1922/11 - November/X_MILLER BROS_2288224.pdf,1,1922,11 - November,early,1920s,grid,grid,not_detected,Grid image extraction failed: not_detected,failed,not_detected,,failed,not_found,,,,failed,exception,,skipped,,,skipped,,,
01911858_GRAVEN TUBBI 2_920297,s3://osu-well-records-225989338968/pdfs/ExportedFolderContents_1/1922/12 - December/01911858_GRAVEN TUBBI 2_920297.pdf,1,1922,12 - December,early,1920s,grid,grid,not_detected,Grid image extraction failed: not_detected,failed,not_detected,,failed,not_found,,,,failed,exception,,skipped,,,skipped,,,
03702330_FEE 1_1052827,s3://osu-well-records-225989338968/pdfs/ExportedFolderContents_1/1922/12 - December/03702330_FEE 1_1052827.pdf,1,1922,12 - December,early,1920s,grid,grid,not_detected,Grid image extraction failed: not_detected,failed,not_detected,,failed,not_found,,,,failed,exception,,skipped,,,skipped,,,
07104589_S N LEWIS 3_1539130,s3://osu-well-records-225989338968/pdfs/ExportedFolderContents_1/1922/12 - December/07104589_S N LEWIS 3_1539130.pdf,1,1922,12 - December,early,1920s,grid,grid,not_detected,Grid image extraction failed: not_detected,failed,not_detected,,done,,4,26,,failed,exception,,skipped,,,skipped,,,
10100581_DURANT 1_1364277,s3://osu-well-records-225989338968/pdfs/ExportedFolderContents_1/1922/12 - December/10100581_DURANT 1_1364277.pdf,1,1922,12 - December,early,1920s,grid,grid,not_detected,Grid image extraction failed: not_detected,failed,not_detected,,failed,not_found,,,,failed,keyword_not_found,,skipped,,,skipped,,,
10704118_U DANIELS 2_50999363,s3://osu-well-records-225989338968/pdfs/ExportedFolderContents_1/1922/12 - December/10704118_U DANIELS 2_50999363.pdf,1,1922,12 - December,early,1920s,grid,grid,not_detected,Grid image extraction failed: not_detected,failed,not_detected,,failed,not_found,,,,failed,exception,,skipped,,,skipped,,,
11704377_C A S BINNING 1_1414143,s3://osu-well-records-225989338968/pdfs/ExportedFolderContents_1/1922/12 - December/11704377_C A S BINNING 1_1414143.pdf,1,1922,12 - December,early,1920s,grid,grid,not_detected,Grid image extraction failed: not_detected,failed,not_detected,,failed,not_found,,,,failed,keyword_not_found,,skipped,,,skipped,,,
13712390_GREEN 4_920254,s3://osu-well-records-225989338968/pdfs/ExportedFolderContents_1/1922/12 - December/13712390_GREEN 4_920254.pdf,1,1922,12 - December,early,1920s,grid,grid,not_detected,Grid image extraction failed: not_detected,failed,not_detected,,failed,not_found,,,,failed,exception,,skipped,,,skipped,,,
13712567_NICHOLS-FRENSLEY 10_920237,s3://osu-well-records-225989338968/pdfs/ExportedFolderContents_1/1922/12 - December/13712567_NICHOLS-FRENSLEY 10_920237.pdf,1,1922,12 - December,early,1920s,grid,grid,not_detected,Grid image extraction failed: not_detected,failed,not_detected,,failed,not_found,,,,failed,keyword_not_found,,skipped,,,skipped,,,
35105011620000_BROWN 1_2464465,s3://osu-well-records-225989338968/pdfs/ExportedFolderContents_1/1922/12 - December/35105011620000_BROWN 1_2464465.pdf,1,1922,12 - December,early,1920s,grid,grid,not_detected,Grid image extraction failed: not_detected,failed,not_detected,,failed,not_found,,,,failed,keyword_not_found,,skipped,,,skipped,,,
35119019040000_JULIE PAYNE 1_2288318,s3://osu-well-records-225989338968/pdfs/ExportedFolderContents_1/1922/12 - December/35119019040000_JULIE PAYNE 1_2288318.pdf,1,1922,12 - December,early,1920s,grid,grid,not_detected,Grid image extraction failed: not_detected,failed,not_detected,,failed,not_found,,,,failed,keyword_not_found,,skipped,,,skipped,,,
35119023580000_CATTRON 10_2003585,s3://osu-well-records-225989338968/pdfs/ExportedFolderContents_1/1922/12 - December/35119023580000_CATTRON 10_2003585.pdf,1,1922,12 - December,early,1920s,grid,grid,not_detected,Grid image extraction failed: not_detected,failed,not_detected,,failed,not_found,,,,failed,keyword_not_found,,skipped,,,skipped,,,
35143762940000_JOHNSON 1_2003761,s3://osu-well-records-225989338968/pdfs/ExportedFolderContents_1/1922/12 - December/35143762940000_JOHNSON 1_2003761.pdf,1,1922,12 - December,early,1920s,grid,grid,not_detected,Grid image extraction failed: not_detected,failed,not_detected,,failed,not_found,,,,failed,exception,,skipped,,,skipped,,,
X_J. E. FISHER 3_2288299,s3://osu-well-records-225989338968/pdfs/ExportedFolderContents_1/1922/12 - December/X_J. E. FISHER 3_2288299.pdf,1,1922,12 - December,early,1920s,grid,grid,not_detected,Grid image extraction failed: not_detected,failed,not_detected,,failed,not_found,,,,failed,exception,,skipped,,,skipped,,,
X_MILLER BROS_2288342,s3://osu-well-records-225989338968/pdfs/ExportedFolderContents_1/1922/12 - December/X_MILLER BROS_2288342.pdf,1,1922,12 - December,early,1920s,grid,grid,not_detected,Grid image extraction failed: not_detected,failed,not_detected,,failed,not_found,,,,failed,exception,,skipped,,,skipped,,,
X_SMITH FEE 3-B_920282,s3://osu-well-records-225989338968/pdfs/ExportedFolderContents_1/1922/12 - December/X_SMITH FEE 3-B_920282.pdf,1,1922,12 - December,early,1920s,grid,grid,not_detected,Grid image extraction failed: not_detected,failed,not_detected,,failed,not_found,,,,failed,keyword_not_found,,skipped,,,skipped,,,
14700193_BUFORD 2_1414243,s3://osu-well-records-225989338968/pdfs/ExportedFolderContents_1/1923/01 - January/14700193_BUFORD 2_1414243.pdf,1,1923,01 - January,early,1920s,grid,grid,not_detected,Grid image extraction failed: not_detected,failed,not_detected,,failed,not_found,,,,failed,exception,,skipped,,,skipped,,,
14700193_BUFORD 2_1414250,s3://osu-well-records-225989338968/pdfs/ExportedFolderContents_1/1923/01 - January/14700193_BUFORD 2_1414250.pdf,1,1923,01 - January,early,1920s,grid,grid,not_detected,Grid image extraction failed: not_detected,failed,not_detected,,failed,not_found,,,,failed,exception,,skipped,,,skipped,,,
14700193_BUFORD 2_516432,s3://osu-well-records-225989338968/pdfs/ExportedFolderContents_1/1923/01 - January/14700193_BUFORD 2_516432.pdf,1,1923,01 - January,early,1920s,grid,grid,not_detected,Grid image extraction failed: not_detected,failed,not_detected,,failed,not_found,,,,failed,exception,,skipped,,,skipped,,,
14700194_BUFORD 4_1414252,s3://osu-well-records-225989338968/pdfs/ExportedFolderContents_1/1923/01 - January/14700194_BUFORD 4_1414252.pdf,1,1923,01 - January,early,1920s,grid,grid,not_detected,Grid image extraction failed: not_detected,failed,not_detected,,failed,not_found,,,,failed,exception,,skipped,,,skipped,,,
14700194_BUFORD 4_1414258,s3://osu-well-records-225989338968/pdfs/ExportedFolderContents_1/1923/01 - January/14700194_BUFORD 4_1414258.pdf,1,1923,01 - January,early,1920s,grid,grid,not_detected,Grid image extraction failed: not_detected,failed,not_detected,,failed,not_found,,,,failed,exception,,skipped,,,skipped,,,
14700194_BUFORD 4_516437,s3://osu-well-records-225989338968/pdfs/ExportedFolderContents_1/1923/01 - January/14700194_BUFORD 4_516437.pdf,1,1923,01 - January,early,1920s,grid,grid,not_detected,Grid image extraction failed: not_detected,failed,not_detected,,failed,not_found,,,,failed,exception,,skipped,,,skipped,,,
14700195_BUFORD 7_1414244,s3://osu-well-records-225989338968/pdfs/ExportedFolderContents_1/1923/01 - January/14700195_BUFORD 7_1414244.pdf,1,1923,01 - January,early,1920s,grid,grid,not_detected,Grid image extraction failed: not_detected,failed,not_detected,,failed,not_found,,,,failed,exception,,skipped,,,skipped,,,
14700195_BUFORD 7_1414259,s3://osu-well-records-225989338968/pdfs/ExportedFolderContents_1/1923/01 - January/14700195_BUFORD 7_1414259.pdf,1,1923,01 - January,early,1920s,grid,grid,not_detected,Grid image extraction failed: not_detected,failed,not_detected,,failed,not_found,,,,failed,exception,,skipped,,,skipped,,,
14700195_BUFORD 7_516434,s3://osu-well-records-225989338968/pdfs/ExportedFolderContents_1/1923/01 - January/14700195_BUFORD 7_516434.pdf,1,1923,01 - January,early,1920s,grid,grid,not_detected,Grid image extraction failed: not_detected,failed,not_detected,,failed,not_found,,,,failed,exception,,skipped,,,skipped,,,
14700196_BUFORD 24_1414247,s3://osu-well-records-225989338968/pdfs/ExportedFolderContents_1/1923/01 - January/14700196_BUFORD 24_1414247.pdf,1,1923,01 - January,early,1920s,grid,grid,not_detected,Grid image extraction failed: not_detected,failed,not_detected,,failed,not_found,,,,failed,exception,,skipped,,,skipped,,,
14700196_BUFORD 24_1414251,s3://osu-well-records-225989338968/pdfs/ExportedFolderContents_1/1923/01 - January/14700196_BUFORD 24_1414251.pdf,1,1923,01 - January,early,1920s,grid,grid,not_detected,Grid image extraction failed: not_detected,failed,not_detected,,failed,not_found,,,,failed,exception,,skipped,,,skipped,,,
14700196_BUFORD 24_516433,s3://osu-well-records-225989338968/pdfs/ExportedFolderContents_1/1923/01 - January/14700196_BUFORD 24_516433.pdf,1,1923,01 - January,early,1920s,grid,grid,not_detected,Grid image extraction failed: not_detected,failed,not_detected,,failed,not_found,,,,failed,exception,,skipped,,,skipped,,,
14700197_BUFORD 26_1414253,s3://osu-well-records-225989338968/pdfs/ExportedFolderContents_1/1923/01 - January/14700197_BUFORD 26_1414253.pdf,1,1923,01 - January,early,1920s,grid,grid,not_detected,Grid image extraction failed: not_detected,failed,not_detected,,failed,not_found,,,,failed,exception,,skipped,,,skipped,,,
14700197_BUFORD 26_1414255,s3://osu-well-records-225989338968/pdfs/ExportedFolderContents_1/1923/01 - January/14700197_BUFORD 26_1414255.pdf,1,1923,01 - January,early,1920s,grid,grid,not_detected,Grid image extraction failed: not_detected,failed,not_detected,,failed,not_found,,,,failed,exception,,skipped,,,skipped,,,
14700197_BUFORD 26_516435,s3://osu-well-records-225989338968/pdfs/ExportedFolderContents_1/1923/01 - January/14700197_BUFORD 26_516435.pdf,1,1923,01 - January,early,1920s,grid,grid,not_detected,Grid image extraction failed: not_detected,failed,not_detected,,failed,not_found,,,,failed,exception,,skipped,,,skipped,,,
35037074170000_EFFIE HAMILTON 2_2004066,s3://osu-well-records-225989338968/pdfs/ExportedFolderContents_1/1923/01 - January/35037074170000_EFFIE HAMILTON 2_2004066.pdf,1,1923,01 - January,early,1920s,grid,grid,not_detected,Grid image extraction failed: not_detected,failed,not_detected,,failed,not_found,,,,failed,keyword_not_found,,skipped,,,skipped,,,
35037076040000_LUCY BARNETT 1_2004064,s3://osu-well-records-225989338968/pdfs/ExportedFolderContents_1/1923/01 - January/35037076040000_LUCY BARNETT 1_2004064.pdf,1,1923,01 - January,early,1920s,grid,grid,not_detected,Grid image extraction failed: not_detected,failed,not_detected,,failed,not_found,,,,failed,keyword_not_found,,skipped,,,skipped,,,
35111176300000_GRAYSON 29_16758179,s3://osu-well-records-225989338968/pdfs/ExportedFolderContents_1/1923/01 - January/35111176300000_GRAYSON 29_16758179.pdf,1,1923,01 - January,early,1920s,grid,grid,not_detected,Grid image extraction failed: not_detected,failed,not_detected,,failed,not_found,,,,failed,exception,,skipped,,,skipped,,,
35111176300000_GRAYSON 29_16802804,s3://osu-well-records-225989338968/pdfs/ExportedFolderContents_1/1923/01 - January/35111176300000_GRAYSON 29_16802804.pdf,1,1923,01 - January,early,1920s,grid,grid,not_detected,Grid image extraction failed: not_detected,failed,not_detected,,failed,not_found,,,,failed,exception,,skipped,,,skipped,,,
01911332_EVERETT NOBLE 11_920467,s3://osu-well-records-225989338968/pdfs/ExportedFolderContents_1/1923/02 - February/01911332_EVERETT NOBLE 11_920467.pdf,1,1923,02 - February,early,1920s,grid,grid,not_detected,Grid image extraction failed: not_detected,failed,not_detected,,failed,not_found,,,,failed,exception,,skipped,,,skipped,,,
01911333_HEWITT UNIT 2091 (EVERETT NOBLE 12)_920433,s3://osu-well-records-225989338968/pdfs/ExportedFolderContents_1/1923/02 - February/01911333_HEWITT UNIT 2091 (EVERETT NOBLE 12)_920433.pdf,1,1923,02 - February,early,1920s,grid,grid,not_detected,Grid image extraction failed: not_detected,failed,not_detected,,failed,not_found,,,,failed,exception,,skipped,,,skipped,,,
01912542_SAM BAPTISTE 14_516474,s3://osu-well-records-225989338968/pdfs/ExportedFolderContents_1/1923/02 - February/01912542_SAM BAPTISTE 14_516474.pdf,1,1923,02 - February,early,1920s,grid,grid,not_detected,Grid image extraction failed: not_detected,failed,not_detected,,failed,not_found,,,,failed,exception,,skipped,,,skipped,,,
01912569_MADELINE FARVE 6_516473,s3://osu-well-records-225989338968/pdfs/ExportedFolderContents_1/1923/02 - February/01912569_MADELINE FARVE 6_516473.pdf,1,1923,02 - February,early,1920s,grid,grid,not_detected,Grid image extraction failed: not_detected,failed,not_detected,,failed,not_found,,,,failed,exception,,skipped,,,skipped,,,
03303475_BONDURANT 1_516470,s3://osu-well-records-225989338968/pdfs/ExportedFolderContents_1/1923/02 - February/03303475_BONDURANT 1_516470.pdf,1,1923,02 - February,early,1920s,grid,grid,not_detected,Grid image extraction failed: not_detected,failed,not_detected,,failed,not_found,,,,failed,exception,,skipped,,,skipped,,,
03700546_FIXICO 1_1053465,s3://osu-well-records-225989338968/pdfs/ExportedFolderContents_1/1923/02 - February/03700546_FIXICO 1_1053465.pdf,1,1923,02 - February,early,1920s,grid,grid,not_detected,Grid image extraction failed: not_detected,failed,not_detected,,failed,not_found,,,,failed,exception,,skipped,,,skipped,,,
03700557_T BROWN 1_1053454,s3://osu-well-records-225989338968/pdfs/ExportedFolderContents_1/1923/02 - February/03700557_T BROWN 1_1053454.pdf,1,1923,02 - February,early,1920s,grid,grid,not_detected,Grid image extraction failed: not_detected,failed,not_detected,,failed,not_found,,,,failed,keyword_not_found,,skipped,,,skipped,,,
03700562_SIMON JAMES 1_1053361,s3://osu-well-records-225989338968/pdfs/ExportedFolderContents_1/1923/02 - February/03700562_SIMON JAMES 1_1053361.pdf,1,1923,02 - February,early,1920s,grid,grid,not_detected,Grid image extraction failed: not_detected,failed,not_detected,,failed,not_found,,,,failed,api_error,,skipped,,,skipped,,,
03709729_NO NAME 3_1053375,s3://osu-well-records-225989338968/pdfs/ExportedFolderContents_1/1923/02 - February/03709729_NO NAME 3_1053375.pdf,1,1923,02 - February,early,1920s,grid,grid,not_detected,Grid image extraction failed: not_detected,failed,not_detected,,failed,not_found,,,,failed,exception,,skipped,,,skipped,,,
05100155_C L MADDOX 1_782198,s3://osu-well-records-225989338968/pdfs/ExportedFolderContents_1/1923/02 - February/05100155_C L MADDOX 1_782198.pdf,1,1923,02 - February,early,1920s,grid,grid,not_detected,Grid image extraction failed: not_detected,failed,not_detected,,done,,10,5N,8W,failed,exception,,skipped,,,skipped,,,
10303008_LEE SHAWVER 5_50900752,s3://osu-well-records-225989338968/pdfs/ExportedFolderContents_1/1923/02 - February/10303008_LEE SHAWVER 5_50900752.pdf,1,1923,02 - February,early,1920s,grid,grid,not_detected,Grid image extraction failed: not_detected,failed,not_detected,,failed,not_found,,,,failed,exception,,skipped,,,skipped,,,
10303125_J CARMICHAEL 2-A_50980894,s3://osu-well-records-225989338968/pdfs/ExportedFolderContents_1/1923/02 - February/10303125_J CARMICHAEL 2-A_50980894.pdf,1,1923,02 - February,early,1920s,grid,grid,not_detected,Grid image extraction failed: not_detected,failed,not_detected,,failed,not_found,,,,failed,exception,,skipped,,,skipped,,,
10303132_CARMICHAEL 4-B_50980940,s3://osu-well-records-225989338968/pdfs/ExportedFolderContents_1/1923/02 - February/10303132_CARMICHAEL 4-B_50980940.pdf,1,1923,02 - February,early,1920s,grid,grid,not_detected,Grid image extraction failed: not_detected,failed,not_detected,,failed,not_found,,,,failed,exception,,skipped,,,skipped,,,
10702830_SCHOEGETAL 4_1053363,s3://osu-well-records-225989338968/pdfs/ExportedFolderContents_1/1923/02 - February/10702830_SCHOEGETAL 4_1053363.pdf,1,1923,02 - February,early,1920s,grid,grid,not_detected,Grid image extraction failed: not_detected,failed,not_detected,,failed,not_found,,,,failed,exception,,skipped,,,skipped,,,
11103851_ANDERSON 4_1364368,s3://osu-well-records-225989338968/pdfs/ExportedFolderContents_1/1923/02 - February/11103851_ANDERSON 4_1364368.pdf,1,1923,02 - February,early,1920s,grid,grid,not_detected,Grid image extraction failed: not_detected,failed,not_detected,,failed,not_found,,,,failed,keyword_not_found,,skipped,,,skipped,,,
35037033320000_BEAVER TURNER 2_2004211,s3://osu-well-records-225989338968/pdfs/ExportedFolderContents_1/1923/02 - February/35037033320000_BEAVER TURNER 2_2004211.pdf,1,1923,02 - February,early,1920s,grid,grid,not_detected,Grid image extraction failed: not_detected,failed,not_detected,,failed,not_found,,,,failed,exception,,skipped,,,skipped,,,
35071028150000_OLA GOODSON 1_2288566,s3://osu-well-records-225989338968/pdfs/ExportedFolderContents_1/1923/02 - February/35071028150000_OLA GOODSON 1_2288566.pdf,1,1923,02 - February,early,1920s,grid,grid,not_detected,Grid image extraction failed: not_detected,failed,not_detected,,failed,not_found,,,,failed,exception,,skipped,,,skipped,,,
3510503824_PARRISH_2464623,s3://osu-well-records-225989338968/pdfs/ExportedFolderContents_1/1923/02 - February/3510503824_PARRISH_2464623.pdf,1,1923,02 - February,early,1920s,grid,grid,not_detected,Grid image extraction failed: not_detected,failed,not_detected,,failed,not_found,,,,failed,exception,,skipped,,,skipped,,,
35117015880000_SMITH M E 3_2004331,s3://osu-well-records-225989338968/pdfs/ExportedFolderContents_1/1923/02 - February/35117015880000_SMITH M E 3_2004331.pdf,1,1923,02 - February,early,1920s,grid,grid,not_detected,Grid image extraction failed: not_detected,failed,not_detected,,failed,not_found,,,,failed,exception,,skipped,,,skipped,,,
X_S H MCKEE 6_1539221,s3://osu-well-records-225989338968/pdfs/ExportedFolderContents_1/1923/02 - February/X_S H MCKEE 6_1539221.pdf,1,1923,02 - February,early,1920s,grid,grid,not_detected,Grid image extraction failed: not_detected,failed,not_detected,,failed,not_found,,,,failed,keyword_not_found,,skipped,,,skipped,,,
00000000_No Data_1053674,s3://osu-well-records-225989338968/pdfs/ExportedFolderContents_1/1923/03 - March/00000000_No Data_1053674.pdf,1,1923,03 - March,early,1920s,grid,grid,not_detected,Grid image extraction failed: not_detected,failed,not_detected,,failed,not_found,,,,failed,exception,,skipped,,,skipped,,,
01911305_DILLARD 10A 2_920565,s3://osu-well-records-225989338968/pdfs/ExportedFolderContents_1/1923/03 - March/01911305_DILLARD 10A 2_920565.pdf,1,1923,03 - March,early,1920s,grid,grid,not_detected,Grid image extraction failed: not_detected,failed,not_detected,,failed,not_found,,,,failed,exception,,skipped,,,skipped,,,
01913633_M FARVE 7_516536,s3://osu-well-records-225989338968/pdfs/ExportedFolderContents_1/1923/03 - March/01913633_M FARVE 7_516536.pdf,1,1923,03 - March,early,1920s,grid,grid,not_detected,Grid image extraction failed: not_detected,failed,not_detected,,failed,not_found,,,,failed,keyword_not_found,,skipped,,,skipped,,,
03303432_BRITTAIN 4_1414605,s3://osu-well-records-225989338968/pdfs/ExportedFolderContents_1/1923/03 - March/03303432_BRITTAIN 4_1414605.pdf,1,1923,03 - March,early,1920s,grid,grid,not_detected,Grid image extraction failed: not_detected,failed,not_detected,,failed,not_found,,,,failed,keyword_not_found,,skipped,,,skipped,,,
03303432_BRITTAIN 4_516546,s3://osu-well-records-225989338968/pdfs/ExportedFolderContents_1/1923/03 - March/03303432_BRITTAIN 4_516546.pdf,1,1923,03 - March,early,1920s,grid,grid,not_detected,Grid image extraction failed: not_detected,failed,not_detected,,failed,not_found,,,,failed,keyword_not_found,,skipped,,,skipped,,,
03303432_BRITTAIN 4_920569,s3://osu-well-records-225989338968/pdfs/ExportedFolderContents_1/1923/03 - March/03303432_BRITTAIN 4_920569.pdf,1,1923,03 - March,early,1920s,grid,grid,not_detected,Grid image extraction failed: not_detected,failed,not_detected,,failed,not_found,,,,failed,keyword_not_found,,skipped,,,skipped,,,
03701394_NARCHUBBY 2_1053701,s3://osu-well-records-225989338968/pdfs/ExportedFolderContents_1/1923/03 - March/03701394_NARCHUBBY 2_1053701.pdf,1,1923,03 - March,early,1920s,grid,grid,not_detected,Grid image extraction failed: not_detected,failed,not_detected,,failed,not_found,,,,failed,keyword_not_found,,skipped,,,skipped,,,
03705300_SAMANTHA POST 3_1053855,s3://osu-well-records-225989338968/pdfs/ExportedFolderContents_1/1923/03 - March/03705300_SAMANTHA POST 3_1053855.pdf,1,1923,03 - March,early,1920s,grid,grid,not_detected,Grid image extraction failed: not_detected,failed,not_detected,,failed,not_found,,,,failed,exception,,skipped,,,skipped,,,
03705329_ROBERT LEROY ANSIEL 1_1053932,s3://osu-well-records-225989338968/pdfs/ExportedFolderContents_1/1923/03 - March/03705329_ROBERT LEROY ANSIEL 1_1053932.pdf,1,1923,03 - March,early,1920s,grid,grid,not_detected,Grid image extraction failed: not_detected,failed,not_detected,,failed,not_found,,,,failed,keyword_not_found,,skipped,,,skipped,,,
10303246_JOSEPH A NOVOTNY B 1_1539258,s3://osu-well-records-225989338968/pdfs/ExportedFolderContents_1/1923/03 - March/10303246_JOSEPH A NOVOTNY B 1_1539258.pdf,1,1923,03 - March,early,1920s,grid,grid,not_detected,Grid image extraction failed: not_detected,failed,not_detected,,failed,not_found,,,,failed,exception,,skipped,,,skipped,,,
11108466_Rosedall Ida 8_1053609,s3://osu-well-records-225989338968/pdfs/ExportedFolderContents_1/1923/03 - March/11108466_Rosedall Ida 8_1053609.pdf,1,1923,03 - March,early,1920s,grid,grid,not_detected,Grid image extraction failed: not_detected,failed,not_detected,,failed,not_found,,,,failed,keyword_not_found,,skipped,,,skipped,,,
11109433_ENGLISH ETAL 1_516530,s3://osu-well-records-225989338968/pdfs/ExportedFolderContents_1/1923/03 - March/11109433_ENGLISH ETAL 1_516530.pdf,1,1923,03 - March,early,1920s,grid,grid,not_detected,Grid image extraction failed: not_detected,failed,not_detected,,failed,not_found,,,,failed,exception,,skipped,,,skipped,,,
11110101_J HAWKINS 1_51000199,s3://osu-well-records-225989338968/pdfs/ExportedFolderContents_1/1923/03 - March/11110101_J HAWKINS 1_51000199.pdf,1,1923,03 - March,early,1920s,grid,grid,not_detected,Grid image extraction failed: not_detected,failed,not_detected,,failed,not_found,,,,failed,exception,,skipped,,,skipped,,,
13709370_L AKERS 2_782244,s3://osu-well-records-225989338968/pdfs/ExportedFolderContents_1/1923/03 - March/13709370_L AKERS 2_782244.pdf,1,1923,03 - March,early,1920s,grid,grid,not_detected,Grid image extraction failed: not_detected,failed,not_detected,,failed,not_found,,,,failed,exception,,skipped,,,skipped,,,
35103031460000_CARMICHAEL 10_8001535,s3://osu-well-records-225989338968/pdfs/ExportedFolderContents_1/1923/03 - March/35103031460000_CARMICHAEL 10_8001535.pdf,1,1923,03 - March,early,1920s,grid,grid,not_detected,Grid image extraction failed: not_detected,failed,not_detected,,failed,not_found,,,,failed,keyword_not_found,,skipped,,,skipped,,,
35107043900000_HAWKINS_2004440,s3://osu-well-records-225989338968/pdfs/ExportedFolderContents_1/1923/03 - March/35107043900000_HAWKINS_2004440.pdf,1,1923,03 - March,early,1920s,grid,grid,not_detected,Grid image extraction failed: not_detected,failed,not_detected,,failed,not_found,,,,failed,api_error,,skipped,,,skipped,,,
OSAGE_OSAGE_2288636,s3://osu-well-records-225989338968/pdfs/ExportedFolderContents_1/1923/03 - March/OSAGE_OSAGE_2288636.pdf,1,1923,03 - March,early,1920s,grid,grid,not_detected,Grid image extraction failed: not_detected,failed,not_detected,,failed,not_found,,,,failed,exception,,skipped,,,skipped,,,
X_10_1414544,s3://osu-well-records-225989338968/pdfs/ExportedFolderContents_1/1923/03 - March/X_10_1414544.pdf,1,1923,03 - March,early,1920s,grid,grid,not_detected,Grid image extraction failed: not_detected,failed,not_detected,,failed,not_found,,,,failed,exception,,skipped,,,skipped,,,
X_9_1414508,s3://osu-well-records-225989338968/pdfs/ExportedFolderContents_1/1923/03 - March/X_9_1414508.pdf,1,1923,03 - March,early,1920s,grid,grid,not_detected,Grid image extraction failed: not_detected,failed,not_detected,,failed,not_found,,,,failed,exception,,skipped,,,skipped,,,
X_F.L. HOLTON 29_1443116,s3://osu-well-records-225989338968/pdfs/ExportedFolderContents_1/1923/03 - March/X_F.L. HOLTON 29_1443116.pdf,1,1923,03 - March,early,1920s,grid,grid,not_detected,Grid image extraction failed: not_detected,failed,not_detected,,failed,not_found,,,,failed,exception,,skipped,,,skipped,,,
X_MCKEE 2_1539264,s3://osu-well-records-225989338968/pdfs/ExportedFolderContents_1/1923/03 - March/X_MCKEE 2_1539264.pdf,1,1923,03 - March,early,1920s,grid,grid,not_detected,Grid image extraction failed: not_detected,failed,not_detected,,failed,not_found,,,,failed,keyword_not_found,,skipped,,,skipped,,,
X_MOYER 3 (SGDSU 12-3)_920531,s3://osu-well-records-225989338968/pdfs/ExportedFolderContents_1/1923/03 - March/X_MOYER 3 (SGDSU 12-3)_920531.pdf,1,1923,03 - March,early,1920s,grid,grid,not_detected,Grid image extraction failed: not_detected,failed,not_detected,,failed,not_found,,,,failed,exception,,skipped,,,skipped,,,
X_OSAGE_2288657,s3://osu-well-records-225989338968/pdfs/ExportedFolderContents_1/1923/03 - March/X_OSAGE_2288657.pdf,1,1923,03 - March,early,1920s,grid,grid,not_detected,Grid image extraction failed: not_detected,failed,not_detected,,failed,not_found,,,,failed,exception,,skipped,,,skipped,,,
x_F L HOLTON 29_1017384,s3://osu-well-records-225989338968/pdfs/ExportedFolderContents_1/1923/03 - March/x_F L HOLTON 29_1017384.pdf,1,1923,03 - March,early,1920s,grid,grid,not_detected,Grid image extraction failed: not_detected,failed,not_detected,,failed,not_found,,,,failed,exception,,skipped,,,skipped,,,
03707620_ALEX CHARLES 1_1054270,s3://osu-well-records-225989338968/pdfs/ExportedFolderContents_1/1923/04 - April/03707620_ALEX CHARLES 1_1054270.pdf,1,1923,04 - April,early,1920s,grid,grid,not_detected,Grid image extraction failed: not_detected,failed,not_detected,,failed,not_found,,,,failed,keyword_not_found,,skipped,,,skipped,,,
03709730_SALLY JOHNSON 5_1054001,s3://osu-well-records-225989338968/pdfs/ExportedFolderContents_1/1923/04 - April/03709730_SALLY JOHNSON 5_1054001.pdf,1,1923,04 - April,early,1920s,grid,grid,not_detected,Grid image extraction failed: not_detected,failed,not_detected,,failed,not_found,,,,failed,exception,,skipped,,,skipped,,,
03709831_PATSIE WILSON 2_1054281,s3://osu-well-records-225989338968/pdfs/ExportedFolderContents_1/1923/04 - April/03709831_PATSIE WILSON 2_1054281.pdf,1,1923,04 - April,early,1920s,grid,grid,not_detected,Grid image extraction failed: not_detected,failed,not_detected,,failed,not_found,,,,failed,exception,,skipped,,,skipped,,,
03715679_GEORGE BAKER 1_1221312,s3://osu-well-records-225989338968/pdfs/ExportedFolderContents_1/1923/04 - April/03715679_GEORGE BAKER 1_1221312.pdf,1,1923,04 - April,early,1920s,grid,grid,not_detected,Grid image extraction failed: not_detected,failed,not_detected,,failed,not_found,,,,failed,exception,,skipped,,,skipped,,,
03715959_No Data_1054109,s3://osu-well-records-225989338968/pdfs/ExportedFolderContents_1/1923/04 - April/03715959_No Data_1054109.pdf,1,1923,04 - April,early,1920s,grid,grid,not_detected,Grid image extraction failed: not_detected,failed,not_detected,,failed,not_found,,,,failed,keyword_not_found,,skipped,,,skipped,,,
04700483_LAURA A KRING 1_1539352,s3://osu-well-records-225989338968/pdfs/ExportedFolderContents_1/1923/04 - April/04700483_LAURA A KRING 1_1539352.pdf,1,1923,04 - April,early,1920s,grid,grid,not_detected,Grid image extraction failed: not_detected,failed,not_detected,,failed,not_found,,,,failed,exception,,skipped,,,skipped,,,
04702293_KISNER WEST 10_1539394,s3://osu-well-records-225989338968/pdfs/ExportedFolderContents_1/1923/04 - April/04702293_KISNER WEST 10_1539394.pdf,1,1923,04 - April,early,1920s,grid,grid,not_detected,Grid image extraction failed: not_detected,failed,not_detected,,failed,not_found,,,,done,,Garfield County,skipped,,,skipped,,,
04935515_ROLLOW PERKINS 2_782262,s3://osu-well-records-225989338968/pdfs/ExportedFolderContents_1/1923/04 - April/04935515_ROLLOW PERKINS 2_782262.pdf,1,1923,04 - April,early,1920s,grid,grid,not_detected,Grid image extraction failed: not_detected,failed,not_detected,,failed,not_found,,,,failed,keyword_not_found,,skipped,,,skipped,,,
04935615_HARKREADER 7 _782253,s3://osu-well-records-225989338968/pdfs/ExportedFolderContents_1/1923/04 - April/04935615_HARKREADER 7 _782253.pdf,1,1923,04 - April,early,1920s,grid,grid,not_detected,Grid image extraction failed: not_detected,failed,not_detected,,failed,not_found,,,,failed,exception,,skipped,,,skipped,,,
05135892_PETTIT 1_782300,s3://osu-well-records-225989338968/pdfs/ExportedFolderContents_1/1923/04 - April/05135892_PETTIT 1_782300.pdf,1,1923,04 - April,early,1920s,grid,grid,not_detected,Grid image extraction failed: not_detected,failed,not_detected,,done,,14,4N,,failed,exception,,skipped,,,skipped,,,
06300913_W GROVER 4_589571,s3://osu-well-records-225989338968/pdfs/ExportedFolderContents_1/1923/04 - April/06300913_W GROVER 4_589571.pdf,1,1923,04 - April,early,1920s,grid,grid,not_detected,Grid image extraction failed: not_detected,failed,not_detected,,failed,not_found,,,,failed,exception,,skipped,,,skipped,,,
07104279_L ENDICOTT 3-B_1539360,s3://osu-well-records-225989338968/pdfs/ExportedFolderContents_1/1923/04 - April/07104279_L ENDICOTT 3-B_1539360.pdf,1,1923,04 - April,early,1920s,grid,grid,not_detected,Grid image extraction failed: not_detected,failed,not_detected,,failed,not_found,,,,failed,exception,,skipped,,,skipped,,,
00000000_No Data_1054434,s3://osu-well-records-225989338968/pdfs/ExportedFolderContents_1/1923/05 - May/00000000_No Data_1054434.pdf,1,1923,05 - May,early,1920s,grid,grid,not_detected,Grid image extraction failed: not_detected,failed,not_detected,,failed,not_found,,,,failed,keyword_not_found,,skipped,,,skipped,,,
00000000_No Data_1054567,s3://osu-well-records-225989338968/pdfs/ExportedFolderContents_1/1923/05 - May/00000000_No Data_1054567.pdf,1,1923,05 - May,early,1920s,grid,grid,not_detected,Grid image extraction failed: not_detected,failed,not_detected,,failed,not_found,,,,failed,keyword_not_found,,skipped,,,skipped,,,
10102053_GOOCH 1_1364478,s3://osu-well-records-225989338968/pdfs/ExportedFolderContents_1/1923/05 - May/10102053_GOOCH 1_1364478.pdf,1,1923,05 - May,early,1920s,grid,grid,not_detected,Grid image extraction failed: not_detected,failed,not_detected,,failed,not_found,,,,failed,exception,,skipped,,,skipped,,,
10303230_MURRAY 2_1539453,s3://osu-well-records-225989338968/pdfs/ExportedFolderContents_1/1923/05 - May/10303230_MURRAY 2_1539453.pdf,1,1923,05 - May,early,1920s,grid,grid,not_detected,Grid image extraction failed: not_detected,failed,not_detected,,failed,not_found,,,,failed,exception,,skipped,,,skipped,,,
10704114_UNAH DANIELS 2_50999362,s3://osu-well-records-225989338968/pdfs/ExportedFolderContents_1/1923/05 - May/10704114_UNAH DANIELS 2_50999362.pdf,1,1923,05 - May,early,1920s,grid,grid,not_detected,Grid image extraction failed: not_detected,failed,not_detected,,failed,not_found,,,,failed,exception,,skipped,,,skipped,,,
11101021_SAM RANDALL 3_1054408,s3://osu-well-records-225989338968/pdfs/ExportedFolderContents_1/1923/05 - May/11101021_SAM RANDALL 3_1054408.pdf,1,1923,05 - May,early,1920s,grid,grid,not_detected,Grid image extraction failed: not_detected,failed,not_detected,,failed,not_found,,,,failed,keyword_not_found,,skipped,,,skipped,,,
11103550_READING 1_1054757,s3://osu-well-records-225989338968/pdfs/ExportedFolderContents_1/1923/05 - May/11103550_READING 1_1054757.pdf,1,1923,05 - May,early,1920s,grid,grid,not_detected,Grid image extraction failed: not_detected,failed,not_detected,,failed,not_found,,,,failed,exception,,skipped,,,skipped,,,
14706350_YOUNG 2_1414937,s3://osu-well-records-225989338968/pdfs/ExportedFolderContents_1/1923/05 - May/14706350_YOUNG 2_1414937.pdf,1,1923,05 - May,early,1920s,grid,grid,not_detected,Grid image extraction failed: not_detected,failed,not_detected,,done,,4,,18,failed,exception,,skipped,,,skipped,,,
14709392_J M BOREN 1_3882474,s3://osu-well-records-225989338968/pdfs/ExportedFolderContents_1/1923/05 - May/14709392_J M BOREN 1_3882474.pdf,1,1923,05 - May,early,1920s,grid,grid,not_detected,Grid image extraction failed: not_detected,failed,not_detected,,failed,not_found,,,,failed,keyword_not_found,,skipped,,,skipped,,,
35037008770000_GEORGIA TAYLOR 1_2005421,s3://osu-well-records-225989338968/pdfs/ExportedFolderContents_1/1923/05 - May/35037008770000_GEORGIA TAYLOR 1_2005421.pdf,1,1923,05 - May,early,1920s,grid,grid,not_detected,Grid image extraction failed: not_detected,failed,not_detected,,failed,not_found,,,,failed,keyword_not_found,,skipped,,,skipped,,,
35037031610000_EA & Mary C Davis_2005574,s3://osu-well-records-225989338968/pdfs/ExportedFolderContents_1/1923/05 - May/35037031610000_EA & Mary C Davis_2005574.pdf,1,1923,05 - May,early,1920s,grid,grid,not_detected,Grid image extraction failed: not_detected,failed,not_detected,,failed,not_found,,,,failed,exception,,skipped,,,skipped,,,
35037038700000_D CAROLINA 2_2005205,s3://osu-well-records-225989338968/pdfs/ExportedFolderContents_1/1923/05 - May/35037038700000_D CAROLINA 2_2005205.pdf,1,1923,05 - May,early,1920s,grid,grid,not_detected,Grid image extraction failed: not_detected,failed,not_detected,,failed,not_found,,,,failed,exception,,skipped,,,skipped,,,
35037052970000_SAMANTHA POST_2005301,s3://osu-well-records-225989338968/pdfs/ExportedFolderContents_1/1923/05 - May/35037052970000_SAMANTHA POST_2005301.pdf,1,1923,05 - May,early,1920s,grid,grid,not_detected,Grid image extraction failed: not_detected,failed,not_detected,,failed,not_found,,,,failed,exception,,skipped,,,skipped,,,
35037761450000_SAMPSON JAMES 1_2005226,s3://osu-well-records-225989338968/pdfs/ExportedFolderContents_1/1923/05 - May/35037761450000_SAMPSON JAMES 1_2005226.pdf,1,1923,05 - May,early,1920s,grid,grid,not_detected,Grid image extraction failed: not_detected,failed,not_detected,,failed,not_found,,,,failed,exception,,skipped,,,skipped,,,
35103030330000_LEE SHAWVER 30_8001871,s3://osu-well-records-225989338968/pdfs/ExportedFolderContents_1/1923/05 - May/35103030330000_LEE SHAWVER 30_8001871.pdf,1,1923,05 - May,early,1920s,grid,grid,not_detected,Grid image extraction failed: not_detected,failed,not_detected,,failed,not_found,,,,failed,exception,,skipped,,,skipped,,,
X_W.H. HALL 3_920685,s3://osu-well-records-225989338968/pdfs/ExportedFolderContents_1/1923/05 - May/X_W.H. HALL 3_920685.pdf,1,1923,05 - May,early,1920s,grid,grid,not_detected,Grid image extraction failed: not_detected,failed,not_detected,,failed,not_found,,,,failed,exception,,skipped,,,skipped,,,
00000000_No Data_1054993,s3://osu-well-records-225989338968/pdfs/ExportedFolderContents_1/1923/06 - June/00000000_No Data_1054993.pdf,1,1923,06 - June,early,1920s,grid,grid,not_detected,Grid image extraction failed: not_detected,failed,not_detected,,failed,not_found,,,,failed,exception,,skipped,,,skipped,,,
00000000_No Data_1055052,s3://osu-well-records-225989338968/pdfs/ExportedFolderContents_1/1923/06 - June/00000000_No Data_1055052.pdf,1,1923,06 - June,early,1920s,grid,grid,not_detected,Grid image extraction failed: not_detected,failed,not_detected,,failed,not_found,,,,failed,exception,,skipped,,,skipped,,,
13710524_MYRTLE DILLARD 7_920801,s3://osu-well-records-225989338968/pdfs/ExportedFolderContents_1/1923/06 - June/13710524_MYRTLE DILLARD 7_920801.pdf,1,1923,06 - June,early,1920s,grid,grid,not_detected,Grid image extraction failed: not_detected,failed,not_detected,,failed,not_found,,,,failed,exception,,skipped,,,skipped,,,
13711510_MARKS RUBY 2_920825,s3://osu-well-records-225989338968/pdfs/ExportedFolderContents_1/1923/06 - June/13711510_MARKS RUBY 2_920825.pdf,1,1923,06 - June,early,1920s,grid,grid,not_detected,Grid image extraction failed: not_detected,failed,not_detected,,failed,not_found,,,,failed,keyword_not_found,,skipped,,,skipped,,,
13712491_WIRT FRANKLIN 17_920818,s3://osu-well-records-225989338968/pdfs/ExportedFolderContents_1/1923/06 - June/13712491_WIRT FRANKLIN 17_920818.pdf,1,1923,06 - June,early,1920s,grid,grid,not_detected,Grid image extraction failed: not_detected,failed,not_detected,,failed,not_found,,,,failed,exception,,skipped,,,skipped,,,
13712696_CC WORRELL 3_920884,s3://osu-well-records-225989338968/pdfs/ExportedFolderContents_1/1923/06 - June/13712696_CC WORRELL 3_920884.pdf,1,1923,06 - June,early,1920s,grid,grid,not_detected,Grid image extraction failed: not_detected,failed,not_detected,,failed,not_found,,,,failed,keyword_not_found,,skipped,,,skipped,,,
13714140_MORGAN C 2_782352,s3://osu-well-records-225989338968/pdfs/ExportedFolderContents_1/1923/06 - June/13714140_MORGAN C 2_782352.pdf,1,1923,06 - June,early,1920s,grid,grid,not_detected,Grid image extraction failed: not_detected,failed,not_detected,,failed,not_found,,,,failed,exception,,skipped,,,skipped,,,
14300756_T GILCREASE 31_1055156,s3://osu-well-records-225989338968/pdfs/ExportedFolderContents_1/1923/06 - June/14300756_T GILCREASE 31_1055156.pdf,1,1923,06 - June,early,1920s,grid,grid,not_detected,Grid image extraction failed: not_detected,failed,not_detected,,failed,not_found,,,,failed,exception,,skipped,,,skipped,,,
14301826_THOMAS HULPUTTA 1_1055274,s3://osu-well-records-225989338968/pdfs/ExportedFolderContents_1/1923/06 - June/14301826_THOMAS HULPUTTA 1_1055274.pdf,1,1923,06 - June,early,1920s,grid,grid,not_detected,Grid image extraction failed: not_detected,failed,not_detected,,failed,not_found,,,,failed,keyword_not_found,,skipped,,,skipped,,,
14701367_LIZZIE WILSON 7_1415237,s3://osu-well-records-225989338968/pdfs/ExportedFolderContents_1/1923/06 - June/14701367_LIZZIE WILSON 7_1415237.pdf,1,1923,06 - June,early,1920s,grid,grid,not_detected,Grid image extraction failed: not_detected,failed,not_detected,,failed,not_found,,,,failed,keyword_not_found,,skipped,,,skipped,,,
14709718_EATON FEE 7-W_1415095,s3://osu-well-records-225989338968/pdfs/ExportedFolderContents_1/1923/06 - June/14709718_EATON FEE 7-W_1415095.pdf,1,1923,06 - June,early,1920s,grid,grid,not_detected,Grid image extraction failed: not_detected,failed,not_detected,,failed,not_found,,,,failed,keyword_not_found,,skipped,,,skipped,,,
35037035240000_VIVIAN MILES 9_2005679,s3://osu-well-records-225989338968/pdfs/ExportedFolderContents_1/1923/06 - June/35037035240000_VIVIAN MILES 9_2005679.pdf,1,1923,06 - June,early,1920s,grid,grid,not_detected,Grid image extraction failed: not_detected,failed,not_detected,,failed,not_found,,,,failed,keyword_not_found,,skipped,,,skipped,,,
3503703801_WILLIE WILDCAT_2005853,s3://osu-well-records-225989338968/pdfs/ExportedFolderContents_1/1923/06 - June/3503703801_WILLIE WILDCAT_2005853.pdf,1,1923,06 - June,early,1920s,grid,grid,not_detected,Grid image extraction failed: not_detected,failed,not_detected,,failed,not_found,,,,failed,exception,,skipped,,,skipped,,,
35037040770000_WM PETERS_2005843,s3://osu-well-records-225989338968/pdfs/ExportedFolderContents_1/1923/06 - June/35037040770000_WM PETERS_2005843.pdf,1,1923,06 - June,early,1920s,grid,grid,not_detected,Grid image extraction failed: not_detected,failed,not_detected,,failed,not_found,,,,failed,keyword_not_found,,skipped,,,skipped,,,
35037052960000_SAMANTHA POST_2005749,s3://osu-well-records-225989338968/pdfs/ExportedFolderContents_1/1923/06 - June/35037052960000_SAMANTHA POST_2005749.pdf,1,1923,06 - June,early,1920s,grid,grid,not_detected,Grid image extraction failed: not_detected,failed,not_detected,,failed,not_found,,,,failed,exception,,skipped,,,skipped,,,
35147013670000_LIZZIE WILSON 1_1385023,s3://osu-well-records-225989338968/pdfs/ExportedFolderContents_1/1923/06 - June/35147013670000_LIZZIE WILSON 1_1385023.pdf,1,1923,06 - June,early,1920s,grid,grid,not_detected,Grid image extraction failed: not_detected,failed,not_detected,,failed,not_found,,,,failed,keyword_not_found,,skipped,,,skipped,,,
35147013670000_LIZZIE WILSON 1_2289232,s3://osu-well-records-225989338968/pdfs/ExportedFolderContents_1/1923/06 - June/35147013670000_LIZZIE WILSON 1_2289232.pdf,1,1923,06 - June,early,1920s,grid,grid,not_detected,Grid image extraction failed: not_detected,failed,not_detected,,failed,not_found,,,,failed,keyword_not_found,,skipped,,,skipped,,,
X_CORA CASE 1_782365,s3://osu-well-records-225989338968/pdfs/ExportedFolderContents_1/1923/06 - June/X_CORA CASE 1_782365.pdf,1,1923,06 - June,early,1920s,grid,grid,not_detected,Grid image extraction failed: not_detected,failed,not_detected,,done,,17,4,,failed,keyword_not_found,,skipped,,,skipped,,,
X_HICKEY_1618450,s3://osu-well-records-225989338968/pdfs/ExportedFolderContents_1/1923/06 - June/X_HICKEY_1618450.pdf,1,1923,06 - June,early,1920s,grid,grid,not_detected,Grid image extraction failed: not_detected,failed,not_detected,,failed,not_found,,,,failed,exception,,skipped,,,skipped,,,
X_JONES 1_782383,s3://osu-well-records-225989338968/pdfs/ExportedFolderContents_1/1923/06 - June/X_JONES 1_782383.pdf,1,1923,06 - June,early,1920s,grid,grid,not_detected,Grid image extraction failed: not_detected,failed,not_detected,,failed,not_found,,,,failed,exception,,skipped,,,skipped,,,
X_OSAGE_2005933,s3://osu-well-records-225989338968/pdfs/ExportedFolderContents_1/1923/06 - June/X_OSAGE_2005933.pdf,1,1923,06 - June,early,1920s,grid,grid,not_detected,Grid image extraction failed: not_detected,failed,not_detected,,failed,not_found,,,,failed,keyword_not_found,,skipped,,,skipped,,,
07104008_MCDANIEL 8_1539628,s3://osu-well-records-225989338968/pdfs/ExportedFolderContents_1/1923/07 - July/07104008_MCDANIEL 8_1539628.pdf,1,1923,07 - July,early,1920s,grid,grid,not_detected,Grid image extraction failed: not_detected,failed,not_detected,,failed,not_found,,,,failed,keyword_not_found,,skipped,,,skipped,,,
07104188_MCKEE 33_1539654,s3://osu-well-records-225989338968/pdfs/ExportedFolderContents_1/1923/07 - July/07104188_MCKEE 33_1539654.pdf,1,1923,07 - July,early,1920s,grid,grid,not_detected,Grid image extraction failed: not_detected,failed,not_detected,,failed,not_found,,,,failed,keyword_not_found,,skipped,,,skipped,,,
10101238_H JAMES 2_1364615,s3://osu-well-records-225989338968/pdfs/ExportedFolderContents_1/1923/07 - July/10101238_H JAMES 2_1364615.pdf,1,1923,07 - July,early,1920s,grid,grid,not_detected,Grid image extraction failed: not_detected,failed,not_detected,,failed,not_found,,,,failed,exception,,skipped,,,skipped,,,
10303048_LEE SHAWVER 45_50900767,s3://osu-well-records-225989338968/pdfs/ExportedFolderContents_1/1923/07 - July/10303048_LEE SHAWVER 45_50900767.pdf,1,1923,07 - July,early,1920s,grid,grid,not_detected,Grid image extraction failed: not_detected,failed,not_detected,,done,,2,24N,,failed,exception,,skipped,,,skipped,,,
10303057_LEE SHAWVER 53_1539655,s3://osu-well-records-225989338968/pdfs/ExportedFolderContents_1/1923/07 - July/10303057_LEE SHAWVER 53_1539655.pdf,1,1923,07 - July,early,1920s,grid,grid,not_detected,Grid image extraction failed: not_detected,failed,not_detected,,failed,not_found,,,,failed,exception,,skipped,,,skipped,,,
10303132_CARMICHAEL 4-B_50976425,s3://osu-well-records-225989338968/pdfs/ExportedFolderContents_1/1923/07 - July/10303132_CARMICHAEL 4-B_50976425.pdf,1,1923,07 - July,early,1920s,grid,grid,not_detected,Grid image extraction failed: not_detected,failed,not_detected,,failed,not_found,,,,failed,exception,,skipped,,,skipped,,,
10700736_SCHKUEKAR 1_1055610,s3://osu-well-records-225989338968/pdfs/ExportedFolderContents_1/1923/07 - July/10700736_SCHKUEKAR 1_1055610.pdf,1,1923,07 - July,early,1920s,grid,grid,not_detected,Grid image extraction failed: not_detected,failed,not_detected,,failed,not_found,,,,failed,keyword_not_found,,skipped,,,skipped,,,
13713090_J W STEPHENS 14_920955,s3://osu-well-records-225989338968/pdfs/ExportedFolderContents_1/1923/07 - July/13713090_J W STEPHENS 14_920955.pdf,1,1923,07 - July,early,1920s,grid,grid,not_detected,Grid image extraction failed: not_detected,failed,not_detected,,failed,not_found,,,,failed,keyword_not_found,,skipped,,,skipped,,,
14300819_E CHARLEY 6-1 (E CHARLEY 1-A)_1415262,s3://osu-well-records-225989338968/pdfs/ExportedFolderContents_1/1923/07 - July/14300819_E CHARLEY 6-1 (E CHARLEY 1-A)_1415262.pdf,1,1923,07 - July,early,1920s,grid,grid,not_detected,Grid image extraction failed: not_detected,failed,not_detected,,failed,not_found,,,,failed,exception,,skipped,,,skipped,,,
14300975_E CHARLEY 6-8_1415259,s3://osu-well-records-225989338968/pdfs/ExportedFolderContents_1/1923/07 - July/14300975_E CHARLEY 6-8_1415259.pdf,1,1923,07 - July,early,1920s,grid,grid,not_detected,Grid image extraction failed: not_detected,failed,not_detected,,failed,not_found,,,,failed,exception,,skipped,,,skipped,,,
35037052950000_SAMANTHA POST_2006328,s3://osu-well-records-225989338968/pdfs/ExportedFolderContents_1/1923/07 - July/35037052950000_SAMANTHA POST_2006328.pdf,1,1923,07 - July,early,1920s,grid,grid,not_detected,Grid image extraction failed: not_detected,failed,not_detected,,failed,not_found,,,,failed,exception,,skipped,,,skipped,,,
35103028820000_BLUBAUGH 13_3148644,s3://osu-well-records-225989338968/pdfs/ExportedFolderContents_1/1923/07 - July/35103028820000_BLUBAUGH 13_3148644.pdf,1,1923,07 - July,early,1920s,grid,grid,not_detected,Grid image extraction failed: not_detected,failed,not_detected,,failed,not_found,,,,failed,exception,,skipped,,,skipped,,,
35103031540000_CARMICHAEL 12_3167717,s3://osu-well-records-225989338968/pdfs/ExportedFolderContents_1/1923/07 - July/35103031540000_CARMICHAEL 12_3167717.pdf,1,1923,07 - July,early,1920s,grid,grid,not_detected,Grid image extraction failed: not_detected,failed,not_detected,,failed,not_found,,,,failed,exception,,skipped,,,skipped,,,
00000000_No Data_1055771,s3://osu-well-records-225989338968/pdfs/ExportedFolderContents_1/1923/08 - August/00000000_No Data_1055771.pdf,1,1923,08 - August,early,1920s,grid,grid,not_detected,Grid image extraction failed: not_detected,failed,not_detected,,done,,,15,10,failed,exception,,skipped,,,skipped,,,
00000000_No Data_1055778,s3://osu-well-records-225989338968/pdfs/ExportedFolderContents_1/1923/08 - August/00000000_No Data_1055778.pdf,1,1923,08 - August,early,1920s,grid,grid,not_detected,Grid image extraction failed: not_detected,failed,not_detected,,done,,,15,10,failed,exception,,skipped,,,skipped,,,
01910697_MAY WALKER 1_920981,s3://osu-well-records-225989338968/pdfs/ExportedFolderContents_1/1923/08 - August/01910697_MAY WALKER 1_920981.pdf,1,1923,08 - August,early,1920s,grid,grid,not_detected,Grid image extraction failed: not_detected,failed,not_detected,,failed,not_found,,,,failed,exception,,skipped,,,skipped,,,
01912545_SAM BAPTISTE 17_516775,s3://osu-well-records-225989338968/pdfs/ExportedFolderContents_1/1923/08 - August/01912545_SAM BAPTISTE 17_516775.pdf,1,1923,08 - August,early,1920s,grid,grid,not_detected,Grid image extraction failed: not_detected,failed,not_detected,,failed,not_found,,,,failed,exception,,skipped,,,skipped,,,
03702438_HARPLEY JOHNSON 4_1055843,s3://osu-well-records-225989338968/pdfs/ExportedFolderContents_1/1923/08 - August/03702438_HARPLEY JOHNSON 4_1055843.pdf,1,1923,08 - August,early,1920s,grid,grid,not_detected,Grid image extraction failed: not_detected,failed,not_detected,,failed,not_found,,,,failed,exception,,skipped,,,skipped,,,
03706878_RENFRO 1_1055664,s3://osu-well-records-225989338968/pdfs/ExportedFolderContents_1/1923/08 - August/03706878_RENFRO 1_1055664.pdf,1,1923,08 - August,early,1920s,grid,grid,not_detected,Grid image extraction failed: not_detected,failed,not_detected,,done,,4,16N,9,failed,exception,,skipped,,,skipped,,,
04703029_HEIM 7_1539780,s3://osu-well-records-225989338968/pdfs/ExportedFolderContents_1/1923/08 - August/04703029_HEIM 7_1539780.pdf,1,1923,08 - August,early,1920s,grid,grid,not_detected,Grid image extraction failed: not_detected,failed,not_detected,,failed,not_found,,,,failed,exception,,skipped,,,skipped,,,
10303172_CARMICHAEL 18-A_50981293,s3://osu-well-records-225989338968/pdfs/ExportedFolderContents_1/1923/08 - August/10303172_CARMICHAEL 18-A_50981293.pdf,1,1923,08 - August,early,1920s,grid,grid,not_detected,Grid image extraction failed: not_detected,failed,not_detected,,failed,not_found,,,,failed,exception,,skipped,,,skipped,,,
10303182_J CARMICHAEL 22_50976084,s3://osu-well-records-225989338968/pdfs/ExportedFolderContents_1/1923/08 - August/10303182_J CARMICHAEL 22_50976084.pdf,1,1923,08 - August,early,1920s,grid,grid,not_detected,Grid image extraction failed: not_detected,failed,not_detected,,failed,not_found,,,,failed,exception,,skipped,,,skipped,,,
11103028_HILLMAN 4_1055668,s3://osu-well-records-225989338968/pdfs/ExportedFolderContents_1/1923/08 - August/11103028_HILLMAN 4_1055668.pdf,1,1923,08 - August,early,1920s,grid,grid,not_detected,Grid image extraction failed: not_detected,failed,not_detected,,failed,not_found,,,,failed,exception,,skipped,,,skipped,,,
11105511_No Data_1055697,s3://osu-well-records-225989338968/pdfs/ExportedFolderContents_1/1923/08 - August/11105511_No Data_1055697.pdf,1,1923,08 - August,early,1920s,grid,grid,not_detected,Grid image extraction failed: not_detected,failed,not_detected,,failed,not_found,,,,failed,keyword_not_found,,skipped,,,skipped,,,
11701475_J M BRANT 1_1256251,s3://osu-well-records-225989338968/pdfs/ExportedFolderContents_1/1923/08 - August/11701475_J M BRANT 1_1256251.pdf,1,1923,08 - August,early,1920s,grid,grid,not_detected,Grid image extraction failed: not_detected,failed,not_detected,,failed,not_found,,,,failed,keyword_not_found,,skipped,,,skipped,,,
11701532_VANDERVOORT 2_1055761,s3://osu-well-records-225989338968/pdfs/ExportedFolderContents_1/1923/08 - August/11701532_VANDERVOORT 2_1055761.pdf,1,1923,08 - August,early,1920s,grid,grid,not_detected,Grid image extraction failed: not_detected,failed,not_detected,,done,,1,20,6,failed,keyword_not_found,,skipped,,,skipped,,,
13701769_J W WILSON 14_5703805,s3://osu-well-records-225989338968/pdfs/ExportedFolderContents_1/1923/08 - August/13701769_J W WILSON 14_5703805.pdf,1,1923,08 - August,early,1920s,grid,grid,not_detected,Grid image extraction failed: not_detected,failed,not_detected,,failed,not_found,,,,failed,exception,,skipped,,,skipped,,,
13710622_J W WILSON 13_5703873,s3://osu-well-records-225989338968/pdfs/ExportedFolderContents_1/1923/08 - August/13710622_J W WILSON 13_5703873.pdf,1,1923,08 - August,early,1920s,grid,grid,not_detected,Grid image extraction failed: not_detected,failed,not_detected,,failed,not_found,,,,failed,exception,,skipped,,,skipped,,,
13710632_J W WILSON 2-DD_5703884,s3://osu-well-records-225989338968/pdfs/ExportedFolderContents_1/1923/08 - August/13710632_J W WILSON 2-DD_5703884.pdf,1,1923,08 - August,early,1920s,grid,grid,not_detected,Grid image extraction failed: not_detected,failed,not_detected,,failed,not_found,,,,failed,exception,,skipped,,,skipped,,,
14300813_E CHARLEY 6-3_1415374,s3://osu-well-records-225989338968/pdfs/ExportedFolderContents_1/1923/08 - August/14300813_E CHARLEY 6-3_1415374.pdf,1,1923,08 - August,early,1920s,grid,grid,not_detected,Grid image extraction failed: not_detected,failed,not_detected,,failed,not_found,,,,failed,exception,,skipped,,,skipped,,,
14300815_E CHARLEY 6-10_1415377,s3://osu-well-records-225989338968/pdfs/ExportedFolderContents_1/1923/08 - August/14300815_E CHARLEY 6-10_1415377.pdf,1,1923,08 - August,early,1920s,grid,grid,not_detected,Grid image extraction failed: not_detected,failed,not_detected,,failed,not_found,,,,failed,exception,,skipped,,,skipped,,,
14303789_REBER 3_1055809,s3://osu-well-records-225989338968/pdfs/ExportedFolderContents_1/1923/08 - August/14303789_REBER 3_1055809.pdf,1,1923,08 - August,early,1920s,grid,grid,not_detected,Grid image extraction failed: not_detected,failed,not_detected,,failed,not_found,,,,failed,exception,,skipped,,,skipped,,,
14376200_T GILCREASE 19_1055739,s3://osu-well-records-225989338968/pdfs/ExportedFolderContents_1/1923/08 - August/14376200_T GILCREASE 19_1055739.pdf,1,1923,08 - August,early,1920s,grid,grid,not_detected,Grid image extraction failed: not_detected,failed,not_detected,,failed,not_found,,,,failed,keyword_not_found,,skipped,,,skipped,,,
14502253_NEWTON 1_1364654,s3://osu-well-records-225989338968/pdfs/ExportedFolderContents_1/1923/08 - August/14502253_NEWTON 1_1364654.pdf,1,1923,08 - August,early,1920s,grid,grid,not_detected,Grid image extraction failed: not_detected,failed,not_detected,,failed,not_found,,,,failed,keyword_not_found,,skipped,,,skipped,,,
14502414_MORRISETT 1_1364655,s3://osu-well-records-225989338968/pdfs/ExportedFolderContents_1/1923/08 - August/14502414_MORRISETT 1_1364655.pdf,1,1923,08 - August,early,1920s,grid,grid,not_detected,Grid image extraction failed: not_detected,failed,not_detected,,failed,not_found,,,,failed,keyword_not_found,,skipped,,,skipped,,,
14504255_SETTY APUEKA 2_1395241,s3://osu-well-records-225989338968/pdfs/ExportedFolderContents_1/1923/08 - August/14504255_SETTY APUEKA 2_1395241.pdf,1,1923,08 - August,early,1920s,grid,grid,not_detected,Grid image extraction failed: not_detected,failed,not_detected,,failed,not_found,,,,failed,exception,,skipped,,,skipped,,,
03704029_C F WASSON 1_1055872,s3://osu-well-records-225989338968/pdfs/ExportedFolderContents_1/1923/09 - September/03704029_C F WASSON 1_1055872.pdf,1,1923,09 - September,early,1920s,grid,grid,not_detected,Grid image extraction failed: not_detected,failed,not_detected,,failed,not_found,,,,failed,exception,,skipped,,,skipped,,,
13712300_TONEY-FRENSLEY 1-DD_921063,s3://osu-well-records-225989338968/pdfs/ExportedFolderContents_1/1923/09 - September/13712300_TONEY-FRENSLEY 1-DD_921063.pdf,1,1923,09 - September,early,1920s,grid,grid,not_detected,Grid image extraction failed: not_detected,failed,not_detected,,failed,not_found,,,,failed,exception,,skipped,,,skipped,,,
35079002110000_F L HOLTON 37_1443132,s3://osu-well-records-225989338968/pdfs/ExportedFolderContents_1/1923/09 - September/35079002110000_F L HOLTON 37_1443132.pdf,1,1923,09 - September,early,1920s,grid,grid,not_detected,Grid image extraction failed: not_detected,failed,not_detected,,failed,not_found,,,,failed,exception,,skipped,,,skipped,,,
35097001870000_T J RIX 1_2364861,s3://osu-well-records-225989338968/pdfs/ExportedFolderContents_1/1923/09 - September/35097001870000_T J RIX 1_2364861.pdf,1,1923,09 - September,early,1920s,grid,grid,not_detected,Grid image extraction failed: not_detected,failed,not_detected,,failed,not_found,,,,failed,keyword_not_found,,skipped,,,skipped,,,
35103032150000_P RUZEK 14_8002793,s3://osu-well-records-225989338968/pdfs/ExportedFolderContents_1/1923/09 - September/35103032150000_P RUZEK 14_8002793.pdf,1,1923,09 - September,early,1920s,grid,grid,not_detected,Grid image extraction failed: not_detected,failed,not_detected,,failed,not_found,,,,failed,exception,,skipped,,,skipped,,,
X_No Data_2006652,s3://osu-well-records-225989338968/pdfs/ExportedFolderContents_1/1923/09 - September/X_No Data_2006652.pdf,1,1923,09 - September,early,1920s,grid,grid,not_detected,Grid image extraction failed: not_detected,failed,not_detected,,failed,not_found,,,,failed,keyword_not_found,,skipped,,,skipped,,,
X_No Data_2465277,s3://osu-well-records-225989338968/pdfs/ExportedFolderContents_1/1923/09 - September/X_No Data_2465277.pdf,1,1923,09 - September,early,1920s,grid,grid,not_detected,Grid image extraction failed: not_detected,failed,not_detected,,failed,not_found,,,,failed,keyword_not_found,,skipped,,,skipped,,,
10303187_CARMICHAEL 24-A_50981324,s3://osu-well-records-225989338968/pdfs/ExportedFolderContents_1/1923/11 - November/10303187_CARMICHAEL 24-A_50981324.pdf,1,1923,11 - November,early,1920s,grid,grid,not_detected,Grid image extraction failed: not_detected,failed,not_detected,,failed,not_found,,,,failed,exception,,skipped,,,skipped,,,
10502037_ROBERTS 1_1618669,s3://osu-well-records-225989338968/pdfs/ExportedFolderContents_1/1923/11 - November/10502037_ROBERTS 1_1618669.pdf,1,1923,11 - November,early,1920s,grid,grid,not_detected,Grid image extraction failed: not_detected,failed,not_detected,,failed,not_found,,,,failed,keyword_not_found,,skipped,,,skipped,,,
10704739_ANNIE KIYER 1_1056234,s3://osu-well-records-225989338968/pdfs/ExportedFolderContents_1/1923/11 - November/10704739_ANNIE KIYER 1_1056234.pdf,1,1923,11 - November,early,1920s,grid,grid,not_detected,Grid image extraction failed: not_detected,failed,not_detected,,failed,not_found,,,,failed,api_error,,skipped,,,skipped,,,
13306979_BETSEY FOSTER 6_589735,s3://osu-well-records-225989338968/pdfs/ExportedFolderContents_1/1923/11 - November/13306979_BETSEY FOSTER 6_589735.pdf,1,1923,11 - November,early,1920s,grid,grid,not_detected,Grid image extraction failed: not_detected,failed,not_detected,,failed,not_found,,,,failed,exception,,skipped,,,skipped,,,
35101025250000_BOROVETZ_2364948,s3://osu-well-records-225989338968/pdfs/ExportedFolderContents_1/1923/11 - November/35101025250000_BOROVETZ_2364948.pdf,1,1923,11 - November,early,1920s,grid,grid,not_detected,Grid image extraction failed: not_detected,failed,not_detected,,failed,not_found,,,,failed,exception,,skipped,,,skipped,,,
01910980_PALMER 7_921237,s3://osu-well-records-225989338968/pdfs/ExportedFolderContents_1/1923/12 - December/01910980_PALMER 7_921237.pdf,1,1923,12 - December,early,1920s,grid,grid,not_detected,Grid image extraction failed: not_detected,failed,not_detected,,failed,not_found,,,,failed,keyword_not_found,,skipped,,,skipped,,,
03703760_W BEAVER 2_1056315,s3://osu-well-records-225989338968/pdfs/ExportedFolderContents_1/1923/12 - December/03703760_W BEAVER 2_1056315.pdf,1,1923,12 - December,early,1920s,grid,grid,not_detected,Grid image extraction failed: not_detected,failed,not_detected,,failed,not_found,,,,failed,keyword_not_found,,skipped,,,skipped,,,
04901010_T PERNELL 5 ACCOUNT 1_782521,s3://osu-well-records-225989338968/pdfs/ExportedFolderContents_1/1923/12 - December/04901010_T PERNELL 5 ACCOUNT 1_782521.pdf,1,1923,12 - December,early,1920s,grid,grid,not_detected,Grid image extraction failed: not_detected,failed,not_detected,,failed,not_found,,,,failed,keyword_not_found,,skipped,,,skipped,,,
05300366_SNOUFFER 1_1540023,s3://osu-well-records-225989338968/pdfs/ExportedFolderContents_1/1923/12 - December/05300366_SNOUFFER 1_1540023.pdf,1,1923,12 - December,early,1920s,grid,grid,not_detected,Grid image extraction failed: not_detected,failed,not_detected,,failed,not_found,,,,failed,keyword_not_found,,skipped,,,skipped,,,
07103061_I M CLUBB W-02_1056363,s3://osu-well-records-225989338968/pdfs/ExportedFolderContents_1/1923/12 - December/07103061_I M CLUBB W-02_1056363.pdf,1,1923,12 - December,early,1920s,grid,grid,not_detected,Grid image extraction failed: not_detected,failed,not_detected,,failed,not_found,,,,failed,exception,,skipped,,,skipped,,,
13320915_CULLEY 2_683164,s3://osu-well-records-225989338968/pdfs/ExportedFolderContents_10/1990/02 - February/13320915_CULLEY 2_683164.pdf,10,1990,02 - February,mid,1990s,grid,grid,not_detected,Grid image extraction failed: not_detected,failed,not_detected,,done,,,,,done,,Seminole County,skipped,,,skipped,,,
13322681_HARJO 4_683257,s3://osu-well-records-225989338968/pdfs/ExportedFolderContents_10/1990/02 - February/13322681_HARJO 4_683257.pdf,10,1990,02 - February,mid,1990s,grid,grid,not_detected,Grid image extraction failed: not_detected,failed,not_detected,,failed,not_found,,,,done,,Seminole County,skipped,,,skipped,,,
13323793_JILL 1-12_683134,s3://osu-well-records-225989338968/pdfs/ExportedFolderContents_10/1990/02 - February/13323793_JILL 1-12_683134.pdf,10,1990,02 - February,mid,1990s,grid,grid,not_detected,Grid image extraction failed: not_detected,failed,not_detected,,failed,not_found,,,,done,,Seminole County,skipped,,,skipped,,,
13323815_TROY 1_683166,s3://osu-well-records-225989338968/pdfs/ExportedFolderContents_10/1990/02 - February/13323815_TROY 1_683166.pdf,10,1990,02 - February,mid,1990s,grid,grid,not_detected,Grid image extraction failed: not_detected,failed,not_detected,,failed,not_found,,,,done,,Seminole County,skipped,,,skipped,,,
13703773B_FRENSLEY J-17_984886,s3://osu-well-records-225989338968/pdfs/ExportedFolderContents_10/1990/02 - February/13703773B_FRENSLEY J-17_984886.pdf,10,1990,02 - February,mid,1990s,grid,grid,not_detected,Grid image extraction failed: not_detected,failed,not_detected,,failed,not_found,,,,done,,Stephens County,skipped,,,skipped,,,
13709358_DOYLE UNIT 12-2_839257,s3://osu-well-records-225989338968/pdfs/ExportedFolderContents_10/1990/02 - February/13709358_DOYLE UNIT 12-2_839257.pdf,10,1990,02 - February,mid,1990s,grid,grid,not_detected,Grid image extraction failed: not_detected,failed,not_detected,,failed,not_found,,,,done,,Stephens County,skipped,,,skipped,,,
13721799A_E VELMA W BLOCK SIMS SAND UNIT 421_5647942,s3://osu-well-records-225989338968/pdfs/ExportedFolderContents_10/1990/02 - February/13721799A_E VELMA W BLOCK SIMS SAND UNIT 421_5647942.pdf,10,1990,02 - February,mid,1990s,grid,grid,not_detected,Grid image extraction failed: not_detected,failed,not_detected,,failed,not_found,,,,done,,Stephens County,skipped,,,skipped,,,
13724816_GRAY 1-22_839342,s3://osu-well-records-225989338968/pdfs/ExportedFolderContents_10/1990/02 - February/13724816_GRAY 1-22_839342.pdf,10,1990,02 - February,mid,1990s,grid,grid,not_detected,Grid image extraction failed: not_detected,failed,not_detected,,failed,not_found,,,,done,,Stephens County,skipped,,,skipped,,,
13724822_E VELMA W BLOCK SIMS SAND UNIT 309_984879,s3://osu-well-records-225989338968/pdfs/ExportedFolderContents_10/1990/02 - February/13724822_E VELMA W BLOCK SIMS SAND UNIT 309_984879.pdf,10,1990,02 - February,mid,1990s,grid,grid,not_detected,Grid image extraction failed: not_detected,failed,not_detected,,failed,not_found,,,,done,,Stephens County,skipped,,,skipped,,,
13724828_E VELMA W BLOCK SIMS SAND UNIT 310_984862,s3://osu-well-records-225989338968/pdfs/ExportedFolderContents_10/1990/02 - February/13724828_E VELMA W BLOCK SIMS SAND UNIT 310_984862.pdf,10,1990,02 - February,mid,1990s,grid,grid,not_detected,Grid image extraction failed: not_detected,failed,not_detected,,done,,,,,done,,Stephens County,skipped,,,skipped,,,
13724838_STEPP 1-17_984868,s3://osu-well-records-225989338968/pdfs/ExportedFolderContents_10/1990/02 - February/13724838_STEPP 1-17_984868.pdf,10,1990,02 - February,mid,1990s,grid,grid,not_detected,Grid image extraction failed: not_detected,failed,not_detected,,done,not_found,9,9,,done,,Stephens County,skipped,,,skipped,,,
13724850_DAVIS 1-14_839328,s3://osu-well-records-225989338968/pdfs/ExportedFolderContents_10/1990/02 - February/13724850_DAVIS 1-14_839328.pdf,10,1990,02 - February,mid,1990s,grid,grid,not_detected,Grid image extraction failed: not_detected,failed,not_detected,,failed,not_found,,,,done,,Stephens County,skipped,,,skipped,,,
13724858_LULA SIMS 1-A_984781,s3://osu-well-records-225989338968/pdfs/ExportedFolderContents_10/1990/02 - February/13724858_LULA SIMS 1-A_984781.pdf,10,1990,02 - February,mid,1990s,grid,grid,not_detected,Grid image extraction failed: not_detected,failed,not_detected,,failed,not_found,,,,done,,Stephens County,skipped,,,skipped,,,
13724858_LULA SIMS 1-A_984810,s3://osu-well-records-225989338968/pdfs/ExportedFolderContents_10/1990/02 - February/13724858_LULA SIMS 1-A_984810.pdf,10,1990,02 - February,mid,1990s,grid,grid,not_detected,Grid image extraction failed: not_detected,failed,not_detected,,failed,not_found,,,,done,,Stephens County,skipped,,,skipped,,,
13724864_WYATT B-1_839388,s3://osu-well-records-225989338968/pdfs/ExportedFolderContents_10/1990/02 - February/13724864_WYATT B-1_839388.pdf,10,1990,02 - February,mid,1990s,grid,grid,not_detected,Grid image extraction failed: not_detected,failed,not_detected,,done,,,,,done,,Stephens County,skipped,,,skipped,,,
13922309_HITCH A-2_754702,s3://osu-well-records-225989338968/pdfs/ExportedFolderContents_10/1990/02 - February/13922309_HITCH A-2_754702.pdf,10,1990,02 - February,mid,1990s,grid,grid,not_detected,Grid image extraction failed: not_detected,failed,not_detected,,failed,not_found,,,,done,,Texas County,skipped,,,skipped,,,
13922315_BILL 1-30_754749,s3://osu-well-records-225989338968/pdfs/ExportedFolderContents_10/1990/02 - February/13922315_BILL 1-30_754749.pdf,10,1990,02 - February,mid,1990s,grid,grid,not_detected,Grid image extraction failed: not_detected,failed,not_detected,,done,,,,,done,,Texas County,skipped,,,skipped,,,
139223160003_NW FLATS TR 9 11_500219181,s3://osu-well-records-225989338968/pdfs/ExportedFolderContents_10/1990/02 - February/139223160003_NW FLATS TR 9 11_500219181.pdf,10,1990,02 - February,mid,1990s,grid,grid,not_detected,Grid image extraction failed: not_detected,failed,not_detected,,done,,,6N,11E,failed,exception,,skipped,,,skipped,,,
14321664_JENNY MURRAY 8-A_1518986,s3://osu-well-records-225989338968/pdfs/ExportedFolderContents_10/1990/02 - February/14321664_JENNY MURRAY 8-A_1518986.pdf,10,1990,02 - February,mid,1990s,grid,grid,not_detected,Grid image extraction failed: not_detected,failed,not_detected,,failed,not_found,,,,done,,Tulsa County,skipped,,,skipped,,,
14323797_JENNY MURRAY 4_1518308,s3://osu-well-records-225989338968/pdfs/ExportedFolderContents_10/1990/02 - February/14323797_JENNY MURRAY 4_1518308.pdf,10,1990,02 - February,mid,1990s,grid,grid,not_detected,Grid image extraction failed: not_detected,failed,not_detected,,done,not_found,,2,13E,done,,Tulsa County,skipped,,,skipped,,,
14323798_JENNY MURRAY 5_1519363,s3://osu-well-records-225989338968/pdfs/ExportedFolderContents_10/1990/02 - February/14323798_JENNY MURRAY 5_1519363.pdf,10,1990,02 - February,mid,1990s,grid,grid,not_detected,Grid image extraction failed: not_detected,failed,not_detected,,failed,not_found,,,,done,,Tulsa County,skipped,,,skipped,,,
14522745_HALL B-1_2716923,s3://osu-well-records-225989338968/pdfs/ExportedFolderContents_10/1990/02 - February/14522745_HALL B-1_2716923.pdf,10,1990,02 - February,mid,1990s,grid,grid,not_detected,Grid image extraction failed: not_detected,failed,not_detected,,done,,,,,failed,exception,,skipped,,,skipped,,,
14726194_TYLER-DANCER 2 5_1514259,s3://osu-well-records-225989338968/pdfs/ExportedFolderContents_10/1990/02 - February/14726194_TYLER-DANCER 2 5_1514259.pdf,10,1990,02 - February,mid,1990s,grid,grid,not_detected,Grid image extraction failed: not_detected,failed,not_detected,,failed,not_found,,,,done,,Washington County,skipped,,,skipped,,,
14726194_TYLER-DANCER 2 5_1514260,s3://osu-well-records-225989338968/pdfs/ExportedFolderContents_10/1990/02 - February/14726194_TYLER-DANCER 2 5_1514260.pdf,10,1990,02 - February,mid,1990s,grid,grid,not_detected,Grid image extraction failed: not_detected,failed,not_detected,,failed,not_found,,,,done,,Washington County,skipped,,,skipped,,,
14726195_TYLER-DANCER 2 6_1514252,s3://osu-well-records-225989338968/pdfs/ExportedFolderContents_10/1990/02 - February/14726195_TYLER-DANCER 2 6_1514252.pdf,10,1990,02 - February,mid,1990s,grid,grid,not_detected,Grid image extraction failed: not_detected,failed,not_detected,,failed,not_found,,,,done,,Washington County,skipped,,,skipped,,,
14726195_TYLER-DANCER 2 6_1514255,s3://osu-well-records-225989338968/pdfs/ExportedFolderContents_10/1990/02 - February/14726195_TYLER-DANCER 2 6_1514255.pdf,10,1990,02 - February,mid,1990s,grid,grid,not_detected,Grid image extraction failed: not_detected,failed,not_detected,,failed,not_found,,,,done,,Washington County,skipped,,,skipped,,,
15100150_WAGNER ESTATE 1_1585710,s3://osu-well-records-225989338968/pdfs/ExportedFolderContents_10/1990/02 - February/15100150_WAGNER ESTATE 1_1585710.pdf,10,1990,02 - February,mid,1990s,grid,grid,not_detected,Grid image extraction failed: not_detected,failed,not_detected,,done,not_found,,11,13W,done,,Woods County,skipped,,,skipped,,,
15121811_GERTRUDE 1-1_1701987,s3://osu-well-records-225989338968/pdfs/ExportedFolderContents_10/1990/02 - February/15121811_GERTRUDE 1-1_1701987.pdf,10,1990,02 - February,mid,1990s,grid,grid,not_detected,Grid image extraction failed: not_detected,failed,not_detected,,done,,,,,done,,Woods County,skipped,,,skipped,,,
00321332_LEAMON 3_1585916,s3://osu-well-records-225989338968/pdfs/ExportedFolderContents_10/1990/03 - March/00321332_LEAMON 3_1585916.pdf,10,1990,03 - March,mid,1990s,grid,grid,not_detected,Grid image extraction failed: not_detected,failed,not_detected,,failed,not_found,,,,failed,exception,,skipped,exception,,skipped,exception,,
00321350_USF&G FELLERS 1_1585915,s3://osu-well-records-225989338968/pdfs/ExportedFolderContents_10/1990/03 - March/00321350_USF&G FELLERS 1_1585915.pdf,10,1990,03 - March,mid,1990s,grid,grid,not_detected,Grid image extraction failed: not_detected,failed,not_detected,,failed,not_found,,,,done,,Alfalfa County,skipped,,,skipped,,,
00321366_USF&G MILLER 1-24_1585938,s3://osu-well-records-225989338968/pdfs/ExportedFolderContents_10/1990/03 - March/00321366_USF&G MILLER 1-24_1585938.pdf,10,1990,03 - March,mid,1990s,grid,grid,not_detected,Grid image extraction failed: not_detected,failed,not_detected,,failed,not_found,,,,done,,Alfalfa County,skipped,,,skipped,,,
00722262A_DANIEL STRICKLAND 1_754907,s3://osu-well-records-225989338968/pdfs/ExportedFolderContents_10/1990/03 - March/00722262A_DANIEL STRICKLAND 1_754907.pdf,10,1990,03 - March,mid,1990s,grid,grid,not_detected,Grid image extraction failed: not_detected,failed,not_detected,,failed,not_found,,,,done,,Beaver County,skipped,,,skipped,,,
00722434_HAUTH 1-21_754791,s3://osu-well-records-225989338968/pdfs/ExportedFolderContents_10/1990/03 - March/00722434_HAUTH 1-21_754791.pdf,10,1990,03 - March,mid,1990s,grid,grid,not_detected,Grid image extraction failed: not_detected,failed,not_detected,,failed,not_found,,,,done,,Beaver County,skipped,,,skipped,,,
00722819_STANLEY BARBY 1-13_754882,s3://osu-well-records-225989338968/pdfs/ExportedFolderContents_10/1990/03 - March/00722819_STANLEY BARBY 1-13_754882.pdf,10,1990,03 - March,mid,1990s,grid,grid,not_detected,Grid image extraction failed: not_detected,failed,not_detected,,failed,not_found,,,,done,,Beaver County,skipped,,,skipped,,,
00723631_MARIE 2-35_754816,s3://osu-well-records-225989338968/pdfs/ExportedFolderContents_10/1990/03 - March/00723631_MARIE 2-35_754816.pdf,10,1990,03 - March,mid,1990s,grid,grid,not_detected,Grid image extraction failed: not_detected,failed,not_detected,,done,,,,,done,,Beaver County,skipped,,,skipped,,,
00723646_COLE 34-1_754814,s3://osu-well-records-225989338968/pdfs/ExportedFolderContents_10/1990/03 - March/00723646_COLE 34-1_754814.pdf,10,1990,03 - March,mid,1990s,grid,grid,not_detected,Grid image extraction failed: not_detected,failed,not_detected,,done,,,,,done,,Beaver County,skipped,,,skipped,,,
00723661_GULF COAST 2_754893,s3://osu-well-records-225989338968/pdfs/ExportedFolderContents_10/1990/03 - March/00723661_GULF COAST 2_754893.pdf,10,1990,03 - March,mid,1990s,grid,grid,not_detected,Grid image extraction failed: not_detected,failed,not_detected,,failed,not_found,,,,done,,Beaver County,skipped,,,skipped,,,
00723665_BARBY 222_754844,s3://osu-well-records-225989338968/pdfs/ExportedFolderContents_10/1990/03 - March/00723665_BARBY 222_754844.pdf,10,1990,03 - March,mid,1990s,grid,grid,not_detected,Grid image extraction failed: not_detected,failed,not_detected,,failed,not_found,,,,failed,exception,,skipped,,,skipped,,,
00723667_STAPP 1A-16_754892,s3://osu-well-records-225989338968/pdfs/ExportedFolderContents_10/1990/03 - March/00723667_STAPP 1A-16_754892.pdf,10,1990,03 - March,mid,1990s,grid,grid,not_detected,Grid image extraction failed: not_detected,failed,not_detected,,failed,not_found,,,,done,,Beaver County,skipped,,,skipped,,,
00723670_PARK AVENUE 31-1_754910,s3://osu-well-records-225989338968/pdfs/ExportedFolderContents_10/1990/03 - March/00723670_PARK AVENUE 31-1_754910.pdf,10,1990,03 - March,mid,1990s,grid,grid,not_detected,Grid image extraction failed: not_detected,failed,not_detected,,failed,not_found,,,,done,,Beaver County,skipped,,,skipped,,,
00723671_WILSON 1-29_754851,s3://osu-well-records-225989338968/pdfs/ExportedFolderContents_10/1990/03 - March/00723671_WILSON 1-29_754851.pdf,10,1990,03 - March,mid,1990s,grid,grid,not_detected,Grid image extraction failed: not_detected,failed,not_detected,,failed,not_found,,,,done,,Beaver County,skipped,,,skipped,,,
00723671_WILSON 1-29_754854,s3://osu-well-records-225989338968/pdfs/ExportedFolderContents_10/1990/03 - March/00723671_WILSON 1-29_754854.pdf,10,1990,03 - March,mid,1990s,grid,grid,not_detected,Grid image extraction failed: not_detected,failed,not_detected,,failed,not_found,,,,done,,Beaver County,skipped,,,skipped,,,
00920781_ROBINSON 3_903045,s3://osu-well-records-225989338968/pdfs/ExportedFolderContents_10/1990/03 - March/00920781_ROBINSON 3_903045.pdf,10,1990,03 - March,mid,1990s,grid,grid,not_detected,Grid image extraction failed: not_detected,failed,not_detected,,failed,not_found,,,,done,,Beckham County,skipped,,,skipped,,,
00920781_ROBINSON 3_903047,s3://osu-well-records-225989338968/pdfs/ExportedFolderContents_10/1990/03 - March/00920781_ROBINSON 3_903047.pdf,10,1990,03 - March,mid,1990s,grid,grid,not_detected,Grid image extraction failed: not_detected,failed,not_detected,,done,,,,,done,,Beckham County,skipped,,,skipped,,,
00920817_BRUNER 2-33_493361,s3://osu-well-records-225989338968/pdfs/ExportedFolderContents_10/1990/03 - March/00920817_BRUNER 2-33_493361.pdf,10,1990,03 - March,mid,1990s,grid,grid,not_detected,Grid image extraction failed: not_detected,failed,not_detected,,done,,,,,done,,Beckham County,skipped,,,skipped,,,
00920858_EVERITT LONG GAS UNIT 4_903051,s3://osu-well-records-225989338968/pdfs/ExportedFolderContents_10/1990/03 - March/00920858_EVERITT LONG GAS UNIT 4_903051.pdf,10,1990,03 - March,mid,1990s,grid,grid,not_detected,Grid image extraction failed: not_detected,failed,not_detected,,failed,not_found,,,,done,,Beckham County,skipped,,,skipped,,,
00920886_CUPP D-4_903004,s3://osu-well-records-225989338968/pdfs/ExportedFolderContents_10/1990/03 - March/00920886_CUPP D-4_903004.pdf,10,1990,03 - March,mid,1990s,grid,grid,not_detected,Grid image extraction failed: not_detected,failed,not_detected,,failed,not_found,,,,done,,Beckham County,skipped,,,skipped,,,
00920886_CUPP D-4_903008,s3://osu-well-records-225989338968/pdfs/ExportedFolderContents_10/1990/03 - March/00920886_CUPP D-4_903008.pdf,10,1990,03 - March,mid,1990s,grid,grid,not_detected,Grid image extraction failed: not_detected,failed,not_detected,,failed,not_found,,,,done,,Beckham County,skipped,,,skipped,,,
00920888_TERRY 1-32_508490,s3://osu-well-records-225989338968/pdfs/ExportedFolderContents_10/1990/03 - March/00920888_TERRY 1-32_508490.pdf,10,1990,03 - March,mid,1990s,grid,grid,not_detected,Grid image extraction failed: not_detected,failed,not_detected,,done,,,,,done,,Beckham County,skipped,,,skipped,,,
00920893_DONNIE JOHNSON 1-1_903059,s3://osu-well-records-225989338968/pdfs/ExportedFolderContents_10/1990/03 - March/00920893_DONNIE JOHNSON 1-1_903059.pdf,10,1990,03 - March,mid,1990s,grid,grid,not_detected,Grid image extraction failed: not_detected,failed,not_detected,,failed,not_found,,,,done,,Beckham County,skipped,,,skipped,,,
00920893_DONNIE JOHNSON 1-1_903062,s3://osu-well-records-225989338968/pdfs/ExportedFolderContents_10/1990/03 - March/00920893_DONNIE JOHNSON 1-1_903062.pdf,10,1990,03 - March,mid,1990s,grid,grid,not_detected,Grid image extraction failed: not_detected,failed,not_detected,,failed,not_found,,,,done,,Beckham County,skipped,,,skipped,,,
01122164_CHRISTENSEN UNIT B-1_1317809,s3://osu-well-records-225989338968/pdfs/ExportedFolderContents_10/1990/03 - March/01122164_CHRISTENSEN UNIT B-1_1317809.pdf,10,1990,03 - March,mid,1990s,grid,grid,not_detected,Grid image extraction failed: not_detected,failed,not_detected,,failed,not_found,,,,done,,Blaine County,skipped,,,skipped,,,
01122199_RHODES UNIT B-1_1317840,s3://osu-well-records-225989338968/pdfs/ExportedFolderContents_10/1990/03 - March/01122199_RHODES UNIT B-1_1317840.pdf,10,1990,03 - March,mid,1990s,grid,grid,not_detected,Grid image extraction failed: not_detected,failed,not_detected,,failed,not_found,,,,done,,Blaine County,skipped,,,skipped,,,
01122414_COE 1_1317751,s3://osu-well-records-225989338968/pdfs/ExportedFolderContents_10/1990/03 - March/01122414_COE 1_1317751.pdf,10,1990,03 - March,mid,1990s,grid,grid,not_detected,Grid image extraction failed: not_detected,failed,not_detected,,done,,,,,done,,Blaine County,skipped,,,skipped,,,
01122433_HAIGLER UNIT 1_1317817,s3://osu-well-records-225989338968/pdfs/ExportedFolderContents_10/1990/03 - March/01122433_HAIGLER UNIT 1_1317817.pdf,10,1990,03 - March,mid,1990s,grid,grid,not_detected,Grid image extraction failed: not_detected,failed,not_detected,,failed,not_found,,,,done,,Blaine County,skipped,,,skipped,,,
01122446_SCHROEDER 1-26_1317690,s3://osu-well-records-225989338968/pdfs/ExportedFolderContents_10/1990/03 - March/01122446_SCHROEDER 1-26_1317690.pdf,10,1990,03 - March,mid,1990s,grid,grid,not_detected,Grid image extraction failed: not_detected,failed,not_detected,,done,,,,,done,,Blaine County,skipped,,,skipped,,,
01320109_CADDELL 1_547120,s3://osu-well-records-225989338968/pdfs/ExportedFolderContents_10/1990/03 - March/01320109_CADDELL 1_547120.pdf,10,1990,03 - March,mid,1990s,grid,grid,not_detected,Grid image extraction failed: not_detected,failed,not_detected,,failed,not_found,,,,done,,Bryan County,skipped,,,skipped,,,
01522067_SMITH 2-2_839443,s3://osu-well-records-225989338968/pdfs/ExportedFolderContents_10/1990/03 - March/01522067_SMITH 2-2_839443.pdf,10,1990,03 - March,mid,1990s,grid,grid,not_detected,Grid image extraction failed: not_detected,failed,not_detected,,failed,not_found,,,,done,,Caddo County,skipped,,,skipped,,,
01522067_SMITH 2-2_839445,s3://osu-well-records-225989338968/pdfs/ExportedFolderContents_10/1990/03 - March/01522067_SMITH 2-2_839445.pdf,10,1990,03 - March,mid,1990s,grid,grid,not_detected,Grid image extraction failed: not_detected,failed,not_detected,,failed,not_found,,,,done,,Caddo County,skipped,,,skipped,,,
01522073_DEAN SMITH 1-33_1317736,s3://osu-well-records-225989338968/pdfs/ExportedFolderContents_10/1990/03 - March/01522073_DEAN SMITH 1-33_1317736.pdf,10,1990,03 - March,mid,1990s,grid,grid,not_detected,Grid image extraction failed: not_detected,failed,not_detected,,failed,not_found,,,,done,,Caddo County,skipped,,,skipped,,,
01721794_J H ENLOW 10-1_1317793,s3://osu-well-records-225989338968/pdfs/ExportedFolderContents_10/1990/03 - March/01721794_J H ENLOW 10-1_1317793.pdf,10,1990,03 - March,mid,1990s,grid,grid,not_detected,Grid image extraction failed: not_detected,failed,not_detected,,failed,not_found,,,,done,,Canadian County,skipped,,,skipped,,,
01723140_JOHN WILLIAMS 1-26_1317697,s3://osu-well-records-225989338968/pdfs/ExportedFolderContents_10/1990/03 - March/01723140_JOHN WILLIAMS 1-26_1317697.pdf,10,1990,03 - March,mid,1990s,grid,grid,not_detected,Grid image extraction failed: not_detected,failed,not_detected,,failed,not_found,,,,done,,Canadian County,skipped,,,skipped,,,
01723145_MOUNTAIN 1-13_1317771,s3://osu-well-records-225989338968/pdfs/ExportedFolderContents_10/1990/03 - March/01723145_MOUNTAIN 1-13_1317771.pdf,10,1990,03 - March,mid,1990s,grid,grid,not_detected,Grid image extraction failed: not_detected,failed,not_detected,,failed,not_found,,,,done,,Canadian County,skipped,,,skipped,,,
01723147_ALIG TRUST A 2_1317822,s3://osu-well-records-225989338968/pdfs/ExportedFolderContents_10/1990/03 - March/01723147_ALIG TRUST A 2_1317822.pdf,10,1990,03 - March,mid,1990s,grid,grid,not_detected,Grid image extraction failed: not_detected,failed,not_detected,,failed,not_found,,,,done,,Canadian County,skipped,,,skipped,,,
01920697_HEWITT UNIT 23-2401_984955,s3://osu-well-records-225989338968/pdfs/ExportedFolderContents_10/1990/03 - March/01920697_HEWITT UNIT 23-2401_984955.pdf,10,1990,03 - March,mid,1990s,grid,grid,not_detected,Grid image extraction failed: not_detected,failed,not_detected,,failed,not_found,,,,done,,Carter County,skipped,,,skipped,,,
01921693_WYNN 1-34 (WALTER NEUSTADT 29)_965678,s3://osu-well-records-225989338968/pdfs/ExportedFolderContents_10/1990/03 - March/01921693_WYNN 1-34 (WALTER NEUSTADT 29)_965678.pdf,10,1990,03 - March,mid,1990s,grid,grid,not_detected,Grid image extraction failed: not_detected,failed,not_detected,,failed,not_found,,,,done,,Carter County,skipped,,,skipped,,,
01923673_WILDCAT JIM UNIT 171_984979,s3://osu-well-records-225989338968/pdfs/ExportedFolderContents_10/1990/03 - March/01923673_WILDCAT JIM UNIT 171_984979.pdf,10,1990,03 - March,mid,1990s,grid,grid,not_detected,Grid image extraction failed: not_detected,failed,not_detected,,failed,not_found,,,,done,,Carter County,skipped,,,skipped,,,
01923820_HEWITT UNIT 22-1703_984975,s3://osu-well-records-225989338968/pdfs/ExportedFolderContents_10/1990/03 - March/01923820_HEWITT UNIT 22-1703_984975.pdf,10,1990,03 - March,mid,1990s,grid,grid,not_detected,Grid image extraction failed: not_detected,failed,not_detected,,failed,not_found,,,,done,,Carter County,skipped,,,skipped,,,
01923939_WILDCAT JIM UNIT 194_984907,s3://osu-well-records-225989338968/pdfs/ExportedFolderContents_10/1990/03 - March/01923939_WILDCAT JIM UNIT 194_984907.pdf,10,1990,03 - March,mid,1990s,grid,grid,not_detected,Grid image extraction failed: not_detected,failed,not_detected,,failed,not_found,,,,failed,keyword_not_found,,skipped,,,skipped,,,
01923941_WILLIAMS 1-10_984974,s3://osu-well-records-225989338968/pdfs/ExportedFolderContents_10/1990/03 - March/01923941_WILLIAMS 1-10_984974.pdf,10,1990,03 - March,mid,1990s,grid,grid,not_detected,Grid image extraction failed: not_detected,failed,not_detected,,failed,not_found,,,,failed,no_match,,skipped,,,skipped,,,
02520066_CONOVER MORROW SAND UNIT 515 (CONOVER 5)_754900,s3://osu-well-records-225989338968/pdfs/ExportedFolderContents_10/1990/03 - March/02520066_CONOVER MORROW SAND UNIT 515 (CONOVER 5)_754900.pdf,10,1990,03 - March,mid,1990s,grid,grid,not_detected,Grid image extraction failed: not_detected,failed,not_detected,,failed,not_found,,,,failed,no_match,,skipped,,,skipped,,,
02520084_CONOVER MORROW SAND UNIT 442 (HALLIDAY 4)_754859,s3://osu-well-records-225989338968/pdfs/ExportedFolderContents_10/1990/03 - March/02520084_CONOVER MORROW SAND UNIT 442 (HALLIDAY 4)_754859.pdf,10,1990,03 - March,mid,1990s,grid,grid,not_detected,Grid image extraction failed: not_detected,failed,not_detected,,failed,not_found,,,,done,,Cimarron County,skipped,,,skipped,,,
11923093_SCHOOL LAND 1-16_1212907,s3://osu-well-records-225989338968/pdfs/ExportedFolderContents_10/1990/04 - April/11923093_SCHOOL LAND 1-16_1212907.pdf,10,1990,04 - April,mid,1990s,grid,grid,not_detected,Grid image extraction failed: not_detected,failed,not_detected,,failed,not_found,,,,done,,Payne County,skipped,,,skipped,,,
11923093_SCHOOL LAND 1-16_1212909,s3://osu-well-records-225989338968/pdfs/ExportedFolderContents_10/1990/04 - April/11923093_SCHOOL LAND 1-16_1212909.pdf,10,1990,04 - April,mid,1990s,grid,grid,not_detected,Grid image extraction failed: not_detected,failed,not_detected,,failed,not_found,,,,done,,Payne County,skipped,,,skipped,,,
12302220_E FITTS UNIT 20-6 (GEORGE W BURRIS 6)_683756,s3://osu-well-records-225989338968/pdfs/ExportedFolderContents_10/1990/04 - April/12302220_E FITTS UNIT 20-6 (GEORGE W BURRIS 6)_683756.pdf,10,1990,04 - April,mid,1990s,grid,grid,not_detected,Grid image extraction failed: not_detected,failed,not_detected,,done,,,,,done,,Pontotoc County,skipped,,,skipped,,,
12323183_E FITTS UNIT 20-4A_683762,s3://osu-well-records-225989338968/pdfs/ExportedFolderContents_10/1990/04 - April/12323183_E FITTS UNIT 20-4A_683762.pdf,10,1990,04 - April,mid,1990s,grid,grid,not_detected,Grid image extraction failed: not_detected,failed,not_detected,,done,not_found,,2,2,done,,Pontotoc County,skipped,,,skipped,,,
12523123_CURTIS 4-1_1213029,s3://osu-well-records-225989338968/pdfs/ExportedFolderContents_10/1990/04 - April/12523123_CURTIS 4-1_1213029.pdf,10,1990,04 - April,mid,1990s,grid,grid,not_detected,Grid image extraction failed: not_detected,failed,not_detected,,done,,,,,done,,Pottawatomie County,skipped,,,skipped,,,
12523123_CURTIS 4-1_1514555,s3://osu-well-records-225989338968/pdfs/ExportedFolderContents_10/1990/04 - April/12523123_CURTIS 4-1_1514555.pdf,10,1990,04 - April,mid,1990s,grid,grid,not_detected,Grid image extraction failed: not_detected,failed,not_detected,,done,,,,,done,,Pottawatomie County,skipped,,,skipped,,,
12921478_BEUTLER 2-13_509817,s3://osu-well-records-225989338968/pdfs/ExportedFolderContents_10/1990/04 - April/12921478_BEUTLER 2-13_509817.pdf,10,1990,04 - April,mid,1990s,grid,grid,not_detected,Grid image extraction failed: not_detected,failed,not_detected,,failed,not_found,,,,failed,exception,,skipped,,,skipped,,,
12921478_BEUTLER 2-13_510945,s3://osu-well-records-225989338968/pdfs/ExportedFolderContents_10/1990/04 - April/12921478_BEUTLER 2-13_510945.pdf,10,1990,04 - April,mid,1990s,grid,grid,not_detected,Grid image extraction failed: not_detected,failed,not_detected,,failed,not_found,,,,failed,exception,,skipped,,,skipped,,,
12921490_SHALLER 1_499853,s3://osu-well-records-225989338968/pdfs/ExportedFolderContents_10/1990/04 - April/12921490_SHALLER 1_499853.pdf,10,1990,04 - April,mid,1990s,grid,grid,not_detected,Grid image extraction failed: not_detected,failed,not_detected,,failed,not_found,,,,done,,Roger Mills County,skipped,,,skipped,,,
12921494_WEST STAR 1-36_507416,s3://osu-well-records-225989338968/pdfs/ExportedFolderContents_10/1990/04 - April/12921494_WEST STAR 1-36_507416.pdf,10,1990,04 - April,mid,1990s,grid,grid,not_detected,Grid image extraction failed: not_detected,failed,not_detected,,done,,,,,failed,exception,,skipped,,,skipped,,,
13104722_LEONA BOYD 11-W_1675951,s3://osu-well-records-225989338968/pdfs/ExportedFolderContents_10/1990/04 - April/13104722_LEONA BOYD 11-W_1675951.pdf,10,1990,04 - April,mid,1990s,grid,grid,not_detected,Grid image extraction failed: not_detected,failed,not_detected,,failed,not_found,,,,done,,Rogers County,skipped,,,skipped,,,
13124439_BLEDSOE 2_1673452,s3://osu-well-records-225989338968/pdfs/ExportedFolderContents_10/1990/04 - April/13124439_BLEDSOE 2_1673452.pdf,10,1990,04 - April,mid,1990s,grid,grid,not_detected,Grid image extraction failed: not_detected,failed,not_detected,,done,,,,,failed,exception,,skipped,,,skipped,,,
13305221_NW WEWOKA BOOCH SAND UNIT 3325-W_683711,s3://osu-well-records-225989338968/pdfs/ExportedFolderContents_10/1990/04 - April/13305221_NW WEWOKA BOOCH SAND UNIT 3325-W_683711.pdf,10,1990,04 - April,mid,1990s,grid,grid,not_detected,Grid image extraction failed: not_detected,failed,not_detected,,failed,not_found,,,,done,,Seminole County,skipped,,,skipped,,,
13323755B_GRAHAM 2_3841504,s3://osu-well-records-225989338968/pdfs/ExportedFolderContents_10/1990/04 - April/13323755B_GRAHAM 2_3841504.pdf,10,1990,04 - April,mid,1990s,grid,grid,not_detected,Grid image extraction failed: not_detected,failed,not_detected,,failed,not_found,,,,failed,keyword_not_found,,skipped,,,skipped,,,
13323812_BERRY D-1_683751,s3://osu-well-records-225989338968/pdfs/ExportedFolderContents_10/1990/04 - April/13323812_BERRY D-1_683751.pdf,10,1990,04 - April,mid,1990s,grid,grid,not_detected,Grid image extraction failed: not_detected,failed,not_detected,,failed,not_found,,,,done,,Seminole County,skipped,,,skipped,,,
13323826_GUEST 1_683662,s3://osu-well-records-225989338968/pdfs/ExportedFolderContents_10/1990/04 - April/13323826_GUEST 1_683662.pdf,10,1990,04 - April,mid,1990s,grid,grid,not_detected,Grid image extraction failed: not_detected,failed,not_detected,,failed,not_found,,,,done,,Seminole County,skipped,,,skipped,,,
13323831_D FAIRCHILD 1_683676,s3://osu-well-records-225989338968/pdfs/ExportedFolderContents_10/1990/04 - April/13323831_D FAIRCHILD 1_683676.pdf,10,1990,04 - April,mid,1990s,grid,grid,not_detected,Grid image extraction failed: not_detected,failed,not_detected,,failed,not_found,,,,done,,Oklahoma County,skipped,,,skipped,,,
13724854_COOPER 4-16_839851,s3://osu-well-records-225989338968/pdfs/ExportedFolderContents_10/1990/04 - April/13724854_COOPER 4-16_839851.pdf,10,1990,04 - April,mid,1990s,grid,grid,not_detected,Grid image extraction failed: not_detected,failed,not_detected,,failed,not_found,,,,failed,exception,,skipped,,,skipped,,,
13724859_BOYCE 2-2_839634,s3://osu-well-records-225989338968/pdfs/ExportedFolderContents_10/1990/04 - April/13724859_BOYCE 2-2_839634.pdf,10,1990,04 - April,mid,1990s,grid,grid,not_detected,Grid image extraction failed: not_detected,failed,not_detected,,done,,,,,done,,Stephens County,skipped,,,skipped,,,
13920559_W HOUGH MORROW 81_754945,s3://osu-well-records-225989338968/pdfs/ExportedFolderContents_10/1990/04 - April/13920559_W HOUGH MORROW 81_754945.pdf,10,1990,04 - April,mid,1990s,grid,grid,not_detected,Grid image extraction failed: not_detected,failed,not_detected,,failed,not_found,,,,done,,Texas County,skipped,,,skipped,,,
13922332_NW FLATS UNIT 9-12_754952,s3://osu-well-records-225989338968/pdfs/ExportedFolderContents_10/1990/04 - April/13922332_NW FLATS UNIT 9-12_754952.pdf,10,1990,04 - April,mid,1990s,grid,grid,not_detected,Grid image extraction failed: not_detected,failed,not_detected,,done,,,,,failed,keyword_not_found,,skipped,,,skipped,,,
13922332_NW FLATS UNIT TR 9 12_754983,s3://osu-well-records-225989338968/pdfs/ExportedFolderContents_10/1990/04 - April/13922332_NW FLATS UNIT TR 9 12_754983.pdf,10,1990,04 - April,mid,1990s,grid,grid,not_detected,Grid image extraction failed: not_detected,failed,not_detected,,done,,,,,done,,Texas County,skipped,,,skipped,,,
14323754_SANDITE 1_1212905,s3://osu-well-records-225989338968/pdfs/ExportedFolderContents_10/1990/04 - April/14323754_SANDITE 1_1212905.pdf,10,1990,04 - April,mid,1990s,grid,grid,not_detected,Grid image extraction failed: not_detected,failed,not_detected,,done,,,,,done,,Tulsa County,skipped,,,skipped,,,
15121827_COCHRAN 1_1586013,s3://osu-well-records-225989338968/pdfs/ExportedFolderContents_10/1990/04 - April/15121827_COCHRAN 1_1586013.pdf,10,1990,04 - April,mid,1990s,grid,grid,not_detected,Grid image extraction failed: not_detected,failed,not_detected,,failed,not_found,,,,done,,Woods County,skipped,,,skipped,,,
15121830_MURLEY UNIT 2_1586161,s3://osu-well-records-225989338968/pdfs/ExportedFolderContents_10/1990/04 - April/15121830_MURLEY UNIT 2_1586161.pdf,10,1990,04 - April,mid,1990s,grid,grid,not_detected,Grid image extraction failed: not_detected,failed,not_detected,,done,not_found,011,4,4,done,,Woods County,skipped,,,skipped,,,
35037018020000_JONES 13_2111820,s3://osu-well-records-225989338968/pdfs/ExportedFolderContents_10/1990/04 - April/35037018020000_JONES 13_2111820.pdf,10,1990,04 - April,mid,1990s,grid,grid,not_detected,Grid image extraction failed: not_detected,failed,not_detected,,done,,,,,done,,Creek County,skipped,,,skipped,,,
35107225940000_POKEY 1_2111349,s3://osu-well-records-225989338968/pdfs/ExportedFolderContents_10/1990/04 - April/35107225940000_POKEY 1_2111349.pdf,10,1990,04 - April,mid,1990s,grid,grid,not_detected,Grid image extraction failed: not_detected,failed,not_detected,,failed,not_found,,,,done,,Okfuskee County,skipped,,,skipped,,,
00321335_POWELL 1_1586342,s3://osu-well-records-225989338968/pdfs/ExportedFolderContents_10/1990/05 - May/00321335_POWELL 1_1586342.pdf,10,1990,05 - May,mid,1990s,grid,grid,not_detected,Grid image extraction failed: not_detected,failed,not_detected,,failed,not_found,,,,done,,Alfalfa County,skipped,,,skipped,,,
00321354_BUCKLES 32-2_1586383,s3://osu-well-records-225989338968/pdfs/ExportedFolderContents_10/1990/05 - May/00321354_BUCKLES 32-2_1586383.pdf,10,1990,05 - May,mid,1990s,grid,grid,not_detected,Grid image extraction failed: not_detected,failed,not_detected,,done,exception,,,,failed,exception,,skipped,exception,,skipped,exception,,
00321362_MCCRADY 6-6_1586364,s3://osu-well-records-225989338968/pdfs/ExportedFolderContents_10/1990/05 - May/00321362_MCCRADY 6-6_1586364.pdf,10,1990,05 - May,mid,1990s,grid,grid,not_detected,Grid image extraction failed: not_detected,failed,not_detected,,failed,not_found,,,,done,,Alfalfa County,skipped,,,skipped,,,
00321364_BURCHFIEL 15-3_1586336,s3://osu-well-records-225989338968/pdfs/ExportedFolderContents_10/1990/05 - May/00321364_BURCHFIEL 15-3_1586336.pdf,10,1990,05 - May,mid,1990s,grid,grid,not_detected,Grid image extraction failed: not_detected,failed,not_detected,,done,,,3S,7E,failed,exception,,skipped,,,skipped,,,
00321372_DIANNE 1_1586386,s3://osu-well-records-225989338968/pdfs/ExportedFolderContents_10/1990/05 - May/00321372_DIANNE 1_1586386.pdf,10,1990,05 - May,mid,1990s,grid,grid,not_detected,Grid image extraction failed: not_detected,failed,not_detected,,failed,not_found,,,,done,,Alfalfa County,skipped,,,skipped,,,
00321435_MEANS B 1-1_1586438,s3://osu-well-records-225989338968/pdfs/ExportedFolderContents_10/1990/05 - May/00321435_MEANS B 1-1_1586438.pdf,10,1990,05 - May,mid,1990s,grid,grid,not_detected,Grid image extraction failed: not_detected,failed,not_detected,,failed,not_found,,,,failed,exception,,skipped,,,skipped,,,
00335236B_NE CHEROKEE UNIT 19 (W G MARSH 3)_1549203,s3://osu-well-records-225989338968/pdfs/ExportedFolderContents_10/1990/05 - May/00335236B_NE CHEROKEE UNIT 19 (W G MARSH 3)_1549203.pdf,10,1990,05 - May,mid,1990s,grid,grid,not_detected,Grid image extraction failed: not_detected,failed,not_detected,,done,,,,,failed,exception,,skipped,,,skipped,,,
00520224_FHA 1_547256,s3://osu-well-records-225989338968/pdfs/ExportedFolderContents_10/1990/05 - May/00520224_FHA 1_547256.pdf,10,1990,05 - May,mid,1990s,grid,grid,not_detected,Grid image extraction failed: not_detected,failed,not_detected,,failed,not_found,,,,done,,Atoka County,skipped,,,skipped,,,
00721529A_CARRIER 1_1747066,s3://osu-well-records-225989338968/pdfs/ExportedFolderContents_10/1990/05 - May/00721529A_CARRIER 1_1747066.pdf,10,1990,05 - May,mid,1990s,grid,grid,not_detected,Grid image extraction failed: not_detected,failed,not_detected,,failed,not_found,,,,failed,keyword_not_found,,skipped,,,skipped,,,
00723529_MIKE ALBERT 2_755090,s3://osu-well-records-225989338968/pdfs/ExportedFolderContents_10/1990/05 - May/00723529_MIKE ALBERT 2_755090.pdf,10,1990,05 - May,mid,1990s,grid,grid,not_detected,Grid image extraction failed: not_detected,failed,not_detected,,failed,not_found,,,,done,,Beaver County,skipped,,,skipped,,,
00723529_MIKE ALBERT 2_755093,s3://osu-well-records-225989338968/pdfs/ExportedFolderContents_10/1990/05 - May/00723529_MIKE ALBERT 2_755093.pdf,10,1990,05 - May,mid,1990s,grid,grid,not_detected,Grid image extraction failed: not_detected,failed,not_detected,,failed,not_found,,,,done,,Beaver County,skipped,,,skipped,,,
00723651_LOTSPEICH STATE 2_755054,s3://osu-well-records-225989338968/pdfs/ExportedFolderContents_10/1990/05 - May/00723651_LOTSPEICH STATE 2_755054.pdf,10,1990,05 - May,mid,1990s,grid,grid,not_detected,Grid image extraction failed: not_detected,failed,not_detected,,done,,,,,failed,exception,,skipped,,,skipped,,,
00723652_BARRY HENNIGH 2_755065,s3://osu-well-records-225989338968/pdfs/ExportedFolderContents_10/1990/05 - May/00723652_BARRY HENNIGH 2_755065.pdf,10,1990,05 - May,mid,1990s,grid,grid,not_detected,Grid image extraction failed: not_detected,failed,not_detected,,done,,,,,done,,Beaver County,skipped,,,skipped,,,
00723654_LONG 1-24_755049,s3://osu-well-records-225989338968/pdfs/ExportedFolderContents_10/1990/05 - May/00723654_LONG 1-24_755049.pdf,10,1990,05 - May,mid,1990s,grid,grid,not_detected,Grid image extraction failed: not_detected,failed,not_detected,,failed,not_found,,,,done,,Beaver County,skipped,,,skipped,,,
00723659_BECKHAM HENNIGH 2_755058,s3://osu-well-records-225989338968/pdfs/ExportedFolderContents_10/1990/05 - May/00723659_BECKHAM HENNIGH 2_755058.pdf,10,1990,05 - May,mid,1990s,grid,grid,not_detected,Grid image extraction failed: not_detected,failed,not_detected,,failed,not_found,,,,done,,Beaver County,skipped,,,skipped,,,
00723660_NELSON HENNIGH 2_755040,s3://osu-well-records-225989338968/pdfs/ExportedFolderContents_10/1990/05 - May/00723660_NELSON HENNIGH 2_755040.pdf,10,1990,05 - May,mid,1990s,grid,grid,not_detected,Grid image extraction failed: not_detected,failed,not_detected,,failed,not_found,,,,done,,Beaver County,skipped,,,skipped,,,
00723663_HENDRICKS 2-ID_755089,s3://osu-well-records-225989338968/pdfs/ExportedFolderContents_10/1990/05 - May/00723663_HENDRICKS 2-ID_755089.pdf,10,1990,05 - May,mid,1990s,grid,grid,not_detected,Grid image extraction failed: not_detected,failed,not_detected,,failed,not_found,,,,done,,Beaver County,skipped,,,skipped,,,
00723672_BURNS 1-36_755116,s3://osu-well-records-225989338968/pdfs/ExportedFolderContents_10/1990/05 - May/00723672_BURNS 1-36_755116.pdf,10,1990,05 - May,mid,1990s,grid,grid,not_detected,Grid image extraction failed: not_detected,failed,not_detected,,done,,,,,done,,Beaver County,skipped,,,skipped,,,
00723673_CALLOWAY 1-7_755106,s3://osu-well-records-225989338968/pdfs/ExportedFolderContents_10/1990/05 - May/00723673_CALLOWAY 1-7_755106.pdf,10,1990,05 - May,mid,1990s,grid,grid,not_detected,Grid image extraction failed: not_detected,failed,not_detected,,failed,not_found,,,,done,,Beaver County,skipped,,,skipped,,,
00723682_CHOCKLEY 3-10_755069,s3://osu-well-records-225989338968/pdfs/ExportedFolderContents_10/1990/05 - May/00723682_CHOCKLEY 3-10_755069.pdf,10,1990,05 - May,mid,1990s,grid,grid,not_detected,Grid image extraction failed: not_detected,failed,not_detected,,done,,,,,done,,Beaver County,skipped,,,skipped,,,
00723685_KIDD 1-24_755057,s3://osu-well-records-225989338968/pdfs/ExportedFolderContents_10/1990/05 - May/00723685_KIDD 1-24_755057.pdf,10,1990,05 - May,mid,1990s,grid,grid,not_detected,Grid image extraction failed: not_detected,failed,not_detected,,failed,not_found,,,,done,,Beaver County,skipped,,,skipped,,,
00723692_KISER 1-27_755111,s3://osu-well-records-225989338968/pdfs/ExportedFolderContents_10/1990/05 - May/00723692_KISER 1-27_755111.pdf,10,1990,05 - May,mid,1990s,grid,grid,not_detected,Grid image extraction failed: not_detected,failed,not_detected,,failed,not_found,,,,done,,Beaver County,skipped,,,skipped,,,
00736473_DAVIS UNIT 1_755120,s3://osu-well-records-225989338968/pdfs/ExportedFolderContents_10/1990/05 - May/00736473_DAVIS UNIT 1_755120.pdf,10,1990,05 - May,mid,1990s,grid,grid,not_detected,Grid image extraction failed: not_detected,failed,not_detected,,done,,,,,done,,Beaver County,skipped,,,skipped,,,
00736473_DAVIS UNIT 1_755121,s3://osu-well-records-225989338968/pdfs/ExportedFolderContents_10/1990/05 - May/00736473_DAVIS UNIT 1_755121.pdf,10,1990,05 - May,mid,1990s,grid,grid,not_detected,Grid image extraction failed: not_detected,failed,not_detected,,done,,,,,done,,Beaver County,skipped,,,skipped,,,
00920885_K B WALTER 2-17_903116,s3://osu-well-records-225989338968/pdfs/ExportedFolderContents_10/1990/05 - May/00920885_K B WALTER 2-17_903116.pdf,10,1990,05 - May,mid,1990s,grid,grid,not_detected,Grid image extraction failed: not_detected,failed,not_detected,,done,,,,,done,,Beckham County,skipped,,,skipped,,,
00920894_HAMMON 1-30_903139,s3://osu-well-records-225989338968/pdfs/ExportedFolderContents_10/1990/05 - May/00920894_HAMMON 1-30_903139.pdf,10,1990,05 - May,mid,1990s,grid,grid,not_detected,Grid image extraction failed: not_detected,failed,not_detected,,failed,not_found,,,,done,,Beckham County,skipped,,,skipped,,,
00920911_OREN 5-17_903119,s3://osu-well-records-225989338968/pdfs/ExportedFolderContents_10/1990/05 - May/00920911_OREN 5-17_903119.pdf,10,1990,05 - May,mid,1990s,grid,grid,not_detected,Grid image extraction failed: not_detected,failed,not_detected,,failed,not_found,,,,done,,Beckham County,skipped,,,skipped,,,
00920912_TAYLOR 5-19_903147,s3://osu-well-records-225989338968/pdfs/ExportedFolderContents_10/1990/05 - May/00920912_TAYLOR 5-19_903147.pdf,10,1990,05 - May,mid,1990s,grid,grid,not_detected,Grid image extraction failed: not_detected,failed,not_detected,,failed,not_found,,,,done,,Beckham County,skipped,,,skipped,,,
00920913_OREN 4-20_903149,s3://osu-well-records-225989338968/pdfs/ExportedFolderContents_10/1990/05 - May/00920913_OREN 4-20_903149.pdf,10,1990,05 - May,mid,1990s,grid,grid,not_detected,Grid image extraction failed: not_detected,failed,not_detected,,failed,not_found,,,,done,,Beckham County,skipped,,,skipped,,,
00920914_MAYFIELD 2-32_903112,s3://osu-well-records-225989338968/pdfs/ExportedFolderContents_10/1990/05 - May/00920914_MAYFIELD 2-32_903112.pdf,10,1990,05 - May,mid,1990s,grid,grid,not_detected,Grid image extraction failed: not_detected,failed,not_detected,,failed,not_found,,,,done,,Beckham County,skipped,,,skipped,,,
01121671_ROTHER 1-25_1318648,s3://osu-well-records-225989338968/pdfs/ExportedFolderContents_10/1990/05 - May/01121671_ROTHER 1-25_1318648.pdf,10,1990,05 - May,mid,1990s,grid,grid,not_detected,Grid image extraction failed: not_detected,failed,not_detected,,failed,not_found,,,,done,,Blaine County,skipped,,,skipped,,,
01122440_OBLANDER 3-7_1318470,s3://osu-well-records-225989338968/pdfs/ExportedFolderContents_10/1990/05 - May/01122440_OBLANDER 3-7_1318470.pdf,10,1990,05 - May,mid,1990s,grid,grid,not_detected,Grid image extraction failed: not_detected,failed,not_detected,,failed,not_found,,,,done,,Blaine County,skipped,,,skipped,,,
01122444_ANNA DYER 2-11_1318531,s3://osu-well-records-225989338968/pdfs/ExportedFolderContents_10/1990/05 - May/01122444_ANNA DYER 2-11_1318531.pdf,10,1990,05 - May,mid,1990s,grid,grid,not_detected,Grid image extraction failed: not_detected,failed,not_detected,,failed,not_found,,,,done,,Blaine County,skipped,,,skipped,,,
01122445_MAGGIE G 1-23_1318519,s3://osu-well-records-225989338968/pdfs/ExportedFolderContents_10/1990/05 - May/01122445_MAGGIE G 1-23_1318519.pdf,10,1990,05 - May,mid,1990s,grid,grid,not_detected,Grid image extraction failed: not_detected,failed,not_detected,,failed,not_found,,,,done,,Blaine County,skipped,,,skipped,,,
01122452_HAIGLER 1-19_1318616,s3://osu-well-records-225989338968/pdfs/ExportedFolderContents_10/1990/05 - May/01122452_HAIGLER 1-19_1318616.pdf,10,1990,05 - May,mid,1990s,grid,grid,not_detected,Grid image extraction failed: not_detected,failed,not_detected,,failed,not_found,,,,done,,Blaine County,skipped,,,skipped,,,
01122456_HEATH 1-25_1318569,s3://osu-well-records-225989338968/pdfs/ExportedFolderContents_10/1990/05 - May/01122456_HEATH 1-25_1318569.pdf,10,1990,05 - May,mid,1990s,grid,grid,not_detected,Grid image extraction failed: not_detected,failed,not_detected,,failed,not_found,,,,done,,Blaine County,skipped,,,skipped,,,
01522071_WEATHERS 1-34_1318581,s3://osu-well-records-225989338968/pdfs/ExportedFolderContents_10/1990/05 - May/01522071_WEATHERS 1-34_1318581.pdf,10,1990,05 - May,mid,1990s,grid,grid,not_detected,Grid image extraction failed: not_detected,failed,not_detected,,done,,,1S,12E,done,,Caddo County,skipped,,,skipped,,,
01522076_DUNCAN 1-24_1318657,s3://osu-well-records-225989338968/pdfs/ExportedFolderContents_10/1990/05 - May/01522076_DUNCAN 1-24_1318657.pdf,10,1990,05 - May,mid,1990s,grid,grid,not_detected,Grid image extraction failed: not_detected,failed,not_detected,,done,,,,,done,,Caddo County,skipped,,,skipped,,,
01522086_LILLIE 1-12_840082,s3://osu-well-records-225989338968/pdfs/ExportedFolderContents_10/1990/05 - May/01522086_LILLIE 1-12_840082.pdf,10,1990,05 - May,mid,1990s,grid,grid,not_detected,Grid image extraction failed: not_detected,failed,not_detected,,failed,not_found,,,,done,,Caddo County,skipped,,,skipped,,,
13323867_LUCA PIERCE 1-C_685512,s3://osu-well-records-225989338968/pdfs/ExportedFolderContents_10/1990/10 - October/13323867_LUCA PIERCE 1-C_685512.pdf,10,1990,10 - October,mid,1990s,grid,grid,not_detected,Grid image extraction failed: not_detected,failed,not_detected,,done,,,,,done,,Seminole County,skipped,,,skipped,,,
13323870_JESSICA 16-A_685445,s3://osu-well-records-225989338968/pdfs/ExportedFolderContents_10/1990/10 - October/13323870_JESSICA 16-A_685445.pdf,10,1990,10 - October,mid,1990s,grid,grid,not_detected,Grid image extraction failed: not_detected,failed,not_detected,,done,,14,,,failed,exception,,skipped,,,skipped,,,
13323874_VALLEY HIGH 2_685430,s3://osu-well-records-225989338968/pdfs/ExportedFolderContents_10/1990/10 - October/13323874_VALLEY HIGH 2_685430.pdf,10,1990,10 - October,mid,1990s,grid,grid,not_detected,Grid image extraction failed: not_detected,failed,not_detected,,done,,,,,done,,Seminole County,skipped,,,skipped,,,
13702683_BRITTAIN DEESE UNIT 28-I_985954,s3://osu-well-records-225989338968/pdfs/ExportedFolderContents_10/1990/10 - October/13702683_BRITTAIN DEESE UNIT 28-I_985954.pdf,10,1990,10 - October,mid,1990s,grid,grid,not_detected,Grid image extraction failed: not_detected,failed,not_detected,,done,,,,,done,,Garfield County,skipped,,,skipped,,,
13705369_MILROY UNIT 13-17_986024,s3://osu-well-records-225989338968/pdfs/ExportedFolderContents_10/1990/10 - October/13705369_MILROY UNIT 13-17_986024.pdf,10,1990,10 - October,mid,1990s,grid,grid,not_detected,Grid image extraction failed: not_detected,failed,not_detected,,done,,,,,done,,Stephens County,skipped,,,skipped,,,
13724823_B I LUBELL 2_841319,s3://osu-well-records-225989338968/pdfs/ExportedFolderContents_10/1990/10 - October/13724823_B I LUBELL 2_841319.pdf,10,1990,10 - October,mid,1990s,grid,grid,not_detected,Grid image extraction failed: not_detected,failed,not_detected,,failed,not_found,,,,done,,Stephens County,skipped,,,skipped,,,
13724898_EGGLESON 7_841379,s3://osu-well-records-225989338968/pdfs/ExportedFolderContents_10/1990/10 - October/13724898_EGGLESON 7_841379.pdf,10,1990,10 - October,mid,1990s,grid,grid,not_detected,Grid image extraction failed: not_detected,failed,not_detected,,done,not_found,011,,2,done,,Stephens County,skipped,,,skipped,,,
13724942_PACE 6_985948,s3://osu-well-records-225989338968/pdfs/ExportedFolderContents_10/1990/10 - October/13724942_PACE 6_985948.pdf,10,1990,10 - October,mid,1990s,grid,grid,not_detected,Grid image extraction failed: not_detected,failed,not_detected,,done,,,,,done,,Stephens County,skipped,,,skipped,,,
13922347_POSTLE UPPER MORROW UNIT 13-4_755665,s3://osu-well-records-225989338968/pdfs/ExportedFolderContents_10/1990/10 - October/13922347_POSTLE UPPER MORROW UNIT 13-4_755665.pdf,10,1990,10 - October,mid,1990s,grid,grid,not_detected,Grid image extraction failed: not_detected,failed,not_detected,,failed,not_found,,,,done,,Texas County,skipped,,,skipped,,,
139223480004_W HOUGH MORROW UNIT 99_500285219,s3://osu-well-records-225989338968/pdfs/ExportedFolderContents_10/1990/10 - October/139223480004_W HOUGH MORROW UNIT 99_500285219.pdf,10,1990,10 - October,mid,1990s,grid,grid,not_detected,Grid image extraction failed: not_detected,failed,not_detected,,done,,,5N,13E,done,no_match,Atoka County,skipped,,,skipped,,,
13922348_W HOUGH MORROW UNIT 99_755756,s3://osu-well-records-225989338968/pdfs/ExportedFolderContents_10/1990/10 - October/13922348_W HOUGH MORROW UNIT 99_755756.pdf,10,1990,10 - October,mid,1990s,grid,grid,not_detected,Grid image extraction failed: not_detected,failed,not_detected,,done,not_found,11,,11,done,,Texas County,skipped,,,skipped,,,
13922350_DAVIS-HITCH 2_755728,s3://osu-well-records-225989338968/pdfs/ExportedFolderContents_10/1990/10 - October/13922350_DAVIS-HITCH 2_755728.pdf,10,1990,10 - October,mid,1990s,grid,grid,not_detected,Grid image extraction failed: not_detected,failed,not_detected,,failed,not_found,,,,done,no_match,Cherokee County,skipped,,,skipped,,,
13922356_DUNBAR 2_755763,s3://osu-well-records-225989338968/pdfs/ExportedFolderContents_10/1990/10 - October/13922356_DUNBAR 2_755763.pdf,10,1990,10 - October,mid,1990s,grid,grid,not_detected,Grid image extraction failed: not_detected,failed,not_detected,,failed,not_found,,,,done,,Texas County,skipped,,,skipped,,,
14323765_LANCASTER 1-29_1215407,s3://osu-well-records-225989338968/pdfs/ExportedFolderContents_10/1990/10 - October/14323765_LANCASTER 1-29_1215407.pdf,10,1990,10 - October,mid,1990s,grid,grid,not_detected,Grid image extraction failed: not_detected,failed,not_detected,,done,,,,,done,,Tulsa County,skipped,,,skipped,,,
14726255_PAINTER E-WI-7_1515618,s3://osu-well-records-225989338968/pdfs/ExportedFolderContents_10/1990/10 - October/14726255_PAINTER E-WI-7_1515618.pdf,10,1990,10 - October,mid,1990s,grid,grid,not_detected,Grid image extraction failed: not_detected,failed,not_detected,,failed,not_found,,,,done,,Washington County,skipped,,,skipped,,,
14726258_TALLY 3_1515608,s3://osu-well-records-225989338968/pdfs/ExportedFolderContents_10/1990/10 - October/14726258_TALLY 3_1515608.pdf,10,1990,10 - October,mid,1990s,grid,grid,not_detected,Grid image extraction failed: not_detected,failed,not_detected,,failed,not_found,,,,done,,Washington County,skipped,,,skipped,,,
14726258_TALLY 3_1515614,s3://osu-well-records-225989338968/pdfs/ExportedFolderContents_10/1990/10 - October/14726258_TALLY 3_1515614.pdf,10,1990,10 - October,mid,1990s,grid,grid,not_detected,Grid image extraction failed: not_detected,failed,not_detected,,failed,not_found,,,,done,,Washington County,skipped,,,skipped,,,
14726258_TALLY 3_547557,s3://osu-well-records-225989338968/pdfs/ExportedFolderContents_10/1990/10 - October/14726258_TALLY 3_547557.pdf,10,1990,10 - October,mid,1990s,grid,grid,not_detected,Grid image extraction failed: not_detected,failed,not_detected,,failed,not_found,,,,done,,Washington County,skipped,,,skipped,,,
14726270_F C MCDOWELL 10_1515731,s3://osu-well-records-225989338968/pdfs/ExportedFolderContents_10/1990/10 - October/14726270_F C MCDOWELL 10_1515731.pdf,10,1990,10 - October,mid,1990s,grid,grid,not_detected,Grid image extraction failed: not_detected,failed,not_detected,,failed,not_found,,,,done,,Washington County,skipped,,,skipped,,,
14920623_GOERINGER 1-32_490451,s3://osu-well-records-225989338968/pdfs/ExportedFolderContents_10/1990/10 - October/14920623_GOERINGER 1-32_490451.pdf,10,1990,10 - October,mid,1990s,grid,grid,not_detected,Grid image extraction failed: not_detected,failed,not_detected,,failed,not_found,,,,done,,Washita County,skipped,,,skipped,,,
15321815_GENEVA BAKER 2-24_1702798,s3://osu-well-records-225989338968/pdfs/ExportedFolderContents_10/1990/10 - October/15321815_GENEVA BAKER 2-24_1702798.pdf,10,1990,10 - October,mid,1990s,grid,grid,not_detected,Grid image extraction failed: not_detected,failed,not_detected,,done,,,,,done,,Woodward County,skipped,,,skipped,,,
35137056070000_MILROY UNIT 29-14_1935565,s3://osu-well-records-225989338968/pdfs/ExportedFolderContents_10/1990/10 - October/35137056070000_MILROY UNIT 29-14_1935565.pdf,10,1990,10 - October,mid,1990s,grid,grid,not_detected,Grid image extraction failed: not_detected,failed,not_detected,,done,not_found,11,11,,done,,Stephens County,skipped,,,skipped,,,
00321478_HADWIGER 1-18_1587651,s3://osu-well-records-225989338968/pdfs/ExportedFolderContents_10/1990/11 - November/00321478_HADWIGER 1-18_1587651.pdf,10,1990,11 - November,mid,1990s,grid,grid,not_detected,Grid image extraction failed: not_detected,failed,not_detected,,failed,not_found,,,,done,,Alfalfa County,skipped,,,skipped,,,
00321493_ARMBRUSTER 1-31_1587650,s3://osu-well-records-225989338968/pdfs/ExportedFolderContents_10/1990/11 - November/00321493_ARMBRUSTER 1-31_1587650.pdf,10,1990,11 - November,mid,1990s,grid,grid,not_detected,Grid image extraction failed: not_detected,failed,not_detected,,failed,not_found,,,,done,,Alfalfa County,skipped,,,skipped,,,
00321498_SCHAEFER 1_1587703,s3://osu-well-records-225989338968/pdfs/ExportedFolderContents_10/1990/11 - November/00321498_SCHAEFER 1_1587703.pdf,10,1990,11 - November,mid,1990s,grid,grid,not_detected,Grid image extraction failed: not_detected,failed,not_detected,,failed,not_found,,,,failed,exception,,skipped,,,skipped,,,
00321499_USF&G WOOD 2-15_1587633,s3://osu-well-records-225989338968/pdfs/ExportedFolderContents_10/1990/11 - November/00321499_USF&G WOOD 2-15_1587633.pdf,10,1990,11 - November,mid,1990s,grid,grid,not_detected,Grid image extraction failed: not_detected,failed,not_detected,,failed,not_found,,,,done,,Alfalfa County,skipped,,,skipped,,,
00321501_USF&G HOPE 1-25_1587719,s3://osu-well-records-225989338968/pdfs/ExportedFolderContents_10/1990/11 - November/00321501_USF&G HOPE 1-25_1587719.pdf,10,1990,11 - November,mid,1990s,grid,grid,not_detected,Grid image extraction failed: not_detected,failed,not_detected,,failed,not_found,,,,done,,Alfalfa County,skipped,,,skipped,,,
00720937_HERZER 1-3_755837,s3://osu-well-records-225989338968/pdfs/ExportedFolderContents_10/1990/11 - November/00720937_HERZER 1-3_755837.pdf,10,1990,11 - November,mid,1990s,grid,grid,not_detected,Grid image extraction failed: not_detected,failed,not_detected,,failed,not_found,,,,done,,Beaver County,skipped,,,skipped,,,
00721325_BOURQUIN 1_755874,s3://osu-well-records-225989338968/pdfs/ExportedFolderContents_10/1990/11 - November/00721325_BOURQUIN 1_755874.pdf,10,1990,11 - November,mid,1990s,grid,grid,not_detected,Grid image extraction failed: not_detected,failed,not_detected,,failed,not_found,,,,failed,exception,,skipped,,,skipped,,,
00721552_BARBY 117_755834,s3://osu-well-records-225989338968/pdfs/ExportedFolderContents_10/1990/11 - November/00721552_BARBY 117_755834.pdf,10,1990,11 - November,mid,1990s,grid,grid,not_detected,Grid image extraction failed: not_detected,failed,not_detected,,failed,not_found,,,,done,,Beaver County,skipped,,,skipped,,,
00723533_BERNICE 1-7_755840,s3://osu-well-records-225989338968/pdfs/ExportedFolderContents_10/1990/11 - November/00723533_BERNICE 1-7_755840.pdf,10,1990,11 - November,mid,1990s,grid,grid,not_detected,Grid image extraction failed: not_detected,failed,not_detected,,done,,,,,done,,Beaver County,skipped,,,skipped,,,
00723705B_JADEN 1_755880,s3://osu-well-records-225989338968/pdfs/ExportedFolderContents_10/1990/11 - November/00723705B_JADEN 1_755880.pdf,10,1990,11 - November,mid,1990s,grid,grid,not_detected,Grid image extraction failed: not_detected,failed,not_detected,,done,,,,,failed,exception,,skipped,,,skipped,,,
00723705_DIXON 4-20_755875,s3://osu-well-records-225989338968/pdfs/ExportedFolderContents_10/1990/11 - November/00723705_DIXON 4-20_755875.pdf,10,1990,11 - November,mid,1990s,grid,grid,not_detected,Grid image extraction failed: not_detected,failed,not_detected,,failed,not_found,,,,done,,Beaver County,skipped,,,skipped,,,
00723729_STATE OF OKLAHOMA 1-4_755858,s3://osu-well-records-225989338968/pdfs/ExportedFolderContents_10/1990/11 - November/00723729_STATE OF OKLAHOMA 1-4_755858.pdf,10,1990,11 - November,mid,1990s,grid,grid,not_detected,Grid image extraction failed: not_detected,failed,not_detected,,failed,not_found,,,,done,,Beaver County,skipped,,,skipped,,,
00723730_COKE 1_755835,s3://osu-well-records-225989338968/pdfs/ExportedFolderContents_10/1990/11 - November/00723730_COKE 1_755835.pdf,10,1990,11 - November,mid,1990s,grid,grid,not_detected,Grid image extraction failed: not_detected,failed,not_detected,,done,,,,,done,,Beaver County,skipped,,,skipped,,,
00723732_RADCLIFFE 1-15_755842,s3://osu-well-records-225989338968/pdfs/ExportedFolderContents_10/1990/11 - November/00723732_RADCLIFFE 1-15_755842.pdf,10,1990,11 - November,mid,1990s,grid,grid,not_detected,Grid image extraction failed: not_detected,failed,not_detected,,failed,not_found,,,,done,,Harper County,skipped,,,skipped,,,
00723732_RADCLIFFE 1-15_755843,s3://osu-well-records-225989338968/pdfs/ExportedFolderContents_10/1990/11 - November/00723732_RADCLIFFE 1-15_755843.pdf,10,1990,11 - November,mid,1990s,grid,grid,not_detected,Grid image extraction failed: not_detected,failed,not_detected,,done,,,1S,,done,,Beaver County,skipped,,,skipped,,,
00723736_LUCK 1_755792,s3://osu-well-records-225989338968/pdfs/ExportedFolderContents_10/1990/11 - November/00723736_LUCK 1_755792.pdf,10,1990,11 - November,mid,1990s,grid,grid,not_detected,Grid image extraction failed: not_detected,failed,not_detected,,failed,not_found,,,,done,,Beaver County,skipped,,,skipped,,,
00723738_MORRIS ENHANCED RECOVERY UNIT 8-5_755841,s3://osu-well-records-225989338968/pdfs/ExportedFolderContents_10/1990/11 - November/00723738_MORRIS ENHANCED RECOVERY UNIT 8-5_755841.pdf,10,1990,11 - November,mid,1990s,grid,grid,not_detected,Grid image extraction failed: not_detected,failed,not_detected,,failed,not_found,,,,done,,Beaver County,skipped,,,skipped,,,
00723749_MORRIS ENHANCED RECOVERY UNIT 9-3_755862,s3://osu-well-records-225989338968/pdfs/ExportedFolderContents_10/1990/11 - November/00723749_MORRIS ENHANCED RECOVERY UNIT 9-3_755862.pdf,10,1990,11 - November,mid,1990s,grid,grid,not_detected,Grid image extraction failed: not_detected,failed,not_detected,,failed,not_found,,,,done,,Beaver County,skipped,,,skipped,,,
00735706_ANGLETON GAS UNIT B-1 _755850,s3://osu-well-records-225989338968/pdfs/ExportedFolderContents_10/1990/11 - November/00735706_ANGLETON GAS UNIT B-1 _755850.pdf,10,1990,11 - November,mid,1990s,grid,grid,not_detected,Grid image extraction failed: not_detected,failed,not_detected,,failed,not_found,,,,done,,Beaver County,skipped,,,skipped,,,
00756455_S BOYD EXTENSION UNIT 8-2_755815,s3://osu-well-records-225989338968/pdfs/ExportedFolderContents_10/1990/11 - November/00756455_S BOYD EXTENSION UNIT 8-2_755815.pdf,10,1990,11 - November,mid,1990s,grid,grid,not_detected,Grid image extraction failed: not_detected,failed,not_detected,,done,,,,,failed,exception,,skipped,,,skipped,,,
00920453_DAMRON 1_903553,s3://osu-well-records-225989338968/pdfs/ExportedFolderContents_10/1990/11 - November/00920453_DAMRON 1_903553.pdf,10,1990,11 - November,mid,1990s,grid,grid,not_detected,Grid image extraction failed: not_detected,failed,not_detected,,failed,not_found,,,,done,,Beckham County,skipped,,,skipped,,,
00920857_BECK 1-8_903518,s3://osu-well-records-225989338968/pdfs/ExportedFolderContents_10/1990/11 - November/00920857_BECK 1-8_903518.pdf,10,1990,11 - November,mid,1990s,grid,grid,not_detected,Grid image extraction failed: not_detected,failed,not_detected,,done,,,,,done,,Beckham County,skipped,,,skipped,,,
00920857_BECK 1-8_903519,s3://osu-well-records-225989338968/pdfs/ExportedFolderContents_10/1990/11 - November/00920857_BECK 1-8_903519.pdf,10,1990,11 - November,mid,1990s,grid,grid,not_detected,Grid image extraction failed: not_detected,failed,not_detected,,failed,not_found,,,,done,,Beckham County,skipped,,,skipped,,,
00920915_BILLY 1_903506,s3://osu-well-records-225989338968/pdfs/ExportedFolderContents_10/1990/11 - November/00920915_BILLY 1_903506.pdf,10,1990,11 - November,mid,1990s,grid,grid,not_detected,Grid image extraction failed: not_detected,failed,not_detected,,failed,not_found,,,,done,,Beckham County,skipped,,,skipped,,,
00920918_MARY B 1-34_473369,s3://osu-well-records-225989338968/pdfs/ExportedFolderContents_10/1990/11 - November/00920918_MARY B 1-34_473369.pdf,10,1990,11 - November,mid,1990s,grid,grid,not_detected,Grid image extraction failed: not_detected,failed,not_detected,,done,,,,,done,,Beckham County,skipped,,,skipped,,,
01122465_MARGUERITE 3-34_1320412,s3://osu-well-records-225989338968/pdfs/ExportedFolderContents_10/1990/11 - November/01122465_MARGUERITE 3-34_1320412.pdf,10,1990,11 - November,mid,1990s,grid,grid,not_detected,Grid image extraction failed: not_detected,failed,not_detected,,failed,not_found,,,,done,,Blaine County,skipped,,,skipped,,,
01122468_IHRIG 1-27_1320452,s3://osu-well-records-225989338968/pdfs/ExportedFolderContents_10/1990/11 - November/01122468_IHRIG 1-27_1320452.pdf,10,1990,11 - November,mid,1990s,grid,grid,not_detected,Grid image extraction failed: not_detected,failed,not_detected,,failed,not_found,,,,done,,Blaine County,skipped,,,skipped,,,
01122472_HORSEFLY 1-1_1320096,s3://osu-well-records-225989338968/pdfs/ExportedFolderContents_10/1990/11 - November/01122472_HORSEFLY 1-1_1320096.pdf,10,1990,11 - November,mid,1990s,grid,grid,not_detected,Grid image extraction failed: not_detected,failed,not_detected,,failed,not_found,,,,done,,Blaine County,skipped,,,skipped,,,
01522097_JESSIE 1-24_1320338,s3://osu-well-records-225989338968/pdfs/ExportedFolderContents_10/1990/11 - November/01522097_JESSIE 1-24_1320338.pdf,10,1990,11 - November,mid,1990s,grid,grid,not_detected,Grid image extraction failed: not_detected,failed,not_detected,,failed,not_found,,,,done,,Caddo County,skipped,,,skipped,,,
12323200_J GILMORE 1-17_686239,s3://osu-well-records-225989338968/pdfs/ExportedFolderContents_10/1991/01 - January/12323200_J GILMORE 1-17_686239.pdf,10,1991,01 - January,mid,1990s,grid,grid,not_detected,Grid image extraction failed: not_detected,failed,not_detected,,failed,not_found,,,,done,,Pontotoc County,skipped,,,skipped,,,
12520243_DIANNE 4_686257,s3://osu-well-records-225989338968/pdfs/ExportedFolderContents_10/1991/01 - January/12520243_DIANNE 4_686257.pdf,10,1991,01 - January,mid,1990s,grid,grid,not_detected,Grid image extraction failed: not_detected,failed,not_detected,,done,,,,,done,,Pottawatomie County,skipped,,,skipped,,,
12520243_DIANNE 4_686258,s3://osu-well-records-225989338968/pdfs/ExportedFolderContents_10/1991/01 - January/12520243_DIANNE 4_686258.pdf,10,1991,01 - January,mid,1990s,grid,grid,not_detected,Grid image extraction failed: not_detected,failed,not_detected,,failed,not_found,,,,done,,Pottawatomie County,skipped,,,skipped,,,
12523172_CAMPBELL 2_686314,s3://osu-well-records-225989338968/pdfs/ExportedFolderContents_10/1991/01 - January/12523172_CAMPBELL 2_686314.pdf,10,1991,01 - January,mid,1990s,grid,grid,not_detected,Grid image extraction failed: not_detected,failed,not_detected,,done,,,,,failed,keyword_not_found,,skipped,,,skipped,,,
12523182_CLARKE 4_686268,s3://osu-well-records-225989338968/pdfs/ExportedFolderContents_10/1991/01 - January/12523182_CLARKE 4_686268.pdf,10,1991,01 - January,mid,1990s,grid,grid,not_detected,Grid image extraction failed: not_detected,failed,not_detected,,done,not_found,4,4,4,done,,Pottawatomie County,skipped,,,skipped,,,
13322311A_PALMER 3_686247,s3://osu-well-records-225989338968/pdfs/ExportedFolderContents_10/1991/01 - January/13322311A_PALMER 3_686247.pdf,10,1991,01 - January,mid,1990s,grid,grid,not_detected,Grid image extraction failed: not_detected,failed,not_detected,,done,,,,,done,,Seminole County,skipped,,,skipped,,,
13323855_JUMPER CREEK THURMAN SAND UNIT 332-W_686267,s3://osu-well-records-225989338968/pdfs/ExportedFolderContents_10/1991/01 - January/13323855_JUMPER CREEK THURMAN SAND UNIT 332-W_686267.pdf,10,1991,01 - January,mid,1990s,grid,grid,not_detected,Grid image extraction failed: not_detected,failed,not_detected,,done,,,5N,6E,done,no_match,Washita County,skipped,,,skipped,,,
13323856_JUMPER CREEK THURMAN SAND UNIT 1031_686284,s3://osu-well-records-225989338968/pdfs/ExportedFolderContents_10/1991/01 - January/13323856_JUMPER CREEK THURMAN SAND UNIT 1031_686284.pdf,10,1991,01 - January,mid,1990s,grid,grid,not_detected,Grid image extraction failed: not_detected,failed,not_detected,,failed,not_found,,,,done,,Seminole County,skipped,,,skipped,,,
13323857_JUMPER CREEK THURMAN SAND UNIT 1033_686319,s3://osu-well-records-225989338968/pdfs/ExportedFolderContents_10/1991/01 - January/13323857_JUMPER CREEK THURMAN SAND UNIT 1033_686319.pdf,10,1991,01 - January,mid,1990s,grid,grid,not_detected,Grid image extraction failed: not_detected,failed,not_detected,,failed,not_found,,,,done,no_match,Seminole County,skipped,,,skipped,,,
13323871_DEER 1_686252,s3://osu-well-records-225989338968/pdfs/ExportedFolderContents_10/1991/01 - January/13323871_DEER 1_686252.pdf,10,1991,01 - January,mid,1990s,grid,grid,not_detected,Grid image extraction failed: not_detected,failed,not_detected,,failed,not_found,,,,done,,Seminole County,skipped,,,skipped,,,
13323914_JEREMIAH 1_686306,s3://osu-well-records-225989338968/pdfs/ExportedFolderContents_10/1991/01 - January/13323914_JEREMIAH 1_686306.pdf,10,1991,01 - January,mid,1990s,grid,grid,not_detected,Grid image extraction failed: not_detected,failed,not_detected,,failed,not_found,,,,done,,Seminole County,skipped,,,skipped,,,
13323915_HELEN 1-28_686244,s3://osu-well-records-225989338968/pdfs/ExportedFolderContents_10/1991/01 - January/13323915_HELEN 1-28_686244.pdf,10,1991,01 - January,mid,1990s,grid,grid,not_detected,Grid image extraction failed: not_detected,failed,not_detected,,done,,,,,done,,Seminole County,skipped,,,skipped,,,
13705917_R C CANNEDY 2_986419,s3://osu-well-records-225989338968/pdfs/ExportedFolderContents_10/1991/01 - January/13705917_R C CANNEDY 2_986419.pdf,10,1991,01 - January,mid,1990s,grid,grid,not_detected,Grid image extraction failed: not_detected,failed,not_detected,,failed,not_found,,,,done,,Stephens County,skipped,,,skipped,,,
13708905_BRITTAIN DEESE UNIT 16-I_986397,s3://osu-well-records-225989338968/pdfs/ExportedFolderContents_10/1991/01 - January/13708905_BRITTAIN DEESE UNIT 16-I_986397.pdf,10,1991,01 - January,mid,1990s,grid,grid,not_detected,Grid image extraction failed: not_detected,failed,not_detected,,done,,,,,done,no_match,Grady County,skipped,,,skipped,,,
13709576_DOYLE FIELD UNIT 27 W-1 (BULLARD-DELEPLANE 1)_798496,s3://osu-well-records-225989338968/pdfs/ExportedFolderContents_10/1991/01 - January/13709576_DOYLE FIELD UNIT 27 W-1 (BULLARD-DELEPLANE 1)_798496.pdf,10,1991,01 - January,mid,1990s,grid,grid,not_detected,Grid image extraction failed: not_detected,failed,not_detected,,failed,not_found,,,,done,,Stephens County,skipped,,,skipped,,,
13720798_HUMPHREYS 304 (MOORE-MILLER 2)_986418,s3://osu-well-records-225989338968/pdfs/ExportedFolderContents_10/1991/01 - January/13720798_HUMPHREYS 304 (MOORE-MILLER 2)_986418.pdf,10,1991,01 - January,mid,1990s,grid,grid,not_detected,Grid image extraction failed: not_detected,failed,not_detected,,done,not_found,,15,4,done,,Stephens County,skipped,,,skipped,,,
13724908_HOUSE 1-22_841957,s3://osu-well-records-225989338968/pdfs/ExportedFolderContents_10/1991/01 - January/13724908_HOUSE 1-22_841957.pdf,10,1991,01 - January,mid,1990s,grid,grid,not_detected,Grid image extraction failed: not_detected,failed,not_detected,,done,,,,,done,,Stephens County,skipped,,,skipped,,,
13724952_BARBARA SUE 1_986326,s3://osu-well-records-225989338968/pdfs/ExportedFolderContents_10/1991/01 - January/13724952_BARBARA SUE 1_986326.pdf,10,1991,01 - January,mid,1990s,grid,grid,not_detected,Grid image extraction failed: not_detected,failed,not_detected,,done,,,,,done,,Stephens County,skipped,,,skipped,,,
13724958_W S R FOBB 7_986345,s3://osu-well-records-225989338968/pdfs/ExportedFolderContents_10/1991/01 - January/13724958_W S R FOBB 7_986345.pdf,10,1991,01 - January,mid,1990s,grid,grid,not_detected,Grid image extraction failed: not_detected,failed,not_detected,,failed,not_found,,,,done,,Stephens County,skipped,,,skipped,,,
14726260A_REYNOLDS 8_1516200,s3://osu-well-records-225989338968/pdfs/ExportedFolderContents_10/1991/01 - January/14726260A_REYNOLDS 8_1516200.pdf,10,1991,01 - January,mid,1990s,grid,grid,not_detected,Grid image extraction failed: not_detected,failed,not_detected,,failed,not_found,,,,done,no_match,Washita County,skipped,,,skipped,,,
14726275_SHEETS NV-22_1516242,s3://osu-well-records-225989338968/pdfs/ExportedFolderContents_10/1991/01 - January/14726275_SHEETS NV-22_1516242.pdf,10,1991,01 - January,mid,1990s,grid,grid,not_detected,Grid image extraction failed: not_detected,failed,not_detected,,failed,not_found,,,,failed,exception,,skipped,,,skipped,,,
14726284_HEATH 7_1516259,s3://osu-well-records-225989338968/pdfs/ExportedFolderContents_10/1991/01 - January/14726284_HEATH 7_1516259.pdf,10,1991,01 - January,mid,1990s,grid,grid,not_detected,Grid image extraction failed: not_detected,failed,not_detected,,done,,,,,done,,Washington County,skipped,,,skipped,,,
14726296_SCUDDER A AG-21_1516255,s3://osu-well-records-225989338968/pdfs/ExportedFolderContents_10/1991/01 - January/14726296_SCUDDER A AG-21_1516255.pdf,10,1991,01 - January,mid,1990s,grid,grid,not_detected,Grid image extraction failed: not_detected,failed,not_detected,,failed,not_found,,,,done,,Washington County,skipped,,,skipped,,,
14726311_SCUDDER A AG-6_1516230,s3://osu-well-records-225989338968/pdfs/ExportedFolderContents_10/1991/01 - January/14726311_SCUDDER A AG-6_1516230.pdf,10,1991,01 - January,mid,1990s,grid,grid,not_detected,Grid image extraction failed: not_detected,failed,not_detected,,failed,not_found,,,,done,,Washington County,skipped,,,skipped,,,
14726319_MILLIGAN 4_1518861,s3://osu-well-records-225989338968/pdfs/ExportedFolderContents_10/1991/01 - January/14726319_MILLIGAN 4_1518861.pdf,10,1991,01 - January,mid,1990s,grid,grid,not_detected,Grid image extraction failed: not_detected,failed,not_detected,,failed,not_found,,,,done,,Washington County,skipped,,,skipped,,,
14726320A_MILLIGAN 5_4105296,s3://osu-well-records-225989338968/pdfs/ExportedFolderContents_10/1991/01 - January/14726320A_MILLIGAN 5_4105296.pdf,10,1991,01 - January,mid,1990s,grid,grid,not_detected,Grid image extraction failed: not_detected,failed,not_detected,,done,,,,,failed,keyword_not_found,,skipped,,,skipped,,,
15121777_L C 1_1703077,s3://osu-well-records-225989338968/pdfs/ExportedFolderContents_10/1991/01 - January/15121777_L C 1_1703077.pdf,10,1991,01 - January,mid,1990s,grid,grid,not_detected,Grid image extraction failed: not_detected,failed,not_detected,,done,,,,,done,,Woods County,skipped,,,skipped,,,
15121851_MICHAEL 1-26_1587903,s3://osu-well-records-225989338968/pdfs/ExportedFolderContents_10/1991/01 - January/15121851_MICHAEL 1-26_1587903.pdf,10,1991,01 - January,mid,1990s,grid,grid,not_detected,Grid image extraction failed: not_detected,failed,not_detected,,failed,not_found,,,,done,,Woods County,skipped,,,skipped,,,
15121853_MARDONNA 1_1703107,s3://osu-well-records-225989338968/pdfs/ExportedFolderContents_10/1991/01 - January/15121853_MARDONNA 1_1703107.pdf,10,1991,01 - January,mid,1990s,grid,grid,not_detected,Grid image extraction failed: not_detected,failed,not_detected,,done,not_found,,28N,17,done,,Woods County,skipped,,,skipped,,,
15121861_DYER 1-19_1703093,s3://osu-well-records-225989338968/pdfs/ExportedFolderContents_10/1991/01 - January/15121861_DYER 1-19_1703093.pdf,10,1991,01 - January,mid,1990s,grid,grid,not_detected,Grid image extraction failed: not_detected,failed,not_detected,,done,,,,,done,,Woods County,skipped,,,skipped,,,
15321826_ROUSSEL 1_1703057,s3://osu-well-records-225989338968/pdfs/ExportedFolderContents_10/1991/01 - January/15321826_ROUSSEL 1_1703057.pdf,10,1991,01 - January,mid,1990s,grid,grid,not_detected,Grid image extraction failed: not_detected,failed,not_detected,,done,not_found,,24N,2W,done,,Woodward County,skipped,,,skipped,,,
00321509_PROVOST 1-4_1588153,s3://osu-well-records-225989338968/pdfs/ExportedFolderContents_10/1991/02 - February/00321509_PROVOST 1-4_1588153.pdf,10,1991,02 - February,mid,1990s,grid,grid,not_detected,Grid image extraction failed: not_detected,failed,not_detected,,failed,not_found,,,,failed,exception,,skipped,exception,,skipped,exception,,
00720175_SHARP 1-28_756204,s3://osu-well-records-225989338968/pdfs/ExportedFolderContents_10/1991/02 - February/00720175_SHARP 1-28_756204.pdf,10,1991,02 - February,mid,1990s,grid,grid,not_detected,Grid image extraction failed: not_detected,failed,not_detected,,failed,not_found,,,,done,,Beaver County,skipped,,,skipped,,,
00720885_MAYO 1_756196,s3://osu-well-records-225989338968/pdfs/ExportedFolderContents_10/1991/02 - February/00720885_MAYO 1_756196.pdf,10,1991,02 - February,mid,1990s,grid,grid,not_detected,Grid image extraction failed: not_detected,failed,not_detected,,failed,not_found,,,,done,,Beaver County,skipped,,,skipped,,,
00721993_BEAVER 4_756213,s3://osu-well-records-225989338968/pdfs/ExportedFolderContents_10/1991/02 - February/00721993_BEAVER 4_756213.pdf,10,1991,02 - February,mid,1990s,grid,grid,not_detected,Grid image extraction failed: not_detected,failed,not_detected,,failed,not_found,,,,done,,Beaver County,skipped,,,skipped,,,
00722836_STICKLER 2_756180,s3://osu-well-records-225989338968/pdfs/ExportedFolderContents_10/1991/02 - February/00722836_STICKLER 2_756180.pdf,10,1991,02 - February,mid,1990s,grid,grid,not_detected,Grid image extraction failed: not_detected,failed,not_detected,,done,,,,,done,,Beaver County,skipped,,,skipped,,,
00723726_ROSE 1_756171,s3://osu-well-records-225989338968/pdfs/ExportedFolderContents_10/1991/02 - February/00723726_ROSE 1_756171.pdf,10,1991,02 - February,mid,1990s,grid,grid,not_detected,Grid image extraction failed: not_detected,failed,not_detected,,failed,not_found,,,,done,,Beaver County,skipped,,,skipped,,,
00723726_ROSE 1_756173,s3://osu-well-records-225989338968/pdfs/ExportedFolderContents_10/1991/02 - February/00723726_ROSE 1_756173.pdf,10,1991,02 - February,mid,1990s,grid,grid,not_detected,Grid image extraction failed: not_detected,failed,not_detected,,failed,not_found,,,,done,,Beaver County,skipped,,,skipped,,,
00723745_BARBY 4E_756163,s3://osu-well-records-225989338968/pdfs/ExportedFolderContents_10/1991/02 - February/00723745_BARBY 4E_756163.pdf,10,1991,02 - February,mid,1990s,grid,grid,not_detected,Grid image extraction failed: not_detected,failed,not_detected,,failed,not_found,,,,done,,Beaver County,skipped,,,skipped,,,
00723756_DIXON 2-27_756158,s3://osu-well-records-225989338968/pdfs/ExportedFolderContents_10/1991/02 - February/00723756_DIXON 2-27_756158.pdf,10,1991,02 - February,mid,1990s,grid,grid,not_detected,Grid image extraction failed: not_detected,failed,not_detected,,failed,not_found,,,,done,,Beaver County,skipped,,,skipped,,,
00723759_OTTO BARBY 2-J_756194,s3://osu-well-records-225989338968/pdfs/ExportedFolderContents_10/1991/02 - February/00723759_OTTO BARBY 2-J_756194.pdf,10,1991,02 - February,mid,1990s,grid,grid,not_detected,Grid image extraction failed: not_detected,failed,not_detected,,failed,not_found,,,,done,,Beaver County,skipped,,,skipped,,,
00723767_SHEPHERD 1-22_756227,s3://osu-well-records-225989338968/pdfs/ExportedFolderContents_10/1991/02 - February/00723767_SHEPHERD 1-22_756227.pdf,10,1991,02 - February,mid,1990s,grid,grid,not_detected,Grid image extraction failed: not_detected,failed,not_detected,,failed,not_found,,,,done,,Beaver County,skipped,,,skipped,,,
00920923_ARLOS KENT 1-28_510647,s3://osu-well-records-225989338968/pdfs/ExportedFolderContents_10/1991/02 - February/00920923_ARLOS KENT 1-28_510647.pdf,10,1991,02 - February,mid,1990s,grid,grid,not_detected,Grid image extraction failed: not_detected,failed,not_detected,,failed,not_found,,,,done,,Beckham County,skipped,,,skipped,,,
00920927_ROBERTSON 4-24_469733,s3://osu-well-records-225989338968/pdfs/ExportedFolderContents_10/1991/02 - February/00920927_ROBERTSON 4-24_469733.pdf,10,1991,02 - February,mid,1990s,grid,grid,not_detected,Grid image extraction failed: not_detected,failed,not_detected,,done,,,,,done,,Beckham County,skipped,,,skipped,,,
01120804_BARRINGER 1-12_1321127,s3://osu-well-records-225989338968/pdfs/ExportedFolderContents_10/1991/02 - February/01120804_BARRINGER 1-12_1321127.pdf,10,1991,02 - February,mid,1990s,grid,grid,not_detected,Grid image extraction failed: not_detected,failed,not_detected,,failed,not_found,,,,done,,Blaine County,skipped,,,skipped,,,
01122471_WIDNEY 2-19_1321033,s3://osu-well-records-225989338968/pdfs/ExportedFolderContents_10/1991/02 - February/01122471_WIDNEY 2-19_1321033.pdf,10,1991,02 - February,mid,1990s,grid,grid,not_detected,Grid image extraction failed: not_detected,failed,not_detected,,failed,not_found,,,,done,,Blaine County,skipped,,,skipped,,,
01320112_MYERS (OIL CREEK) 211-4_547790,s3://osu-well-records-225989338968/pdfs/ExportedFolderContents_10/1991/02 - February/01320112_MYERS (OIL CREEK) 211-4_547790.pdf,10,1991,02 - February,mid,1990s,grid,grid,not_detected,Grid image extraction failed: not_detected,failed,not_detected,,failed,not_found,,,,done,,Bryan County,skipped,,,skipped,,,
01520255_CHARDLEYAH 1_842195,s3://osu-well-records-225989338968/pdfs/ExportedFolderContents_10/1991/02 - February/01520255_CHARDLEYAH 1_842195.pdf,10,1991,02 - February,mid,1990s,grid,grid,not_detected,Grid image extraction failed: not_detected,failed,not_detected,,failed,not_found,,,,done,,Caddo County,skipped,,,skipped,,,
01522099_ESTHER 1-15_842091,s3://osu-well-records-225989338968/pdfs/ExportedFolderContents_10/1991/02 - February/01522099_ESTHER 1-15_842091.pdf,10,1991,02 - February,mid,1990s,grid,grid,not_detected,Grid image extraction failed: not_detected,failed,not_detected,,failed,not_found,,,,done,,Caddo County,skipped,,,skipped,,,
01522108_GOODFELLOW 1-1_842256,s3://osu-well-records-225989338968/pdfs/ExportedFolderContents_10/1991/02 - February/01522108_GOODFELLOW 1-1_842256.pdf,10,1991,02 - February,mid,1990s,grid,grid,not_detected,Grid image extraction failed: not_detected,failed,not_detected,,done,,,,,done,,Caddo County,skipped,,,skipped,,,
01522109_STEVENS 13-7_842188,s3://osu-well-records-225989338968/pdfs/ExportedFolderContents_10/1991/02 - February/01522109_STEVENS 13-7_842188.pdf,10,1991,02 - February,mid,1990s,grid,grid,not_detected,Grid image extraction failed: not_detected,failed,not_detected,,failed,not_found,,,,done,,Caddo County,skipped,,,skipped,,,
01522111_MCCLAIN 2-4_842135,s3://osu-well-records-225989338968/pdfs/ExportedFolderContents_10/1991/02 - February/01522111_MCCLAIN 2-4_842135.pdf,10,1991,02 - February,mid,1990s,grid,grid,not_detected,Grid image extraction failed: not_detected,failed,not_detected,,failed,not_found,,,,done,,Caddo County,skipped,,,skipped,,,
01720903_JOHNSON 1-33_1321030,s3://osu-well-records-225989338968/pdfs/ExportedFolderContents_10/1991/02 - February/01720903_JOHNSON 1-33_1321030.pdf,10,1991,02 - February,mid,1990s,grid,grid,not_detected,Grid image extraction failed: not_detected,failed,not_detected,,failed,not_found,,,,done,,Canadian County,skipped,,,skipped,,,
01722312_HUFNAGEL D-1_1321070,s3://osu-well-records-225989338968/pdfs/ExportedFolderContents_10/1991/02 - February/01722312_HUFNAGEL D-1_1321070.pdf,10,1991,02 - February,mid,1990s,grid,grid,not_detected,Grid image extraction failed: not_detected,failed,not_detected,,failed,not_found,,,,done,,Canadian County,skipped,,,skipped,,,
01722336_BRINDLEY 19-2_1292204,s3://osu-well-records-225989338968/pdfs/ExportedFolderContents_10/1991/02 - February/01722336_BRINDLEY 19-2_1292204.pdf,10,1991,02 - February,mid,1990s,grid,grid,not_detected,Grid image extraction failed: not_detected,failed,not_detected,,done,,,,,done,,Canadian County,skipped,,,skipped,,,
01722518_BRINDLEY 29-1_1294277,s3://osu-well-records-225989338968/pdfs/ExportedFolderContents_10/1991/02 - February/01722518_BRINDLEY 29-1_1294277.pdf,10,1991,02 - February,mid,1990s,grid,grid,not_detected,Grid image extraction failed: not_detected,failed,not_detected,,failed,not_found,,,,done,,Canadian County,skipped,,,skipped,,,
01722596_BERRY 1-15_1321180,s3://osu-well-records-225989338968/pdfs/ExportedFolderContents_10/1991/02 - February/01722596_BERRY 1-15_1321180.pdf,10,1991,02 - February,mid,1990s,grid,grid,not_detected,Grid image extraction failed: not_detected,failed,not_detected,,failed,not_found,,,,done,,Canadian County,skipped,,,skipped,,,
01723171_BONEBRAKE 1_1321091,s3://osu-well-records-225989338968/pdfs/ExportedFolderContents_10/1991/02 - February/01723171_BONEBRAKE 1_1321091.pdf,10,1991,02 - February,mid,1990s,grid,grid,not_detected,Grid image extraction failed: not_detected,failed,not_detected,,done,,,1S,,done,,Canadian County,skipped,,,skipped,,,
01723173_SPEAR 3-18_1321126,s3://osu-well-records-225989338968/pdfs/ExportedFolderContents_10/1991/02 - February/01723173_SPEAR 3-18_1321126.pdf,10,1991,02 - February,mid,1990s,grid,grid,not_detected,Grid image extraction failed: not_detected,failed,not_detected,,failed,not_found,,,,done,,Canadian County,skipped,,,skipped,,,
01723177_LAUREN 1-7_1321160,s3://osu-well-records-225989338968/pdfs/ExportedFolderContents_10/1991/02 - February/01723177_LAUREN 1-7_1321160.pdf,10,1991,02 - February,mid,1990s,grid,grid,not_detected,Grid image extraction failed: not_detected,failed,not_detected,,failed,not_found,,,,failed,no_match,,skipped,,,skipped,,,
01723177_LAUREN 1-7_1321163,s3://osu-well-records-225989338968/pdfs/ExportedFolderContents_10/1991/02 - February/01723177_LAUREN 1-7_1321163.pdf,10,1991,02 - February,mid,1990s,grid,grid,not_detected,Grid image extraction failed: not_detected,failed,not_detected,,failed,not_found,,,,done,,Canadian County,skipped,,,skipped,,,
01723183_LAUB 1-21_1321072,s3://osu-well-records-225989338968/pdfs/ExportedFolderContents_10/1991/02 - February/01723183_LAUB 1-21_1321072.pdf,10,1991,02 - February,mid,1990s,grid,grid,not_detected,Grid image extraction failed: not_detected,failed,not_detected,,failed,not_found,,,,done,,Canadian County,skipped,,,skipped,,,
01723185_HUCHTEMANN 2-29_1321181,s3://osu-well-records-225989338968/pdfs/ExportedFolderContents_10/1991/02 - February/01723185_HUCHTEMANN 2-29_1321181.pdf,10,1991,02 - February,mid,1990s,grid,grid,not_detected,Grid image extraction failed: not_detected,failed,not_detected,,failed,not_found,,,,done,,Canadian County,skipped,,,skipped,,,
01904181_COX PENN SAND UNIT 13 (GENE COX 10)_986476,s3://osu-well-records-225989338968/pdfs/ExportedFolderContents_10/1991/02 - February/01904181_COX PENN SAND UNIT 13 (GENE COX 10)_986476.pdf,10,1991,02 - February,mid,1990s,grid,grid,not_detected,Grid image extraction failed: not_detected,failed,not_detected,,failed,not_found,,,,done,,Carter County,skipped,,,skipped,,,
01904183_GENE COX 12_986442,s3://osu-well-records-225989338968/pdfs/ExportedFolderContents_10/1991/02 - February/01904183_GENE COX 12_986442.pdf,10,1991,02 - February,mid,1990s,grid,grid,not_detected,Grid image extraction failed: not_detected,failed,not_detected,,done,,,,,done,,Carter County,skipped,,,skipped,,,
01904184_COX PENN SAND UNIT 20 (GENE COX 13)_986480,s3://osu-well-records-225989338968/pdfs/ExportedFolderContents_10/1991/02 - February/01904184_COX PENN SAND UNIT 20 (GENE COX 13)_986480.pdf,10,1991,02 - February,mid,1990s,grid,grid,not_detected,Grid image extraction failed: not_detected,failed,not_detected,,failed,not_found,,,,done,,Carter County,skipped,,,skipped,,,
01904188_COX PENN SAND UNIT 26 (GENE COX 17)_986436,s3://osu-well-records-225989338968/pdfs/ExportedFolderContents_10/1991/02 - February/01904188_COX PENN SAND UNIT 26 (GENE COX 17)_986436.pdf,10,1991,02 - February,mid,1990s,grid,grid,not_detected,Grid image extraction failed: not_detected,failed,not_detected,,failed,not_found,,,,failed,no_match,,skipped,,,skipped,,,
01920833_HEWITT UNIT 16-6401_986491,s3://osu-well-records-225989338968/pdfs/ExportedFolderContents_10/1991/02 - February/01920833_HEWITT UNIT 16-6401_986491.pdf,10,1991,02 - February,mid,1990s,grid,grid,not_detected,Grid image extraction failed: not_detected,failed,not_detected,,failed,not_found,,,,done,,Carter County,skipped,,,skipped,,,
01921557_ZELLARS 2_986456,s3://osu-well-records-225989338968/pdfs/ExportedFolderContents_10/1991/02 - February/01921557_ZELLARS 2_986456.pdf,10,1991,02 - February,mid,1990s,grid,grid,not_detected,Grid image extraction failed: not_detected,failed,not_detected,,failed,not_found,,,,failed,no_match,,skipped,,,skipped,,,
01923785_COTTONWOOD CREEK 30-B-1_986447,s3://osu-well-records-225989338968/pdfs/ExportedFolderContents_10/1991/02 - February/01923785_COTTONWOOD CREEK 30-B-1_986447.pdf,10,1991,02 - February,mid,1990s,grid,grid,not_detected,Grid image extraction failed: not_detected,failed,not_detected,,done,,,,,done,,Carter County,skipped,,,skipped,,,
01923785_COTTONWOOD CREEK 30-B-1_986451,s3://osu-well-records-225989338968/pdfs/ExportedFolderContents_10/1991/02 - February/01923785_COTTONWOOD CREEK 30-B-1_986451.pdf,10,1991,02 - February,mid,1990s,grid,grid,not_detected,Grid image extraction failed: not_detected,failed,not_detected,,failed,not_found,,,,done,,Carter County,skipped,,,skipped,,,
01923913_A S MOORE 5_986455,s3://osu-well-records-225989338968/pdfs/ExportedFolderContents_10/1991/02 - February/01923913_A S MOORE 5_986455.pdf,10,1991,02 - February,mid,1990s,grid,grid,not_detected,Grid image extraction failed: not_detected,failed,not_detected,,done,,,,,done,,Carter County,skipped,,,skipped,,,
13724924_EISER 1-31_842769,s3://osu-well-records-225989338968/pdfs/ExportedFolderContents_10/1991/05 - May/13724924_EISER 1-31_842769.pdf,10,1991,05 - May,mid,1990s,grid,grid,not_detected,Grid image extraction failed: not_detected,failed,not_detected,,failed,not_found,,,,failed,exception,,skipped,,,skipped,,,
13724964_BURTON 1-21_842833,s3://osu-well-records-225989338968/pdfs/ExportedFolderContents_10/1991/05 - May/13724964_BURTON 1-21_842833.pdf,10,1991,05 - May,mid,1990s,grid,grid,not_detected,Grid image extraction failed: not_detected,failed,not_detected,,failed,not_found,,,,done,no_match,Kingfisher County,skipped,,,skipped,,,
13724965_BLAKE-DIANE LARAMORE 1-22_842810,s3://osu-well-records-225989338968/pdfs/ExportedFolderContents_10/1991/05 - May/13724965_BLAKE-DIANE LARAMORE 1-22_842810.pdf,10,1991,05 - May,mid,1990s,grid,grid,not_detected,Grid image extraction failed: not_detected,failed,not_detected,,failed,not_found,,,,failed,exception,,skipped,,,skipped,,,
13724972_N ALMA PENN UNIT 121_986801,s3://osu-well-records-225989338968/pdfs/ExportedFolderContents_10/1991/05 - May/13724972_N ALMA PENN UNIT 121_986801.pdf,10,1991,05 - May,mid,1990s,grid,grid,not_detected,Grid image extraction failed: not_detected,failed,not_detected,,failed,not_found,,,,done,,Stephens County,skipped,,,skipped,,,
13724974_N ALMA PENN UNIT 123_986891,s3://osu-well-records-225989338968/pdfs/ExportedFolderContents_10/1991/05 - May/13724974_N ALMA PENN UNIT 123_986891.pdf,10,1991,05 - May,mid,1990s,grid,grid,not_detected,Grid image extraction failed: not_detected,failed,not_detected,,done,,,,,done,,Stephens County,skipped,,,skipped,,,
13724975A_RUSSELL 1-7_2721182,s3://osu-well-records-225989338968/pdfs/ExportedFolderContents_10/1991/05 - May/13724975A_RUSSELL 1-7_2721182.pdf,10,1991,05 - May,mid,1990s,grid,grid,not_detected,Grid image extraction failed: not_detected,failed,not_detected,,done,,,,,failed,keyword_not_found,,skipped,,,skipped,,,
13922352A_W HOUGH MORROW UNIT 100_756553,s3://osu-well-records-225989338968/pdfs/ExportedFolderContents_10/1991/05 - May/13922352A_W HOUGH MORROW UNIT 100_756553.pdf,10,1991,05 - May,mid,1990s,grid,grid,not_detected,Grid image extraction failed: not_detected,failed,not_detected,,failed,not_found,,,,failed,exception,,skipped,,,skipped,,,
13922352C_W HOUGH MORROW UNIT 100_756557,s3://osu-well-records-225989338968/pdfs/ExportedFolderContents_10/1991/05 - May/13922352C_W HOUGH MORROW UNIT 100_756557.pdf,10,1991,05 - May,mid,1990s,grid,grid,not_detected,Grid image extraction failed: not_detected,failed,not_detected,,failed,not_found,,,,failed,keyword_not_found,,skipped,,,skipped,,,
13922352E_W HOUGH MORROW UNIT 100_4064513,s3://osu-well-records-225989338968/pdfs/ExportedFolderContents_10/1991/05 - May/13922352E_W HOUGH MORROW UNIT 100_4064513.pdf,10,1991,05 - May,mid,1990s,grid,grid,not_detected,Grid image extraction failed: not_detected,failed,not_detected,,done,,,,,failed,exception,,skipped,,,skipped,,,
13922380_STEPHANIE 1_756579,s3://osu-well-records-225989338968/pdfs/ExportedFolderContents_10/1991/05 - May/13922380_STEPHANIE 1_756579.pdf,10,1991,05 - May,mid,1990s,grid,grid,not_detected,Grid image extraction failed: not_detected,failed,not_detected,,failed,not_found,,,,done,,Texas County,skipped,,,skipped,,,
13922383_POSTLE UPPER MORROW UNIT 15-2_756577,s3://osu-well-records-225989338968/pdfs/ExportedFolderContents_10/1991/05 - May/13922383_POSTLE UPPER MORROW UNIT 15-2_756577.pdf,10,1991,05 - May,mid,1990s,grid,grid,not_detected,Grid image extraction failed: not_detected,failed,not_detected,,done,,,1S,,done,,Texas County,skipped,,,skipped,,,
13922384_POSTLE UPPER MORROW UNIT 11-12_756612,s3://osu-well-records-225989338968/pdfs/ExportedFolderContents_10/1991/05 - May/13922384_POSTLE UPPER MORROW UNIT 11-12_756612.pdf,10,1991,05 - May,mid,1990s,grid,grid,not_detected,Grid image extraction failed: not_detected,failed,not_detected,,done,not_found,01,1,1,done,,Texas County,skipped,,,skipped,,,
13922389_CRAIG 1-16_756573,s3://osu-well-records-225989338968/pdfs/ExportedFolderContents_10/1991/05 - May/13922389_CRAIG 1-16_756573.pdf,10,1991,05 - May,mid,1990s,grid,grid,not_detected,Grid image extraction failed: not_detected,failed,not_detected,,failed,not_found,,,,done,,Texas County,skipped,,,skipped,,,
13935107_W HOUGH MORROW UNIT 32_756542,s3://osu-well-records-225989338968/pdfs/ExportedFolderContents_10/1991/05 - May/13935107_W HOUGH MORROW UNIT 32_756542.pdf,10,1991,05 - May,mid,1990s,grid,grid,not_detected,Grid image extraction failed: not_detected,failed,not_detected,,done,,,,,failed,keyword_not_found,,skipped,,,skipped,,,
14120316_STEWART-WELFARE 1_547964,s3://osu-well-records-225989338968/pdfs/ExportedFolderContents_10/1991/05 - May/14120316_STEWART-WELFARE 1_547964.pdf,10,1991,05 - May,mid,1990s,grid,grid,not_detected,Grid image extraction failed: not_detected,failed,not_detected,,failed,not_found,,,,done,,Tillman County,skipped,,,skipped,,,
14120316_STEWART-WELFARE 1_986859,s3://osu-well-records-225989338968/pdfs/ExportedFolderContents_10/1991/05 - May/14120316_STEWART-WELFARE 1_986859.pdf,10,1991,05 - May,mid,1990s,grid,grid,not_detected,Grid image extraction failed: not_detected,failed,not_detected,,failed,not_found,,,,done,,Tillman County,skipped,,,skipped,,,
14120334A_CAPSHAW 2_2870283,s3://osu-well-records-225989338968/pdfs/ExportedFolderContents_10/1991/05 - May/14120334A_CAPSHAW 2_2870283.pdf,10,1991,05 - May,mid,1990s,grid,grid,not_detected,Grid image extraction failed: not_detected,failed,not_detected,,failed,not_found,,,,failed,keyword_not_found,,skipped,,,skipped,,,
14120337A_NOKIE PROSPECT 8 4-B_547948,s3://osu-well-records-225989338968/pdfs/ExportedFolderContents_10/1991/05 - May/14120337A_NOKIE PROSPECT 8 4-B_547948.pdf,10,1991,05 - May,mid,1990s,grid,grid,not_detected,Grid image extraction failed: not_detected,failed,not_detected,,done,,,,,done,,Tillman County,skipped,,,skipped,,,
14120337A_NOKIE PROSPECT 8 4-B_986814,s3://osu-well-records-225989338968/pdfs/ExportedFolderContents_10/1991/05 - May/14120337A_NOKIE PROSPECT 8 4-B_986814.pdf,10,1991,05 - May,mid,1990s,grid,grid,not_detected,Grid image extraction failed: not_detected,failed,not_detected,,done,,,,,done,,Tillman County,skipped,,,skipped,,,
14726328_TALLY 8_1516765,s3://osu-well-records-225989338968/pdfs/ExportedFolderContents_10/1991/05 - May/14726328_TALLY 8_1516765.pdf,10,1991,05 - May,mid,1990s,grid,grid,not_detected,Grid image extraction failed: not_detected,failed,not_detected,,failed,not_found,,,,done,,Washington County,skipped,,,skipped,,,
14726328_TALLY 8_1516773,s3://osu-well-records-225989338968/pdfs/ExportedFolderContents_10/1991/05 - May/14726328_TALLY 8_1516773.pdf,10,1991,05 - May,mid,1990s,grid,grid,not_detected,Grid image extraction failed: not_detected,failed,not_detected,,failed,not_found,,,,done,,Washington County,skipped,,,skipped,,,
14726328_TALLY 8_547979,s3://osu-well-records-225989338968/pdfs/ExportedFolderContents_10/1991/05 - May/14726328_TALLY 8_547979.pdf,10,1991,05 - May,mid,1990s,grid,grid,not_detected,Grid image extraction failed: not_detected,failed,not_detected,,failed,not_found,,,,done,,Washington County,skipped,,,skipped,,,
14920632_BROWN FOUNDATION 3-14_492241,s3://osu-well-records-225989338968/pdfs/ExportedFolderContents_10/1991/05 - May/14920632_BROWN FOUNDATION 3-14_492241.pdf,10,1991,05 - May,mid,1990s,grid,grid,not_detected,Grid image extraction failed: not_detected,failed,not_detected,,done,,,,,done,,Washita County,skipped,,,skipped,,,
15120012_GOODNO A-4_1588522,s3://osu-well-records-225989338968/pdfs/ExportedFolderContents_10/1991/05 - May/15120012_GOODNO A-4_1588522.pdf,10,1991,05 - May,mid,1990s,grid,grid,not_detected,Grid image extraction failed: not_detected,failed,not_detected,,failed,not_found,,,,done,,Woods County,skipped,,,skipped,,,
15120017_MCCRAY 2_1588514,s3://osu-well-records-225989338968/pdfs/ExportedFolderContents_10/1991/05 - May/15120017_MCCRAY 2_1588514.pdf,10,1991,05 - May,mid,1990s,grid,grid,not_detected,Grid image extraction failed: not_detected,failed,not_detected,,done,,,,,done,,Woods County,skipped,,,skipped,,,
15120031_STEWART 3_1588523,s3://osu-well-records-225989338968/pdfs/ExportedFolderContents_10/1991/05 - May/15120031_STEWART 3_1588523.pdf,10,1991,05 - May,mid,1990s,grid,grid,not_detected,Grid image extraction failed: not_detected,failed,not_detected,,failed,not_found,,,,done,,Woods County,skipped,,,skipped,,,
15120090_MCBRIDE A-2_1588495,s3://osu-well-records-225989338968/pdfs/ExportedFolderContents_10/1991/05 - May/15120090_MCBRIDE A-2_1588495.pdf,10,1991,05 - May,mid,1990s,grid,grid,not_detected,Grid image extraction failed: not_detected,failed,not_detected,,failed,not_found,,,,done,,Woods County,skipped,,,skipped,,,
15120124_MCBRIDE B-1_1588560,s3://osu-well-records-225989338968/pdfs/ExportedFolderContents_10/1991/05 - May/15120124_MCBRIDE B-1_1588560.pdf,10,1991,05 - May,mid,1990s,grid,grid,not_detected,Grid image extraction failed: not_detected,failed,not_detected,,done,not_found,,23N,13W,done,,Woods County,skipped,,,skipped,,,
15121865_OAKDALE RED FORK UNIT 2-14_1588518,s3://osu-well-records-225989338968/pdfs/ExportedFolderContents_10/1991/05 - May/15121865_OAKDALE RED FORK UNIT 2-14_1588518.pdf,10,1991,05 - May,mid,1990s,grid,grid,not_detected,Grid image extraction failed: not_detected,failed,not_detected,,done,not_found,,23N,13W,done,,Woods County,skipped,,,skipped,,,
151218660001_OAKDALE RED FORK UNIT 4-23_500373383,s3://osu-well-records-225989338968/pdfs/ExportedFolderContents_10/1991/05 - May/151218660001_OAKDALE RED FORK UNIT 4-23_500373383.pdf,10,1991,05 - May,mid,1990s,grid,grid,not_detected,Grid image extraction failed: not_detected,failed,not_detected,,done,,,23N,13W,failed,exception,,skipped,,,skipped,,,
15321828_HEPNER 2-35_1703481,s3://osu-well-records-225989338968/pdfs/ExportedFolderContents_10/1991/05 - May/15321828_HEPNER 2-35_1703481.pdf,10,1991,05 - May,mid,1990s,grid,grid,not_detected,Grid image extraction failed: not_detected,failed,not_detected,,failed,not_found,,,,done,,Woodward County,skipped,,,skipped,,,
15321832_TOM 1-36_1703446,s3://osu-well-records-225989338968/pdfs/ExportedFolderContents_10/1991/05 - May/15321832_TOM 1-36_1703446.pdf,10,1991,05 - May,mid,1990s,grid,grid,not_detected,Grid image extraction failed: not_detected,failed,not_detected,,done,,,,,done,,Woodward County,skipped,,,skipped,,,
00321517_ADAMS 1-9_1588689,s3://osu-well-records-225989338968/pdfs/ExportedFolderContents_10/1991/06 - June/00321517_ADAMS 1-9_1588689.pdf,10,1991,06 - June,mid,1990s,grid,grid,not_detected,Grid image extraction failed: not_detected,failed,not_detected,,done,,,,,done,,Alfalfa County,skipped,,,skipped,,,
00321518_DOC 1-36_1588724,s3://osu-well-records-225989338968/pdfs/ExportedFolderContents_10/1991/06 - June/00321518_DOC 1-36_1588724.pdf,10,1991,06 - June,mid,1990s,grid,grid,not_detected,Grid image extraction failed: not_detected,failed,not_detected,,failed,not_found,,,,done,,Alfalfa County,skipped,,,skipped,,,
00720945_CARRIER 1-5_756806,s3://osu-well-records-225989338968/pdfs/ExportedFolderContents_10/1991/06 - June/00720945_CARRIER 1-5_756806.pdf,10,1991,06 - June,mid,1990s,grid,grid,not_detected,Grid image extraction failed: not_detected,failed,not_detected,,failed,not_found,,,,done,,Beaver County,skipped,,,skipped,,,
00723787_OVERTON A-2_756815,s3://osu-well-records-225989338968/pdfs/ExportedFolderContents_10/1991/06 - June/00723787_OVERTON A-2_756815.pdf,10,1991,06 - June,mid,1990s,grid,grid,not_detected,Grid image extraction failed: not_detected,failed,not_detected,,failed,not_found,,,,done,,Beaver County,skipped,,,skipped,,,
00723790_JANTZEN 7-1_756637,s3://osu-well-records-225989338968/pdfs/ExportedFolderContents_10/1991/06 - June/00723790_JANTZEN 7-1_756637.pdf,10,1991,06 - June,mid,1990s,grid,grid,not_detected,Grid image extraction failed: not_detected,failed,not_detected,,done,,,,,done,,Beaver County,skipped,,,skipped,,,
00723790_JANTZEN 7-1_756660,s3://osu-well-records-225989338968/pdfs/ExportedFolderContents_10/1991/06 - June/00723790_JANTZEN 7-1_756660.pdf,10,1991,06 - June,mid,1990s,grid,grid,not_detected,Grid image extraction failed: not_detected,failed,not_detected,,done,,,,,done,,Beaver County,skipped,,,skipped,,,
00723790_JANTZEN 7-1_756697,s3://osu-well-records-225989338968/pdfs/ExportedFolderContents_10/1991/06 - June/00723790_JANTZEN 7-1_756697.pdf,10,1991,06 - June,mid,1990s,grid,grid,not_detected,Grid image extraction failed: not_detected,failed,not_detected,,done,,,,,done,,Beaver County,skipped,,,skipped,,,
00723790_JANTZEN 7-1_756774,s3://osu-well-records-225989338968/pdfs/ExportedFolderContents_10/1991/06 - June/00723790_JANTZEN 7-1_756774.pdf,10,1991,06 - June,mid,1990s,grid,grid,not_detected,Grid image extraction failed: not_detected,failed,not_detected,,done,,,,,done,,Beaver County,skipped,,,skipped,,,
00723793_BETTY C-1_756847,s3://osu-well-records-225989338968/pdfs/ExportedFolderContents_10/1991/06 - June/00723793_BETTY C-1_756847.pdf,10,1991,06 - June,mid,1990s,grid,grid,not_detected,Grid image extraction failed: not_detected,failed,not_detected,,failed,not_found,,,,done,,Beaver County,skipped,,,skipped,,,
00730009_DEAN 1_756797,s3://osu-well-records-225989338968/pdfs/ExportedFolderContents_10/1991/06 - June/00730009_DEAN 1_756797.pdf,10,1991,06 - June,mid,1990s,grid,grid,not_detected,Grid image extraction failed: not_detected,failed,not_detected,,failed,not_found,,,,done,,Beaver County,skipped,,,skipped,,,
00920890_HAZEL HOWELL 1-2_903882,s3://osu-well-records-225989338968/pdfs/ExportedFolderContents_10/1991/06 - June/00920890_HAZEL HOWELL 1-2_903882.pdf,10,1991,06 - June,mid,1990s,grid,grid,not_detected,Grid image extraction failed: not_detected,failed,not_detected,,failed,not_found,,,,failed,exception,,skipped,,,skipped,,,
00920922_HEWLETT 1-27_507331,s3://osu-well-records-225989338968/pdfs/ExportedFolderContents_10/1991/06 - June/00920922_HEWLETT 1-27_507331.pdf,10,1991,06 - June,mid,1990s,grid,grid,not_detected,Grid image extraction failed: not_detected,failed,not_detected,,failed,not_found,,,,done,,Beckham County,skipped,,,skipped,,,
01122483_CRAIN 1-11_1322240,s3://osu-well-records-225989338968/pdfs/ExportedFolderContents_10/1991/06 - June/01122483_CRAIN 1-11_1322240.pdf,10,1991,06 - June,mid,1990s,grid,grid,not_detected,Grid image extraction failed: not_detected,failed,not_detected,,failed,not_found,,,,done,,Blaine County,skipped,,,skipped,,,
01122484_BOECKMAN D-2_1322076,s3://osu-well-records-225989338968/pdfs/ExportedFolderContents_10/1991/06 - June/01122484_BOECKMAN D-2_1322076.pdf,10,1991,06 - June,mid,1990s,grid,grid,not_detected,Grid image extraction failed: not_detected,failed,not_detected,,failed,not_found,,,,done,,Blaine County,skipped,,,skipped,,,
01122484_BOECKMAN D-2_1322114,s3://osu-well-records-225989338968/pdfs/ExportedFolderContents_10/1991/06 - June/01122484_BOECKMAN D-2_1322114.pdf,10,1991,06 - June,mid,1990s,grid,grid,not_detected,Grid image extraction failed: not_detected,failed,not_detected,,failed,not_found,,,,done,,Blaine County,skipped,,,skipped,,,
01520899_CATES 1_843118,s3://osu-well-records-225989338968/pdfs/ExportedFolderContents_10/1991/06 - June/01520899_CATES 1_843118.pdf,10,1991,06 - June,mid,1990s,grid,grid,not_detected,Grid image extraction failed: not_detected,failed,not_detected,,failed,not_found,,,,done,,Caddo County,skipped,,,skipped,,,
01521014_GERTIE HINTON 1_843113,s3://osu-well-records-225989338968/pdfs/ExportedFolderContents_10/1991/06 - June/01521014_GERTIE HINTON 1_843113.pdf,10,1991,06 - June,mid,1990s,grid,grid,not_detected,Grid image extraction failed: not_detected,failed,not_detected,,failed,not_found,,,,done,,Caddo County,skipped,,,skipped,,,
01521361_TOM CAT 14-1-2A_842988,s3://osu-well-records-225989338968/pdfs/ExportedFolderContents_10/1991/06 - June/01521361_TOM CAT 14-1-2A_842988.pdf,10,1991,06 - June,mid,1990s,grid,grid,not_detected,Grid image extraction failed: not_detected,failed,not_detected,,failed,not_found,,,,done,,Caddo County,skipped,,,skipped,,,
01522113_HARRIS TRUST 1-8_842904,s3://osu-well-records-225989338968/pdfs/ExportedFolderContents_10/1991/06 - June/01522113_HARRIS TRUST 1-8_842904.pdf,10,1991,06 - June,mid,1990s,grid,grid,not_detected,Grid image extraction failed: not_detected,failed,not_detected,,done,,,,,done,,Caddo County,skipped,,,skipped,,,
01522131_TATE 1-32_1322207,s3://osu-well-records-225989338968/pdfs/ExportedFolderContents_10/1991/06 - June/01522131_TATE 1-32_1322207.pdf,10,1991,06 - June,mid,1990s,grid,grid,not_detected,Grid image extraction failed: not_detected,failed,not_detected,,failed,not_found,,,,done,,Caddo County,skipped,,,skipped,,,
01522136_SOPHIA 1-32_1322143,s3://osu-well-records-225989338968/pdfs/ExportedFolderContents_10/1991/06 - June/01522136_SOPHIA 1-32_1322143.pdf,10,1991,06 - June,mid,1990s,grid,grid,not_detected,Grid image extraction failed: not_detected,failed,not_detected,,failed,not_found,,,,done,,Caddo County,skipped,,,skipped,,,
01522141_KUNSEMULLER E-2_843100,s3://osu-well-records-225989338968/pdfs/ExportedFolderContents_10/1991/06 - June/01522141_KUNSEMULLER E-2_843100.pdf,10,1991,06 - June,mid,1990s,grid,grid,not_detected,Grid image extraction failed: not_detected,failed,not_detected,,done,,,,,done,,Caddo County,skipped,,,skipped,,,
01537215_W RIGNEY 5 (RIGNEY-R-WADE 5)_843086,s3://osu-well-records-225989338968/pdfs/ExportedFolderContents_10/1991/06 - June/01537215_W RIGNEY 5 (RIGNEY-R-WADE 5)_843086.pdf,10,1991,06 - June,mid,1990s,grid,grid,not_detected,Grid image extraction failed: not_detected,failed,not_detected,,done,,,,,done,,Caddo County,skipped,,,skipped,,,
01723192_PORTER 5-4_1322252,s3://osu-well-records-225989338968/pdfs/ExportedFolderContents_10/1991/06 - June/01723192_PORTER 5-4_1322252.pdf,10,1991,06 - June,mid,1990s,grid,grid,not_detected,Grid image extraction failed: not_detected,failed,not_detected,,done,,,,,done,,Canadian County,skipped,,,skipped,,,
01723193_AUSTIN 1-27_1322128,s3://osu-well-records-225989338968/pdfs/ExportedFolderContents_10/1991/06 - June/01723193_AUSTIN 1-27_1322128.pdf,10,1991,06 - June,mid,1990s,grid,grid,not_detected,Grid image extraction failed: not_detected,failed,not_detected,,failed,not_found,,,,done,,Canadian County,skipped,,,skipped,,,
01723201_BORNEMANN 1_1322150,s3://osu-well-records-225989338968/pdfs/ExportedFolderContents_10/1991/06 - June/01723201_BORNEMANN 1_1322150.pdf,10,1991,06 - June,mid,1990s,grid,grid,not_detected,Grid image extraction failed: not_detected,failed,not_detected,,failed,not_found,,,,done,,Canadian County,skipped,,,skipped,,,
01905725_S GRAHAM DEESE SAND UNIT 42-1_986905,s3://osu-well-records-225989338968/pdfs/ExportedFolderContents_10/1991/06 - June/01905725_S GRAHAM DEESE SAND UNIT 42-1_986905.pdf,10,1991,06 - June,mid,1990s,grid,grid,not_detected,Grid image extraction failed: not_detected,failed,not_detected,,done,,,,,done,,Carter County,skipped,,,skipped,,,
01905782_S GRAHAM DEESE SAND UNIT 58-1 (NICHOLS 1)_987009,s3://osu-well-records-225989338968/pdfs/ExportedFolderContents_10/1991/06 - June/01905782_S GRAHAM DEESE SAND UNIT 58-1 (NICHOLS 1)_987009.pdf,10,1991,06 - June,mid,1990s,grid,grid,not_detected,Grid image extraction failed: not_detected,failed,not_detected,,done,,,,,failed,no_match,,skipped,,,skipped,,,
01905782_S GRAHAM DEESE SAND UNIT 58-1_987010,s3://osu-well-records-225989338968/pdfs/ExportedFolderContents_10/1991/06 - June/01905782_S GRAHAM DEESE SAND UNIT 58-1_987010.pdf,10,1991,06 - June,mid,1990s,grid,grid,not_detected,Grid image extraction failed: not_detected,failed,not_detected,,failed,not_found,,,,done,,Carter County,skipped,,,skipped,,,
01905794_S GRAHAM DEESE SAND UNIT 62A-1 (MOYER 1)_986980,s3://osu-well-records-225989338968/pdfs/ExportedFolderContents_10/1991/06 - June/01905794_S GRAHAM DEESE SAND UNIT 62A-1 (MOYER 1)_986980.pdf,10,1991,06 - June,mid,1990s,grid,grid,not_detected,Grid image extraction failed: not_detected,failed,not_detected,,done,,,,,done,,Carter County,skipped,,,skipped,,,
01905812_S GRAHAM DEESE SAND UNIT 61A-1 (DAISY MOYER 1)_986963,s3://osu-well-records-225989338968/pdfs/ExportedFolderContents_10/1991/06 - June/01905812_S GRAHAM DEESE SAND UNIT 61A-1 (DAISY MOYER 1)_986963.pdf,10,1991,06 - June,mid,1990s,grid,grid,not_detected,Grid image extraction failed: not_detected,failed,not_detected,,failed,not_found,,,,done,,Carter County,skipped,,,skipped,,,
01905851_S GRAHAM DEESE SAND UNIT 71-2 (H W MCGILL 2)_986997,s3://osu-well-records-225989338968/pdfs/ExportedFolderContents_10/1991/06 - June/01905851_S GRAHAM DEESE SAND UNIT 71-2 (H W MCGILL 2)_986997.pdf,10,1991,06 - June,mid,1990s,grid,grid,not_detected,Grid image extraction failed: not_detected,failed,not_detected,,done,,,,,done,,Carter County,skipped,,,skipped,,,
01922492_LUSTER 1-9_986918,s3://osu-well-records-225989338968/pdfs/ExportedFolderContents_10/1991/06 - June/01922492_LUSTER 1-9_986918.pdf,10,1991,06 - June,mid,1990s,grid,grid,not_detected,Grid image extraction failed: not_detected,failed,not_detected,,failed,not_found,,,,done,,Carter County,skipped,,,skipped,,,
01922877A_M LUCAS A-3_969532,s3://osu-well-records-225989338968/pdfs/ExportedFolderContents_10/1991/06 - June/01922877A_M LUCAS A-3_969532.pdf,10,1991,06 - June,mid,1990s,grid,grid,not_detected,Grid image extraction failed: not_detected,failed,not_detected,,failed,not_found,,,,failed,no_match,,skipped,,,skipped,,,
01924013_MISS MATTIE 1_986972,s3://osu-well-records-225989338968/pdfs/ExportedFolderContents_10/1991/06 - June/01924013_MISS MATTIE 1_986972.pdf,10,1991,06 - June,mid,1990s,grid,grid,not_detected,Grid image extraction failed: not_detected,failed,not_detected,,failed,not_found,,,,done,,Carter County,skipped,,,skipped,,,
01924013_MISS MATTIE 1_986974,s3://osu-well-records-225989338968/pdfs/ExportedFolderContents_10/1991/06 - June/01924013_MISS MATTIE 1_986974.pdf,10,1991,06 - June,mid,1990s,grid,grid,not_detected,Grid image extraction failed: not_detected,failed,not_detected,,failed,not_found,,,,done,,Carter County,skipped,,,skipped,,,
01924019_WILDCAT JIM UNIT 196_986943,s3://osu-well-records-225989338968/pdfs/ExportedFolderContents_10/1991/06 - June/01924019_WILDCAT JIM UNIT 196_986943.pdf,10,1991,06 - June,mid,1990s,grid,grid,not_detected,Grid image extraction failed: not_detected,failed,not_detected,,failed,not_found,,,,done,,Carter County,skipped,,,skipped,,,
01924020_WILDCAT JIM UNIT 202_986944,s3://osu-well-records-225989338968/pdfs/ExportedFolderContents_10/1991/06 - June/01924020_WILDCAT JIM UNIT 202_986944.pdf,10,1991,06 - June,mid,1990s,grid,grid,not_detected,Grid image extraction failed: not_detected,failed,not_detected,,failed,not_found,,,,done,,Stephens County,skipped,,,skipped,,,
13323851_REICH 1_688061,s3://osu-well-records-225989338968/pdfs/ExportedFolderContents_10/1991/09 - September/13323851_REICH 1_688061.pdf,10,1991,09 - September,mid,1990s,grid,grid,not_detected,Grid image extraction failed: not_detected,failed,not_detected,,failed,not_found,,,,done,,Seminole County,skipped,,,skipped,,,
13323906_SHARBER SWD 1_688089,s3://osu-well-records-225989338968/pdfs/ExportedFolderContents_10/1991/09 - September/13323906_SHARBER SWD 1_688089.pdf,10,1991,09 - September,mid,1990s,grid,grid,not_detected,Grid image extraction failed: not_detected,failed,not_detected,,done,,,,,done,no_match,Custer County,skipped,,,skipped,,,
13323957_JARVIS A 18-1_688180,s3://osu-well-records-225989338968/pdfs/ExportedFolderContents_10/1991/09 - September/13323957_JARVIS A 18-1_688180.pdf,10,1991,09 - September,mid,1990s,grid,grid,not_detected,Grid image extraction failed: not_detected,failed,not_detected,,done,,,,,done,,Seminole County,skipped,,,skipped,,,
13520227_BRANT 1_1023605,s3://osu-well-records-225989338968/pdfs/ExportedFolderContents_10/1991/09 - September/13520227_BRANT 1_1023605.pdf,10,1991,09 - September,mid,1990s,grid,grid,not_detected,Grid image extraction failed: not_detected,failed,not_detected,,failed,not_found,,,,done,,Sequoyah County,skipped,,,skipped,,,
13724968_CALLAWAY 2-23_843678,s3://osu-well-records-225989338968/pdfs/ExportedFolderContents_10/1991/09 - September/13724968_CALLAWAY 2-23_843678.pdf,10,1991,09 - September,mid,1990s,grid,grid,not_detected,Grid image extraction failed: not_detected,failed,not_detected,,failed,not_found,,,,done,,Stephens County,skipped,,,skipped,,,
13724986_SHILLING 2-29_843747,s3://osu-well-records-225989338968/pdfs/ExportedFolderContents_10/1991/09 - September/13724986_SHILLING 2-29_843747.pdf,10,1991,09 - September,mid,1990s,grid,grid,not_detected,Grid image extraction failed: not_detected,failed,not_detected,,failed,not_found,,,,done,,Stephens County,skipped,,,skipped,,,
13725011_BROWN 7_987316,s3://osu-well-records-225989338968/pdfs/ExportedFolderContents_10/1991/09 - September/13725011_BROWN 7_987316.pdf,10,1991,09 - September,mid,1990s,grid,grid,not_detected,Grid image extraction failed: not_detected,failed,not_detected,,failed,not_found,,,,done,,Stephens County,skipped,,,skipped,,,
13725025_CHIGLEY 1-16_987287,s3://osu-well-records-225989338968/pdfs/ExportedFolderContents_10/1991/09 - September/13725025_CHIGLEY 1-16_987287.pdf,10,1991,09 - September,mid,1990s,grid,grid,not_detected,Grid image extraction failed: not_detected,failed,not_detected,,failed,not_found,,,,done,,Stephens County,skipped,,,skipped,,,
14120341A_AHDOSY 1_1761009,s3://osu-well-records-225989338968/pdfs/ExportedFolderContents_10/1991/09 - September/14120341A_AHDOSY 1_1761009.pdf,10,1991,09 - September,mid,1990s,grid,grid,not_detected,Grid image extraction failed: not_detected,failed,not_detected,,done,,36,,,done,no_match,Tillman County,skipped,,,skipped,,,
14120353_NOKIE PROSPECT 8 2-B_548205,s3://osu-well-records-225989338968/pdfs/ExportedFolderContents_10/1991/09 - September/14120353_NOKIE PROSPECT 8 2-B_548205.pdf,10,1991,09 - September,mid,1990s,grid,grid,not_detected,Grid image extraction failed: not_detected,failed,not_detected,,failed,not_found,,,,done,,Tillman County,skipped,,,skipped,,,
14120353_NOKIE PROSPECT 8 2-B_987314,s3://osu-well-records-225989338968/pdfs/ExportedFolderContents_10/1991/09 - September/14120353_NOKIE PROSPECT 8 2-B_987314.pdf,10,1991,09 - September,mid,1990s,grid,grid,not_detected,Grid image extraction failed: not_detected,failed,not_detected,,failed,not_found,,,,done,,Tillman County,skipped,,,skipped,,,
14522780_GEORGE 34-1_1395107,s3://osu-well-records-225989338968/pdfs/ExportedFolderContents_10/1991/09 - September/14522780_GEORGE 34-1_1395107.pdf,10,1991,09 - September,mid,1990s,grid,grid,not_detected,Grid image extraction failed: not_detected,failed,not_detected,,failed,not_found,,,,failed,keyword_not_found,,skipped,,,skipped,,,
14726366_WISER WI-6_1517378,s3://osu-well-records-225989338968/pdfs/ExportedFolderContents_10/1991/09 - September/14726366_WISER WI-6_1517378.pdf,10,1991,09 - September,mid,1990s,grid,grid,not_detected,Grid image extraction failed: not_detected,failed,not_detected,,failed,not_found,,,,failed,exception,,skipped,,,skipped,,,
14920635_ROB 1-35_904006,s3://osu-well-records-225989338968/pdfs/ExportedFolderContents_10/1991/09 - September/14920635_ROB 1-35_904006.pdf,10,1991,09 - September,mid,1990s,grid,grid,not_detected,Grid image extraction failed: not_detected,failed,not_detected,,failed,not_found,,,,done,,Washita County,skipped,,,skipped,,,
15121313_REXROAT 3-A_1589357,s3://osu-well-records-225989338968/pdfs/ExportedFolderContents_10/1991/09 - September/15121313_REXROAT 3-A_1589357.pdf,10,1991,09 - September,mid,1990s,grid,grid,not_detected,Grid image extraction failed: not_detected,failed,not_detected,,failed,not_found,,,,done,,Woods County,skipped,,,skipped,,,
15130032_GOODNO A-1_1589381,s3://osu-well-records-225989338968/pdfs/ExportedFolderContents_10/1991/09 - September/15130032_GOODNO A-1_1589381.pdf,10,1991,09 - September,mid,1990s,grid,grid,not_detected,Grid image extraction failed: not_detected,failed,not_detected,,done,,,,,done,,Woods County,skipped,,,skipped,,,
00520226_NRG FRED SMITH A 1-4_1219731,s3://osu-well-records-225989338968/pdfs/ExportedFolderContents_10/1991/10 - October/00520226_NRG FRED SMITH A 1-4_1219731.pdf,10,1991,10 - October,mid,1990s,grid,grid,not_detected,Grid image extraction failed: not_detected,failed,not_detected,,failed,not_found,,,,done,,Atoka County,skipped,,,skipped,,,
00520226_NRG FRED SMITH A 1-4_688417,s3://osu-well-records-225989338968/pdfs/ExportedFolderContents_10/1991/10 - October/00520226_NRG FRED SMITH A 1-4_688417.pdf,10,1991,10 - October,mid,1990s,grid,grid,not_detected,Grid image extraction failed: not_detected,failed,not_detected,,failed,not_found,,,,done,,Atoka County,skipped,,,skipped,,,
00723783_SPANGLER 1-9_757158,s3://osu-well-records-225989338968/pdfs/ExportedFolderContents_10/1991/10 - October/00723783_SPANGLER 1-9_757158.pdf,10,1991,10 - October,mid,1990s,grid,grid,not_detected,Grid image extraction failed: not_detected,failed,not_detected,,failed,not_found,,,,failed,exception,,skipped,,,skipped,,,
00723783_SPANGLER 1-9_757160,s3://osu-well-records-225989338968/pdfs/ExportedFolderContents_10/1991/10 - October/00723783_SPANGLER 1-9_757160.pdf,10,1991,10 - October,mid,1990s,grid,grid,not_detected,Grid image extraction failed: not_detected,failed,not_detected,,failed,not_found,,,,failed,exception,,skipped,,,skipped,,,
00723792_CRAIL 2_757243,s3://osu-well-records-225989338968/pdfs/ExportedFolderContents_10/1991/10 - October/00723792_CRAIL 2_757243.pdf,10,1991,10 - October,mid,1990s,grid,grid,not_detected,Grid image extraction failed: not_detected,failed,not_detected,,failed,not_found,,,,done,,Beaver County,skipped,,,skipped,,,
00723801_MAPLE 2-33_757150,s3://osu-well-records-225989338968/pdfs/ExportedFolderContents_10/1991/10 - October/00723801_MAPLE 2-33_757150.pdf,10,1991,10 - October,mid,1990s,grid,grid,not_detected,Grid image extraction failed: not_detected,failed,not_detected,,failed,not_found,,,,done,,Beaver County,skipped,,,skipped,,,
00723807_DRUM 3-21_757148,s3://osu-well-records-225989338968/pdfs/ExportedFolderContents_10/1991/10 - October/00723807_DRUM 3-21_757148.pdf,10,1991,10 - October,mid,1990s,grid,grid,not_detected,Grid image extraction failed: not_detected,failed,not_detected,,failed,not_found,,,,failed,exception,,skipped,,,skipped,,,
00723809_FAYE 1-33_757164,s3://osu-well-records-225989338968/pdfs/ExportedFolderContents_10/1991/10 - October/00723809_FAYE 1-33_757164.pdf,10,1991,10 - October,mid,1990s,grid,grid,not_detected,Grid image extraction failed: not_detected,failed,not_detected,,failed,not_found,,,,done,,Beaver County,skipped,,,skipped,,,
00723817_MARY KIGHT 2_757169,s3://osu-well-records-225989338968/pdfs/ExportedFolderContents_10/1991/10 - October/00723817_MARY KIGHT 2_757169.pdf,10,1991,10 - October,mid,1990s,grid,grid,not_detected,Grid image extraction failed: not_detected,failed,not_detected,,done,,,,,done,,Beaver County,skipped,,,skipped,,,
00723824_BRANDON 1_757244,s3://osu-well-records-225989338968/pdfs/ExportedFolderContents_10/1991/10 - October/00723824_BRANDON 1_757244.pdf,10,1991,10 - October,mid,1990s,grid,grid,not_detected,Grid image extraction failed: not_detected,failed,not_detected,,failed,not_found,,,,done,,Beaver County,skipped,,,skipped,,,
00723825_DIXON 6-27_757211,s3://osu-well-records-225989338968/pdfs/ExportedFolderContents_10/1991/10 - October/00723825_DIXON 6-27_757211.pdf,10,1991,10 - October,mid,1990s,grid,grid,not_detected,Grid image extraction failed: not_detected,failed,not_detected,,failed,not_found,,,,done,,Beaver County,skipped,,,skipped,,,
01122486_GARRIOTT 1-9_1323229,s3://osu-well-records-225989338968/pdfs/ExportedFolderContents_10/1991/10 - October/01122486_GARRIOTT 1-9_1323229.pdf,10,1991,10 - October,mid,1990s,grid,grid,not_detected,Grid image extraction failed: not_detected,failed,not_detected,,failed,not_found,,,,done,,Blaine County,skipped,,,skipped,,,
01122486_GARRIOTT 1-9_1323231,s3://osu-well-records-225989338968/pdfs/ExportedFolderContents_10/1991/10 - October/01122486_GARRIOTT 1-9_1323231.pdf,10,1991,10 - October,mid,1990s,grid,grid,not_detected,Grid image extraction failed: not_detected,failed,not_detected,,failed,not_found,,,,done,,Blaine County,skipped,,,skipped,,,
01122491_CRAIN 11-2_1323240,s3://osu-well-records-225989338968/pdfs/ExportedFolderContents_10/1991/10 - October/01122491_CRAIN 11-2_1323240.pdf,10,1991,10 - October,mid,1990s,grid,grid,not_detected,Grid image extraction failed: not_detected,failed,not_detected,,failed,not_found,,,,done,,Blaine County,skipped,,,skipped,,,
01522137_CEMENT TOWNSITE 1-3_843794,s3://osu-well-records-225989338968/pdfs/ExportedFolderContents_10/1991/10 - October/01522137_CEMENT TOWNSITE 1-3_843794.pdf,10,1991,10 - October,mid,1990s,grid,grid,not_detected,Grid image extraction failed: not_detected,failed,not_detected,,failed,not_found,,,,done,,Caddo County,skipped,,,skipped,,,
01522137_CEMENT TOWNSITE 1-3_843804,s3://osu-well-records-225989338968/pdfs/ExportedFolderContents_10/1991/10 - October/01522137_CEMENT TOWNSITE 1-3_843804.pdf,10,1991,10 - October,mid,1990s,grid,grid,not_detected,Grid image extraction failed: not_detected,failed,not_detected,,failed,not_found,,,,failed,exception,,skipped,,,skipped,,,
01522146_WILSON 1-32_1323218,s3://osu-well-records-225989338968/pdfs/ExportedFolderContents_10/1991/10 - October/01522146_WILSON 1-32_1323218.pdf,10,1991,10 - October,mid,1990s,grid,grid,not_detected,Grid image extraction failed: not_detected,failed,not_detected,,failed,not_found,,,,done,,Caddo County,skipped,,,skipped,,,
01522148_CEMENT TOWNSITE 2-3_843913,s3://osu-well-records-225989338968/pdfs/ExportedFolderContents_10/1991/10 - October/01522148_CEMENT TOWNSITE 2-3_843913.pdf,10,1991,10 - October,mid,1990s,grid,grid,not_detected,Grid image extraction failed: not_detected,failed,not_detected,,done,,,,,done,,Caddo County,skipped,,,skipped,,,
01522152_EDWARD 2-2_843941,s3://osu-well-records-225989338968/pdfs/ExportedFolderContents_10/1991/10 - October/01522152_EDWARD 2-2_843941.pdf,10,1991,10 - October,mid,1990s,grid,grid,not_detected,Grid image extraction failed: not_detected,failed,not_detected,,failed,not_found,,,,done,,Caddo County,skipped,,,skipped,,,
01537302_SCHOOL LAND 6_844008,s3://osu-well-records-225989338968/pdfs/ExportedFolderContents_10/1991/10 - October/01537302_SCHOOL LAND 6_844008.pdf,10,1991,10 - October,mid,1990s,grid,grid,not_detected,Grid image extraction failed: not_detected,failed,not_detected,,failed,not_found,,,,done,,Caddo County,skipped,,,skipped,,,
01720356_DON E 1-3_1323247,s3://osu-well-records-225989338968/pdfs/ExportedFolderContents_10/1991/10 - October/01720356_DON E 1-3_1323247.pdf,10,1991,10 - October,mid,1990s,grid,grid,not_detected,Grid image extraction failed: not_detected,failed,not_detected,,failed,not_found,,,,done,,Canadian County,skipped,,,skipped,,,
01721151_CONDRY 1-1_1323189,s3://osu-well-records-225989338968/pdfs/ExportedFolderContents_10/1991/10 - October/01721151_CONDRY 1-1_1323189.pdf,10,1991,10 - October,mid,1990s,grid,grid,not_detected,Grid image extraction failed: not_detected,failed,not_detected,,failed,not_found,,,,done,,Canadian County,skipped,,,skipped,,,
01721175_MAIER-HAYMAKER 1-4_1323233,s3://osu-well-records-225989338968/pdfs/ExportedFolderContents_10/1991/10 - October/01721175_MAIER-HAYMAKER 1-4_1323233.pdf,10,1991,10 - October,mid,1990s,grid,grid,not_detected,Grid image extraction failed: not_detected,failed,not_detected,,failed,not_found,,,,done,,Canadian County,skipped,,,skipped,,,
01722983_CERVENY 1-6_843980,s3://osu-well-records-225989338968/pdfs/ExportedFolderContents_10/1991/10 - October/01722983_CERVENY 1-6_843980.pdf,10,1991,10 - October,mid,1990s,grid,grid,not_detected,Grid image extraction failed: not_detected,failed,not_detected,,failed,not_found,,,,done,,Canadian County,skipped,,,skipped,,,
01723196_ELLISON 1-25_1323195,s3://osu-well-records-225989338968/pdfs/ExportedFolderContents_10/1991/10 - October/01723196_ELLISON 1-25_1323195.pdf,10,1991,10 - October,mid,1990s,grid,grid,not_detected,Grid image extraction failed: not_detected,failed,not_detected,,failed,not_found,,,,done,,Canadian County,skipped,,,skipped,,,
01723205_PORTER 1-A_1323154,s3://osu-well-records-225989338968/pdfs/ExportedFolderContents_10/1991/10 - October/01723205_PORTER 1-A_1323154.pdf,10,1991,10 - October,mid,1990s,grid,grid,not_detected,Grid image extraction failed: not_detected,failed,not_detected,,failed,not_found,,,,done,,Canadian County,skipped,,,skipped,,,
01723206A_VON TUNGLEN 1-23_1323192,s3://osu-well-records-225989338968/pdfs/ExportedFolderContents_10/1991/10 - October/01723206A_VON TUNGLEN 1-23_1323192.pdf,10,1991,10 - October,mid,1990s,grid,grid,not_detected,Grid image extraction failed: not_detected,failed,not_detected,,failed,not_found,,,,done,,Canadian County,skipped,,,skipped,,,
01905400_SYCAMORE UNIT 51-16_987492,s3://osu-well-records-225989338968/pdfs/ExportedFolderContents_10/1991/10 - October/01905400_SYCAMORE UNIT 51-16_987492.pdf,10,1991,10 - October,mid,1990s,grid,grid,not_detected,Grid image extraction failed: not_detected,failed,not_detected,,failed,not_found,,,,done,,Carter County,skipped,,,skipped,,,
01905622_SYCAMORE UNIT 60-5_987506,s3://osu-well-records-225989338968/pdfs/ExportedFolderContents_10/1991/10 - October/01905622_SYCAMORE UNIT 60-5_987506.pdf,10,1991,10 - October,mid,1990s,grid,grid,not_detected,Grid image extraction failed: not_detected,failed,not_detected,,failed,not_found,,,,done,,Carter County,skipped,,,skipped,,,
01905657_SYCAMORE UNIT 63-8_987501,s3://osu-well-records-225989338968/pdfs/ExportedFolderContents_10/1991/10 - October/01905657_SYCAMORE UNIT 63-8_987501.pdf,10,1991,10 - October,mid,1990s,grid,grid,not_detected,Grid image extraction failed: not_detected,failed,not_detected,,failed,not_found,,,,done,,Carter County,skipped,,,skipped,,,
01922519_BURCH 1-12_548232,s3://osu-well-records-225989338968/pdfs/ExportedFolderContents_10/1991/10 - October/01922519_BURCH 1-12_548232.pdf,10,1991,10 - October,mid,1990s,grid,grid,not_detected,Grid image extraction failed: not_detected,failed,not_detected,,failed,not_found,,,,failed,no_match,,skipped,,,skipped,,,
01923665_A S MOORE 4_987361,s3://osu-well-records-225989338968/pdfs/ExportedFolderContents_10/1991/10 - October/01923665_A S MOORE 4_987361.pdf,10,1991,10 - October,mid,1990s,grid,grid,not_detected,Grid image extraction failed: not_detected,failed,not_detected,,failed,not_found,,,,done,,Carter County,skipped,,,skipped,,,
01924043_TATUMS FIELD UNIT 57-7_987413,s3://osu-well-records-225989338968/pdfs/ExportedFolderContents_10/1991/10 - October/01924043_TATUMS FIELD UNIT 57-7_987413.pdf,10,1991,10 - October,mid,1990s,grid,grid,not_detected,Grid image extraction failed: not_detected,failed,not_detected,,failed,not_found,,,,done,,Carter County,skipped,,,skipped,,,
01924044_TATUMS FIELD UNIT 60-11_987390,s3://osu-well-records-225989338968/pdfs/ExportedFolderContents_10/1991/10 - October/01924044_TATUMS FIELD UNIT 60-11_987390.pdf,10,1991,10 - October,mid,1990s,grid,grid,not_detected,Grid image extraction failed: not_detected,failed,not_detected,,done,,,,,done,,Carter County,skipped,,,skipped,,,
01924069_N BROCK DEESE SAND UNIT (RIDDLE 9)_548225,s3://osu-well-records-225989338968/pdfs/ExportedFolderContents_10/1991/10 - October/01924069_N BROCK DEESE SAND UNIT (RIDDLE 9)_548225.pdf,10,1991,10 - October,mid,1990s,grid,grid,not_detected,Grid image extraction failed: not_detected,failed,not_detected,,done,,,1N,,done,,Carter County,skipped,,,skipped,,,
01924077_SW HOMER GOODWIN SAND UNIT 8-11_987480,s3://osu-well-records-225989338968/pdfs/ExportedFolderContents_10/1991/10 - October/01924077_SW HOMER GOODWIN SAND UNIT 8-11_987480.pdf,10,1991,10 - October,mid,1990s,grid,grid,not_detected,Grid image extraction failed: not_detected,failed,not_detected,,done,,,1S,,done,,Carter County,skipped,,,skipped,,,
02721294_HAMES 1_843951,s3://osu-well-records-225989338968/pdfs/ExportedFolderContents_10/1991/10 - October/02721294_HAMES 1_843951.pdf,10,1991,10 - October,mid,1990s,grid,grid,not_detected,Grid image extraction failed: not_detected,failed,not_detected,,done,,,,,done,,Cleveland County,skipped,,,skipped,,,
02721297_MINNIE B-1_1517505,s3://osu-well-records-225989338968/pdfs/ExportedFolderContents_10/1991/10 - October/02721297_MINNIE B-1_1517505.pdf,10,1991,10 - October,mid,1990s,grid,grid,not_detected,Grid image extraction failed: not_detected,failed,not_detected,,failed,not_found,,,,done,,Cleveland County,skipped,,,skipped,,,
02721297_MINNIE B-1_688399,s3://osu-well-records-225989338968/pdfs/ExportedFolderContents_10/1991/10 - October/02721297_MINNIE B-1_688399.pdf,10,1991,10 - October,mid,1990s,grid,grid,not_detected,Grid image extraction failed: not_detected,failed,not_detected,,failed,not_found,,,,done,,Cleveland County,skipped,,,skipped,,,
02721300_TODD 2-6_843963,s3://osu-well-records-225989338968/pdfs/ExportedFolderContents_10/1991/10 - October/02721300_TODD 2-6_843963.pdf,10,1991,10 - October,mid,1990s,grid,grid,not_detected,Grid image extraction failed: not_detected,failed,not_detected,,failed,not_found,,,,done,,Cleveland County,skipped,,,skipped,,,
02920454_MARTIN 23-4_688327,s3://osu-well-records-225989338968/pdfs/ExportedFolderContents_10/1991/10 - October/02920454_MARTIN 23-4_688327.pdf,10,1991,10 - October,mid,1990s,grid,grid,not_detected,Grid image extraction failed: not_detected,failed,not_detected,,done,,,,,failed,no_match,,skipped,,,skipped,,,
02920455_COSTELLO 24-2_688332,s3://osu-well-records-225989338968/pdfs/ExportedFolderContents_10/1991/10 - October/02920455_COSTELLO 24-2_688332.pdf,10,1991,10 - October,mid,1990s,grid,grid,not_detected,Grid image extraction failed: not_detected,failed,not_detected,,failed,not_found,,,,done,,Coal County,skipped,,,skipped,,,
03121407_TOY 1-31_843949,s3://osu-well-records-225989338968/pdfs/ExportedFolderContents_10/1991/10 - October/03121407_TOY 1-31_843949.pdf,10,1991,10 - October,mid,1990s,grid,grid,not_detected,Grid image extraction failed: not_detected,failed,not_detected,,failed,not_found,,,,done,,Comanche County,skipped,,,skipped,,,
03705659_KIEFER UNIT 21-32_1220448,s3://osu-well-records-225989338968/pdfs/ExportedFolderContents_10/1991/10 - October/03705659_KIEFER UNIT 21-32_1220448.pdf,10,1991,10 - October,mid,1990s,grid,grid,not_detected,Grid image extraction failed: not_detected,failed,not_detected,,failed,not_found,,,,done,,Creek County,skipped,,,skipped,,,
03722812_J BRUNER 3-A_1219680,s3://osu-well-records-225989338968/pdfs/ExportedFolderContents_10/1991/10 - October/03722812_J BRUNER 3-A_1219680.pdf,10,1991,10 - October,mid,1990s,grid,grid,not_detected,Grid image extraction failed: not_detected,failed,not_detected,,failed,not_found,,,,failed,keyword_not_found,,skipped,,,skipped,,,
03723319_J WACOCHE 13_1219800,s3://osu-well-records-225989338968/pdfs/ExportedFolderContents_10/1991/10 - October/03723319_J WACOCHE 13_1219800.pdf,10,1991,10 - October,mid,1990s,grid,grid,not_detected,Grid image extraction failed: not_detected,failed,not_detected,,failed,not_found,,,,done,,Creek County,skipped,,,skipped,,,
03728198_BAUGH 2_1756621,s3://osu-well-records-225989338968/pdfs/ExportedFolderContents_10/1991/10 - October/03728198_BAUGH 2_1756621.pdf,10,1991,10 - October,mid,1990s,grid,grid,not_detected,Grid image extraction failed: not_detected,failed,not_detected,,done,,,,,failed,keyword_not_found,,skipped,,,skipped,,,
03728211_KRUMME 1_1219757,s3://osu-well-records-225989338968/pdfs/ExportedFolderContents_10/1991/10 - October/03728211_KRUMME 1_1219757.pdf,10,1991,10 - October,mid,1990s,grid,grid,not_detected,Grid image extraction failed: not_detected,failed,not_detected,,failed,not_found,,,,done,,Creek County,skipped,,,skipped,,,
03728282_BIG POND 1_1219626,s3://osu-well-records-225989338968/pdfs/ExportedFolderContents_10/1991/10 - October/03728282_BIG POND 1_1219626.pdf,10,1991,10 - October,mid,1990s,grid,grid,not_detected,Grid image extraction failed: not_detected,failed,not_detected,,failed,not_found,,,,done,,Creek County,skipped,,,skipped,,,
03728299_E COMPRESSOR STATION 2-A SWD_1219708,s3://osu-well-records-225989338968/pdfs/ExportedFolderContents_10/1991/10 - October/03728299_E COMPRESSOR STATION 2-A SWD_1219708.pdf,10,1991,10 - October,mid,1990s,grid,grid,not_detected,Grid image extraction failed: not_detected,failed,not_detected,,failed,not_found,,,,done,,Creek County,skipped,,,skipped,,,
03728308_GRADY BALLARD 1_1219559,s3://osu-well-records-225989338968/pdfs/ExportedFolderContents_10/1991/10 - October/03728308_GRADY BALLARD 1_1219559.pdf,10,1991,10 - October,mid,1990s,grid,grid,not_detected,Grid image extraction failed: not_detected,failed,not_detected,,failed,not_found,,,,failed,no_match,,skipped,,,skipped,,,
03728318_BAILEY 1_1219683,s3://osu-well-records-225989338968/pdfs/ExportedFolderContents_10/1991/10 - October/03728318_BAILEY 1_1219683.pdf,10,1991,10 - October,mid,1990s,grid,grid,not_detected,Grid image extraction failed: not_detected,failed,not_detected,,failed,not_found,,,,done,,Creek County,skipped,,,skipped,,,
03728323_COLPITT 1_1219820,s3://osu-well-records-225989338968/pdfs/ExportedFolderContents_10/1991/10 - October/03728323_COLPITT 1_1219820.pdf,10,1991,10 - October,mid,1990s,grid,grid,not_detected,Grid image extraction failed: not_detected,failed,not_detected,,failed,not_found,,,,done,,Creek County,skipped,,,skipped,,,
03921406_TRIGGER 1-5_489880,s3://osu-well-records-225989338968/pdfs/ExportedFolderContents_10/1991/10 - October/03921406_TRIGGER 1-5_489880.pdf,10,1991,10 - October,mid,1990s,grid,grid,not_detected,Grid image extraction failed: not_detected,failed,not_detected,,failed,not_found,,,,done,,Custer County,skipped,,,skipped,,,
03921407_HAGGARD 2-11_505628,s3://osu-well-records-225989338968/pdfs/ExportedFolderContents_10/1991/10 - October/03921407_HAGGARD 2-11_505628.pdf,10,1991,10 - October,mid,1990s,grid,grid,not_detected,Grid image extraction failed: not_detected,failed,not_detected,,failed,not_found,,,,done,,Custer County,skipped,,,skipped,,,
03921418_DAVIS 7 FARMS 26-3_504450,s3://osu-well-records-225989338968/pdfs/ExportedFolderContents_10/1991/10 - October/03921418_DAVIS 7 FARMS 26-3_504450.pdf,10,1991,10 - October,mid,1990s,grid,grid,not_detected,Grid image extraction failed: not_detected,failed,not_detected,,failed,not_found,,,,done,,Custer County,skipped,,,skipped,,,
04321572_HASBROOK 3_488357,s3://osu-well-records-225989338968/pdfs/ExportedFolderContents_10/1991/10 - October/04321572_HASBROOK 3_488357.pdf,10,1991,10 - October,mid,1990s,grid,grid,not_detected,Grid image extraction failed: not_detected,failed,not_detected,,done,,,,,done,,Dewey County,skipped,,,skipped,,,
