pdf_stem,pdf_path,collection,year,month,model_tier,decade,failure_domain,failure_stage,failure_error_type,failure_detail,grid_status,grid_error_type,grid_confidence,location_status,location_error_type,location_section,location_township,location_range,county_status,county_error_type,county_name,dot_status,dot_error_type,dot_confidence,latlong_status,latlong_error_type,resolution_source,flags
OSAGE_NE 1_4 14_2287996,s3://osu-well-records-225989338968/pdfs/ExportedFolderContents_1/1922/09 - September/OSAGE_NE 1_4 14_2287996.pdf,1,1922,09 - September,early,1920s,location,location,not_found,"PLSS not found: missing section, township, range",done,,89,failed,not_found,,,,failed,exception,,failed,exception,,skipped,,,
OSAGE_No Data_2287930,s3://osu-well-records-225989338968/pdfs/ExportedFolderContents_1/1922/09 - September/OSAGE_No Data_2287930.pdf,1,1922,09 - September,early,1920s,location,location,not_found,"PLSS not found: missing section, township, range",done,,100,failed,not_found,,,,failed,keyword_not_found,,done,,99,skipped,,,
OSAGE_No Data_2287990,s3://osu-well-records-225989338968/pdfs/ExportedFolderContents_1/1922/09 - September/OSAGE_No Data_2287990.pdf,1,1922,09 - September,early,1920s,location,location,not_found,"PLSS not found: missing section, township, range",done,,98,failed,not_found,,,,failed,keyword_not_found,,done,,100,skipped,,,
OSAGE_OSAGE_2287935,s3://osu-well-records-225989338968/pdfs/ExportedFolderContents_1/1922/09 - September/OSAGE_OSAGE_2287935.pdf,1,1922,09 - September,early,1920s,location,location,not_found,"PLSS not found: missing section, township, range",done,,88,failed,not_found,,,,failed,keyword_not_found,,done,,99,skipped,,,
OSAGE_SE 1_4 16_2288000,s3://osu-well-records-225989338968/pdfs/ExportedFolderContents_1/1922/09 - September/OSAGE_SE 1_4 16_2288000.pdf,1,1922,09 - September,early,1920s,location,location,not_found,"PLSS not found: missing section, township, range",done,,100,failed,not_found,,,,failed,exception,,done,,99,skipped,,,
OSAGE_SE 1_4 1_2287985,s3://osu-well-records-225989338968/pdfs/ExportedFolderContents_1/1922/09 - September/OSAGE_SE 1_4 1_2287985.pdf,1,1922,09 - September,early,1920s,location,location,not_found,"PLSS not found: missing section, township, range",done,,99,failed,not_found,,,,failed,exception,,done,,99,skipped,,,
OSAGE_SW 1_4 5_2288004,s3://osu-well-records-225989338968/pdfs/ExportedFolderContents_1/1922/09 - September/OSAGE_SW 1_4 5_2288004.pdf,1,1922,09 - September,early,1920s,location,location,not_found,"PLSS not found: missing section, township, range",done,,99,failed,not_found,,,,failed,exception,,failed,exception,,skipped,,,
OSAGE_TRACT 20 10_2287987,s3://osu-well-records-225989338968/pdfs/ExportedFolderContents_1/1922/09 - September/OSAGE_TRACT 20 10_2287987.pdf,1,1922,09 - September,early,1920s,location,location,not_found,"PLSS not found: missing section, township, range",done,,98,failed,not_found,,,,failed,exception,,done,,97,skipped,,,
OSAGE_TRACT 20 11_2288019,s3://osu-well-records-225989338968/pdfs/ExportedFolderContents_1/1922/09 - September/OSAGE_TRACT 20 11_2288019.pdf,1,1922,09 - September,early,1920s,location,location,not_found,"PLSS not found: missing section, township, range",done,,98,failed,not_found,,,,failed,exception,,done,,99,skipped,,,
OSAGE_TRACT 20 12_2288002,s3://osu-well-records-225989338968/pdfs/ExportedFolderContents_1/1922/09 - September/OSAGE_TRACT 20 12_2288002.pdf,1,1922,09 - September,early,1920s,location,location,not_found,"PLSS not found: missing section, township, range",done,,99,failed,not_found,,,,failed,exception,,done,,99,skipped,,,
OSAGE_TRACT 20 13_2288026,s3://osu-well-records-225989338968/pdfs/ExportedFolderContents_1/1922/09 - September/OSAGE_TRACT 20 13_2288026.pdf,1,1922,09 - September,early,1920s,location,location,not_found,"PLSS not found: missing section, township, range",done,,99,failed,not_found,,,,failed,exception,,done,,99,skipped,,,
OSAGE_TRACT 20 9_2287973,s3://osu-well-records-225989338968/pdfs/ExportedFolderContents_1/1922/09 - September/OSAGE_TRACT 20 9_2287973.pdf,1,1922,09 - September,early,1920s,location,location,not_found,"PLSS not found: missing section, township, range",done,,98,failed,not_found,,,,failed,exception,,done,,99,skipped,,,
X_A.F. CALDWELL_1413746,s3://osu-well-records-225989338968/pdfs/ExportedFolderContents_1/1922/09 - September/X_A.F. CALDWELL_1413746.pdf,1,1922,09 - September,early,1920s,location,location,not_found,"PLSS not found: missing section, township, range",done,,100,failed,not_found,,,,failed,exception,,failed,exception,,skipped,,,
X_DAVIS_2002922,s3://osu-well-records-225989338968/pdfs/ExportedFolderContents_1/1922/09 - September/X_DAVIS_2002922.pdf,1,1922,09 - September,early,1920s,location,location,not_found,"PLSS not found: missing section, township, range",done,,100,failed,not_found,,,,failed,keyword_not_found,,failed,exception,,skipped,,,
X_F H HARRIS 2_781982,s3://osu-well-records-225989338968/pdfs/ExportedFolderContents_1/1922/09 - September/X_F H HARRIS 2_781982.pdf,1,1922,09 - September,early,1920s,location,location,not_found,"PLSS not found: missing section, township, range",done,,100,failed,not_found,,,,failed,exception,,failed,exception,,skipped,,,
X_GEO WASHINGTON_2363870,s3://osu-well-records-225989338968/pdfs/ExportedFolderContents_1/1922/09 - September/X_GEO WASHINGTON_2363870.pdf,1,1922,09 - September,early,1920s,location,location,not_found,"PLSS not found: missing section, township, range",done,,99,failed,not_found,,,,failed,exception,,done,,98,skipped,,,
X_H O LACEY 1_1051967,s3://osu-well-records-225989338968/pdfs/ExportedFolderContents_1/1922/09 - September/X_H O LACEY 1_1051967.pdf,1,1922,09 - September,early,1920s,location,location,not_found,"PLSS not found: missing section, township, range",done,,99,failed,not_found,,,,failed,exception,,done,,99,skipped,,,
X_HELTON 1_2002835,s3://osu-well-records-225989338968/pdfs/ExportedFolderContents_1/1922/09 - September/X_HELTON 1_2002835.pdf,1,1922,09 - September,early,1920s,location,location,not_found,"PLSS not found: missing section, township, range",done,,99,failed,not_found,,,,failed,exception,,done,,99,skipped,,,
X_HOLEMAN 1_2002825,s3://osu-well-records-225989338968/pdfs/ExportedFolderContents_1/1922/09 - September/X_HOLEMAN 1_2002825.pdf,1,1922,09 - September,early,1920s,location,location,not_found,"PLSS not found: missing section, township, range",done,,93,failed,not_found,,,,failed,exception,,done,,99,skipped,,,
X_J J PAGE_2002613,s3://osu-well-records-225989338968/pdfs/ExportedFolderContents_1/1922/09 - September/X_J J PAGE_2002613.pdf,1,1922,09 - September,early,1920s,location,location,not_found,"PLSS not found: missing section, township, range",done,,100,failed,not_found,,,,failed,exception,,failed,exception,,skipped,,,
X_J J PAGE_2002622,s3://osu-well-records-225989338968/pdfs/ExportedFolderContents_1/1922/09 - September/X_J J PAGE_2002622.pdf,1,1922,09 - September,early,1920s,location,location,not_found,"PLSS not found: missing section, township, range",done,,100,failed,not_found,,,,failed,exception,,failed,exception,,skipped,,,
X_J.M. WATSON 3_2002644,s3://osu-well-records-225989338968/pdfs/ExportedFolderContents_1/1922/09 - September/X_J.M. WATSON 3_2002644.pdf,1,1922,09 - September,early,1920s,location,location,not_found,"PLSS not found: missing section, township, range",done,,90,failed,not_found,,,,failed,exception,,failed,exception,,skipped,,,
X_JOHNSON 2_919948,s3://osu-well-records-225989338968/pdfs/ExportedFolderContents_1/1922/09 - September/X_JOHNSON 2_919948.pdf,1,1922,09 - September,early,1920s,location,location,not_found,"PLSS not found: missing section, township, range",done,,95,failed,not_found,,,,failed,api_error,,done,,91,skipped,,,
X_JOS T SKINNER 1_1051992,s3://osu-well-records-225989338968/pdfs/ExportedFolderContents_1/1922/09 - September/X_JOS T SKINNER 1_1051992.pdf,1,1922,09 - September,early,1920s,location,location,not_found,"PLSS not found: missing section, township, range",done,,99,failed,not_found,,,,failed,exception,,done,,72,skipped,,,
X_KIT FARWELL 2_781979,s3://osu-well-records-225989338968/pdfs/ExportedFolderContents_1/1922/09 - September/X_KIT FARWELL 2_781979.pdf,1,1922,09 - September,early,1920s,location,location,not_found,"PLSS not found: missing section, township, range",done,,100,failed,not_found,,,,failed,exception,,done,,99,skipped,,,
X_LEO WADSWORTH 2_2002615,s3://osu-well-records-225989338968/pdfs/ExportedFolderContents_1/1922/09 - September/X_LEO WADSWORTH 2_2002615.pdf,1,1922,09 - September,early,1920s,location,location,not_found,"PLSS not found: missing section, township, range",done,,90,failed,not_found,,,,failed,exception,,done,,90,skipped,,,
X_LEO WADSWORTH 3_2002741,s3://osu-well-records-225989338968/pdfs/ExportedFolderContents_1/1922/09 - September/X_LEO WADSWORTH 3_2002741.pdf,1,1922,09 - September,early,1920s,location,location,not_found,"PLSS not found: missing section, township, range",done,,100,failed,not_found,,,,failed,keyword_not_found,,failed,exception,,skipped,,,
X_LOT 10 BLOCK 3_1051971,s3://osu-well-records-225989338968/pdfs/ExportedFolderContents_1/1922/09 - September/X_LOT 10 BLOCK 3_1051971.pdf,1,1922,09 - September,early,1920s,location,location,not_found,"PLSS not found: missing section, township, range",done,,100,failed,not_found,,,,failed,keyword_not_found,,done,,99,skipped,,,
X_MCKINNEY 1_2002610,s3://osu-well-records-225989338968/pdfs/ExportedFolderContents_1/1922/09 - September/X_MCKINNEY 1_2002610.pdf,1,1922,09 - September,early,1920s,location,location,not_found,"PLSS not found: missing section, township, range",done,,98,failed,not_found,,,,failed,exception,,failed,exception,,skipped,,,
X_No Data_1051906,s3://osu-well-records-225989338968/pdfs/ExportedFolderContents_1/1922/09 - September/X_No Data_1051906.pdf,1,1922,09 - September,early,1920s,location,location,not_found,"PLSS not found: missing section, township, range",done,,100,failed,not_found,,,,failed,exception,,failed,exception,,skipped,,,
X_No Data_2002742,s3://osu-well-records-225989338968/pdfs/ExportedFolderContents_1/1922/09 - September/X_No Data_2002742.pdf,1,1922,09 - September,early,1920s,location,location,not_found,"PLSS not found: missing section, township, range",done,,100,failed,not_found,,,,failed,exception,,done,,98,skipped,,,
X_No Data_2002776,s3://osu-well-records-225989338968/pdfs/ExportedFolderContents_1/1922/09 - September/X_No Data_2002776.pdf,1,1922,09 - September,early,1920s,location,location,not_found,"PLSS not found: missing section, township, range",done,,100,failed,not_found,,,,failed,exception,,done,,99,skipped,,,
X_No Data_2002898,s3://osu-well-records-225989338968/pdfs/ExportedFolderContents_1/1922/09 - September/X_No Data_2002898.pdf,1,1922,09 - September,early,1920s,location,location,not_found,"PLSS not found: missing section, township, range",done,,98,failed,not_found,,,,failed,exception,,done,,98,skipped,,,
X_OS TR 27 14_1413848,s3://osu-well-records-225989338968/pdfs/ExportedFolderContents_1/1922/09 - September/X_OS TR 27 14_1413848.pdf,1,1922,09 - September,early,1920s,location,location,not_found,"PLSS not found: missing section, township, range",done,,100,failed,not_found,,,,failed,exception,,done,,99,skipped,,,
X_OSAGE TRACT 28 10_1413873,s3://osu-well-records-225989338968/pdfs/ExportedFolderContents_1/1922/09 - September/X_OSAGE TRACT 28 10_1413873.pdf,1,1922,09 - September,early,1920s,location,location,not_found,"PLSS not found: missing section, township, range",done,,99,failed,not_found,,,,failed,exception,,done,,99,skipped,,,
X_OSAGE_2002912,s3://osu-well-records-225989338968/pdfs/ExportedFolderContents_1/1922/09 - September/X_OSAGE_2002912.pdf,1,1922,09 - September,early,1920s,location,location,not_found,"PLSS not found: missing section, township, range",done,,94,failed,not_found,,,,failed,exception,,done,,99,skipped,,,
X_OSAGE_2287917,s3://osu-well-records-225989338968/pdfs/ExportedFolderContents_1/1922/09 - September/X_OSAGE_2287917.pdf,1,1922,09 - September,early,1920s,location,location,not_found,"PLSS not found: missing section, township, range",done,,98,failed,not_found,,,,failed,keyword_not_found,,done,,89,skipped,,,
X_OSAGE_2287918,s3://osu-well-records-225989338968/pdfs/ExportedFolderContents_1/1922/09 - September/X_OSAGE_2287918.pdf,1,1922,09 - September,early,1920s,location,location,not_found,"PLSS not found: missing section, township, range",done,,99,failed,not_found,,,,failed,keyword_not_found,,done,,99,skipped,,,
X_OSAGE_2287920,s3://osu-well-records-225989338968/pdfs/ExportedFolderContents_1/1922/09 - September/X_OSAGE_2287920.pdf,1,1922,09 - September,early,1920s,location,location,not_found,"PLSS not found: missing section, township, range",done,,97,failed,not_found,,,,failed,keyword_not_found,,failed,exception,,skipped,,,
X_OSAGE_2287923,s3://osu-well-records-225989338968/pdfs/ExportedFolderContents_1/1922/09 - September/X_OSAGE_2287923.pdf,1,1922,09 - September,early,1920s,location,location,not_found,"PLSS not found: missing section, township, range",done,,98,failed,not_found,,,,failed,exception,,failed,exception,,skipped,,,
X_OSAGE_2287925,s3://osu-well-records-225989338968/pdfs/ExportedFolderContents_1/1922/09 - September/X_OSAGE_2287925.pdf,1,1922,09 - September,early,1920s,location,location,not_found,"PLSS not found: missing section, township, range",done,,98,failed,not_found,,,,failed,exception,,failed,exception,,skipped,,,
X_OSAGE_2287946,s3://osu-well-records-225989338968/pdfs/ExportedFolderContents_1/1922/09 - September/X_OSAGE_2287946.pdf,1,1922,09 - September,early,1920s,location,location,not_found,"PLSS not found: missing section, township, range",done,,98,failed,not_found,,,,failed,exception,,failed,exception,,skipped,,,
X_OSAGE_2287947,s3://osu-well-records-225989338968/pdfs/ExportedFolderContents_1/1922/09 - September/X_OSAGE_2287947.pdf,1,1922,09 - September,early,1920s,location,location,not_found,"PLSS not found: missing section, township, range",done,,98,failed,not_found,,,,failed,exception,,failed,exception,,skipped,,,
X_OSAGE_2287949,s3://osu-well-records-225989338968/pdfs/ExportedFolderContents_1/1922/09 - September/X_OSAGE_2287949.pdf,1,1922,09 - September,early,1920s,location,location,not_found,"PLSS not found: missing section, township, range",done,,99,failed,not_found,,,,failed,exception,,failed,exception,,skipped,,,
X_OSAGE_2287950,s3://osu-well-records-225989338968/pdfs/ExportedFolderContents_1/1922/09 - September/X_OSAGE_2287950.pdf,1,1922,09 - September,early,1920s,location,location,not_found,"PLSS not found: missing section, township, range",done,,100,failed,not_found,,,,failed,exception,,done,,100,skipped,,,
X_OSAGE_2287972,s3://osu-well-records-225989338968/pdfs/ExportedFolderContents_1/1922/09 - September/X_OSAGE_2287972.pdf,1,1922,09 - September,early,1920s,location,location,not_found,"PLSS not found: missing section, township, range",done,,98,failed,not_found,,,,failed,exception,,done,,100,skipped,,,
X_OSAGE_2288024,s3://osu-well-records-225989338968/pdfs/ExportedFolderContents_1/1922/09 - September/X_OSAGE_2288024.pdf,1,1922,09 - September,early,1920s,location,location,not_found,"PLSS not found: missing section, township, range",done,,99,failed,not_found,,,,failed,keyword_not_found,,done,,98,skipped,,,
X_OSAGE_2288030,s3://osu-well-records-225989338968/pdfs/ExportedFolderContents_1/1922/09 - September/X_OSAGE_2288030.pdf,1,1922,09 - September,early,1920s,location,location,not_found,"PLSS not found: missing section, township, range",done,,94,failed,not_found,,,,failed,exception,,done,,99,skipped,,,
X_OSCAR M ROSS_2002631,s3://osu-well-records-225989338968/pdfs/ExportedFolderContents_1/1922/09 - September/X_OSCAR M ROSS_2002631.pdf,1,1922,09 - September,early,1920s,location,location,not_found,"PLSS not found: missing section, township, range",done,,91,failed,not_found,,,,failed,exception,,failed,exception,,skipped,,,
X_S HARRISON 3_2002896,s3://osu-well-records-225989338968/pdfs/ExportedFolderContents_1/1922/09 - September/X_S HARRISON 3_2002896.pdf,1,1922,09 - September,early,1920s,location,location,not_found,"PLSS not found: missing section, township, range",done,,99,failed,not_found,,,,failed,api_error,,done,,99,skipped,,,
X_SILVIE BROOKS 1_2002882,s3://osu-well-records-225989338968/pdfs/ExportedFolderContents_1/1922/09 - September/X_SILVIE BROOKS 1_2002882.pdf,1,1922,09 - September,early,1920s,location,location,not_found,"PLSS not found: missing section, township, range",done,,100,failed,not_found,,,,failed,exception,,failed,exception,,skipped,,,
X_SMITH 3_2002729,s3://osu-well-records-225989338968/pdfs/ExportedFolderContents_1/1922/09 - September/X_SMITH 3_2002729.pdf,1,1922,09 - September,early,1920s,location,location,not_found,"PLSS not found: missing section, township, range",done,,94,failed,not_found,,,,failed,keyword_not_found,,failed,exception,,skipped,,,
X_STEIFEL 6_919963,s3://osu-well-records-225989338968/pdfs/ExportedFolderContents_1/1922/09 - September/X_STEIFEL 6_919963.pdf,1,1922,09 - September,early,1920s,location,location,not_found,"PLSS not found: missing section, township, range",done,,99,failed,not_found,,,,failed,keyword_not_found,,done,,99,skipped,,,
X_STEIFEL 6_919964,s3://osu-well-records-225989338968/pdfs/ExportedFolderContents_1/1922/09 - September/X_STEIFEL 6_919964.pdf,1,1922,09 - September,early,1920s,location,location,not_found,"PLSS not found: missing section, township, range",done,,99,failed,not_found,,,,failed,exception,,done,,100,skipped,,,
X_THOMPSON 1_2002656,s3://osu-well-records-225989338968/pdfs/ExportedFolderContents_1/1922/09 - September/X_THOMPSON 1_2002656.pdf,1,1922,09 - September,early,1920s,location,location,not_found,"PLSS not found: missing section, township, range",done,,100,failed,not_found,,,,failed,keyword_not_found,,done,,99,skipped,,,
X_THOMPSON 1_2002662,s3://osu-well-records-225989338968/pdfs/ExportedFolderContents_1/1922/09 - September/X_THOMPSON 1_2002662.pdf,1,1922,09 - September,early,1920s,location,location,not_found,"PLSS not found: missing section, township, range",done,,100,failed,not_found,,,,failed,keyword_not_found,,done,,99,skipped,,,
X_UNKNOWN 1_1051778,s3://osu-well-records-225989338968/pdfs/ExportedFolderContents_1/1922/09 - September/X_UNKNOWN 1_1051778.pdf,1,1922,09 - September,early,1920s,location,location,not_found,"PLSS not found: missing section, township, range",done,,88,failed,not_found,,,,failed,exception,,done,,98,skipped,,,
X_W. MILLER 3_2288011,s3://osu-well-records-225989338968/pdfs/ExportedFolderContents_1/1922/09 - September/X_W. MILLER 3_2288011.pdf,1,1922,09 - September,early,1920s,location,location,not_found,"PLSS not found: missing section, township, range",done,,100,failed,not_found,,,,failed,exception,,failed,exception,,skipped,,,
X_X_2002646,s3://osu-well-records-225989338968/pdfs/ExportedFolderContents_1/1922/09 - September/X_X_2002646.pdf,1,1922,09 - September,early,1920s,location,location,not_found,"PLSS not found: missing section, township, range",done,,100,failed,not_found,,,,failed,exception,,failed,exception,,skipped,,,
X_X_2363902,s3://osu-well-records-225989338968/pdfs/ExportedFolderContents_1/1922/09 - September/X_X_2363902.pdf,1,1922,09 - September,early,1920s,location,location,not_found,"PLSS not found: missing section, township, range",done,,100,failed,not_found,,,,failed,exception,,failed,exception,,skipped,,,
x_BENNETT 1_920028,s3://osu-well-records-225989338968/pdfs/ExportedFolderContents_1/1922/09 - September/x_BENNETT 1_920028.pdf,1,1922,09 - September,early,1920s,location,location,not_found,"PLSS not found: missing section, township, range",done,,99,failed,not_found,,,,failed,exception,,done,,99,skipped,,,
x_J.F. BENNETT 2_920026,s3://osu-well-records-225989338968/pdfs/ExportedFolderContents_1/1922/09 - September/x_J.F. BENNETT 2_920026.pdf,1,1922,09 - September,early,1920s,location,location,not_found,"PLSS not found: missing section, township, range",done,,100,failed,not_found,,,,failed,exception,,failed,exception,,skipped,,,
x_J.F. BENNETT 3_919983,s3://osu-well-records-225989338968/pdfs/ExportedFolderContents_1/1922/09 - September/x_J.F. BENNETT 3_919983.pdf,1,1922,09 - September,early,1920s,location,location,not_found,"PLSS not found: missing section, township, range",done,,99,failed,not_found,,,,failed,exception,,failed,exception,,skipped,,,
x_L A BELL 1_1051771,s3://osu-well-records-225989338968/pdfs/ExportedFolderContents_1/1922/09 - September/x_L A BELL 1_1051771.pdf,1,1922,09 - September,early,1920s,location,location,not_found,"PLSS not found: missing section, township, range",done,,100,failed,not_found,,,,failed,exception,,done,,99,skipped,,,
x_No Data_2002871,s3://osu-well-records-225989338968/pdfs/ExportedFolderContents_1/1922/09 - September/x_No Data_2002871.pdf,1,1922,09 - September,early,1920s,location,location,not_found,"PLSS not found: missing section, township, range",done,,99,failed,not_found,,,,failed,exception,,done,,99,skipped,,,
x_ROBELLA BROWN 1_1051783,s3://osu-well-records-225989338968/pdfs/ExportedFolderContents_1/1922/09 - September/x_ROBELLA BROWN 1_1051783.pdf,1,1922,09 - September,early,1920s,location,location,not_found,"PLSS not found: missing section, township, range",done,,100,failed,not_found,,,,failed,keyword_not_found,,done,,100,skipped,,,
x_ROBELLA BROWN 1_1051786,s3://osu-well-records-225989338968/pdfs/ExportedFolderContents_1/1922/09 - September/x_ROBELLA BROWN 1_1051786.pdf,1,1922,09 - September,early,1920s,location,location,not_found,"PLSS not found: missing section, township, range",done,,100,failed,not_found,,,,failed,keyword_not_found,,done,,100,skipped,,,
x_SILVIE BROOKS 1_588796,s3://osu-well-records-225989338968/pdfs/ExportedFolderContents_1/1922/09 - September/x_SILVIE BROOKS 1_588796.pdf,1,1922,09 - September,early,1920s,location,location,not_found,"PLSS not found: missing section, township, range",done,,100,failed,not_found,,,,failed,exception,,failed,exception,,skipped,,,
00000000_No Data_1052013,s3://osu-well-records-225989338968/pdfs/ExportedFolderContents_1/1922/10 - October/00000000_No Data_1052013.pdf,1,1922,10 - October,early,1920s,location,location,not_found,"PLSS not found: missing section, township, range",done,,100,failed,not_found,,,,failed,keyword_not_found,,failed,exception,,skipped,,,
00000000_No Data_1052066,s3://osu-well-records-225989338968/pdfs/ExportedFolderContents_1/1922/10 - October/00000000_No Data_1052066.pdf,1,1922,10 - October,early,1920s,location,location,not_found,"PLSS not found: missing section, township, range",done,,99,failed,not_found,,,,failed,keyword_not_found,,failed,exception,,skipped,,,
00000000_No Data_1052129,s3://osu-well-records-225989338968/pdfs/ExportedFolderContents_1/1922/10 - October/00000000_No Data_1052129.pdf,1,1922,10 - October,early,1920s,location,location,not_found,"PLSS not found: missing section, township, range",done,,99,failed,not_found,,,,failed,keyword_not_found,,done,,98,skipped,,,
00000000_No Data_1052132,s3://osu-well-records-225989338968/pdfs/ExportedFolderContents_1/1922/10 - October/00000000_No Data_1052132.pdf,1,1922,10 - October,early,1920s,location,location,not_found,"PLSS not found: missing section, township, range",done,,100,failed,not_found,,,,failed,exception,,done,,100,skipped,,,
00000000_No Data_1052139,s3://osu-well-records-225989338968/pdfs/ExportedFolderContents_1/1922/10 - October/00000000_No Data_1052139.pdf,1,1922,10 - October,early,1920s,location,location,not_found,"PLSS not found: missing section, township, range",done,,100,failed,not_found,,,,failed,keyword_not_found,,failed,exception,,skipped,,,
00000000_No Data_1052175,s3://osu-well-records-225989338968/pdfs/ExportedFolderContents_1/1922/10 - October/00000000_No Data_1052175.pdf,1,1922,10 - October,early,1920s,location,location,not_found,"PLSS not found: missing section, township, range",done,,100,failed,not_found,,,,failed,exception,,done,,99,skipped,,,
00000000_No Data_1052182,s3://osu-well-records-225989338968/pdfs/ExportedFolderContents_1/1922/10 - October/00000000_No Data_1052182.pdf,1,1922,10 - October,early,1920s,location,location,not_found,"PLSS not found: missing section, township, range",done,,100,failed,not_found,,,,failed,exception,,done,,99,skipped,,,
00000000_No Data_1052185,s3://osu-well-records-225989338968/pdfs/ExportedFolderContents_1/1922/10 - October/00000000_No Data_1052185.pdf,1,1922,10 - October,early,1920s,location,location,not_found,"PLSS not found: missing section, township, range",done,,100,failed,not_found,,,,failed,keyword_not_found,,failed,exception,,skipped,,,
00000000_No Data_1052192,s3://osu-well-records-225989338968/pdfs/ExportedFolderContents_1/1922/10 - October/00000000_No Data_1052192.pdf,1,1922,10 - October,early,1920s,location,location,not_found,"PLSS not found: missing section, township, range",done,,100,failed,not_found,,,,failed,exception,,done,,99,skipped,,,
00000000_No Data_1052250,s3://osu-well-records-225989338968/pdfs/ExportedFolderContents_1/1922/10 - October/00000000_No Data_1052250.pdf,1,1922,10 - October,early,1920s,location,location,not_found,"PLSS not found: missing section, township, range",done,,100,failed,not_found,,,,failed,exception,,failed,exception,,skipped,,,
00000000_No Data_1052303,s3://osu-well-records-225989338968/pdfs/ExportedFolderContents_1/1922/10 - October/00000000_No Data_1052303.pdf,1,1922,10 - October,early,1920s,location,location,not_found,"PLSS not found: missing section, township, range",done,,100,failed,not_found,,,,failed,exception,,failed,exception,,skipped,,,
00000000_No Data_1413900,s3://osu-well-records-225989338968/pdfs/ExportedFolderContents_1/1922/10 - October/00000000_No Data_1413900.pdf,1,1922,10 - October,early,1920s,location,location,not_found,"PLSS not found: missing section, township, range",done,,92,failed,not_found,,,,failed,exception,,failed,exception,,skipped,,,
00000000_No Data_1413917,s3://osu-well-records-225989338968/pdfs/ExportedFolderContents_1/1922/10 - October/00000000_No Data_1413917.pdf,1,1922,10 - October,early,1920s,location,location,not_found,"PLSS not found: missing section, township, range",done,,100,failed,not_found,,,,failed,keyword_not_found,,done,,99,skipped,,,
00000000_No Data_1618067,s3://osu-well-records-225989338968/pdfs/ExportedFolderContents_1/1922/10 - October/00000000_No Data_1618067.pdf,1,1922,10 - October,early,1920s,location,location,not_found,"PLSS not found: missing section, township, range",done,,99,failed,not_found,,,,failed,exception,,failed,exception,,skipped,,,
00000000_No Data_516305,s3://osu-well-records-225989338968/pdfs/ExportedFolderContents_1/1922/10 - October/00000000_No Data_516305.pdf,1,1922,10 - October,early,1920s,location,location,not_found,"PLSS not found: missing section, township, range",done,,100,failed,not_found,,,,failed,keyword_not_found,,failed,exception,,skipped,,,
00000000_No Data_516333,s3://osu-well-records-225989338968/pdfs/ExportedFolderContents_1/1922/10 - October/00000000_No Data_516333.pdf,1,1922,10 - October,early,1920s,location,location,not_found,"PLSS not found: missing section, township, range",done,,99,failed,not_found,,,,failed,keyword_not_found,,done,,99,skipped,,,
00000000_No Data_588822,s3://osu-well-records-225989338968/pdfs/ExportedFolderContents_1/1922/10 - October/00000000_No Data_588822.pdf,1,1922,10 - October,early,1920s,location,location,not_found,"PLSS not found: missing section, township, range",done,,100,failed,not_found,,,,failed,exception,,failed,exception,,skipped,,,
35111100130000_RITTERHOFF_2003183,s3://osu-well-records-225989338968/pdfs/ExportedFolderContents_1/1922/10 - October/35111100130000_RITTERHOFF_2003183.pdf,1,1922,10 - October,early,1920s,location,location,not_found,"PLSS not found: missing section, township, range",done,,91,failed,not_found,,,,failed,exception,,failed,exception,,skipped,,,
3511111201_GRAY M_2002955,s3://osu-well-records-225989338968/pdfs/ExportedFolderContents_1/1922/10 - October/3511111201_GRAY M_2002955.pdf,1,1922,10 - October,early,1920s,location,location,not_found,"PLSS not found: missing section, township, range",done,,100,failed,not_found,,,,failed,exception,,done,,99,skipped,,,
3511111201_GRAY_2002966,s3://osu-well-records-225989338968/pdfs/ExportedFolderContents_1/1922/10 - October/3511111201_GRAY_2002966.pdf,1,1922,10 - October,early,1920s,location,location,not_found,"PLSS not found: missing section, township, range",done,,100,failed,not_found,,,,failed,exception,,done,,99,skipped,,,
35117018020000_H CAESAR_2003214,s3://osu-well-records-225989338968/pdfs/ExportedFolderContents_1/1922/10 - October/35117018020000_H CAESAR_2003214.pdf,1,1922,10 - October,early,1920s,location,location,not_found,"PLSS not found: missing section, township, range",done,,98,failed,not_found,,,,failed,exception,,done,,99,skipped,,,
35117031180000_DIEHNEL 1_2288121,s3://osu-well-records-225989338968/pdfs/ExportedFolderContents_1/1922/10 - October/35117031180000_DIEHNEL 1_2288121.pdf,1,1922,10 - October,early,1920s,location,location,not_found,"PLSS not found: missing section, township, range",done,,90,failed,not_found,,,,failed,exception,,done,,94,skipped,,,
35117040750000_J.H. MILAM 1_2288133,s3://osu-well-records-225989338968/pdfs/ExportedFolderContents_1/1922/10 - October/35117040750000_J.H. MILAM 1_2288133.pdf,1,1922,10 - October,early,1920s,location,location,not_found,"PLSS not found: missing section, township, range",done,,99,failed,not_found,,,,failed,api_error,,failed,exception,,skipped,,,
35117041610000_HARRINGTON 1_2288065,s3://osu-well-records-225989338968/pdfs/ExportedFolderContents_1/1922/10 - October/35117041610000_HARRINGTON 1_2288065.pdf,1,1922,10 - October,early,1920s,location,location,not_found,"PLSS not found: missing section, township, range",done,,99,failed,not_found,,,,failed,exception,,done,,99,skipped,,,
35131042990000_PALMER 6_2464352,s3://osu-well-records-225989338968/pdfs/ExportedFolderContents_1/1922/10 - October/35131042990000_PALMER 6_2464352.pdf,1,1922,10 - October,early,1920s,location,location,not_found,"PLSS not found: missing section, township, range",done,,92,failed,not_found,,,,failed,exception,,done,,100,skipped,,,
35135760020000_JAMES CHOATE 1_1443105,s3://osu-well-records-225989338968/pdfs/ExportedFolderContents_1/1922/10 - October/35135760020000_JAMES CHOATE 1_1443105.pdf,1,1922,10 - October,early,1920s,location,location,not_found,"PLSS not found: missing section, township, range",done,,100,failed,not_found,,,,failed,keyword_not_found,,done,,98,skipped,,,
35137088930000_LEVY WILLIS 1_1696222,s3://osu-well-records-225989338968/pdfs/ExportedFolderContents_1/1922/10 - October/35137088930000_LEVY WILLIS 1_1696222.pdf,1,1922,10 - October,early,1920s,location,location,not_found,"PLSS not found: missing section, township, range",done,,87,failed,not_found,,,,failed,exception,,done,,99,skipped,,,
35143005320000_LEE 2_2003150,s3://osu-well-records-225989338968/pdfs/ExportedFolderContents_1/1922/10 - October/35143005320000_LEE 2_2003150.pdf,1,1922,10 - October,early,1920s,location,location,not_found,"PLSS not found: missing section, township, range",done,,99,failed,not_found,,,,failed,keyword_not_found,,done,,99,skipped,,,
35143005340000_MCCOY 2_1384638,s3://osu-well-records-225989338968/pdfs/ExportedFolderContents_1/1922/10 - October/35143005340000_MCCOY 2_1384638.pdf,1,1922,10 - October,early,1920s,location,location,not_found,"PLSS not found: missing section, township, range",done,,99,failed,not_found,,,,failed,keyword_not_found,,done,,98,skipped,,,
35143039300000_WHITE 3_2002925,s3://osu-well-records-225989338968/pdfs/ExportedFolderContents_1/1922/10 - October/35143039300000_WHITE 3_2002925.pdf,1,1922,10 - October,early,1920s,location,location,not_found,"PLSS not found: missing section, township, range",done,,99,failed,not_found,,,,failed,exception,,failed,exception,,skipped,,,
35143041340000_ROBT ROGERS 1_2003053,s3://osu-well-records-225989338968/pdfs/ExportedFolderContents_1/1922/10 - October/35143041340000_ROBT ROGERS 1_2003053.pdf,1,1922,10 - October,early,1920s,location,location,not_found,"PLSS not found: missing section, township, range",done,,100,failed,not_found,,,,failed,exception,,failed,exception,,skipped,,,
35143054130000_JOHNSTON 10_2288090,s3://osu-well-records-225989338968/pdfs/ExportedFolderContents_1/1922/10 - October/35143054130000_JOHNSTON 10_2288090.pdf,1,1922,10 - October,early,1920s,location,location,not_found,"PLSS not found: missing section, township, range",done,,100,failed,not_found,,,,failed,keyword_not_found,,done,,99,skipped,,,
35143054140000_JOHNSON 11_2288093,s3://osu-well-records-225989338968/pdfs/ExportedFolderContents_1/1922/10 - October/35143054140000_JOHNSON 11_2288093.pdf,1,1922,10 - October,early,1920s,location,location,not_found,"PLSS not found: missing section, township, range",done,,99,failed,not_found,,,,failed,keyword_not_found,,done,,99,skipped,,,
35143057580000_BLAKEMORE_2288088,s3://osu-well-records-225989338968/pdfs/ExportedFolderContents_1/1922/10 - October/35143057580000_BLAKEMORE_2288088.pdf,1,1922,10 - October,early,1920s,location,location,not_found,"PLSS not found: missing section, township, range",done,,100,failed,not_found,,,,failed,exception,,done,,99,skipped,,,
35143762750000_SALLIE MCHENRY 1_2003134,s3://osu-well-records-225989338968/pdfs/ExportedFolderContents_1/1922/10 - October/35143762750000_SALLIE MCHENRY 1_2003134.pdf,1,1922,10 - October,early,1920s,location,location,not_found,"PLSS not found: missing section, township, range",done,,88,failed,not_found,,,,failed,exception,,done,,98,skipped,,,
3514503307_WISHER_2363975,s3://osu-well-records-225989338968/pdfs/ExportedFolderContents_1/1922/10 - October/3514503307_WISHER_2363975.pdf,1,1922,10 - October,early,1920s,location,location,not_found,"PLSS not found: missing section, township, range",done,,90,failed,not_found,,,,failed,exception,,done,,99,skipped,,,
35147035230000_J D HICKS_2288118,s3://osu-well-records-225989338968/pdfs/ExportedFolderContents_1/1922/10 - October/35147035230000_J D HICKS_2288118.pdf,1,1922,10 - October,early,1920s,location,location,not_found,"PLSS not found: missing section, township, range",done,,100,failed,not_found,,,,failed,exception,,done,,98,skipped,,,
35147060170000_No Data_2288059,s3://osu-well-records-225989338968/pdfs/ExportedFolderContents_1/1922/10 - October/35147060170000_No Data_2288059.pdf,1,1922,10 - October,early,1920s,location,location,not_found,"PLSS not found: missing section, township, range",done,,100,failed,not_found,,,,failed,exception,,failed,exception,,skipped,,,
35147064490000_HOUSTON 1_2288124,s3://osu-well-records-225989338968/pdfs/ExportedFolderContents_1/1922/10 - October/35147064490000_HOUSTON 1_2288124.pdf,1,1922,10 - October,early,1920s,location,location,not_found,"PLSS not found: missing section, township, range",done,,98,failed,not_found,,,,failed,exception,,done,,99,skipped,,,
CREEK_HENDRICKSON 1_2002958,s3://osu-well-records-225989338968/pdfs/ExportedFolderContents_1/1922/10 - October/CREEK_HENDRICKSON 1_2002958.pdf,1,1922,10 - October,early,1920s,location,location,not_found,"PLSS not found: missing section, township, range",done,,100,failed,not_found,,,,failed,exception,,done,,91,skipped,,,
OSAGE_EDNA HICKMAN 10_2288043,s3://osu-well-records-225989338968/pdfs/ExportedFolderContents_1/1922/10 - October/OSAGE_EDNA HICKMAN 10_2288043.pdf,1,1922,10 - October,early,1920s,location,location,not_found,"PLSS not found: missing section, township, range",done,,95,failed,not_found,,,,failed,exception,,done,,99,skipped,,,
OSAGE_EDNA HICKMAN 12_2288046,s3://osu-well-records-225989338968/pdfs/ExportedFolderContents_1/1922/10 - October/OSAGE_EDNA HICKMAN 12_2288046.pdf,1,1922,10 - October,early,1920s,location,location,not_found,"PLSS not found: missing section, township, range",done,,99,failed,not_found,,,,failed,exception,,failed,exception,,skipped,,,
OSAGE_EDNA HICKMAN 7_2288116,s3://osu-well-records-225989338968/pdfs/ExportedFolderContents_1/1922/10 - October/OSAGE_EDNA HICKMAN 7_2288116.pdf,1,1922,10 - October,early,1920s,location,location,not_found,"PLSS not found: missing section, township, range",done,,99,failed,not_found,,,,failed,exception,,done,,99,skipped,,,
OSAGE_HICKMAN 14_2288052,s3://osu-well-records-225989338968/pdfs/ExportedFolderContents_1/1922/10 - October/OSAGE_HICKMAN 14_2288052.pdf,1,1922,10 - October,early,1920s,location,location,not_found,"PLSS not found: missing section, township, range",done,,100,failed,not_found,,,,failed,exception,,done,,100,skipped,,,
OSAGE_OSAGE TRACT 24_2288072,s3://osu-well-records-225989338968/pdfs/ExportedFolderContents_1/1922/10 - October/OSAGE_OSAGE TRACT 24_2288072.pdf,1,1922,10 - October,early,1920s,location,location,not_found,"PLSS not found: missing section, township, range",done,,96,failed,not_found,,,,failed,exception,,done,,99,skipped,,,
OSAGE_OSAGE TRACT 29 3_2288055,s3://osu-well-records-225989338968/pdfs/ExportedFolderContents_1/1922/10 - October/OSAGE_OSAGE TRACT 29 3_2288055.pdf,1,1922,10 - October,early,1920s,location,location,not_found,"PLSS not found: missing section, township, range",done,,96,failed,not_found,,,,failed,exception,,done,,99,skipped,,,
OSAGE_SW 4 11_2288092,s3://osu-well-records-225989338968/pdfs/ExportedFolderContents_1/1922/10 - October/OSAGE_SW 4 11_2288092.pdf,1,1922,10 - October,early,1920s,location,location,not_found,"PLSS not found: missing section, township, range",done,,100,failed,not_found,,,,failed,exception,,done,,98,skipped,,,
X_1ST NATL BK 1_1384644,s3://osu-well-records-225989338968/pdfs/ExportedFolderContents_1/1922/10 - October/X_1ST NATL BK 1_1384644.pdf,1,1922,10 - October,early,1920s,location,location,not_found,"PLSS not found: missing section, township, range",done,,92,failed,not_found,,,,failed,exception,,done,,90,skipped,,,
X_BEAVER 5_2003025,s3://osu-well-records-225989338968/pdfs/ExportedFolderContents_1/1922/10 - October/X_BEAVER 5_2003025.pdf,1,1922,10 - October,early,1920s,location,location,not_found,"PLSS not found: missing section, township, range",done,,99,failed,not_found,,,,failed,exception,,done,,99,skipped,,,
X_BRENT 2_2288120,s3://osu-well-records-225989338968/pdfs/ExportedFolderContents_1/1922/10 - October/X_BRENT 2_2288120.pdf,1,1922,10 - October,early,1920s,location,location,not_found,"PLSS not found: missing section, township, range",done,,100,failed,not_found,,,,failed,exception,,failed,exception,,skipped,,,
X_BROWNE 1_2003102,s3://osu-well-records-225989338968/pdfs/ExportedFolderContents_1/1922/10 - October/X_BROWNE 1_2003102.pdf,1,1922,10 - October,early,1920s,location,location,not_found,"PLSS not found: missing section, township, range",done,,99,failed,not_found,,,,failed,exception,,failed,exception,,skipped,,,
X_C.W. BOARD 1_2003187,s3://osu-well-records-225989338968/pdfs/ExportedFolderContents_1/1922/10 - October/X_C.W. BOARD 1_2003187.pdf,1,1922,10 - October,early,1920s,location,location,not_found,"PLSS not found: missing section, township, range",done,,100,failed,not_found,,,,failed,exception,,failed,exception,,skipped,,,
X_CHEVALIER 9_2288038,s3://osu-well-records-225989338968/pdfs/ExportedFolderContents_1/1922/10 - October/X_CHEVALIER 9_2288038.pdf,1,1922,10 - October,early,1920s,location,location,not_found,"PLSS not found: missing section, township, range",done,,96,failed,not_found,,,,failed,api_error,,failed,exception,,skipped,,,
X_CLEM WINN 1_2288109,s3://osu-well-records-225989338968/pdfs/ExportedFolderContents_1/1922/10 - October/X_CLEM WINN 1_2288109.pdf,1,1922,10 - October,early,1920s,location,location,not_found,"PLSS not found: missing section, township, range",done,,99,failed,not_found,,,,failed,exception,,failed,exception,,skipped,,,
X_CLEM WINN 1_2288110,s3://osu-well-records-225989338968/pdfs/ExportedFolderContents_1/1922/10 - October/X_CLEM WINN 1_2288110.pdf,1,1922,10 - October,early,1920s,location,location,not_found,"PLSS not found: missing section, township, range",done,,99,failed,not_found,,,,failed,exception,,failed,exception,,skipped,,,
X_CLEM WINN 1_516332,s3://osu-well-records-225989338968/pdfs/ExportedFolderContents_1/1922/10 - October/X_CLEM WINN 1_516332.pdf,1,1922,10 - October,early,1920s,location,location,not_found,"PLSS not found: missing section, township, range",done,,99,failed,not_found,,,,failed,exception,,failed,exception,,skipped,,,
X_FLORENCE HICKMAN 6_2288044,s3://osu-well-records-225989338968/pdfs/ExportedFolderContents_1/1922/10 - October/X_FLORENCE HICKMAN 6_2288044.pdf,1,1922,10 - October,early,1920s,location,location,not_found,"PLSS not found: missing section, township, range",done,,94,failed,not_found,,,,failed,exception,,failed,exception,,skipped,,,
X_FRANK JACOBS_2003198,s3://osu-well-records-225989338968/pdfs/ExportedFolderContents_1/1922/10 - October/X_FRANK JACOBS_2003198.pdf,1,1922,10 - October,early,1920s,location,location,not_found,"PLSS not found: missing section, township, range",done,,88,failed,not_found,,,,failed,keyword_not_found,,done,,98,skipped,,,
X_FRANK JACOBS_2003199,s3://osu-well-records-225989338968/pdfs/ExportedFolderContents_1/1922/10 - October/X_FRANK JACOBS_2003199.pdf,1,1922,10 - October,early,1920s,location,location,not_found,"PLSS not found: missing section, township, range",done,,88,failed,not_found,,,,failed,keyword_not_found,,done,,98,skipped,,,
X_HOMINY 144_1413901,s3://osu-well-records-225989338968/pdfs/ExportedFolderContents_1/1922/10 - October/X_HOMINY 144_1413901.pdf,1,1922,10 - October,early,1920s,location,location,not_found,"PLSS not found: missing section, township, range",done,,100,failed,not_found,,,,failed,exception,,failed,exception,,skipped,,,
X_JOHN R LAW 1-DD_782040,s3://osu-well-records-225989338968/pdfs/ExportedFolderContents_1/1922/10 - October/X_JOHN R LAW 1-DD_782040.pdf,1,1922,10 - October,early,1920s,location,location,not_found,"PLSS not found: missing section, township, range",done,,97,failed,not_found,,,,failed,keyword_not_found,,done,,99,skipped,,,
X_KIT C FARWELL 1_782017,s3://osu-well-records-225989338968/pdfs/ExportedFolderContents_1/1922/10 - October/X_KIT C FARWELL 1_782017.pdf,1,1922,10 - October,early,1920s,location,location,not_found,"PLSS not found: missing section, township, range",done,,92,failed,not_found,,,,failed,keyword_not_found,,done,,99,skipped,,,
X_KIT FARWELL 3_782025,s3://osu-well-records-225989338968/pdfs/ExportedFolderContents_1/1922/10 - October/X_KIT FARWELL 3_782025.pdf,1,1922,10 - October,early,1920s,location,location,not_found,"PLSS not found: missing section, township, range",done,,100,failed,not_found,,,,failed,keyword_not_found,,done,,99,skipped,,,
X_KNIGHT 1_2002974,s3://osu-well-records-225989338968/pdfs/ExportedFolderContents_1/1922/10 - October/X_KNIGHT 1_2002974.pdf,1,1922,10 - October,early,1920s,location,location,not_found,"PLSS not found: missing section, township, range",done,,98,failed,not_found,,,,failed,exception,,failed,exception,,skipped,,,
X_LESHER 1_2003043,s3://osu-well-records-225989338968/pdfs/ExportedFolderContents_1/1922/10 - October/X_LESHER 1_2003043.pdf,1,1922,10 - October,early,1920s,location,location,not_found,"PLSS not found: missing section, township, range",done,,96,failed,not_found,,,,failed,exception,,failed,exception,,skipped,,,
X_MCKEOWN 1_2003014,s3://osu-well-records-225989338968/pdfs/ExportedFolderContents_1/1922/10 - October/X_MCKEOWN 1_2003014.pdf,1,1922,10 - October,early,1920s,location,location,not_found,"PLSS not found: missing section, township, range",done,,100,failed,not_found,,,,failed,exception,,done,,97,skipped,,,
X_MCKINNEY 1_2003203,s3://osu-well-records-225989338968/pdfs/ExportedFolderContents_1/1922/10 - October/X_MCKINNEY 1_2003203.pdf,1,1922,10 - October,early,1920s,location,location,not_found,"PLSS not found: missing section, township, range",done,,99,failed,not_found,,,,failed,exception,,done,,95,skipped,,,
X_MCNAC 1_2003073,s3://osu-well-records-225989338968/pdfs/ExportedFolderContents_1/1922/10 - October/X_MCNAC 1_2003073.pdf,1,1922,10 - October,early,1920s,location,location,not_found,"PLSS not found: missing section, township, range",done,,100,failed,not_found,,,,failed,exception,,done,,99,skipped,,,
X_NICHOLS FRENSLEY 8_920101,s3://osu-well-records-225989338968/pdfs/ExportedFolderContents_1/1922/10 - October/X_NICHOLS FRENSLEY 8_920101.pdf,1,1922,10 - October,early,1920s,location,location,not_found,"PLSS not found: missing section, township, range",done,,99,failed,not_found,,,,failed,exception,,done,,98,skipped,,,
X_NICHOLS FRENSLEY 8_920102,s3://osu-well-records-225989338968/pdfs/ExportedFolderContents_1/1922/10 - October/X_NICHOLS FRENSLEY 8_920102.pdf,1,1922,10 - October,early,1920s,location,location,not_found,"PLSS not found: missing section, township, range",done,,99,failed,not_found,,,,failed,keyword_not_found,,failed,exception,,skipped,,,
X_No Data_1052075,s3://osu-well-records-225989338968/pdfs/ExportedFolderContents_1/1922/10 - October/X_No Data_1052075.pdf,1,1922,10 - October,early,1920s,location,location,not_found,"PLSS not found: missing section, township, range",done,,100,failed,not_found,,,,failed,exception,,done,,99,skipped,,,
X_No Data_1052209,s3://osu-well-records-225989338968/pdfs/ExportedFolderContents_1/1922/10 - October/X_No Data_1052209.pdf,1,1922,10 - October,early,1920s,location,location,not_found,"PLSS not found: missing section, township, range",done,,100,failed,not_found,,,,failed,keyword_not_found,,done,,98,skipped,,,
X_No Data_1052277,s3://osu-well-records-225989338968/pdfs/ExportedFolderContents_1/1922/10 - October/X_No Data_1052277.pdf,1,1922,10 - October,early,1920s,location,location,not_found,"PLSS not found: missing section, township, range",done,,100,failed,not_found,,,,failed,exception,,failed,exception,,skipped,,,
X_No Data_1413908,s3://osu-well-records-225989338968/pdfs/ExportedFolderContents_1/1922/10 - October/X_No Data_1413908.pdf,1,1922,10 - October,early,1920s,location,location,not_found,"PLSS not found: missing section, township, range",done,,100,failed,not_found,,,,failed,exception,,done,,99,skipped,,,
X_No Data_2003036,s3://osu-well-records-225989338968/pdfs/ExportedFolderContents_1/1922/10 - October/X_No Data_2003036.pdf,1,1922,10 - October,early,1920s,location,location,not_found,"PLSS not found: missing section, township, range",done,,99,failed,not_found,,,,failed,exception,,done,,99,skipped,,,
X_No Data_2003111,s3://osu-well-records-225989338968/pdfs/ExportedFolderContents_1/1922/10 - October/X_No Data_2003111.pdf,1,1922,10 - October,early,1920s,location,location,not_found,"PLSS not found: missing section, township, range",done,,99,failed,not_found,,,,failed,exception,,failed,exception,,skipped,,,
X_OS TR 27 15_1413920,s3://osu-well-records-225989338968/pdfs/ExportedFolderContents_1/1922/10 - October/X_OS TR 27 15_1413920.pdf,1,1922,10 - October,early,1920s,location,location,not_found,"PLSS not found: missing section, township, range",done,,99,failed,not_found,,,,failed,exception,,done,,99,skipped,,,
X_OSAGE_2003034,s3://osu-well-records-225989338968/pdfs/ExportedFolderContents_1/1922/10 - October/X_OSAGE_2003034.pdf,1,1922,10 - October,early,1920s,location,location,not_found,"PLSS not found: missing section, township, range",done,,100,failed,not_found,,,,failed,keyword_not_found,,done,,99,skipped,,,
X_PHILLIPS 1_1052093,s3://osu-well-records-225989338968/pdfs/ExportedFolderContents_1/1922/10 - October/X_PHILLIPS 1_1052093.pdf,1,1922,10 - October,early,1920s,location,location,not_found,"PLSS not found: missing section, township, range",done,,100,failed,not_found,,,,failed,exception,,failed,exception,,skipped,,,
X_PHILLIPS 1_2002937,s3://osu-well-records-225989338968/pdfs/ExportedFolderContents_1/1922/10 - October/X_PHILLIPS 1_2002937.pdf,1,1922,10 - October,early,1920s,location,location,not_found,"PLSS not found: missing section, township, range",done,,100,failed,not_found,,,,failed,exception,,done,,99,skipped,,,
X_PHILLIPS 1_588804,s3://osu-well-records-225989338968/pdfs/ExportedFolderContents_1/1922/10 - October/X_PHILLIPS 1_588804.pdf,1,1922,10 - October,early,1920s,location,location,not_found,"PLSS not found: missing section, township, range",done,,100,failed,not_found,,,,failed,exception,,failed,exception,,skipped,,,
X_PITMAN 1_2003172,s3://osu-well-records-225989338968/pdfs/ExportedFolderContents_1/1922/10 - October/X_PITMAN 1_2003172.pdf,1,1922,10 - October,early,1920s,location,location,not_found,"PLSS not found: missing section, township, range",done,,98,failed,not_found,,,,failed,exception,,done,,99,skipped,,,
X_PLEASANT L SHOALS C_2003228,s3://osu-well-records-225989338968/pdfs/ExportedFolderContents_1/1922/10 - October/X_PLEASANT L SHOALS C_2003228.pdf,1,1922,10 - October,early,1920s,location,location,not_found,"PLSS not found: missing section, township, range",done,,100,failed,not_found,,,,failed,keyword_not_found,,failed,exception,,skipped,,,
X_PORTER 1_2003181,s3://osu-well-records-225989338968/pdfs/ExportedFolderContents_1/1922/10 - October/X_PORTER 1_2003181.pdf,1,1922,10 - October,early,1920s,location,location,not_found,"PLSS not found: missing section, township, range",done,,99,failed,not_found,,,,failed,exception,,done,,99,skipped,,,
X_SE_2003100,s3://osu-well-records-225989338968/pdfs/ExportedFolderContents_1/1922/10 - October/X_SE_2003100.pdf,1,1922,10 - October,early,1920s,location,location,not_found,"PLSS not found: missing section, township, range",done,,99,failed,not_found,,,,failed,keyword_not_found,,done,,99,skipped,,,
X_SE_2003101,s3://osu-well-records-225989338968/pdfs/ExportedFolderContents_1/1922/10 - October/X_SE_2003101.pdf,1,1922,10 - October,early,1920s,location,location,not_found,"PLSS not found: missing section, township, range",done,,98,failed,not_found,,,,failed,exception,,failed,exception,,skipped,,,
X_SNEED 4_1384633,s3://osu-well-records-225989338968/pdfs/ExportedFolderContents_1/1922/10 - October/X_SNEED 4_1384633.pdf,1,1922,10 - October,early,1920s,location,location,not_found,"PLSS not found: missing section, township, range",done,,100,failed,not_found,,,,failed,exception,,done,,98,skipped,,,
X_SNEED 4_2003001,s3://osu-well-records-225989338968/pdfs/ExportedFolderContents_1/1922/10 - October/X_SNEED 4_2003001.pdf,1,1922,10 - October,early,1920s,location,location,not_found,"PLSS not found: missing section, township, range",done,,100,failed,not_found,,,,failed,exception,,done,,98,skipped,,,
X_SOPHIA MAIN 7_2288113,s3://osu-well-records-225989338968/pdfs/ExportedFolderContents_1/1922/10 - October/X_SOPHIA MAIN 7_2288113.pdf,1,1922,10 - October,early,1920s,location,location,not_found,"PLSS not found: missing section, township, range",done,,100,failed,not_found,,,,failed,exception,,failed,exception,,skipped,,,
X_SOPHIA MAIN 8_2288039,s3://osu-well-records-225989338968/pdfs/ExportedFolderContents_1/1922/10 - October/X_SOPHIA MAIN 8_2288039.pdf,1,1922,10 - October,early,1920s,location,location,not_found,"PLSS not found: missing section, township, range",done,,92,failed,not_found,,,,failed,exception,,failed,exception,,skipped,,,
X_T G MAYS 1_782037,s3://osu-well-records-225989338968/pdfs/ExportedFolderContents_1/1922/10 - October/X_T G MAYS 1_782037.pdf,1,1922,10 - October,early,1920s,location,location,not_found,"PLSS not found: missing section, township, range",done,,99,failed,not_found,,,,failed,exception,,done,,99,skipped,,,
X_T J CLARK HEIRS 1_920068,s3://osu-well-records-225989338968/pdfs/ExportedFolderContents_1/1922/10 - October/X_T J CLARK HEIRS 1_920068.pdf,1,1922,10 - October,early,1920s,location,location,not_found,"PLSS not found: missing section, township, range",done,,98,failed,not_found,,,,failed,exception,,failed,exception,,skipped,,,
X_UNKNOWN 1_1052122,s3://osu-well-records-225989338968/pdfs/ExportedFolderContents_1/1922/10 - October/X_UNKNOWN 1_1052122.pdf,1,1922,10 - October,early,1920s,location,location,not_found,"PLSS not found: missing section, township, range",done,,96,failed,not_found,,,,failed,exception,,failed,exception,,skipped,,,
X_UNKNOWN 1_2003003,s3://osu-well-records-225989338968/pdfs/ExportedFolderContents_1/1922/10 - October/X_UNKNOWN 1_2003003.pdf,1,1922,10 - October,early,1920s,location,location,not_found,"PLSS not found: missing section, township, range",done,,98,failed,not_found,,,,failed,keyword_not_found,,failed,exception,,skipped,,,
X_W. M. MILLER 5_2288045,s3://osu-well-records-225989338968/pdfs/ExportedFolderContents_1/1922/10 - October/X_W. M. MILLER 5_2288045.pdf,1,1922,10 - October,early,1920s,location,location,not_found,"PLSS not found: missing section, township, range",done,,100,failed,not_found,,,,failed,exception,,failed,exception,,skipped,,,
X_W.D. KNIGHT 4_2288115,s3://osu-well-records-225989338968/pdfs/ExportedFolderContents_1/1922/10 - October/X_W.D. KNIGHT 4_2288115.pdf,1,1922,10 - October,early,1920s,location,location,not_found,"PLSS not found: missing section, township, range",done,,100,failed,not_found,,,,failed,exception,,done,,100,skipped,,,
X_WITHERSPOON & PHELPS 1_588803,s3://osu-well-records-225989338968/pdfs/ExportedFolderContents_1/1922/10 - October/X_WITHERSPOON & PHELPS 1_588803.pdf,1,1922,10 - October,early,1920s,location,location,not_found,"PLSS not found: missing section, township, range",done,,100,failed,not_found,,,,failed,exception,,failed,exception,,skipped,,,
X_X_2288094,s3://osu-well-records-225989338968/pdfs/ExportedFolderContents_1/1922/10 - October/X_X_2288094.pdf,1,1922,10 - October,early,1920s,location,location,not_found,"PLSS not found: missing section, township, range",done,,99,failed,not_found,,,,failed,exception,,done,,99,skipped,,,
X_X_2363951,s3://osu-well-records-225989338968/pdfs/ExportedFolderContents_1/1922/10 - October/X_X_2363951.pdf,1,1922,10 - October,early,1920s,location,location,not_found,"PLSS not found: missing section, township, range",done,,92,failed,not_found,,,,failed,exception,,failed,exception,,skipped,,,
x_MONROE HARRIS 5_920098,s3://osu-well-records-225989338968/pdfs/ExportedFolderContents_1/1922/10 - October/x_MONROE HARRIS 5_920098.pdf,1,1922,10 - October,early,1920s,location,location,not_found,"PLSS not found: missing section, township, range",done,,98,failed,not_found,,,,failed,exception,,done,,99,skipped,,,
x_MONROE HARRIS 5_920100,s3://osu-well-records-225989338968/pdfs/ExportedFolderContents_1/1922/10 - October/x_MONROE HARRIS 5_920100.pdf,1,1922,10 - October,early,1920s,location,location,not_found,"PLSS not found: missing section, township, range",done,,99,failed,not_found,,,,failed,exception,,done,,99,skipped,,,
00000000_AARON GRAYSON 2_1052543,s3://osu-well-records-225989338968/pdfs/ExportedFolderContents_1/1922/11 - November/00000000_AARON GRAYSON 2_1052543.pdf,1,1922,11 - November,early,1920s,location,location,not_found,"PLSS not found: missing section, township, range",done,,100,failed,not_found,,,,failed,exception,,done,,98,skipped,,,
00000000_No Data_1052340,s3://osu-well-records-225989338968/pdfs/ExportedFolderContents_1/1922/11 - November/00000000_No Data_1052340.pdf,1,1922,11 - November,early,1920s,location,location,not_found,"PLSS not found: missing section, township, range",done,,94,failed,not_found,,,,failed,exception,,failed,exception,,skipped,,,
00000000_No Data_1052343,s3://osu-well-records-225989338968/pdfs/ExportedFolderContents_1/1922/11 - November/00000000_No Data_1052343.pdf,1,1922,11 - November,early,1920s,location,location,not_found,"PLSS not found: missing section, township, range",done,,100,failed,not_found,,,,failed,keyword_not_found,,failed,exception,,skipped,,,
00000000_No Data_1052347,s3://osu-well-records-225989338968/pdfs/ExportedFolderContents_1/1922/11 - November/00000000_No Data_1052347.pdf,1,1922,11 - November,early,1920s,location,location,not_found,"PLSS not found: missing section, township, range",done,,100,failed,not_found,,,,failed,keyword_not_found,,failed,exception,,skipped,,,
00000000_No Data_1052460,s3://osu-well-records-225989338968/pdfs/ExportedFolderContents_1/1922/11 - November/00000000_No Data_1052460.pdf,1,1922,11 - November,early,1920s,location,location,not_found,"PLSS not found: missing section, township, range",done,,100,failed,not_found,,,,failed,exception,,failed,exception,,skipped,,,
10303375_J.W. SEE 11_1539099,s3://osu-well-records-225989338968/pdfs/ExportedFolderContents_1/1922/11 - November/10303375_J.W. SEE 11_1539099.pdf,1,1922,11 - November,early,1920s,location,location,not_found,"PLSS not found: missing section, township, range",done,,99,failed,not_found,,,,failed,keyword_not_found,,done,,100,skipped,,,
10303387_S.L. 13 3_1539102,s3://osu-well-records-225989338968/pdfs/ExportedFolderContents_1/1922/11 - November/10303387_S.L. 13 3_1539102.pdf,1,1922,11 - November,early,1920s,location,location,not_found,"PLSS not found: missing section, township, range",done,,100,failed,not_found,,,,failed,exception,,failed,exception,,skipped,,,
10504024_BLUEJACKET-SHIRK 1_1414089,s3://osu-well-records-225989338968/pdfs/ExportedFolderContents_1/1922/11 - November/10504024_BLUEJACKET-SHIRK 1_1414089.pdf,1,1922,11 - November,early,1920s,location,location,not_found,"PLSS not found: missing section, township, range",done,,100,failed,not_found,,,,failed,exception,,done,,99,skipped,,,
10700943_GEORGE HARVISON 1_1052407,s3://osu-well-records-225989338968/pdfs/ExportedFolderContents_1/1922/11 - November/10700943_GEORGE HARVISON 1_1052407.pdf,1,1922,11 - November,early,1920s,location,location,not_found,"PLSS not found: missing section, township, range",done,,98,failed,not_found,,,,failed,exception,,failed,exception,,skipped,,,
10704292_WILLIAM RIPPETOE 7_1052644,s3://osu-well-records-225989338968/pdfs/ExportedFolderContents_1/1922/11 - November/10704292_WILLIAM RIPPETOE 7_1052644.pdf,1,1922,11 - November,early,1920s,location,location,not_found,"PLSS not found: missing section, township, range",done,,100,failed,not_found,,,,failed,exception,,failed,exception,,skipped,,,
10705224_A L STICKEL 1 _588829,s3://osu-well-records-225989338968/pdfs/ExportedFolderContents_1/1922/11 - November/10705224_A L STICKEL 1 _588829.pdf,1,1922,11 - November,early,1920s,location,location,not_found,"PLSS not found: missing section, township, range",done,,100,failed,not_found,,,,failed,exception,,failed,exception,,skipped,,,
10705224_A L STICKEL 1_1052350,s3://osu-well-records-225989338968/pdfs/ExportedFolderContents_1/1922/11 - November/10705224_A L STICKEL 1_1052350.pdf,1,1922,11 - November,early,1920s,location,location,not_found,"PLSS not found: missing section, township, range",done,,100,failed,not_found,,,,failed,exception,,failed,exception,,skipped,,,
11101991_GOODEN 1_1052492,s3://osu-well-records-225989338968/pdfs/ExportedFolderContents_1/1922/11 - November/11101991_GOODEN 1_1052492.pdf,1,1922,11 - November,early,1920s,location,location,not_found,"PLSS not found: missing section, township, range",done,,91,failed,not_found,,,,failed,exception,,done,,99,skipped,,,
11102329_A D KENNEDY 1_1052351,s3://osu-well-records-225989338968/pdfs/ExportedFolderContents_1/1922/11 - November/11102329_A D KENNEDY 1_1052351.pdf,1,1922,11 - November,early,1920s,location,location,not_found,"PLSS not found: missing section, township, range",done,,91,failed,not_found,,,,failed,exception,,failed,exception,,skipped,,,
11102631_CORBRAY 2_1052502,s3://osu-well-records-225989338968/pdfs/ExportedFolderContents_1/1922/11 - November/11102631_CORBRAY 2_1052502.pdf,1,1922,11 - November,early,1920s,location,location,not_found,"PLSS not found: missing section, township, range",done,,93,failed,not_found,,,,failed,exception,,failed,exception,,skipped,,,
11102638_SCHACHT 3_1052338,s3://osu-well-records-225989338968/pdfs/ExportedFolderContents_1/1922/11 - November/11102638_SCHACHT 3_1052338.pdf,1,1922,11 - November,early,1920s,location,location,not_found,"PLSS not found: missing section, township, range",done,,100,failed,not_found,,,,failed,exception,,done,,99,skipped,,,
11103076_COLBERT 4-80A_1052536,s3://osu-well-records-225989338968/pdfs/ExportedFolderContents_1/1922/11 - November/11103076_COLBERT 4-80A_1052536.pdf,1,1922,11 - November,early,1920s,location,location,not_found,"PLSS not found: missing section, township, range",done,,100,failed,not_found,,,,failed,keyword_not_found,,done,,99,skipped,,,
11104304_CUMSEY 6_1052428,s3://osu-well-records-225989338968/pdfs/ExportedFolderContents_1/1922/11 - November/11104304_CUMSEY 6_1052428.pdf,1,1922,11 - November,early,1920s,location,location,not_found,"PLSS not found: missing section, township, range",done,,100,failed,not_found,,,,failed,keyword_not_found,,failed,exception,,skipped,,,
11104742_RICHARD HILL 9_1052459,s3://osu-well-records-225989338968/pdfs/ExportedFolderContents_1/1922/11 - November/11104742_RICHARD HILL 9_1052459.pdf,1,1922,11 - November,early,1920s,location,location,not_found,"PLSS not found: missing section, township, range",done,,98,failed,not_found,,,,failed,keyword_not_found,,done,,99,skipped,,,
11104753_W P TABOR 2_1052500,s3://osu-well-records-225989338968/pdfs/ExportedFolderContents_1/1922/11 - November/11104753_W P TABOR 2_1052500.pdf,1,1922,11 - November,early,1920s,location,location,not_found,"PLSS not found: missing section, township, range",done,,96,failed,not_found,,,,failed,exception,,done,,90,skipped,,,
11106089_No Data_1052550,s3://osu-well-records-225989338968/pdfs/ExportedFolderContents_1/1922/11 - November/11106089_No Data_1052550.pdf,1,1922,11 - November,early,1920s,location,location,not_found,"PLSS not found: missing section, township, range",done,,100,failed,not_found,,,,failed,exception,,failed,exception,,skipped,,,
11106089_No Data_516369,s3://osu-well-records-225989338968/pdfs/ExportedFolderContents_1/1922/11 - November/11106089_No Data_516369.pdf,1,1922,11 - November,early,1920s,location,location,not_found,"PLSS not found: missing section, township, range",done,,100,failed,not_found,,,,failed,exception,,failed,exception,,skipped,,,
11106599_ADA MACKEY 8_1052534,s3://osu-well-records-225989338968/pdfs/ExportedFolderContents_1/1922/11 - November/11106599_ADA MACKEY 8_1052534.pdf,1,1922,11 - November,early,1920s,location,location,not_found,"PLSS not found: missing section, township, range",done,,100,failed,not_found,,,,failed,keyword_not_found,,done,,100,skipped,,,
11106862_BORCHES 3_1052566,s3://osu-well-records-225989338968/pdfs/ExportedFolderContents_1/1922/11 - November/11106862_BORCHES 3_1052566.pdf,1,1922,11 - November,early,1920s,location,location,not_found,"PLSS not found: missing section, township, range",done,,100,failed,not_found,,,,failed,keyword_not_found,,done,,94,skipped,,,
11107535_No Data_516359,s3://osu-well-records-225989338968/pdfs/ExportedFolderContents_1/1922/11 - November/11107535_No Data_516359.pdf,1,1922,11 - November,early,1920s,location,location,not_found,"PLSS not found: missing section, township, range",done,,100,failed,not_found,,,,failed,keyword_not_found,,done,,99,skipped,,,
11108180_NORA BROWN 1_516347,s3://osu-well-records-225989338968/pdfs/ExportedFolderContents_1/1922/11 - November/11108180_NORA BROWN 1_516347.pdf,1,1922,11 - November,early,1920s,location,location,not_found,"PLSS not found: missing section, township, range",done,,99,failed,not_found,,,,failed,exception,,failed,exception,,skipped,,,
11108382_HARRIS 1_1052594,s3://osu-well-records-225989338968/pdfs/ExportedFolderContents_1/1922/11 - November/11108382_HARRIS 1_1052594.pdf,1,1922,11 - November,early,1920s,location,location,not_found,"PLSS not found: missing section, township, range",done,,96,failed,not_found,,,,failed,keyword_not_found,,failed,exception,,skipped,,,
11109247_No Data_1052641,s3://osu-well-records-225989338968/pdfs/ExportedFolderContents_1/1922/11 - November/11109247_No Data_1052641.pdf,1,1922,11 - November,early,1920s,location,location,not_found,"PLSS not found: missing section, township, range",done,,100,failed,not_found,,,,failed,exception,,done,,97,skipped,,,
11109976_Whittaker 1_1052569,s3://osu-well-records-225989338968/pdfs/ExportedFolderContents_1/1922/11 - November/11109976_Whittaker 1_1052569.pdf,1,1922,11 - November,early,1920s,location,location,not_found,"PLSS not found: missing section, township, range",done,,98,failed,not_found,,,,failed,keyword_not_found,,done,,99,skipped,,,
11109982_NEWHOUSE 4_1052450,s3://osu-well-records-225989338968/pdfs/ExportedFolderContents_1/1922/11 - November/11109982_NEWHOUSE 4_1052450.pdf,1,1922,11 - November,early,1920s,location,location,not_found,"PLSS not found: missing section, township, range",done,,100,failed,not_found,,,,failed,keyword_not_found,,done,,98,skipped,,,
11110103_H LYTAL 2_1052564,s3://osu-well-records-225989338968/pdfs/ExportedFolderContents_1/1922/11 - November/11110103_H LYTAL 2_1052564.pdf,1,1922,11 - November,early,1920s,location,location,not_found,"PLSS not found: missing section, township, range",done,,100,failed,not_found,,,,failed,keyword_not_found,,failed,exception,,skipped,,,
11110232_JIM BUTLER 1_1364266,s3://osu-well-records-225989338968/pdfs/ExportedFolderContents_1/1922/11 - November/11110232_JIM BUTLER 1_1364266.pdf,1,1922,11 - November,early,1920s,location,location,not_found,"PLSS not found: missing section, township, range",done,,100,failed,not_found,,,,failed,exception,,done,,99,skipped,,,
11110459_JENNETTA JOHNSON 1_1052435,s3://osu-well-records-225989338968/pdfs/ExportedFolderContents_1/1922/11 - November/11110459_JENNETTA JOHNSON 1_1052435.pdf,1,1922,11 - November,early,1920s,location,location,not_found,"PLSS not found: missing section, township, range",done,,94,failed,not_found,,,,failed,keyword_not_found,,failed,exception,,skipped,,,
11111486_BRUNER 3_1364244,s3://osu-well-records-225989338968/pdfs/ExportedFolderContents_1/1922/11 - November/11111486_BRUNER 3_1364244.pdf,1,1922,11 - November,early,1920s,location,location,not_found,"PLSS not found: missing section, township, range",done,,92,failed,not_found,,,,failed,keyword_not_found,,done,,99,skipped,,,
11114218_SIBERTS 9_548523,s3://osu-well-records-225989338968/pdfs/ExportedFolderContents_1/1922/11 - November/11114218_SIBERTS 9_548523.pdf,1,1922,11 - November,early,1920s,location,location,not_found,"PLSS not found: missing section, township, range",done,,100,failed,not_found,,,,failed,keyword_not_found,,failed,exception,,skipped,,,
11701738_FEE 1_1052601,s3://osu-well-records-225989338968/pdfs/ExportedFolderContents_1/1922/11 - November/11701738_FEE 1_1052601.pdf,1,1922,11 - November,early,1920s,location,location,not_found,"PLSS not found: missing section, township, range",done,,100,failed,not_found,,,,failed,exception,,failed,exception,,skipped,,,
11702675_TERLTON TOWNSITE 1_1052595,s3://osu-well-records-225989338968/pdfs/ExportedFolderContents_1/1922/11 - November/11702675_TERLTON TOWNSITE 1_1052595.pdf,1,1922,11 - November,early,1920s,location,location,not_found,"PLSS not found: missing section, township, range",done,,98,failed,not_found,,,,failed,exception,,failed,exception,,skipped,,,
11702688_T. W. BEASLEY 7_1052545,s3://osu-well-records-225989338968/pdfs/ExportedFolderContents_1/1922/11 - November/11702688_T. W. BEASLEY 7_1052545.pdf,1,1922,11 - November,early,1920s,location,location,not_found,"PLSS not found: missing section, township, range",done,,97,failed,not_found,,,,failed,exception,,done,,92,skipped,,,
11702712_B A HARDY 1_1052432,s3://osu-well-records-225989338968/pdfs/ExportedFolderContents_1/1922/11 - November/11702712_B A HARDY 1_1052432.pdf,1,1922,11 - November,early,1920s,location,location,not_found,"PLSS not found: missing section, township, range",done,,100,failed,not_found,,,,failed,keyword_not_found,,done,,98,skipped,,,
11703007_HERRINGTON 1_1052567,s3://osu-well-records-225989338968/pdfs/ExportedFolderContents_1/1922/11 - November/11703007_HERRINGTON 1_1052567.pdf,1,1922,11 - November,early,1920s,location,location,not_found,"PLSS not found: missing section, township, range",done,,99,failed,not_found,,,,failed,keyword_not_found,,failed,exception,,skipped,,,
11703853_MILLER 2_1052592,s3://osu-well-records-225989338968/pdfs/ExportedFolderContents_1/1922/11 - November/11703853_MILLER 2_1052592.pdf,1,1922,11 - November,early,1920s,location,location,not_found,"PLSS not found: missing section, township, range",done,,99,failed,not_found,,,,failed,exception,,failed,exception,,skipped,,,
11704071_101 RANCH 1_1414036,s3://osu-well-records-225989338968/pdfs/ExportedFolderContents_1/1922/11 - November/11704071_101 RANCH 1_1414036.pdf,1,1922,11 - November,early,1920s,location,location,not_found,"PLSS not found: missing section, township, range",done,,100,failed,not_found,,,,failed,exception,,done,,100,skipped,,,
11902096_GARTMAN 1_1414094,s3://osu-well-records-225989338968/pdfs/ExportedFolderContents_1/1922/11 - November/11902096_GARTMAN 1_1414094.pdf,1,1922,11 - November,early,1920s,location,location,not_found,"PLSS not found: missing section, township, range",done,,99,failed,not_found,,,,failed,keyword_not_found,,failed,exception,,skipped,,,
11902380_COLINE 1-DD_1052553,s3://osu-well-records-225989338968/pdfs/ExportedFolderContents_1/1922/11 - November/11902380_COLINE 1-DD_1052553.pdf,1,1922,11 - November,early,1920s,location,location,not_found,"PLSS not found: missing section, township, range",done,,100,failed,not_found,,,,failed,keyword_not_found,,done,,99,skipped,,,
11902999_No Data_1052643,s3://osu-well-records-225989338968/pdfs/ExportedFolderContents_1/1922/11 - November/11902999_No Data_1052643.pdf,1,1922,11 - November,early,1920s,location,location,not_found,"PLSS not found: missing section, township, range",done,,94,failed,not_found,,,,failed,exception,,failed,exception,,skipped,,,
12300568_J W BALTHROP 1_588843,s3://osu-well-records-225989338968/pdfs/ExportedFolderContents_1/1922/11 - November/12300568_J W BALTHROP 1_588843.pdf,1,1922,11 - November,early,1920s,location,location,not_found,"PLSS not found: missing section, township, range",done,,96,failed,not_found,,,,failed,exception,,done,,98,skipped,,,
12305363_SMITH 1_588832,s3://osu-well-records-225989338968/pdfs/ExportedFolderContents_1/1922/11 - November/12305363_SMITH 1_588832.pdf,1,1922,11 - November,early,1920s,location,location,not_found,"PLSS not found: missing section, township, range",done,,100,failed,not_found,,,,failed,keyword_not_found,,done,,99,skipped,,,
13100643_SARAH EVERETT 5_1675907,s3://osu-well-records-225989338968/pdfs/ExportedFolderContents_1/1922/11 - November/13100643_SARAH EVERETT 5_1675907.pdf,1,1922,11 - November,early,1920s,location,location,not_found,"PLSS not found: missing section, township, range",done,,100,failed,not_found,,,,failed,exception,,failed,exception,,skipped,,,
13100774_L L LOUDERBACK 1_1364253,s3://osu-well-records-225989338968/pdfs/ExportedFolderContents_1/1922/11 - November/13100774_L L LOUDERBACK 1_1364253.pdf,1,1922,11 - November,early,1920s,location,location,not_found,"PLSS not found: missing section, township, range",done,,93,failed,not_found,,,,failed,keyword_not_found,,failed,exception,,skipped,,,
13100887_O P MURHPEY 1_1364243,s3://osu-well-records-225989338968/pdfs/ExportedFolderContents_1/1922/11 - November/13100887_O P MURHPEY 1_1364243.pdf,1,1922,11 - November,early,1920s,location,location,not_found,"PLSS not found: missing section, township, range",done,,87,failed,not_found,,,,failed,keyword_not_found,,done,,98,skipped,,,
13101013_C MAYES 3_1364255,s3://osu-well-records-225989338968/pdfs/ExportedFolderContents_1/1922/11 - November/13101013_C MAYES 3_1364255.pdf,1,1922,11 - November,early,1920s,location,location,not_found,"PLSS not found: missing section, township, range",done,,100,failed,not_found,,,,failed,exception,,done,,98,skipped,,,
13101017_P W HOLTZENDORF 1_1364233,s3://osu-well-records-225989338968/pdfs/ExportedFolderContents_1/1922/11 - November/13101017_P W HOLTZENDORF 1_1364233.pdf,1,1922,11 - November,early,1920s,location,location,not_found,"PLSS not found: missing section, township, range",done,,91,failed,not_found,,,,failed,exception,,done,,98,skipped,,,
13101018_P W HOLTZENDORF 2_1364254,s3://osu-well-records-225989338968/pdfs/ExportedFolderContents_1/1922/11 - November/13101018_P W HOLTZENDORF 2_1364254.pdf,1,1922,11 - November,early,1920s,location,location,not_found,"PLSS not found: missing section, township, range",done,,100,failed,not_found,,,,failed,exception,,done,,78,skipped,,,
13103287_SCRISTZE 1_1618138,s3://osu-well-records-225989338968/pdfs/ExportedFolderContents_1/1922/11 - November/13103287_SCRISTZE 1_1618138.pdf,1,1922,11 - November,early,1920s,location,location,not_found,"PLSS not found: missing section, township, range",done,,100,failed,not_found,,,,failed,keyword_not_found,,failed,exception,,skipped,,,
13300754_WILLIS 1_588833,s3://osu-well-records-225989338968/pdfs/ExportedFolderContents_1/1922/11 - November/13300754_WILLIS 1_588833.pdf,1,1922,11 - November,early,1920s,location,location,not_found,"PLSS not found: missing section, township, range",done,,100,failed,not_found,,,,failed,exception,,done,,99,skipped,,,
13309314_No Data_588827,s3://osu-well-records-225989338968/pdfs/ExportedFolderContents_1/1922/11 - November/13309314_No Data_588827.pdf,1,1922,11 - November,early,1920s,location,location,not_found,"PLSS not found: missing section, township, range",done,,100,failed,not_found,,,,failed,exception,,done,,99,skipped,,,
13701248_SELBY 28_923718,s3://osu-well-records-225989338968/pdfs/ExportedFolderContents_1/1922/11 - November/13701248_SELBY 28_923718.pdf,1,1922,11 - November,early,1920s,location,location,not_found,"PLSS not found: missing section, township, range",done,,93,failed,not_found,,,,failed,exception,,failed,exception,,skipped,,,
13701495_GOODWIN 1_920154,s3://osu-well-records-225989338968/pdfs/ExportedFolderContents_1/1922/11 - November/13701495_GOODWIN 1_920154.pdf,1,1922,11 - November,early,1920s,location,location,not_found,"PLSS not found: missing section, township, range",done,,97,failed,not_found,,,,failed,exception,,failed,exception,,skipped,,,
13701495_GOODWIN 1_920158,s3://osu-well-records-225989338968/pdfs/ExportedFolderContents_1/1922/11 - November/13701495_GOODWIN 1_920158.pdf,1,1922,11 - November,early,1920s,location,location,not_found,"PLSS not found: missing section, township, range",done,,100,failed,not_found,,,,failed,keyword_not_found,,failed,exception,,skipped,,,
13701710_WOOD 14_920208,s3://osu-well-records-225989338968/pdfs/ExportedFolderContents_1/1922/11 - November/13701710_WOOD 14_920208.pdf,1,1922,11 - November,early,1920s,location,location,not_found,"PLSS not found: missing section, township, range",done,,100,failed,not_found,,,,failed,exception,,done,,98,skipped,,,
13701710_WOOD 14_920210,s3://osu-well-records-225989338968/pdfs/ExportedFolderContents_1/1922/11 - November/13701710_WOOD 14_920210.pdf,1,1922,11 - November,early,1920s,location,location,not_found,"PLSS not found: missing section, township, range",done,,100,failed,not_found,,,,failed,exception,,done,,100,skipped,,,
13704106_WARDEN 113 (BEULAH A WARDEN C-2)_920126,s3://osu-well-records-225989338968/pdfs/ExportedFolderContents_1/1922/11 - November/13704106_WARDEN 113 (BEULAH A WARDEN C-2)_920126.pdf,1,1922,11 - November,early,1920s,location,location,not_found,"PLSS not found: missing section, township, range",done,,98,failed,not_found,,,,failed,keyword_not_found,,failed,exception,,skipped,,,
13709289_PAYNE 1_782060,s3://osu-well-records-225989338968/pdfs/ExportedFolderContents_1/1922/11 - November/13709289_PAYNE 1_782060.pdf,1,1922,11 - November,early,1920s,location,location,not_found,"PLSS not found: missing section, township, range",done,,100,failed,not_found,,,,failed,keyword_not_found,,failed,exception,,skipped,,,
13712242_TONEY-TURNER 3_920191,s3://osu-well-records-225989338968/pdfs/ExportedFolderContents_1/1922/11 - November/13712242_TONEY-TURNER 3_920191.pdf,1,1922,11 - November,early,1920s,location,location,not_found,"PLSS not found: missing section, township, range",done,,100,failed,not_found,,,,failed,exception,,done,,99,skipped,,,
13712361_GREEN 4_920130,s3://osu-well-records-225989338968/pdfs/ExportedFolderContents_1/1922/11 - November/13712361_GREEN 4_920130.pdf,1,1922,11 - November,early,1920s,location,location,not_found,"PLSS not found: missing section, township, range",done,,99,failed,not_found,,,,failed,exception,,done,,97,skipped,,,
13712361_GREEN 4_920131,s3://osu-well-records-225989338968/pdfs/ExportedFolderContents_1/1922/11 - November/13712361_GREEN 4_920131.pdf,1,1922,11 - November,early,1920s,location,location,not_found,"PLSS not found: missing section, township, range",done,,100,failed,not_found,,,,failed,exception,,failed,exception,,skipped,,,
13712362_GREEN 5_920194,s3://osu-well-records-225989338968/pdfs/ExportedFolderContents_1/1922/11 - November/13712362_GREEN 5_920194.pdf,1,1922,11 - November,early,1920s,location,location,not_found,"PLSS not found: missing section, township, range",done,,100,failed,not_found,,,,failed,exception,,done,,98,skipped,,,
13712362_GREEN 5_920199,s3://osu-well-records-225989338968/pdfs/ExportedFolderContents_1/1922/11 - November/13712362_GREEN 5_920199.pdf,1,1922,11 - November,early,1920s,location,location,not_found,"PLSS not found: missing section, township, range",done,,99,failed,not_found,,,,failed,exception,,done,,94,skipped,,,
13712389_GREEN 3_920185,s3://osu-well-records-225989338968/pdfs/ExportedFolderContents_1/1922/11 - November/13712389_GREEN 3_920185.pdf,1,1922,11 - November,early,1920s,location,location,not_found,"PLSS not found: missing section, township, range",done,,99,failed,not_found,,,,failed,exception,,done,,100,skipped,,,
13712389_GREEN 3_920186,s3://osu-well-records-225989338968/pdfs/ExportedFolderContents_1/1922/11 - November/13712389_GREEN 3_920186.pdf,1,1922,11 - November,early,1920s,location,location,not_found,"PLSS not found: missing section, township, range",done,,100,failed,not_found,,,,failed,keyword_not_found,,failed,exception,,skipped,,,
13712390_GREEN 4_920211,s3://osu-well-records-225989338968/pdfs/ExportedFolderContents_1/1922/11 - November/13712390_GREEN 4_920211.pdf,1,1922,11 - November,early,1920s,location,location,not_found,"PLSS not found: missing section, township, range",done,,99,failed,not_found,,,,failed,exception,,done,,99,skipped,,,
13712437_BEULAH A WARDEN C 2_920123,s3://osu-well-records-225989338968/pdfs/ExportedFolderContents_1/1922/11 - November/13712437_BEULAH A WARDEN C 2_920123.pdf,1,1922,11 - November,early,1920s,location,location,not_found,"PLSS not found: missing section, township, range",done,,100,failed,not_found,,,,failed,keyword_not_found,,done,,99,skipped,,,
13712497_J J MCCLANAHAN 1_920220,s3://osu-well-records-225989338968/pdfs/ExportedFolderContents_1/1922/11 - November/13712497_J J MCCLANAHAN 1_920220.pdf,1,1922,11 - November,early,1920s,location,location,not_found,"PLSS not found: missing section, township, range",done,,100,failed,not_found,,,,failed,exception,,failed,exception,,skipped,,,
13712553_MONROE HARRIS 6_920140,s3://osu-well-records-225989338968/pdfs/ExportedFolderContents_1/1922/11 - November/13712553_MONROE HARRIS 6_920140.pdf,1,1922,11 - November,early,1920s,location,location,not_found,"PLSS not found: missing section, township, range",done,,99,failed,not_found,,,,failed,exception,,done,,99,skipped,,,
13712553_MONROE HARRIS 6_920146,s3://osu-well-records-225989338968/pdfs/ExportedFolderContents_1/1922/11 - November/13712553_MONROE HARRIS 6_920146.pdf,1,1922,11 - November,early,1920s,location,location,not_found,"PLSS not found: missing section, township, range",done,,99,failed,not_found,,,,failed,keyword_not_found,,done,,98,skipped,,,
13712572_FRENSLEY 1_920141,s3://osu-well-records-225989338968/pdfs/ExportedFolderContents_1/1922/11 - November/13712572_FRENSLEY 1_920141.pdf,1,1922,11 - November,early,1920s,location,location,not_found,"PLSS not found: missing section, township, range",done,,100,failed,not_found,,,,failed,exception,,done,,99,skipped,,,
13712572_FRENSLEY 1_920142,s3://osu-well-records-225989338968/pdfs/ExportedFolderContents_1/1922/11 - November/13712572_FRENSLEY 1_920142.pdf,1,1922,11 - November,early,1920s,location,location,not_found,"PLSS not found: missing section, township, range",done,,99,failed,not_found,,,,failed,exception,,failed,exception,,skipped,,,
13712573_FRENSLEY 2_920169,s3://osu-well-records-225989338968/pdfs/ExportedFolderContents_1/1922/11 - November/13712573_FRENSLEY 2_920169.pdf,1,1922,11 - November,early,1920s,location,location,not_found,"PLSS not found: missing section, township, range",done,,99,failed,not_found,,,,failed,exception,,done,,98,skipped,,,
13712573_FRENSLEY 2_920170,s3://osu-well-records-225989338968/pdfs/ExportedFolderContents_1/1922/11 - November/13712573_FRENSLEY 2_920170.pdf,1,1922,11 - November,early,1920s,location,location,not_found,"PLSS not found: missing section, township, range",done,,93,failed,not_found,,,,failed,exception,,done,,99,skipped,,,
13712574_FRENSLEY 3_920192,s3://osu-well-records-225989338968/pdfs/ExportedFolderContents_1/1922/11 - November/13712574_FRENSLEY 3_920192.pdf,1,1922,11 - November,early,1920s,location,location,not_found,"PLSS not found: missing section, township, range",done,,100,failed,not_found,,,,failed,exception,,done,,98,skipped,,,
13712574_FRENSLEY 3_920193,s3://osu-well-records-225989338968/pdfs/ExportedFolderContents_1/1922/11 - November/13712574_FRENSLEY 3_920193.pdf,1,1922,11 - November,early,1920s,location,location,not_found,"PLSS not found: missing section, township, range",done,,99,failed,not_found,,,,failed,keyword_not_found,,failed,exception,,skipped,,,
13712575_FRENSLEY 4_920213,s3://osu-well-records-225989338968/pdfs/ExportedFolderContents_1/1922/11 - November/13712575_FRENSLEY 4_920213.pdf,1,1922,11 - November,early,1920s,location,location,not_found,"PLSS not found: missing section, township, range",done,,100,failed,not_found,,,,failed,keyword_not_found,,done,,99,skipped,,,
13712575_FRENSLEY 4_920215,s3://osu-well-records-225989338968/pdfs/ExportedFolderContents_1/1922/11 - November/13712575_FRENSLEY 4_920215.pdf,1,1922,11 - November,early,1920s,location,location,not_found,"PLSS not found: missing section, township, range",done,,98,failed,not_found,,,,failed,exception,,done,,97,skipped,,,
13712718_BRITTAIN 7_920162,s3://osu-well-records-225989338968/pdfs/ExportedFolderContents_1/1922/11 - November/13712718_BRITTAIN 7_920162.pdf,1,1922,11 - November,early,1920s,location,location,not_found,"PLSS not found: missing section, township, range",done,,99,failed,not_found,,,,failed,keyword_not_found,,done,,99,skipped,,,
13713327_COX 2_920160,s3://osu-well-records-225989338968/pdfs/ExportedFolderContents_1/1922/11 - November/13713327_COX 2_920160.pdf,1,1922,11 - November,early,1920s,location,location,not_found,"PLSS not found: missing section, township, range",done,,100,failed,not_found,,,,failed,exception,,done,,99,skipped,,,
13714027_FRENSLEY 8_920133,s3://osu-well-records-225989338968/pdfs/ExportedFolderContents_1/1922/11 - November/13714027_FRENSLEY 8_920133.pdf,1,1922,11 - November,early,1920s,location,location,not_found,"PLSS not found: missing section, township, range",done,,100,failed,not_found,,,,failed,keyword_not_found,,done,,99,skipped,,,
13714027_FRENSLEY 8_920134,s3://osu-well-records-225989338968/pdfs/ExportedFolderContents_1/1922/11 - November/13714027_FRENSLEY 8_920134.pdf,1,1922,11 - November,early,1920s,location,location,not_found,"PLSS not found: missing section, township, range",done,,99,failed,not_found,,,,failed,keyword_not_found,,done,,99,skipped,,,
13714028_FRENSLEY 9_920179,s3://osu-well-records-225989338968/pdfs/ExportedFolderContents_1/1922/11 - November/13714028_FRENSLEY 9_920179.pdf,1,1922,11 - November,early,1920s,location,location,not_found,"PLSS not found: missing section, township, range",done,,99,failed,not_found,,,,failed,exception,,done,,99,skipped,,,
13714028_FRENSLEY 9_920180,s3://osu-well-records-225989338968/pdfs/ExportedFolderContents_1/1922/11 - November/13714028_FRENSLEY 9_920180.pdf,1,1922,11 - November,early,1920s,location,location,not_found,"PLSS not found: missing section, township, range",done,,99,failed,not_found,,,,failed,keyword_not_found,,done,,99,skipped,,,
14102155_D W GISH 1_1027469,s3://osu-well-records-225989338968/pdfs/ExportedFolderContents_1/1922/11 - November/14102155_D W GISH 1_1027469.pdf,1,1922,11 - November,early,1920s,location,location,not_found,"PLSS not found: missing section, township, range",done,,99,failed,not_found,,,,failed,exception,,failed,exception,,skipped,,,
14300981_FLIPPING 9_1052414,s3://osu-well-records-225989338968/pdfs/ExportedFolderContents_1/1922/11 - November/14300981_FLIPPING 9_1052414.pdf,1,1922,11 - November,early,1920s,location,location,not_found,"PLSS not found: missing section, township, range",done,,99,failed,not_found,,,,failed,keyword_not_found,,done,,97,skipped,,,
14301103_STANFORD BERRYHILL 5_516360,s3://osu-well-records-225989338968/pdfs/ExportedFolderContents_1/1922/11 - November/14301103_STANFORD BERRYHILL 5_516360.pdf,1,1922,11 - November,early,1920s,location,location,not_found,"PLSS not found: missing section, township, range",done,,100,failed,not_found,,,,failed,keyword_not_found,,failed,exception,,skipped,,,
14303520_D W CUMMINGS 1_1052453,s3://osu-well-records-225989338968/pdfs/ExportedFolderContents_1/1922/11 - November/14303520_D W CUMMINGS 1_1052453.pdf,1,1922,11 - November,early,1920s,location,location,not_found,"PLSS not found: missing section, township, range",done,,100,failed,not_found,,,,failed,exception,,done,,98,skipped,,,
14303838_VERA CLINTON 1_1052437,s3://osu-well-records-225989338968/pdfs/ExportedFolderContents_1/1922/11 - November/14303838_VERA CLINTON 1_1052437.pdf,1,1922,11 - November,early,1920s,location,location,not_found,"PLSS not found: missing section, township, range",done,,100,failed,not_found,,,,failed,exception,,done,,91,skipped,,,
14304385_CATO 2_1052555,s3://osu-well-records-225989338968/pdfs/ExportedFolderContents_1/1922/11 - November/14304385_CATO 2_1052555.pdf,1,1922,11 - November,early,1920s,location,location,not_found,"PLSS not found: missing section, township, range",done,,99,failed,not_found,,,,failed,exception,,done,,99,skipped,,,
14304399_PERRYMAN 4_1052579,s3://osu-well-records-225989338968/pdfs/ExportedFolderContents_1/1922/11 - November/14304399_PERRYMAN 4_1052579.pdf,1,1922,11 - November,early,1920s,location,location,not_found,"PLSS not found: missing section, township, range",done,,100,failed,not_found,,,,failed,exception,,done,,99,skipped,,,
14304517_BUKEY 1_1052585,s3://osu-well-records-225989338968/pdfs/ExportedFolderContents_1/1922/11 - November/14304517_BUKEY 1_1052585.pdf,1,1922,11 - November,early,1920s,location,location,not_found,"PLSS not found: missing section, township, range",done,,100,failed,not_found,,,,failed,keyword_not_found,,failed,exception,,skipped,,,
14304683_BEYL 1_1052381,s3://osu-well-records-225989338968/pdfs/ExportedFolderContents_1/1922/11 - November/14304683_BEYL 1_1052381.pdf,1,1922,11 - November,early,1920s,location,location,not_found,"PLSS not found: missing section, township, range",done,,100,failed,not_found,,,,failed,keyword_not_found,,done,,99,skipped,,,
14305415_W M JOHNSON 12_1414019,s3://osu-well-records-225989338968/pdfs/ExportedFolderContents_1/1922/11 - November/14305415_W M JOHNSON 12_1414019.pdf,1,1922,11 - November,early,1920s,location,location,not_found,"PLSS not found: missing section, township, range",done,,99,failed,not_found,,,,failed,keyword_not_found,,done,,100,skipped,,,
14305434_WILLIAM ELLIS 13_1414076,s3://osu-well-records-225989338968/pdfs/ExportedFolderContents_1/1922/11 - November/14305434_WILLIAM ELLIS 13_1414076.pdf,1,1922,11 - November,early,1920s,location,location,not_found,"PLSS not found: missing section, township, range",done,,93,failed,not_found,,,,failed,exception,,failed,exception,,skipped,,,
14305435_WILLIAM ELLIS 14_1414075,s3://osu-well-records-225989338968/pdfs/ExportedFolderContents_1/1922/11 - November/14305435_WILLIAM ELLIS 14_1414075.pdf,1,1922,11 - November,early,1920s,location,location,not_found,"PLSS not found: missing section, township, range",done,,94,failed,not_found,,,,failed,exception,,failed,exception,,skipped,,,
14501874_LUTHER TUCKER 1_1364259,s3://osu-well-records-225989338968/pdfs/ExportedFolderContents_1/1922/11 - November/14501874_LUTHER TUCKER 1_1364259.pdf,1,1922,11 - November,early,1920s,location,location,not_found,"PLSS not found: missing section, township, range",done,,99,failed,not_found,,,,failed,exception,,done,,100,skipped,,,
14502589_MARIAH TAYLOR 5_1364240,s3://osu-well-records-225989338968/pdfs/ExportedFolderContents_1/1922/11 - November/14502589_MARIAH TAYLOR 5_1364240.pdf,1,1922,11 - November,early,1920s,location,location,not_found,"PLSS not found: missing section, township, range",done,,99,failed,not_found,,,,failed,keyword_not_found,,done,,99,skipped,,,
14502614_ATWOOD 1_1364257,s3://osu-well-records-225989338968/pdfs/ExportedFolderContents_1/1922/11 - November/14502614_ATWOOD 1_1364257.pdf,1,1922,11 - November,early,1920s,location,location,not_found,"PLSS not found: missing section, township, range",done,,99,failed,not_found,,,,failed,exception,,done,,98,skipped,,,
14700467_ABBOT 1_1414032,s3://osu-well-records-225989338968/pdfs/ExportedFolderContents_1/1922/11 - November/14700467_ABBOT 1_1414032.pdf,1,1922,11 - November,early,1920s,location,location,not_found,"PLSS not found: missing section, township, range",done,,94,failed,not_found,,,,failed,exception,,done,,99,skipped,,,
14702408_WINN 20B_516372,s3://osu-well-records-225989338968/pdfs/ExportedFolderContents_1/1922/11 - November/14702408_WINN 20B_516372.pdf,1,1922,11 - November,early,1920s,location,location,not_found,"PLSS not found: missing section, township, range",done,,100,failed,not_found,,,,failed,keyword_not_found,,failed,exception,,skipped,,,
14703129_ELLA COLEMAN 4_1413988,s3://osu-well-records-225989338968/pdfs/ExportedFolderContents_1/1922/11 - November/14703129_ELLA COLEMAN 4_1413988.pdf,1,1922,11 - November,early,1920s,location,location,not_found,"PLSS not found: missing section, township, range",done,,98,failed,not_found,,,,failed,keyword_not_found,,done,,99,skipped,,,
14703675_O M STOKES 5_1518160,s3://osu-well-records-225989338968/pdfs/ExportedFolderContents_1/1922/11 - November/14703675_O M STOKES 5_1518160.pdf,1,1922,11 - November,early,1920s,location,location,not_found,"PLSS not found: missing section, township, range",done,,91,failed,not_found,,,,failed,exception,,done,,99,skipped,,,
14706357_C GRIGGS 4_1414034,s3://osu-well-records-225989338968/pdfs/ExportedFolderContents_1/1922/11 - November/14706357_C GRIGGS 4_1414034.pdf,1,1922,11 - November,early,1920s,location,location,not_found,"PLSS not found: missing section, township, range",done,,87,failed,not_found,,,,failed,keyword_not_found,,done,,99,skipped,,,
14707708_RT RATCLIFF 1_1414009,s3://osu-well-records-225989338968/pdfs/ExportedFolderContents_1/1922/11 - November/14707708_RT RATCLIFF 1_1414009.pdf,1,1922,11 - November,early,1920s,location,location,not_found,"PLSS not found: missing section, township, range",done,,100,failed,not_found,,,,failed,keyword_not_found,,failed,exception,,skipped,,,
14707752_EDENS 2_1413997,s3://osu-well-records-225989338968/pdfs/ExportedFolderContents_1/1922/11 - November/14707752_EDENS 2_1413997.pdf,1,1922,11 - November,early,1920s,location,location,not_found,"PLSS not found: missing section, township, range",done,,98,failed,not_found,,,,failed,exception,,done,,97,skipped,,,
35019118550000_WESTHEIMER A 11-A_1696338,s3://osu-well-records-225989338968/pdfs/ExportedFolderContents_1/1922/11 - November/35019118550000_WESTHEIMER A 11-A_1696338.pdf,1,1922,11 - November,early,1920s,location,location,not_found,"PLSS not found: missing section, township, range",done,,100,failed,not_found,,,,failed,keyword_not_found,,failed,exception,,skipped,,,
35019118640000_DENNY B 10_1696298,s3://osu-well-records-225989338968/pdfs/ExportedFolderContents_1/1922/11 - November/35019118640000_DENNY B 10_1696298.pdf,1,1922,11 - November,early,1920s,location,location,not_found,"PLSS not found: missing section, township, range",done,,99,failed,not_found,,,,failed,keyword_not_found,,done,,98,skipped,,,
35019760630000_W CARNEY 13B_1696306,s3://osu-well-records-225989338968/pdfs/ExportedFolderContents_1/1922/11 - November/35019760630000_W CARNEY 13B_1696306.pdf,1,1922,11 - November,early,1920s,location,location,not_found,"PLSS not found: missing section, township, range",done,,100,failed,not_found,,,,failed,exception,,done,,99,skipped,,,
35019761270000_E STECHI 10_1696325,s3://osu-well-records-225989338968/pdfs/ExportedFolderContents_1/1922/11 - November/35019761270000_E STECHI 10_1696325.pdf,1,1922,11 - November,early,1920s,location,location,not_found,"PLSS not found: missing section, township, range",done,,94,failed,not_found,,,,failed,exception,,done,,97,skipped,,,
35035001470000_LAFORCE S 1_2364046,s3://osu-well-records-225989338968/pdfs/ExportedFolderContents_1/1922/11 - November/35035001470000_LAFORCE S 1_2364046.pdf,1,1922,11 - November,early,1920s,location,location,not_found,"PLSS not found: missing section, township, range",done,,100,failed,not_found,,,,failed,keyword_not_found,,failed,exception,,skipped,,,
35037031040000_CLARK JOHN 2_2003474,s3://osu-well-records-225989338968/pdfs/ExportedFolderContents_1/1922/11 - November/35037031040000_CLARK JOHN 2_2003474.pdf,1,1922,11 - November,early,1920s,location,location,not_found,"PLSS not found: missing section, township, range",done,,100,failed,not_found,,,,failed,exception,,failed,exception,,skipped,,,
35037031300000_JOHNSON LYDIA_2003520,s3://osu-well-records-225989338968/pdfs/ExportedFolderContents_1/1922/11 - November/35037031300000_JOHNSON LYDIA_2003520.pdf,1,1922,11 - November,early,1920s,location,location,not_found,"PLSS not found: missing section, township, range",done,,100,failed,not_found,,,,failed,keyword_not_found,,failed,exception,,skipped,,,
35037033330000_BEAVER TURNER 1_2003344,s3://osu-well-records-225989338968/pdfs/ExportedFolderContents_1/1922/11 - November/35037033330000_BEAVER TURNER 1_2003344.pdf,1,1922,11 - November,early,1920s,location,location,not_found,"PLSS not found: missing section, township, range",done,,92,failed,not_found,,,,failed,exception,,failed,exception,,skipped,,,
35037033360000_SARWANOKE 1_2003427,s3://osu-well-records-225989338968/pdfs/ExportedFolderContents_1/1922/11 - November/35037033360000_SARWANOKE 1_2003427.pdf,1,1922,11 - November,early,1920s,location,location,not_found,"PLSS not found: missing section, township, range",done,,100,failed,not_found,,,,failed,exception,,failed,exception,,skipped,,,
35037052930000_DAVIS JACKSON 1_2003364,s3://osu-well-records-225989338968/pdfs/ExportedFolderContents_1/1922/11 - November/35037052930000_DAVIS JACKSON 1_2003364.pdf,1,1922,11 - November,early,1920s,location,location,not_found,"PLSS not found: missing section, township, range",done,,100,failed,not_found,,,,failed,keyword_not_found,,done,,99,skipped,,,
35037067190000_DAVIS WILLIAMS 6_2003418,s3://osu-well-records-225989338968/pdfs/ExportedFolderContents_1/1922/11 - November/35037067190000_DAVIS WILLIAMS 6_2003418.pdf,1,1922,11 - November,early,1920s,location,location,not_found,"PLSS not found: missing section, township, range",done,,100,failed,not_found,,,,failed,keyword_not_found,,done,,98,skipped,,,
35037068530000_SELF 1_2003248,s3://osu-well-records-225989338968/pdfs/ExportedFolderContents_1/1922/11 - November/35037068530000_SELF 1_2003248.pdf,1,1922,11 - November,early,1920s,location,location,not_found,"PLSS not found: missing section, township, range",done,,96,failed,not_found,,,,failed,exception,,failed,exception,,skipped,,,
35037069460000_HAMILTON_2003502,s3://osu-well-records-225989338968/pdfs/ExportedFolderContents_1/1922/11 - November/35037069460000_HAMILTON_2003502.pdf,1,1922,11 - November,early,1920s,location,location,not_found,"PLSS not found: missing section, township, range",done,,100,failed,not_found,,,,failed,exception,,failed,exception,,skipped,,,
35037069480000_ESCOE_2003385,s3://osu-well-records-225989338968/pdfs/ExportedFolderContents_1/1922/11 - November/35037069480000_ESCOE_2003385.pdf,1,1922,11 - November,early,1920s,location,location,not_found,"PLSS not found: missing section, township, range",done,,100,failed,not_found,,,,failed,exception,,failed,exception,,skipped,,,
35037069700000_WEST NORA 4_2003278,s3://osu-well-records-225989338968/pdfs/ExportedFolderContents_1/1922/11 - November/35037069700000_WEST NORA 4_2003278.pdf,1,1922,11 - November,early,1920s,location,location,not_found,"PLSS not found: missing section, township, range",done,,100,failed,not_found,,,,failed,exception,,failed,exception,,skipped,,,
35137133760000_W M ELMORE 8 DD_1696293,s3://osu-well-records-225989338968/pdfs/ExportedFolderContents_1/1922/11 - November/35137133760000_W M ELMORE 8 DD_1696293.pdf,1,1922,11 - November,early,1920s,location,location,not_found,"PLSS not found: missing section, township, range",done,,93,failed,not_found,,,,failed,exception,,failed,exception,,skipped,,,
35137760360000_STEIFEL 4_1696312,s3://osu-well-records-225989338968/pdfs/ExportedFolderContents_1/1922/11 - November/35137760360000_STEIFEL 4_1696312.pdf,1,1922,11 - November,early,1920s,location,location,not_found,"PLSS not found: missing section, township, range",done,,99,failed,not_found,,,,failed,keyword_not_found,,done,,98,skipped,,,
35137760360000_STEIFEL 4_1696316,s3://osu-well-records-225989338968/pdfs/ExportedFolderContents_1/1922/11 - November/35137760360000_STEIFEL 4_1696316.pdf,1,1922,11 - November,early,1920s,location,location,not_found,"PLSS not found: missing section, township, range",done,,100,failed,not_found,,,,failed,keyword_not_found,,failed,exception,,skipped,,,
3514034100000_EARP 1_2288171,s3://osu-well-records-225989338968/pdfs/ExportedFolderContents_1/1922/11 - November/3514034100000_EARP 1_2288171.pdf,1,1922,11 - November,early,1920s,location,location,not_found,"PLSS not found: missing section, township, range",done,,99,failed,not_found,,,,failed,keyword_not_found,,done,,99,skipped,,,
35143035780000_C BELL 2_2003511,s3://osu-well-records-225989338968/pdfs/ExportedFolderContents_1/1922/11 - November/35143035780000_C BELL 2_2003511.pdf,1,1922,11 - November,early,1920s,location,location,not_found,"PLSS not found: missing section, township, range",done,,100,failed,not_found,,,,failed,exception,,done,,94,skipped,,,
35143035780000_C BELL 2_2003517,s3://osu-well-records-225989338968/pdfs/ExportedFolderContents_1/1922/11 - November/35143035780000_C BELL 2_2003517.pdf,1,1922,11 - November,early,1920s,location,location,not_found,"PLSS not found: missing section, township, range",done,,99,failed,not_found,,,,failed,exception,,done,,98,skipped,,,
35143041170000_MCKEE 2_2003271,s3://osu-well-records-225989338968/pdfs/ExportedFolderContents_1/1922/11 - November/35143041170000_MCKEE 2_2003271.pdf,1,1922,11 - November,early,1920s,location,location,not_found,"PLSS not found: missing section, township, range",done,,97,failed,not_found,,,,failed,keyword_not_found,,done,,100,skipped,,,
35143041350000_ROGERS ROBERT 2_2003349,s3://osu-well-records-225989338968/pdfs/ExportedFolderContents_1/1922/11 - November/35143041350000_ROGERS ROBERT 2_2003349.pdf,1,1922,11 - November,early,1920s,location,location,not_found,"PLSS not found: missing section, township, range",done,,100,failed,not_found,,,,failed,exception,,done,,100,skipped,,,
35143065730000_NICHOLS_2288217,s3://osu-well-records-225989338968/pdfs/ExportedFolderContents_1/1922/11 - November/35143065730000_NICHOLS_2288217.pdf,1,1922,11 - November,early,1920s,location,location,not_found,"PLSS not found: missing section, township, range",done,,100,failed,not_found,,,,failed,exception,,done,,99,skipped,,,
35147003630000_MCCREARY 1_2288142,s3://osu-well-records-225989338968/pdfs/ExportedFolderContents_1/1922/11 - November/35147003630000_MCCREARY 1_2288142.pdf,1,1922,11 - November,early,1920s,location,location,not_found,"PLSS not found: missing section, township, range",done,,99,failed,not_found,,,,failed,keyword_not_found,,failed,exception,,skipped,,,
35147034100000_EARP 1_2288170,s3://osu-well-records-225989338968/pdfs/ExportedFolderContents_1/1922/11 - November/35147034100000_EARP 1_2288170.pdf,1,1922,11 - November,early,1920s,location,location,not_found,"PLSS not found: missing section, township, range",done,,99,failed,not_found,,,,failed,keyword_not_found,,done,,99,skipped,,,
35147048490000_FEE 9_1384694,s3://osu-well-records-225989338968/pdfs/ExportedFolderContents_1/1922/11 - November/35147048490000_FEE 9_1384694.pdf,1,1922,11 - November,early,1920s,location,location,not_found,"PLSS not found: missing section, township, range",done,,92,failed,not_found,,,,failed,keyword_not_found,,done,,98,skipped,,,
35147048490000_FEE 9_2288244,s3://osu-well-records-225989338968/pdfs/ExportedFolderContents_1/1922/11 - November/35147048490000_FEE 9_2288244.pdf,1,1922,11 - November,early,1920s,location,location,not_found,"PLSS not found: missing section, township, range",done,,99,failed,not_found,,,,failed,exception,,done,,98,skipped,,,
35147048490000_FEE 9_2288245,s3://osu-well-records-225989338968/pdfs/ExportedFolderContents_1/1922/11 - November/35147048490000_FEE 9_2288245.pdf,1,1922,11 - November,early,1920s,location,location,not_found,"PLSS not found: missing section, township, range",done,,99,failed,not_found,,,,failed,exception,,done,,98,skipped,,,
35147075760000_BOREN J M_2288140,s3://osu-well-records-225989338968/pdfs/ExportedFolderContents_1/1922/11 - November/35147075760000_BOREN J M_2288140.pdf,1,1922,11 - November,early,1920s,location,location,not_found,"PLSS not found: missing section, township, range",done,,100,failed,not_found,,,,failed,keyword_not_found,,failed,exception,,skipped,,,
CREEK_MCINTOSH 5_2003515,s3://osu-well-records-225989338968/pdfs/ExportedFolderContents_1/1922/11 - November/CREEK_MCINTOSH 5_2003515.pdf,1,1922,11 - November,early,1920s,location,location,not_found,"PLSS not found: missing section, township, range",done,,100,failed,not_found,,,,failed,exception,,failed,exception,,skipped,,,
OSAGE_J.A. MOORE SW 1_4 7_2288164,s3://osu-well-records-225989338968/pdfs/ExportedFolderContents_1/1922/11 - November/OSAGE_J.A. MOORE SW 1_4 7_2288164.pdf,1,1922,11 - November,early,1920s,location,location,not_found,"PLSS not found: missing section, township, range",done,,95,failed,not_found,,,,failed,exception,,failed,exception,,skipped,,,
OSAGE_L V HICKMAN 17_2288157,s3://osu-well-records-225989338968/pdfs/ExportedFolderContents_1/1922/11 - November/OSAGE_L V HICKMAN 17_2288157.pdf,1,1922,11 - November,early,1920s,location,location,not_found,"PLSS not found: missing section, township, range",done,,100,failed,not_found,,,,failed,keyword_not_found,,done,,100,skipped,,,
OSAGE_No Data_2288213,s3://osu-well-records-225989338968/pdfs/ExportedFolderContents_1/1922/11 - November/OSAGE_No Data_2288213.pdf,1,1922,11 - November,early,1920s,location,location,not_found,"PLSS not found: missing section, township, range",done,,98,failed,not_found,,,,failed,exception,,failed,exception,,skipped,,,
OSAGE_OSAGE NW 1_4 4_2288194,s3://osu-well-records-225989338968/pdfs/ExportedFolderContents_1/1922/11 - November/OSAGE_OSAGE NW 1_4 4_2288194.pdf,1,1922,11 - November,early,1920s,location,location,not_found,"PLSS not found: missing section, township, range",done,,99,failed,not_found,,,,failed,keyword_not_found,,done,,98,skipped,,,
OSAGE_R PRICE 1_2288185,s3://osu-well-records-225989338968/pdfs/ExportedFolderContents_1/1922/11 - November/OSAGE_R PRICE 1_2288185.pdf,1,1922,11 - November,early,1920s,location,location,not_found,"PLSS not found: missing section, township, range",done,,100,failed,not_found,,,,failed,exception,,failed,exception,,skipped,,,
OSAGE_R PRICE 2_2288222,s3://osu-well-records-225989338968/pdfs/ExportedFolderContents_1/1922/11 - November/OSAGE_R PRICE 2_2288222.pdf,1,1922,11 - November,early,1920s,location,location,not_found,"PLSS not found: missing section, township, range",done,,100,failed,not_found,,,,failed,exception,,failed,exception,,skipped,,,
X_AARON GRAYSON 2_2003433,s3://osu-well-records-225989338968/pdfs/ExportedFolderContents_1/1922/11 - November/X_AARON GRAYSON 2_2003433.pdf,1,1922,11 - November,early,1920s,location,location,not_found,"PLSS not found: missing section, township, range",done,,100,failed,not_found,,,,failed,exception,,done,,98,skipped,,,
X_BRUNER 1_1495827,s3://osu-well-records-225989338968/pdfs/ExportedFolderContents_1/1922/11 - November/X_BRUNER 1_1495827.pdf,1,1922,11 - November,early,1920s,location,location,not_found,"PLSS not found: missing section, township, range",done,,100,failed,not_found,,,,failed,exception,,done,,99,skipped,,,
X_BRUNER 1_2003473,s3://osu-well-records-225989338968/pdfs/ExportedFolderContents_1/1922/11 - November/X_BRUNER 1_2003473.pdf,1,1922,11 - November,early,1920s,location,location,not_found,"PLSS not found: missing section, township, range",done,,100,failed,not_found,,,,failed,exception,,done,,99,skipped,,,
X_CHITTAM 2_2003268,s3://osu-well-records-225989338968/pdfs/ExportedFolderContents_1/1922/11 - November/X_CHITTAM 2_2003268.pdf,1,1922,11 - November,early,1920s,location,location,not_found,"PLSS not found: missing section, township, range",done,,86,failed,not_found,,,,failed,keyword_not_found,,failed,exception,,skipped,,,
X_COX 3_920203,s3://osu-well-records-225989338968/pdfs/ExportedFolderContents_1/1922/11 - November/X_COX 3_920203.pdf,1,1922,11 - November,early,1920s,location,location,not_found,"PLSS not found: missing section, township, range",done,,86,failed,not_found,,,,failed,exception,,failed,exception,,skipped,,,
X_D SEWELL 2_2003414,s3://osu-well-records-225989338968/pdfs/ExportedFolderContents_1/1922/11 - November/X_D SEWELL 2_2003414.pdf,1,1922,11 - November,early,1920s,location,location,not_found,"PLSS not found: missing section, township, range",done,not_detected,99,failed,not_found,,,,failed,exception,,skipped,,,skipped,,,
X_E J STROMAN __920174,s3://osu-well-records-225989338968/pdfs/ExportedFolderContents_1/1922/11 - November/X_E J STROMAN __920174.pdf,1,1922,11 - November,early,1920s,location,location,not_found,"PLSS not found: missing section, township, range",done,,100,failed,not_found,,,,failed,exception,,failed,exception,,skipped,,,
X_ENDICOTT 3-B_1539103,s3://osu-well-records-225989338968/pdfs/ExportedFolderContents_1/1922/11 - November/X_ENDICOTT 3-B_1539103.pdf,1,1922,11 - November,early,1920s,location,location,not_found,"PLSS not found: missing section, township, range",done,,100,failed,not_found,,,,failed,exception,,failed,exception,,skipped,,,
X_FLORENCE HICKMAN 9_2288145,s3://osu-well-records-225989338968/pdfs/ExportedFolderContents_1/1922/11 - November/X_FLORENCE HICKMAN 9_2288145.pdf,1,1922,11 - November,early,1920s,location,location,not_found,"PLSS not found: missing section, township, range",done,,100,failed,not_found,,,,failed,keyword_not_found,,done,,100,skipped,,,
X_FLOYD MCCAUGHTRY 2_782045,s3://osu-well-records-225989338968/pdfs/ExportedFolderContents_1/1922/11 - November/X_FLOYD MCCAUGHTRY 2_782045.pdf,1,1922,11 - November,early,1920s,location,location,not_found,"PLSS not found: missing section, township, range",done,,98,failed,not_found,,,,failed,exception,,done,,99,skipped,,,
X_G W BOLTON 1_782050,s3://osu-well-records-225989338968/pdfs/ExportedFolderContents_1/1922/11 - November/X_G W BOLTON 1_782050.pdf,1,1922,11 - November,early,1920s,location,location,not_found,"PLSS not found: missing section, township, range",done,,100,failed,not_found,,,,failed,keyword_not_found,,done,,99,skipped,,,
X_GORDON 1_2363997,s3://osu-well-records-225989338968/pdfs/ExportedFolderContents_1/1922/11 - November/X_GORDON 1_2363997.pdf,1,1922,11 - November,early,1920s,location,location,not_found,"PLSS not found: missing section, township, range",done,,100,failed,not_found,,,,failed,exception,,done,,98,skipped,,,
X_HEIM 4_1539093,s3://osu-well-records-225989338968/pdfs/ExportedFolderContents_1/1922/11 - November/X_HEIM 4_1539093.pdf,1,1922,11 - November,early,1920s,location,location,not_found,"PLSS not found: missing section, township, range",done,,100,failed,not_found,,,,failed,exception,,done,,99,skipped,,,
X_HOBS O H 1_2464380,s3://osu-well-records-225989338968/pdfs/ExportedFolderContents_1/1922/11 - November/X_HOBS O H 1_2464380.pdf,1,1922,11 - November,early,1920s,location,location,not_found,"PLSS not found: missing section, township, range",done,,98,failed,not_found,,,,failed,exception,,failed,exception,,skipped,,,
X_J J PAGE_2003262,s3://osu-well-records-225989338968/pdfs/ExportedFolderContents_1/1922/11 - November/X_J J PAGE_2003262.pdf,1,1922,11 - November,early,1920s,location,location,not_found,"PLSS not found: missing section, township, range",done,,100,failed,not_found,,,,failed,keyword_not_found,,done,,88,skipped,,,
X_J J PAGE_2003263,s3://osu-well-records-225989338968/pdfs/ExportedFolderContents_1/1922/11 - November/X_J J PAGE_2003263.pdf,1,1922,11 - November,early,1920s,location,location,not_found,"PLSS not found: missing section, township, range",done,,100,failed,not_found,,,,failed,keyword_not_found,,done,,88,skipped,,,
X_J J PAGE_2003281,s3://osu-well-records-225989338968/pdfs/ExportedFolderContents_1/1922/11 - November/X_J J PAGE_2003281.pdf,1,1922,11 - November,early,1920s,location,location,not_found,"PLSS not found: missing section, township, range",done,,100,failed,not_found,,,,failed,exception,,done,,98,skipped,,,
X_J M WATSON 5_2003356,s3://osu-well-records-225989338968/pdfs/ExportedFolderContents_1/1922/11 - November/X_J M WATSON 5_2003356.pdf,1,1922,11 - November,early,1920s,location,location,not_found,"PLSS not found: missing section, township, range",done,,92,failed,not_found,,,,failed,exception,,failed,exception,,skipped,,,
X_J M WATSON 6_2003327,s3://osu-well-records-225989338968/pdfs/ExportedFolderContents_1/1922/11 - November/X_J M WATSON 6_2003327.pdf,1,1922,11 - November,early,1920s,location,location,not_found,"PLSS not found: missing section, township, range",done,,99,failed,not_found,,,,failed,exception,,failed,exception,,skipped,,,
X_JIPSY COKER_2003404,s3://osu-well-records-225989338968/pdfs/ExportedFolderContents_1/1922/11 - November/X_JIPSY COKER_2003404.pdf,1,1922,11 - November,early,1920s,location,location,not_found,"PLSS not found: missing section, township, range",done,,100,failed,not_found,,,,failed,exception,,failed,exception,,skipped,,,
X_JJ PAGE_2003282,s3://osu-well-records-225989338968/pdfs/ExportedFolderContents_1/1922/11 - November/X_JJ PAGE_2003282.pdf,1,1922,11 - November,early,1920s,location,location,not_found,"PLSS not found: missing section, township, range",done,,100,failed,not_found,,,,failed,exception,,done,,98,skipped,,,
X_KIT FARWELL 4_782058,s3://osu-well-records-225989338968/pdfs/ExportedFolderContents_1/1922/11 - November/X_KIT FARWELL 4_782058.pdf,1,1922,11 - November,early,1920s,location,location,not_found,"PLSS not found: missing section, township, range",done,,95,failed,not_found,,,,failed,exception,,done,,99,skipped,,,
X_LUCY HILL 10_2003413,s3://osu-well-records-225989338968/pdfs/ExportedFolderContents_1/1922/11 - November/X_LUCY HILL 10_2003413.pdf,1,1922,11 - November,early,1920s,location,location,not_found,"PLSS not found: missing section, township, range",done,,100,failed,not_found,,,,failed,keyword_not_found,,done,,99,skipped,,,
X_MABEL WILLIS 11_2003307,s3://osu-well-records-225989338968/pdfs/ExportedFolderContents_1/1922/11 - November/X_MABEL WILLIS 11_2003307.pdf,1,1922,11 - November,early,1920s,location,location,not_found,"PLSS not found: missing section, township, range",done,,99,failed,not_found,,,,failed,exception,,failed,exception,,skipped,,,
X_MARY M SCOTT 1-1_588841,s3://osu-well-records-225989338968/pdfs/ExportedFolderContents_1/1922/11 - November/X_MARY M SCOTT 1-1_588841.pdf,1,1922,11 - November,early,1920s,location,location,not_found,"PLSS not found: missing section, township, range",done,,100,failed,not_found,,,,failed,exception,,done,,99,skipped,,,
X_MILLER BROS_2288207,s3://osu-well-records-225989338968/pdfs/ExportedFolderContents_1/1922/11 - November/X_MILLER BROS_2288207.pdf,1,1922,11 - November,early,1920s,location,location,not_found,"PLSS not found: missing section, township, range",done,,100,failed,not_found,,,,failed,exception,,done,,99,skipped,,,
X_N SCOTT NEE BEAVER 1_1052633,s3://osu-well-records-225989338968/pdfs/ExportedFolderContents_1/1922/11 - November/X_N SCOTT NEE BEAVER 1_1052633.pdf,1,1922,11 - November,early,1920s,location,location,not_found,"PLSS not found: missing section, township, range",done,,98,failed,not_found,,,,failed,exception,,done,,99,skipped,,,
X_No Data_1052380,s3://osu-well-records-225989338968/pdfs/ExportedFolderContents_1/1922/11 - November/X_No Data_1052380.pdf,1,1922,11 - November,early,1920s,location,location,not_found,"PLSS not found: missing section, township, range",done,,100,failed,not_found,,,,failed,exception,,done,,96,skipped,,,
X_No Data_1052546,s3://osu-well-records-225989338968/pdfs/ExportedFolderContents_1/1922/11 - November/X_No Data_1052546.pdf,1,1922,11 - November,early,1920s,location,location,not_found,"PLSS not found: missing section, township, range",done,,100,failed,not_found,,,,failed,exception,,done,,98,skipped,,,
X_No Data_1384668,s3://osu-well-records-225989338968/pdfs/ExportedFolderContents_1/1922/11 - November/X_No Data_1384668.pdf,1,1922,11 - November,early,1920s,location,location,not_found,"PLSS not found: missing section, township, range",done,,99,failed,not_found,,,,failed,keyword_not_found,,done,,99,skipped,,,
X_No Data_1414006,s3://osu-well-records-225989338968/pdfs/ExportedFolderContents_1/1922/11 - November/X_No Data_1414006.pdf,1,1922,11 - November,early,1920s,location,location,not_found,"PLSS not found: missing section, township, range",done,,100,failed,not_found,,,,failed,exception,,done,,96,skipped,,,
X_No Data_1414074,s3://osu-well-records-225989338968/pdfs/ExportedFolderContents_1/1922/11 - November/X_No Data_1414074.pdf,1,1922,11 - November,early,1920s,location,location,not_found,"PLSS not found: missing section, township, range",done,,100,failed,not_found,,,,failed,exception,,done,,98,skipped,,,
X_No Data_2003462,s3://osu-well-records-225989338968/pdfs/ExportedFolderContents_1/1922/11 - November/X_No Data_2003462.pdf,1,1922,11 - November,early,1920s,location,location,not_found,"PLSS not found: missing section, township, range",done,,98,failed,not_found,,,,failed,exception,,failed,exception,,skipped,,,
X_No Data_2364034,s3://osu-well-records-225989338968/pdfs/ExportedFolderContents_1/1922/11 - November/X_No Data_2364034.pdf,1,1922,11 - November,early,1920s,location,location,not_found,"PLSS not found: missing section, township, range",done,,98,failed,not_found,,,,failed,keyword_not_found,,done,,99,skipped,,,
X_OSAGE SE4 3 SER 225_1414069,s3://osu-well-records-225989338968/pdfs/ExportedFolderContents_1/1922/11 - November/X_OSAGE SE4 3 SER 225_1414069.pdf,1,1922,11 - November,early,1920s,location,location,not_found,"PLSS not found: missing section, township, range",done,,100,failed,not_found,,,,failed,keyword_not_found,,done,,99,skipped,,,
X_OSAGE TRACT 28 12_1414064,s3://osu-well-records-225989338968/pdfs/ExportedFolderContents_1/1922/11 - November/X_OSAGE TRACT 28 12_1414064.pdf,1,1922,11 - November,early,1920s,location,location,not_found,"PLSS not found: missing section, township, range",done,,99,failed,not_found,,,,failed,keyword_not_found,,done,,99,skipped,,,
X_OSAGE TRACT 28 13_1414049,s3://osu-well-records-225989338968/pdfs/ExportedFolderContents_1/1922/11 - November/X_OSAGE TRACT 28 13_1414049.pdf,1,1922,11 - November,early,1920s,location,location,not_found,"PLSS not found: missing section, township, range",done,,94,failed,not_found,,,,failed,exception,,done,,99,skipped,,,
X_OSAGE TRACT 28 4_1414066,s3://osu-well-records-225989338968/pdfs/ExportedFolderContents_1/1922/11 - November/X_OSAGE TRACT 28 4_1414066.pdf,1,1922,11 - November,early,1920s,location,location,not_found,"PLSS not found: missing section, township, range",done,,99,failed,not_found,,,,failed,exception,,done,,99,skipped,,,
X_OSAGE_2003361,s3://osu-well-records-225989338968/pdfs/ExportedFolderContents_1/1922/11 - November/X_OSAGE_2003361.pdf,1,1922,11 - November,early,1920s,location,location,not_found,"PLSS not found: missing section, township, range",done,,100,failed,not_found,,,,failed,exception,,failed,exception,,skipped,,,
X_OSAGE_2003388,s3://osu-well-records-225989338968/pdfs/ExportedFolderContents_1/1922/11 - November/X_OSAGE_2003388.pdf,1,1922,11 - November,early,1920s,location,location,not_found,"PLSS not found: missing section, township, range",done,,99,failed,not_found,,,,failed,keyword_not_found,,done,,100,skipped,,,
X_OSAGE_2003496,s3://osu-well-records-225989338968/pdfs/ExportedFolderContents_1/1922/11 - November/X_OSAGE_2003496.pdf,1,1922,11 - November,early,1920s,location,location,not_found,"PLSS not found: missing section, township, range",done,,100,failed,not_found,,,,failed,keyword_not_found,,done,,99,skipped,,,
X_OSAGE_2288144,s3://osu-well-records-225989338968/pdfs/ExportedFolderContents_1/1922/11 - November/X_OSAGE_2288144.pdf,1,1922,11 - November,early,1920s,location,location,not_found,"PLSS not found: missing section, township, range",done,,99,failed,not_found,,,,failed,exception,,failed,exception,,skipped,,,
X_OSAGE_2288151,s3://osu-well-records-225989338968/pdfs/ExportedFolderContents_1/1922/11 - November/X_OSAGE_2288151.pdf,1,1922,11 - November,early,1920s,location,location,not_found,"PLSS not found: missing section, township, range",done,,99,failed,not_found,,,,failed,exception,,failed,exception,,skipped,,,
X_OSAGE_2288188,s3://osu-well-records-225989338968/pdfs/ExportedFolderContents_1/1922/11 - November/X_OSAGE_2288188.pdf,1,1922,11 - November,early,1920s,location,location,not_found,"PLSS not found: missing section, township, range",done,,100,failed,not_found,,,,failed,exception,,failed,exception,,skipped,,,
X_OSAGE_2288193,s3://osu-well-records-225989338968/pdfs/ExportedFolderContents_1/1922/11 - November/X_OSAGE_2288193.pdf,1,1922,11 - November,early,1920s,location,location,not_found,"PLSS not found: missing section, township, range",done,,95,failed,not_found,,,,failed,exception,,failed,exception,,skipped,,,
X_OSAGE_2288202,s3://osu-well-records-225989338968/pdfs/ExportedFolderContents_1/1922/11 - November/X_OSAGE_2288202.pdf,1,1922,11 - November,early,1920s,location,location,not_found,"PLSS not found: missing section, township, range",done,,99,failed,not_found,,,,failed,keyword_not_found,,done,,100,skipped,,,
X_OSAGE_2288241,s3://osu-well-records-225989338968/pdfs/ExportedFolderContents_1/1922/11 - November/X_OSAGE_2288241.pdf,1,1922,11 - November,early,1920s,location,location,not_found,"PLSS not found: missing section, township, range",done,,100,failed,not_found,,,,failed,keyword_not_found,,done,,99,skipped,,,
X_PARRISH 22_2464404,s3://osu-well-records-225989338968/pdfs/ExportedFolderContents_1/1922/11 - November/X_PARRISH 22_2464404.pdf,1,1922,11 - November,early,1920s,location,location,not_found,"PLSS not found: missing section, township, range",done,,100,failed,not_found,,,,failed,keyword_not_found,,failed,exception,,skipped,,,
X_R BROWN_2003407,s3://osu-well-records-225989338968/pdfs/ExportedFolderContents_1/1922/11 - November/X_R BROWN_2003407.pdf,1,1922,11 - November,early,1920s,location,location,not_found,"PLSS not found: missing section, township, range",done,,100,failed,not_found,,,,failed,exception,,done,,99,skipped,,,
X_R BROWN_2003412,s3://osu-well-records-225989338968/pdfs/ExportedFolderContents_1/1922/11 - November/X_R BROWN_2003412.pdf,1,1922,11 - November,early,1920s,location,location,not_found,"PLSS not found: missing section, township, range",done,,100,failed,not_found,,,,failed,exception,,done,,99,skipped,,,
X_R H ROBEDEAUX 3_2288243,s3://osu-well-records-225989338968/pdfs/ExportedFolderContents_1/1922/11 - November/X_R H ROBEDEAUX 3_2288243.pdf,1,1922,11 - November,early,1920s,location,location,not_found,"PLSS not found: missing section, township, range",done,,100,failed,not_found,,,,failed,exception,,failed,exception,,skipped,,,
X_RIGNEY 2_782053,s3://osu-well-records-225989338968/pdfs/ExportedFolderContents_1/1922/11 - November/X_RIGNEY 2_782053.pdf,1,1922,11 - November,early,1920s,location,location,not_found,"PLSS not found: missing section, township, range",done,,99,failed,not_found,,,,failed,exception,,done,,99,skipped,,,
X_ROSA BROOKS 2-DD_920173,s3://osu-well-records-225989338968/pdfs/ExportedFolderContents_1/1922/11 - November/X_ROSA BROOKS 2-DD_920173.pdf,1,1922,11 - November,early,1920s,location,location,not_found,"PLSS not found: missing section, township, range",done,,100,failed,not_found,,,,failed,keyword_not_found,,done,,94,skipped,,,
X_ROSE STIDHAM 2_1052455,s3://osu-well-records-225989338968/pdfs/ExportedFolderContents_1/1922/11 - November/X_ROSE STIDHAM 2_1052455.pdf,1,1922,11 - November,early,1920s,location,location,not_found,"PLSS not found: missing section, township, range",done,,100,failed,not_found,,,,failed,keyword_not_found,,done,,99,skipped,,,
X_RUSSELL 1_2464383,s3://osu-well-records-225989338968/pdfs/ExportedFolderContents_1/1922/11 - November/X_RUSSELL 1_2464383.pdf,1,1922,11 - November,early,1920s,location,location,not_found,"PLSS not found: missing section, township, range",done,,99,failed,not_found,,,,failed,keyword_not_found,,failed,exception,,skipped,,,
X_S.A. MAIN 2_2288239,s3://osu-well-records-225989338968/pdfs/ExportedFolderContents_1/1922/11 - November/X_S.A. MAIN 2_2288239.pdf,1,1922,11 - November,early,1920s,location,location,not_found,"PLSS not found: missing section, township, range",done,,99,failed,not_found,,,,failed,keyword_not_found,,done,,99,skipped,,,
X_SANDERS 1_2003461,s3://osu-well-records-225989338968/pdfs/ExportedFolderContents_1/1922/11 - November/X_SANDERS 1_2003461.pdf,1,1922,11 - November,early,1920s,location,location,not_found,"PLSS not found: missing section, township, range",done,,88,failed,not_found,,,,failed,keyword_not_found,,failed,exception,,skipped,,,
X_THOMPSON 1_2003357,s3://osu-well-records-225989338968/pdfs/ExportedFolderContents_1/1922/11 - November/X_THOMPSON 1_2003357.pdf,1,1922,11 - November,early,1920s,location,location,not_found,"PLSS not found: missing section, township, range",done,,99,failed,not_found,,,,failed,exception,,failed,exception,,skipped,,,
X_THOMPSON 1_2003358,s3://osu-well-records-225989338968/pdfs/ExportedFolderContents_1/1922/11 - November/X_THOMPSON 1_2003358.pdf,1,1922,11 - November,early,1920s,location,location,not_found,"PLSS not found: missing section, township, range",done,,99,failed,not_found,,,,failed,exception,,failed,exception,,skipped,,,
X_W. H. GROVES 11_2288212,s3://osu-well-records-225989338968/pdfs/ExportedFolderContents_1/1922/11 - November/X_W. H. GROVES 11_2288212.pdf,1,1922,11 - November,early,1920s,location,location,not_found,"PLSS not found: missing section, township, range",done,,99,failed,not_found,,,,failed,exception,,failed,exception,,skipped,,,
X_W. M. MILLER 7_2288162,s3://osu-well-records-225989338968/pdfs/ExportedFolderContents_1/1922/11 - November/X_W. M. MILLER 7_2288162.pdf,1,1922,11 - November,early,1920s,location,location,not_found,"PLSS not found: missing section, township, range",done,,99,failed,not_found,,,,failed,exception,,failed,exception,,skipped,,,
X_W. MILLER 4_2288234,s3://osu-well-records-225989338968/pdfs/ExportedFolderContents_1/1922/11 - November/X_W. MILLER 4_2288234.pdf,1,1922,11 - November,early,1920s,location,location,not_found,"PLSS not found: missing section, township, range",done,,99,failed,not_found,,,,failed,exception,,done,,100,skipped,,,
X_W.J HENDERSON 3_2003269,s3://osu-well-records-225989338968/pdfs/ExportedFolderContents_1/1922/11 - November/X_W.J HENDERSON 3_2003269.pdf,1,1922,11 - November,early,1920s,location,location,not_found,"PLSS not found: missing section, township, range",done,,93,failed,not_found,,,,failed,exception,,done,,99,skipped,,,
x_J.F. BENNETT 4_920216,s3://osu-well-records-225989338968/pdfs/ExportedFolderContents_1/1922/11 - November/x_J.F. BENNETT 4_920216.pdf,1,1922,11 - November,early,1920s,location,location,not_found,"PLSS not found: missing section, township, range",done,,100,failed,not_found,,,,failed,exception,,failed,exception,,skipped,,,
x_MOYER 1_920202,s3://osu-well-records-225989338968/pdfs/ExportedFolderContents_1/1922/11 - November/x_MOYER 1_920202.pdf,1,1922,11 - November,early,1920s,location,location,not_found,"PLSS not found: missing section, township, range",done,,99,failed,not_found,,,,failed,exception,,done,,99,skipped,,,
x_S GRAHAM DEESE SD UNIT 21A-1A (DINGS-BLEDSOE 1)_920196,s3://osu-well-records-225989338968/pdfs/ExportedFolderContents_1/1922/11 - November/x_S GRAHAM DEESE SD UNIT 21A-1A (DINGS-BLEDSOE 1)_920196.pdf,1,1922,11 - November,early,1920s,location,location,not_found,"PLSS not found: missing section, township, range",done,,100,failed,not_found,,,,failed,exception,,done,,100,skipped,,,
x_STATE LAND 1_1052329,s3://osu-well-records-225989338968/pdfs/ExportedFolderContents_1/1922/11 - November/x_STATE LAND 1_1052329.pdf,1,1922,11 - November,early,1920s,location,location,not_found,"PLSS not found: missing section, township, range",done,,100,failed,not_found,,,,failed,exception,,done,,98,skipped,,,
x_T PAYNE 1_1052339,s3://osu-well-records-225989338968/pdfs/ExportedFolderContents_1/1922/11 - November/x_T PAYNE 1_1052339.pdf,1,1922,11 - November,early,1920s,location,location,not_found,"PLSS not found: missing section, township, range",done,,95,failed,not_found,,,,failed,exception,,done,,98,skipped,,,
x_WASHINGTON SANDERS 3_1052352,s3://osu-well-records-225989338968/pdfs/ExportedFolderContents_1/1922/11 - November/x_WASHINGTON SANDERS 3_1052352.pdf,1,1922,11 - November,early,1920s,location,location,not_found,"PLSS not found: missing section, township, range",done,,97,failed,not_found,,,,failed,exception,,failed,exception,,skipped,,,
00000000_No Data_1052674,s3://osu-well-records-225989338968/pdfs/ExportedFolderContents_1/1922/12 - December/00000000_No Data_1052674.pdf,1,1922,12 - December,early,1920s,location,location,not_found,"PLSS not found: missing section, township, range",done,,100,failed,not_found,,,,failed,keyword_not_found,,failed,exception,,skipped,,,
00000000_No Data_1052679,s3://osu-well-records-225989338968/pdfs/ExportedFolderContents_1/1922/12 - December/00000000_No Data_1052679.pdf,1,1922,12 - December,early,1920s,location,location,not_found,"PLSS not found: missing section, township, range",done,,100,failed,not_found,,,,failed,keyword_not_found,,failed,exception,,skipped,,,
00000000_No Data_1052695,s3://osu-well-records-225989338968/pdfs/ExportedFolderContents_1/1922/12 - December/00000000_No Data_1052695.pdf,1,1922,12 - December,early,1920s,location,location,not_found,"PLSS not found: missing section, township, range",done,,100,failed,not_found,,,,failed,keyword_not_found,,done,,99,skipped,,,
00000000_No Data_1052720,s3://osu-well-records-225989338968/pdfs/ExportedFolderContents_1/1922/12 - December/00000000_No Data_1052720.pdf,1,1922,12 - December,early,1920s,location,location,not_found,"PLSS not found: missing section, township, range",done,,99,failed,not_found,,,,failed,exception,,done,,79,skipped,,,
00000000_No Data_1052787,s3://osu-well-records-225989338968/pdfs/ExportedFolderContents_1/1922/12 - December/00000000_No Data_1052787.pdf,1,1922,12 - December,early,1920s,location,location,not_found,"PLSS not found: missing section, township, range",done,,99,failed,not_found,,,,failed,keyword_not_found,,failed,exception,,skipped,,,
00000000_No Data_1052803,s3://osu-well-records-225989338968/pdfs/ExportedFolderContents_1/1922/12 - December/00000000_No Data_1052803.pdf,1,1922,12 - December,early,1920s,location,location,not_found,"PLSS not found: missing section, township, range",done,,94,failed,not_found,,,,failed,api_error,,done,,79,skipped,,,
00000000_No Data_1052942,s3://osu-well-records-225989338968/pdfs/ExportedFolderContents_1/1922/12 - December/00000000_No Data_1052942.pdf,1,1922,12 - December,early,1920s,location,location,not_found,"PLSS not found: missing section, township, range",done,,100,failed,not_found,,,,failed,exception,,failed,exception,,skipped,,,
00000000_No Data_1414117,s3://osu-well-records-225989338968/pdfs/ExportedFolderContents_1/1922/12 - December/00000000_No Data_1414117.pdf,1,1922,12 - December,early,1920s,location,location,not_found,"PLSS not found: missing section, township, range",done,,99,failed,not_found,,,,failed,keyword_not_found,,done,,97,skipped,,,
00000000_No Data_1414174,s3://osu-well-records-225989338968/pdfs/ExportedFolderContents_1/1922/12 - December/00000000_No Data_1414174.pdf,1,1922,12 - December,early,1920s,location,location,not_found,"PLSS not found: missing section, township, range",done,,100,failed,not_found,,,,failed,keyword_not_found,,done,,98,skipped,,,
00000000_No Data_1414207,s3://osu-well-records-225989338968/pdfs/ExportedFolderContents_1/1922/12 - December/00000000_No Data_1414207.pdf,1,1922,12 - December,early,1920s,location,location,not_found,"PLSS not found: missing section, township, range",done,,100,failed,not_found,,,,failed,exception,,failed,exception,,skipped,,,
01536554_O LINDSEY 7 (W CEMENT 7-7)_782098,s3://osu-well-records-225989338968/pdfs/ExportedFolderContents_1/1922/12 - December/01536554_O LINDSEY 7 (W CEMENT 7-7)_782098.pdf,1,1922,12 - December,early,1920s,location,location,not_found,"PLSS not found: missing section, township, range",done,,100,failed,not_found,,,,failed,exception,,failed,exception,,skipped,,,
01537084_MCKENNA 2_782087,s3://osu-well-records-225989338968/pdfs/ExportedFolderContents_1/1922/12 - December/01537084_MCKENNA 2_782087.pdf,1,1922,12 - December,early,1920s,location,location,not_found,"PLSS not found: missing section, township, range",done,,100,failed,not_found,,,,failed,exception,,done,,99,skipped,,,
01900655_WESTHEIMER C 1_920302,s3://osu-well-records-225989338968/pdfs/ExportedFolderContents_1/1922/12 - December/01900655_WESTHEIMER C 1_920302.pdf,1,1922,12 - December,early,1920s,location,location,not_found,"PLSS not found: missing section, township, range",done,,100,failed,not_found,,,,failed,exception,,failed,exception,,skipped,,,
01900701_SOOKIE SIMPSON 1_516401,s3://osu-well-records-225989338968/pdfs/ExportedFolderContents_1/1922/12 - December/01900701_SOOKIE SIMPSON 1_516401.pdf,1,1922,12 - December,early,1920s,location,location,not_found,"PLSS not found: missing section, township, range",done,,100,failed,not_found,,,,failed,exception,,done,,96,skipped,,,
01900703_JAMES MOYER 3_920249,s3://osu-well-records-225989338968/pdfs/ExportedFolderContents_1/1922/12 - December/01900703_JAMES MOYER 3_920249.pdf,1,1922,12 - December,early,1920s,location,location,not_found,"PLSS not found: missing section, township, range",done,,100,failed,not_found,,,,failed,exception,,done,,100,skipped,,,
01900708_RAMSEY B-2_920264,s3://osu-well-records-225989338968/pdfs/ExportedFolderContents_1/1922/12 - December/01900708_RAMSEY B-2_920264.pdf,1,1922,12 - December,early,1920s,location,location,not_found,"PLSS not found: missing section, township, range",done,,100,failed,not_found,,,,failed,exception,,failed,exception,,skipped,,,
01900722_JOHNNIE BAPTISTE A-1_516400,s3://osu-well-records-225989338968/pdfs/ExportedFolderContents_1/1922/12 - December/01900722_JOHNNIE BAPTISTE A-1_516400.pdf,1,1922,12 - December,early,1920s,location,location,not_found,"PLSS not found: missing section, township, range",done,,100,failed,not_found,,,,failed,keyword_not_found,,failed,exception,,skipped,,,
01909111_HEFNER-MILLS 7_920271,s3://osu-well-records-225989338968/pdfs/ExportedFolderContents_1/1922/12 - December/01909111_HEFNER-MILLS 7_920271.pdf,1,1922,12 - December,early,1920s,location,location,not_found,"PLSS not found: missing section, township, range",done,,100,failed,not_found,,,,failed,keyword_not_found,,failed,exception,,skipped,,,
01909553_WESLEY LESTER 2_920281,s3://osu-well-records-225989338968/pdfs/ExportedFolderContents_1/1922/12 - December/01909553_WESLEY LESTER 2_920281.pdf,1,1922,12 - December,early,1920s,location,location,not_found,"PLSS not found: missing section, township, range",done,,99,failed,not_found,,,,failed,exception,,done,,99,skipped,,,
01909584_W L PIERCE 4_920311,s3://osu-well-records-225989338968/pdfs/ExportedFolderContents_1/1922/12 - December/01909584_W L PIERCE 4_920311.pdf,1,1922,12 - December,early,1920s,location,location,not_found,"PLSS not found: missing section, township, range",done,,100,failed,not_found,,,,failed,exception,,failed,exception,,skipped,,,
01909635_JOHNSON 2_920225,s3://osu-well-records-225989338968/pdfs/ExportedFolderContents_1/1922/12 - December/01909635_JOHNSON 2_920225.pdf,1,1922,12 - December,early,1920s,location,location,not_found,"PLSS not found: missing section, township, range",done,,94,failed,not_found,,,,failed,exception,,done,,89,skipped,,,
01910761_HEWITT WALKER 6_920233,s3://osu-well-records-225989338968/pdfs/ExportedFolderContents_1/1922/12 - December/01910761_HEWITT WALKER 6_920233.pdf,1,1922,12 - December,early,1920s,location,location,not_found,"PLSS not found: missing section, township, range",done,,100,failed,not_found,,,,failed,keyword_not_found,,done,,99,skipped,,,
01911427_J H DILLARD 107_920288,s3://osu-well-records-225989338968/pdfs/ExportedFolderContents_1/1922/12 - December/01911427_J H DILLARD 107_920288.pdf,1,1922,12 - December,early,1920s,location,location,not_found,"PLSS not found: missing section, township, range",done,,92,failed,not_found,,,,failed,keyword_not_found,,done,,96,skipped,,,
01911433_C F DILLARD 4_920250,s3://osu-well-records-225989338968/pdfs/ExportedFolderContents_1/1922/12 - December/01911433_C F DILLARD 4_920250.pdf,1,1922,12 - December,early,1920s,location,location,not_found,"PLSS not found: missing section, township, range",done,,99,failed,not_found,,,,failed,keyword_not_found,,done,,82,skipped,,,
01911450_R A HEFNER 9_920283,s3://osu-well-records-225989338968/pdfs/ExportedFolderContents_1/1922/12 - December/01911450_R A HEFNER 9_920283.pdf,1,1922,12 - December,early,1920s,location,location,not_found,"PLSS not found: missing section, township, range",done,,100,failed,not_found,,,,failed,exception,,done,,99,skipped,,,
01911581_KALISH 10_920240,s3://osu-well-records-225989338968/pdfs/ExportedFolderContents_1/1922/12 - December/01911581_KALISH 10_920240.pdf,1,1922,12 - December,early,1920s,location,location,not_found,"PLSS not found: missing section, township, range",done,,100,failed,not_found,,,,failed,keyword_not_found,,failed,exception,,skipped,,,
01911852_WESTHEIMER A 8_920308,s3://osu-well-records-225989338968/pdfs/ExportedFolderContents_1/1922/12 - December/01911852_WESTHEIMER A 8_920308.pdf,1,1922,12 - December,early,1920s,location,location,not_found,"PLSS not found: missing section, township, range",done,,98,failed,not_found,,,,failed,exception,,failed,exception,,skipped,,,
01912540_SAMMY BAPTISTE 12_516387,s3://osu-well-records-225989338968/pdfs/ExportedFolderContents_1/1922/12 - December/01912540_SAMMY BAPTISTE 12_516387.pdf,1,1922,12 - December,early,1920s,location,location,not_found,"PLSS not found: missing section, township, range",done,,99,failed,not_found,,,,failed,exception,,failed,exception,,skipped,,,
03303359_HARP 3_920310,s3://osu-well-records-225989338968/pdfs/ExportedFolderContents_1/1922/12 - December/03303359_HARP 3_920310.pdf,1,1922,12 - December,early,1920s,location,location,not_found,"PLSS not found: missing section, township, range",done,,96,failed,not_found,,,,failed,keyword_not_found,,done,,99,skipped,,,
03303466_TILLEY 1_1414163,s3://osu-well-records-225989338968/pdfs/ExportedFolderContents_1/1922/12 - December/03303466_TILLEY 1_1414163.pdf,1,1922,12 - December,early,1920s,location,location,not_found,"PLSS not found: missing section, township, range",done,,98,failed,not_found,,,,failed,exception,,done,,100,skipped,,,
03303466_TILLEY 1_516409,s3://osu-well-records-225989338968/pdfs/ExportedFolderContents_1/1922/12 - December/03303466_TILLEY 1_516409.pdf,1,1922,12 - December,early,1920s,location,location,not_found,"PLSS not found: missing section, township, range",done,,98,failed,not_found,,,,failed,exception,,done,,100,skipped,,,
03303466_TILLEY 1_920270,s3://osu-well-records-225989338968/pdfs/ExportedFolderContents_1/1922/12 - December/03303466_TILLEY 1_920270.pdf,1,1922,12 - December,early,1920s,location,location,not_found,"PLSS not found: missing section, township, range",done,,98,failed,not_found,,,,failed,exception,,done,,100,skipped,,,
03700587_J BIGPOND 1_1052765,s3://osu-well-records-225989338968/pdfs/ExportedFolderContents_1/1922/12 - December/03700587_J BIGPOND 1_1052765.pdf,1,1922,12 - December,early,1920s,location,location,not_found,"PLSS not found: missing section, township, range",done,,100,failed,not_found,,,,failed,exception,,failed,exception,,skipped,,,
03702279_CAESAR BEAR 7_1220640,s3://osu-well-records-225989338968/pdfs/ExportedFolderContents_1/1922/12 - December/03702279_CAESAR BEAR 7_1220640.pdf,1,1922,12 - December,early,1920s,location,location,not_found,"PLSS not found: missing section, township, range",done,,100,failed,not_found,,,,failed,exception,,done,,98,skipped,,,
03702354_W BEARHEAD 2_1052859,s3://osu-well-records-225989338968/pdfs/ExportedFolderContents_1/1922/12 - December/03702354_W BEARHEAD 2_1052859.pdf,1,1922,12 - December,early,1920s,location,location,not_found,"PLSS not found: missing section, township, range",done,,99,failed,not_found,,,,failed,keyword_not_found,,done,,98,skipped,,,
03702765_TAYLOR BEAR 6_1052738,s3://osu-well-records-225989338968/pdfs/ExportedFolderContents_1/1922/12 - December/03702765_TAYLOR BEAR 6_1052738.pdf,1,1922,12 - December,early,1920s,location,location,not_found,"PLSS not found: missing section, township, range",done,,86,failed,not_found,,,,failed,exception,,done,,98,skipped,,,
03702766_TAYLOR BEAR 7_1052886,s3://osu-well-records-225989338968/pdfs/ExportedFolderContents_1/1922/12 - December/03702766_TAYLOR BEAR 7_1052886.pdf,1,1922,12 - December,early,1920s,location,location,not_found,"PLSS not found: missing section, township, range",done,,99,failed,not_found,,,,failed,exception,,done,,98,skipped,,,
03703052_ELIZABETH WATSON 3_1052683,s3://osu-well-records-225989338968/pdfs/ExportedFolderContents_1/1922/12 - December/03703052_ELIZABETH WATSON 3_1052683.pdf,1,1922,12 - December,early,1920s,location,location,not_found,"PLSS not found: missing section, township, range",done,,100,failed,not_found,,,,failed,keyword_not_found,,done,,99,skipped,,,
03703302_CINDA JACOBS 1_1052834,s3://osu-well-records-225989338968/pdfs/ExportedFolderContents_1/1922/12 - December/03703302_CINDA JACOBS 1_1052834.pdf,1,1922,12 - December,early,1920s,location,location,not_found,"PLSS not found: missing section, township, range",done,,100,failed,not_found,,,,failed,keyword_not_found,,done,,89,skipped,,,
03704027_J R WILLIAMS 1_1052858,s3://osu-well-records-225989338968/pdfs/ExportedFolderContents_1/1922/12 - December/03704027_J R WILLIAMS 1_1052858.pdf,1,1922,12 - December,early,1920s,location,location,not_found,"PLSS not found: missing section, township, range",done,,96,failed,not_found,,,,failed,exception,,done,,99,skipped,,,
03704136_L BEAVER 2_1052764,s3://osu-well-records-225989338968/pdfs/ExportedFolderContents_1/1922/12 - December/03704136_L BEAVER 2_1052764.pdf,1,1922,12 - December,early,1920s,location,location,not_found,"PLSS not found: missing section, township, range",done,,99,failed,not_found,,,,failed,exception,,done,,100,skipped,,,
03704178_TAYLOR HAWKINS 5_1052889,s3://osu-well-records-225989338968/pdfs/ExportedFolderContents_1/1922/12 - December/03704178_TAYLOR HAWKINS 5_1052889.pdf,1,1922,12 - December,early,1920s,location,location,not_found,"PLSS not found: missing section, township, range",done,,100,failed,not_found,,,,failed,keyword_not_found,,done,,98,skipped,,,
03704212_HAGER JACKSON 3_1052815,s3://osu-well-records-225989338968/pdfs/ExportedFolderContents_1/1922/12 - December/03704212_HAGER JACKSON 3_1052815.pdf,1,1922,12 - December,early,1920s,location,location,not_found,"PLSS not found: missing section, township, range",done,,99,failed,not_found,,,,failed,keyword_not_found,,failed,exception,,skipped,,,
03704213_HAGER JACKSON 2_1052814,s3://osu-well-records-225989338968/pdfs/ExportedFolderContents_1/1922/12 - December/03704213_HAGER JACKSON 2_1052814.pdf,1,1922,12 - December,early,1920s,location,location,not_found,"PLSS not found: missing section, township, range",done,,98,failed,not_found,,,,failed,exception,,failed,exception,,skipped,,,
03704238_No Data_1052801,s3://osu-well-records-225989338968/pdfs/ExportedFolderContents_1/1922/12 - December/03704238_No Data_1052801.pdf,1,1922,12 - December,early,1920s,location,location,not_found,"PLSS not found: missing section, township, range",done,,100,failed,not_found,,,,failed,exception,,done,,100,skipped,,,
03706728_D WILLIAMS 2_1052809,s3://osu-well-records-225989338968/pdfs/ExportedFolderContents_1/1922/12 - December/03706728_D WILLIAMS 2_1052809.pdf,1,1922,12 - December,early,1920s,location,location,not_found,"PLSS not found: missing section, township, range",done,,99,failed,not_found,,,,failed,exception,,failed,exception,,skipped,,,
03706729_PRICE 3_1052770,s3://osu-well-records-225989338968/pdfs/ExportedFolderContents_1/1922/12 - December/03706729_PRICE 3_1052770.pdf,1,1922,12 - December,early,1920s,location,location,not_found,"PLSS not found: missing section, township, range",done,,99,failed,not_found,,,,failed,exception,,done,,96,skipped,,,
03706780_MORRISON 2_1052723,s3://osu-well-records-225989338968/pdfs/ExportedFolderContents_1/1922/12 - December/03706780_MORRISON 2_1052723.pdf,1,1922,12 - December,early,1920s,location,location,not_found,"PLSS not found: missing section, township, range",done,,100,failed,not_found,,,,failed,keyword_not_found,,done,,98,skipped,,,
03706784_N TURNBOW 3_1052775,s3://osu-well-records-225989338968/pdfs/ExportedFolderContents_1/1922/12 - December/03706784_N TURNBOW 3_1052775.pdf,1,1922,12 - December,early,1920s,location,location,not_found,"PLSS not found: missing section, township, range",done,,94,failed,not_found,,,,failed,exception,,done,,99,skipped,,,
06701871_FLORENCE 3_920228,s3://osu-well-records-225989338968/pdfs/ExportedFolderContents_1/1922/12 - December/06701871_FLORENCE 3_920228.pdf,1,1922,12 - December,early,1920s,location,location,not_found,"PLSS not found: missing section, township, range",done,,99,failed,not_found,,,,failed,exception,,done,,98,skipped,,,
07103402_ROBERTSON 1_1414170,s3://osu-well-records-225989338968/pdfs/ExportedFolderContents_1/1922/12 - December/07103402_ROBERTSON 1_1414170.pdf,1,1922,12 - December,early,1920s,location,location,not_found,"PLSS not found: missing section, township, range",done,,100,failed,not_found,,,,failed,keyword_not_found,,done,,99,skipped,,,
07103573_A CLAVIER 1_1414113,s3://osu-well-records-225989338968/pdfs/ExportedFolderContents_1/1922/12 - December/07103573_A CLAVIER 1_1414113.pdf,1,1922,12 - December,early,1920s,location,location,not_found,"PLSS not found: missing section, township, range",done,,98,failed,not_found,,,,failed,exception,,done,,100,skipped,,,
07103697_MOYER 1_1414164,s3://osu-well-records-225989338968/pdfs/ExportedFolderContents_1/1922/12 - December/07103697_MOYER 1_1414164.pdf,1,1922,12 - December,early,1920s,location,location,not_found,"PLSS not found: missing section, township, range",done,,100,failed,not_found,,,,failed,keyword_not_found,,done,,99,skipped,,,
07103785_PARKER 1_1414118,s3://osu-well-records-225989338968/pdfs/ExportedFolderContents_1/1922/12 - December/07103785_PARKER 1_1414118.pdf,1,1922,12 - December,early,1920s,location,location,not_found,"PLSS not found: missing section, township, range",done,,100,failed,not_found,,,,failed,keyword_not_found,,done,,100,skipped,,,
07103861_MCDANIELS 1_1539145,s3://osu-well-records-225989338968/pdfs/ExportedFolderContents_1/1922/12 - December/07103861_MCDANIELS 1_1539145.pdf,1,1922,12 - December,early,1920s,location,location,not_found,"PLSS not found: missing section, township, range",done,,100,failed,not_found,,,,failed,keyword_not_found,,failed,exception,,skipped,,,
07103948_C W GOLTRY 3_1539133,s3://osu-well-records-225989338968/pdfs/ExportedFolderContents_1/1922/12 - December/07103948_C W GOLTRY 3_1539133.pdf,1,1922,12 - December,early,1920s,location,location,not_found,"PLSS not found: missing section, township, range",done,,99,failed,not_found,,,,failed,keyword_not_found,,failed,exception,,skipped,,,
07104270_ENDICOTT 1-E_1539116,s3://osu-well-records-225989338968/pdfs/ExportedFolderContents_1/1922/12 - December/07104270_ENDICOTT 1-E_1539116.pdf,1,1922,12 - December,early,1920s,location,location,not_found,"PLSS not found: missing section, township, range",done,,90,failed,not_found,,,,failed,keyword_not_found,,failed,exception,,skipped,,,
07104613_POFFENBERGER 1_1539129,s3://osu-well-records-225989338968/pdfs/ExportedFolderContents_1/1922/12 - December/07104613_POFFENBERGER 1_1539129.pdf,1,1922,12 - December,early,1920s,location,location,not_found,"PLSS not found: missing section, township, range",done,,99,failed,not_found,,,,failed,exception,,failed,exception,,skipped,,,
08500142_PITTMAN 1_516403,s3://osu-well-records-225989338968/pdfs/ExportedFolderContents_1/1922/12 - December/08500142_PITTMAN 1_516403.pdf,1,1922,12 - December,early,1920s,location,location,not_found,"PLSS not found: missing section, township, range",done,,98,failed,not_found,,,,failed,exception,,done,,99,skipped,,,
09100136_BROADNAC 1_1364291,s3://osu-well-records-225989338968/pdfs/ExportedFolderContents_1/1922/12 - December/09100136_BROADNAC 1_1364291.pdf,1,1922,12 - December,early,1920s,location,location,not_found,"PLSS not found: missing section, township, range",done,,100,failed,not_found,,,,failed,exception,,failed,exception,,skipped,,,
09100906_G HARDING 1_1364280,s3://osu-well-records-225989338968/pdfs/ExportedFolderContents_1/1922/12 - December/09100906_G HARDING 1_1364280.pdf,1,1922,12 - December,early,1920s,location,location,not_found,"PLSS not found: missing section, township, range",done,,94,failed,not_found,,,,failed,exception,,done,,99,skipped,,,
09101011_PRINCE STIDHAM 2_1052927,s3://osu-well-records-225989338968/pdfs/ExportedFolderContents_1/1922/12 - December/09101011_PRINCE STIDHAM 2_1052927.pdf,1,1922,12 - December,early,1920s,location,location,not_found,"PLSS not found: missing section, township, range",done,,92,failed,not_found,,,,failed,exception,,done,,99,skipped,,,
09101013_ROSE STIDHAM 3_1052708,s3://osu-well-records-225989338968/pdfs/ExportedFolderContents_1/1922/12 - December/09101013_ROSE STIDHAM 3_1052708.pdf,1,1922,12 - December,early,1920s,location,location,not_found,"PLSS not found: missing section, township, range",done,,99,failed,not_found,,,,failed,exception,,done,,100,skipped,,,
10100617_LULA BARBER 4_1364271,s3://osu-well-records-225989338968/pdfs/ExportedFolderContents_1/1922/12 - December/10100617_LULA BARBER 4_1364271.pdf,1,1922,12 - December,early,1920s,location,location,not_found,"PLSS not found: missing section, township, range",done,,99,failed,not_found,,,,failed,exception,,done,,99,skipped,,,
10101829_JENNIE CHARLES 3_1364281,s3://osu-well-records-225989338968/pdfs/ExportedFolderContents_1/1922/12 - December/10101829_JENNIE CHARLES 3_1364281.pdf,1,1922,12 - December,early,1920s,location,location,not_found,"PLSS not found: missing section, township, range",done,,99,failed,not_found,,,,failed,keyword_not_found,,done,,78,skipped,,,
10102025_WELCH 3_1364276,s3://osu-well-records-225989338968/pdfs/ExportedFolderContents_1/1922/12 - December/10102025_WELCH 3_1364276.pdf,1,1922,12 - December,early,1920s,location,location,not_found,"PLSS not found: missing section, township, range",done,,99,failed,not_found,,,,failed,exception,,done,,99,skipped,,,
10102897_KELLY 3_1395468,s3://osu-well-records-225989338968/pdfs/ExportedFolderContents_1/1922/12 - December/10102897_KELLY 3_1395468.pdf,1,1922,12 - December,early,1920s,location,location,not_found,"PLSS not found: missing section, township, range",done,,93,failed,not_found,,,,failed,exception,,done,,99,skipped,,,
10302393_FRED LEE 1_1414241,s3://osu-well-records-225989338968/pdfs/ExportedFolderContents_1/1922/12 - December/10302393_FRED LEE 1_1414241.pdf,1,1922,12 - December,early,1920s,location,location,not_found,"PLSS not found: missing section, township, range",done,,100,failed,not_found,,,,failed,exception,,failed,exception,,skipped,,,
10303010_LEE SHAWVER 7_1539114,s3://osu-well-records-225989338968/pdfs/ExportedFolderContents_1/1922/12 - December/10303010_LEE SHAWVER 7_1539114.pdf,1,1922,12 - December,early,1920s,location,location,not_found,"PLSS not found: missing section, township, range",done,,100,failed,not_found,,,,failed,exception,,failed,exception,,skipped,,,
10303010_LEE SHAWVER 7_50900037,s3://osu-well-records-225989338968/pdfs/ExportedFolderContents_1/1922/12 - December/10303010_LEE SHAWVER 7_50900037.pdf,1,1922,12 - December,early,1920s,location,location,not_found,"PLSS not found: missing section, township, range",done,,100,failed,not_found,,,,failed,exception,,failed,exception,,skipped,,,
10303235_NOVOTNY 2-A_1539120,s3://osu-well-records-225989338968/pdfs/ExportedFolderContents_1/1922/12 - December/10303235_NOVOTNY 2-A_1539120.pdf,1,1922,12 - December,early,1920s,location,location,not_found,"PLSS not found: missing section, township, range",done,,99,failed,not_found,,,,failed,exception,,failed,exception,,skipped,,,
10303235_NOVOTNY 2-A_1539122,s3://osu-well-records-225989338968/pdfs/ExportedFolderContents_1/1922/12 - December/10303235_NOVOTNY 2-A_1539122.pdf,1,1922,12 - December,early,1920s,location,location,not_found,"PLSS not found: missing section, township, range",done,,99,failed,not_found,,,,failed,exception,,failed,exception,,skipped,,,
10303249_J A NOVOTNY 3_1539135,s3://osu-well-records-225989338968/pdfs/ExportedFolderContents_1/1922/12 - December/10303249_J A NOVOTNY 3_1539135.pdf,1,1922,12 - December,early,1920s,location,location,not_found,"PLSS not found: missing section, township, range",done,,100,failed,not_found,,,,failed,keyword_not_found,,done,,99,skipped,,,
10303262_D.E. EVANS 5_1539111,s3://osu-well-records-225989338968/pdfs/ExportedFolderContents_1/1922/12 - December/10303262_D.E. EVANS 5_1539111.pdf,1,1922,12 - December,early,1920s,location,location,not_found,"PLSS not found: missing section, township, range",done,,90,failed,not_found,,,,failed,exception,,done,,99,skipped,,,
10303284_M.J. PLUMB 5_1539132,s3://osu-well-records-225989338968/pdfs/ExportedFolderContents_1/1922/12 - December/10303284_M.J. PLUMB 5_1539132.pdf,1,1922,12 - December,early,1920s,location,location,not_found,"PLSS not found: missing section, township, range",done,,99,failed,not_found,,,,failed,exception,,done,,98,skipped,,,
10303308_F H MURRAY 23_1539124,s3://osu-well-records-225989338968/pdfs/ExportedFolderContents_1/1922/12 - December/10303308_F H MURRAY 23_1539124.pdf,1,1922,12 - December,early,1920s,location,location,not_found,"PLSS not found: missing section, township, range",done,,100,failed,not_found,,,,failed,exception,,done,,99,skipped,,,
10303312_RENCE 2_1539113,s3://osu-well-records-225989338968/pdfs/ExportedFolderContents_1/1922/12 - December/10303312_RENCE 2_1539113.pdf,1,1922,12 - December,early,1920s,location,location,not_found,"PLSS not found: missing section, township, range",done,,100,failed,not_found,,,,failed,exception,,failed,exception,,skipped,,,
10303317_RENCE 4_1539139,s3://osu-well-records-225989338968/pdfs/ExportedFolderContents_1/1922/12 - December/10303317_RENCE 4_1539139.pdf,1,1922,12 - December,early,1920s,location,location,not_found,"PLSS not found: missing section, township, range",done,,100,failed,not_found,,,,failed,exception,,done,,99,skipped,,,
10303414_REID 6_1539127,s3://osu-well-records-225989338968/pdfs/ExportedFolderContents_1/1922/12 - December/10303414_REID 6_1539127.pdf,1,1922,12 - December,early,1920s,location,location,not_found,"PLSS not found: missing section, township, range",done,,99,failed,not_found,,,,failed,exception,,failed,exception,,skipped,,,
10504081_C K LONG 10_1618146,s3://osu-well-records-225989338968/pdfs/ExportedFolderContents_1/1922/12 - December/10504081_C K LONG 10_1618146.pdf,1,1922,12 - December,early,1920s,location,location,not_found,"PLSS not found: missing section, township, range",done,,99,failed,not_found,,,,failed,exception,,done,,99,skipped,,,
10504905_B F DEVAN 1_1618148,s3://osu-well-records-225989338968/pdfs/ExportedFolderContents_1/1922/12 - December/10504905_B F DEVAN 1_1618148.pdf,1,1922,12 - December,early,1920s,location,location,not_found,"PLSS not found: missing section, township, range",done,,100,failed,not_found,,,,failed,exception,,done,,99,skipped,,,
10702167_LIZZIE FISH 1_588860,s3://osu-well-records-225989338968/pdfs/ExportedFolderContents_1/1922/12 - December/10702167_LIZZIE FISH 1_588860.pdf,1,1922,12 - December,early,1920s,location,location,not_found,"PLSS not found: missing section, township, range",done,,92,failed,not_found,,,,failed,exception,,failed,exception,,skipped,,,
10702359_NANNIE MCNAC 2_1052898,s3://osu-well-records-225989338968/pdfs/ExportedFolderContents_1/1922/12 - December/10702359_NANNIE MCNAC 2_1052898.pdf,1,1922,12 - December,early,1920s,location,location,not_found,"PLSS not found: missing section, township, range",done,,98,failed,not_found,,,,failed,keyword_not_found,,done,,100,skipped,,,
10702711_GARST 1_1052850,s3://osu-well-records-225989338968/pdfs/ExportedFolderContents_1/1922/12 - December/10702711_GARST 1_1052850.pdf,1,1922,12 - December,early,1920s,location,location,not_found,"PLSS not found: missing section, township, range",done,,100,failed,not_found,,,,failed,keyword_not_found,,failed,exception,,skipped,,,
10704118_U DANIEL 2_1052872,s3://osu-well-records-225989338968/pdfs/ExportedFolderContents_1/1922/12 - December/10704118_U DANIEL 2_1052872.pdf,1,1922,12 - December,early,1920s,location,location,not_found,"PLSS not found: missing section, township, range",done,,98,failed,not_found,,,,failed,keyword_not_found,,done,,99,skipped,,,
10704126_No Data_1052730,s3://osu-well-records-225989338968/pdfs/ExportedFolderContents_1/1922/12 - December/10704126_No Data_1052730.pdf,1,1922,12 - December,early,1920s,location,location,not_found,"PLSS not found: missing section, township, range",done,,99,failed,not_found,,,,failed,exception,,done,,96,skipped,,,
10704859_MALINDA KNIGHT 1_1052822,s3://osu-well-records-225989338968/pdfs/ExportedFolderContents_1/1922/12 - December/10704859_MALINDA KNIGHT 1_1052822.pdf,1,1922,12 - December,early,1920s,location,location,not_found,"PLSS not found: missing section, township, range",done,,98,failed,not_found,,,,failed,exception,,done,,99,skipped,,,
10704871_RUTLAND 1_1052661,s3://osu-well-records-225989338968/pdfs/ExportedFolderContents_1/1922/12 - December/10704871_RUTLAND 1_1052661.pdf,1,1922,12 - December,early,1920s,location,location,not_found,"PLSS not found: missing section, township, range",done,,94,failed,not_found,,,,failed,keyword_not_found,,done,,99,skipped,,,
10705337_LAURA BROOKS 4_588850,s3://osu-well-records-225989338968/pdfs/ExportedFolderContents_1/1922/12 - December/10705337_LAURA BROOKS 4_588850.pdf,1,1922,12 - December,early,1920s,location,location,not_found,"PLSS not found: missing section, township, range",done,,93,failed,not_found,,,,failed,exception,,done,,99,skipped,,,
10705347_MULLIE 3_588855,s3://osu-well-records-225989338968/pdfs/ExportedFolderContents_1/1922/12 - December/10705347_MULLIE 3_588855.pdf,1,1922,12 - December,early,1920s,location,location,not_found,"PLSS not found: missing section, township, range",done,,99,failed,not_found,,,,failed,exception,,failed,exception,,skipped,,,
10705474_J TIGER 1_588859,s3://osu-well-records-225989338968/pdfs/ExportedFolderContents_1/1922/12 - December/10705474_J TIGER 1_588859.pdf,1,1922,12 - December,early,1920s,location,location,not_found,"PLSS not found: missing section, township, range",done,,99,failed,not_found,,,,failed,keyword_not_found,,done,,100,skipped,,,
11102653_FAGAN 6_1052908,s3://osu-well-records-225989338968/pdfs/ExportedFolderContents_1/1922/12 - December/11102653_FAGAN 6_1052908.pdf,1,1922,12 - December,early,1920s,location,location,not_found,"PLSS not found: missing section, township, range",done,,100,failed,not_found,,,,failed,exception,,done,,99,skipped,,,
11103087_KENNEDY 1_1052816,s3://osu-well-records-225989338968/pdfs/ExportedFolderContents_1/1922/12 - December/11103087_KENNEDY 1_1052816.pdf,1,1922,12 - December,early,1920s,location,location,not_found,"PLSS not found: missing section, township, range",done,,99,failed,not_found,,,,failed,keyword_not_found,,done,,96,skipped,,,
11104477_TOM R BURROWS 11_1052877,s3://osu-well-records-225989338968/pdfs/ExportedFolderContents_1/1922/12 - December/11104477_TOM R BURROWS 11_1052877.pdf,1,1922,12 - December,early,1920s,location,location,not_found,"PLSS not found: missing section, township, range",done,,99,failed,not_found,,,,failed,keyword_not_found,,failed,exception,,skipped,,,
11106607_GRAYSON 26_1052798,s3://osu-well-records-225989338968/pdfs/ExportedFolderContents_1/1922/12 - December/11106607_GRAYSON 26_1052798.pdf,1,1922,12 - December,early,1920s,location,location,not_found,"PLSS not found: missing section, township, range",done,,100,failed,not_found,,,,failed,exception,,done,,99,skipped,,,
11106861_BORCHES 4_1052943,s3://osu-well-records-225989338968/pdfs/ExportedFolderContents_1/1922/12 - December/11106861_BORCHES 4_1052943.pdf,1,1922,12 - December,early,1920s,location,location,not_found,"PLSS not found: missing section, township, range",done,,90,failed,not_found,,,,failed,exception,,done,,98,skipped,,,
11107087_VIERSON & SESSIONS 3_1052825,s3://osu-well-records-225989338968/pdfs/ExportedFolderContents_1/1922/12 - December/11107087_VIERSON & SESSIONS 3_1052825.pdf,1,1922,12 - December,early,1920s,location,location,not_found,"PLSS not found: missing section, township, range",done,,100,failed,not_found,,,,failed,exception,,done,,99,skipped,,,
11107897_K TINER 1_1052843,s3://osu-well-records-225989338968/pdfs/ExportedFolderContents_1/1922/12 - December/11107897_K TINER 1_1052843.pdf,1,1922,12 - December,early,1920s,location,location,not_found,"PLSS not found: missing section, township, range",done,,98,failed,not_found,,,,failed,exception,,done,,98,skipped,,,
11108324_E REA 3_516428,s3://osu-well-records-225989338968/pdfs/ExportedFolderContents_1/1922/12 - December/11108324_E REA 3_516428.pdf,1,1922,12 - December,early,1920s,location,location,not_found,"PLSS not found: missing section, township, range",done,,91,failed,not_found,,,,failed,exception,,failed,exception,,skipped,,,
11108712_Sulpher Alex 1_1052789,s3://osu-well-records-225989338968/pdfs/ExportedFolderContents_1/1922/12 - December/11108712_Sulpher Alex 1_1052789.pdf,1,1922,12 - December,early,1920s,location,location,not_found,"PLSS not found: missing section, township, range",done,,99,failed,not_found,,,,failed,exception,,failed,exception,,skipped,,,
11108712_Sulpher Alex 1_516404,s3://osu-well-records-225989338968/pdfs/ExportedFolderContents_1/1922/12 - December/11108712_Sulpher Alex 1_516404.pdf,1,1922,12 - December,early,1920s,location,location,not_found,"PLSS not found: missing section, township, range",done,,99,failed,not_found,,,,failed,exception,,failed,exception,,skipped,,,
11108737_Bruner Dick 3_1052919,s3://osu-well-records-225989338968/pdfs/ExportedFolderContents_1/1922/12 - December/11108737_Bruner Dick 3_1052919.pdf,1,1922,12 - December,early,1920s,location,location,not_found,"PLSS not found: missing section, township, range",done,,100,failed,not_found,,,,failed,keyword_not_found,,failed,exception,,skipped,,,
11108737_Bruner Dick 3_516427,s3://osu-well-records-225989338968/pdfs/ExportedFolderContents_1/1922/12 - December/11108737_Bruner Dick 3_516427.pdf,1,1922,12 - December,early,1920s,location,location,not_found,"PLSS not found: missing section, township, range",done,,100,failed,not_found,,,,failed,keyword_not_found,,failed,exception,,skipped,,,
11109254_Smith H E 3_1052873,s3://osu-well-records-225989338968/pdfs/ExportedFolderContents_1/1922/12 - December/11109254_Smith H E 3_1052873.pdf,1,1922,12 - December,early,1920s,location,location,not_found,"PLSS not found: missing section, township, range",done,,91,failed,not_found,,,,failed,keyword_not_found,,done,,100,skipped,,,
11109254_Smith H E 3_1052876,s3://osu-well-records-225989338968/pdfs/ExportedFolderContents_1/1922/12 - December/11109254_Smith H E 3_1052876.pdf,1,1922,12 - December,early,1920s,location,location,not_found,"PLSS not found: missing section, township, range",done,,91,failed,not_found,,,,failed,keyword_not_found,,done,,100,skipped,,,
11109491_S GRAY 7_1052922,s3://osu-well-records-225989338968/pdfs/ExportedFolderContents_1/1922/12 - December/11109491_S GRAY 7_1052922.pdf,1,1922,12 - December,early,1920s,location,location,not_found,"PLSS not found: missing section, township, range",done,,100,failed,not_found,,,,failed,exception,,done,,98,skipped,,,
11109491_S GRAY 7_516426,s3://osu-well-records-225989338968/pdfs/ExportedFolderContents_1/1922/12 - December/11109491_S GRAY 7_516426.pdf,1,1922,12 - December,early,1920s,location,location,not_found,"PLSS not found: missing section, township, range",done,,100,failed,not_found,,,,failed,exception,,done,,98,skipped,,,
11109899_Schultz 1_1052905,s3://osu-well-records-225989338968/pdfs/ExportedFolderContents_1/1922/12 - December/11109899_Schultz 1_1052905.pdf,1,1922,12 - December,early,1920s,location,location,not_found,"PLSS not found: missing section, township, range",done,,91,failed,not_found,,,,failed,exception,,done,,97,skipped,,,
11110069_COVER 2_1052824,s3://osu-well-records-225989338968/pdfs/ExportedFolderContents_1/1922/12 - December/11110069_COVER 2_1052824.pdf,1,1922,12 - December,early,1920s,location,location,not_found,"PLSS not found: missing section, township, range",done,,91,failed,not_found,,,,failed,exception,,done,,98,skipped,,,
11110133_HATTIE HAWKINS 1_1052761,s3://osu-well-records-225989338968/pdfs/ExportedFolderContents_1/1922/12 - December/11110133_HATTIE HAWKINS 1_1052761.pdf,1,1922,12 - December,early,1920s,location,location,not_found,"PLSS not found: missing section, township, range",done,,100,failed,not_found,,,,failed,exception,,done,,96,skipped,,,
11111062_C E PHILLIPS 1_1052880,s3://osu-well-records-225989338968/pdfs/ExportedFolderContents_1/1922/12 - December/11111062_C E PHILLIPS 1_1052880.pdf,1,1922,12 - December,early,1920s,location,location,not_found,"PLSS not found: missing section, township, range",done,,98,failed,not_found,,,,failed,exception,,done,,99,skipped,,,
11111158_THOMAS 1_1052881,s3://osu-well-records-225989338968/pdfs/ExportedFolderContents_1/1922/12 - December/11111158_THOMAS 1_1052881.pdf,1,1922,12 - December,early,1920s,location,location,not_found,"PLSS not found: missing section, township, range",done,,99,failed,not_found,,,,failed,exception,,done,,99,skipped,,,
11111173_LUCY BRADFORD 1_1052912,s3://osu-well-records-225989338968/pdfs/ExportedFolderContents_1/1922/12 - December/11111173_LUCY BRADFORD 1_1052912.pdf,1,1922,12 - December,early,1920s,location,location,not_found,"PLSS not found: missing section, township, range",done,,99,failed,not_found,,,,failed,exception,,failed,exception,,skipped,,,
11111173_LUCY BRADFORD 1_1052913,s3://osu-well-records-225989338968/pdfs/ExportedFolderContents_1/1922/12 - December/11111173_LUCY BRADFORD 1_1052913.pdf,1,1922,12 - December,early,1920s,location,location,not_found,"PLSS not found: missing section, township, range",done,,99,failed,not_found,,,,failed,exception,,failed,exception,,skipped,,,
11111447_L RENTIE 5_1364299,s3://osu-well-records-225989338968/pdfs/ExportedFolderContents_1/1922/12 - December/11111447_L RENTIE 5_1364299.pdf,1,1922,12 - December,early,1920s,location,location,not_found,"PLSS not found: missing section, township, range",done,,100,failed,not_found,,,,failed,keyword_not_found,,done,,98,skipped,,,
11701531_VANDERVOORT 1_1052806,s3://osu-well-records-225989338968/pdfs/ExportedFolderContents_1/1922/12 - December/11701531_VANDERVOORT 1_1052806.pdf,1,1922,12 - December,early,1920s,location,location,not_found,"PLSS not found: missing section, township, range",done,,99,failed,not_found,,,,failed,exception,,done,,98,skipped,,,
11701638_T N BERRY 1_1052771,s3://osu-well-records-225989338968/pdfs/ExportedFolderContents_1/1922/12 - December/11701638_T N BERRY 1_1052771.pdf,1,1922,12 - December,early,1920s,location,location,not_found,"PLSS not found: missing section, township, range",done,,100,failed,not_found,,,,failed,exception,,failed,exception,,skipped,,,
11701919_W H MOSING 1_1052795,s3://osu-well-records-225989338968/pdfs/ExportedFolderContents_1/1922/12 - December/11701919_W H MOSING 1_1052795.pdf,1,1922,12 - December,early,1920s,location,location,not_found,"PLSS not found: missing section, township, range",done,,100,failed,not_found,,,,failed,exception,,done,,99,skipped,,,
11702698_COLBORN 4_1052805,s3://osu-well-records-225989338968/pdfs/ExportedFolderContents_1/1922/12 - December/11702698_COLBORN 4_1052805.pdf,1,1922,12 - December,early,1920s,location,location,not_found,"PLSS not found: missing section, township, range",done,,100,failed,not_found,,,,failed,exception,,failed,exception,,skipped,,,
11704015_ROCK & LILLIE 1_1414158,s3://osu-well-records-225989338968/pdfs/ExportedFolderContents_1/1922/12 - December/11704015_ROCK & LILLIE 1_1414158.pdf,1,1922,12 - December,early,1920s,location,location,not_found,"PLSS not found: missing section, township, range",done,,91,failed,not_found,,,,failed,keyword_not_found,,failed,exception,,skipped,,,
11704377_C S A BINNING 1_1414140,s3://osu-well-records-225989338968/pdfs/ExportedFolderContents_1/1922/12 - December/11704377_C S A BINNING 1_1414140.pdf,1,1922,12 - December,early,1920s,location,location,not_found,"PLSS not found: missing section, township, range",done,,96,failed,not_found,,,,failed,exception,,done,,96,skipped,,,
11903680_N J LAUGHLIN 7_1052842,s3://osu-well-records-225989338968/pdfs/ExportedFolderContents_1/1922/12 - December/11903680_N J LAUGHLIN 7_1052842.pdf,1,1922,12 - December,early,1920s,location,location,not_found,"PLSS not found: missing section, township, range",done,,100,failed,not_found,,,,failed,keyword_not_found,,done,,99,skipped,,,
11903681_N J LAUGHLIN 5_1052852,s3://osu-well-records-225989338968/pdfs/ExportedFolderContents_1/1922/12 - December/11903681_N J LAUGHLIN 5_1052852.pdf,1,1922,12 - December,early,1920s,location,location,not_found,"PLSS not found: missing section, township, range",done,,89,failed,not_found,,,,failed,exception,,done,,99,skipped,,,
12503193_DAVIS 2_588852,s3://osu-well-records-225989338968/pdfs/ExportedFolderContents_1/1922/12 - December/12503193_DAVIS 2_588852.pdf,1,1922,12 - December,early,1920s,location,location,not_found,"PLSS not found: missing section, township, range",done,,91,failed,not_found,,,,failed,keyword_not_found,,done,,99,skipped,,,
12503193_DAVIS 2_588853,s3://osu-well-records-225989338968/pdfs/ExportedFolderContents_1/1922/12 - December/12503193_DAVIS 2_588853.pdf,1,1922,12 - December,early,1920s,location,location,not_found,"PLSS not found: missing section, township, range",done,,91,failed,not_found,,,,failed,keyword_not_found,,done,,99,skipped,,,
13101014_C MAYES 4_1364300,s3://osu-well-records-225989338968/pdfs/ExportedFolderContents_1/1922/12 - December/13101014_C MAYES 4_1364300.pdf,1,1922,12 - December,early,1920s,location,location,not_found,"PLSS not found: missing section, township, range",done,,100,failed,not_found,,,,failed,exception,,done,,99,skipped,,,
13700277_GRAY 1_782095,s3://osu-well-records-225989338968/pdfs/ExportedFolderContents_1/1922/12 - December/13700277_GRAY 1_782095.pdf,1,1922,12 - December,early,1920s,location,location,not_found,"PLSS not found: missing section, township, range",done,,99,failed,not_found,,,,failed,exception,,failed,exception,,skipped,,,
13701102_CANTRELL 16_920290,s3://osu-well-records-225989338968/pdfs/ExportedFolderContents_1/1922/12 - December/13701102_CANTRELL 16_920290.pdf,1,1922,12 - December,early,1920s,location,location,not_found,"PLSS not found: missing section, township, range",done,,98,failed,not_found,,,,failed,exception,,done,,99,skipped,,,
13701508_E T ZIGLER 7_920256,s3://osu-well-records-225989338968/pdfs/ExportedFolderContents_1/1922/12 - December/13701508_E T ZIGLER 7_920256.pdf,1,1922,12 - December,early,1920s,location,location,not_found,"PLSS not found: missing section, township, range",done,,100,failed,not_found,,,,failed,keyword_not_found,,done,,84,skipped,,,
13701508_E T ZIGLER 7_920257,s3://osu-well-records-225989338968/pdfs/ExportedFolderContents_1/1922/12 - December/13701508_E T ZIGLER 7_920257.pdf,1,1922,12 - December,early,1920s,location,location,not_found,"PLSS not found: missing section, township, range",done,,100,failed,not_found,,,,failed,exception,,done,,99,skipped,,,
13701526_JOHNSON 6_920245,s3://osu-well-records-225989338968/pdfs/ExportedFolderContents_1/1922/12 - December/13701526_JOHNSON 6_920245.pdf,1,1922,12 - December,early,1920s,location,location,not_found,"PLSS not found: missing section, township, range",done,,100,failed,not_found,,,,failed,exception,,failed,exception,,skipped,,,
13701555_MARTIN 2_920230,s3://osu-well-records-225989338968/pdfs/ExportedFolderContents_1/1922/12 - December/13701555_MARTIN 2_920230.pdf,1,1922,12 - December,early,1920s,location,location,not_found,"PLSS not found: missing section, township, range",done,,100,failed,not_found,,,,failed,exception,,done,,99,skipped,,,
13701556_ARMSTRONG 1_920320,s3://osu-well-records-225989338968/pdfs/ExportedFolderContents_1/1922/12 - December/13701556_ARMSTRONG 1_920320.pdf,1,1922,12 - December,early,1920s,location,location,not_found,"PLSS not found: missing section, township, range",done,,100,failed,not_found,,,,failed,keyword_not_found,,done,,99,skipped,,,
13701557_J W MARTIN 3_920303,s3://osu-well-records-225989338968/pdfs/ExportedFolderContents_1/1922/12 - December/13701557_J W MARTIN 3_920303.pdf,1,1922,12 - December,early,1920s,location,location,not_found,"PLSS not found: missing section, township, range",done,,99,failed,not_found,,,,failed,exception,,done,,100,skipped,,,
13708928_FRENSLEY & MCCLANAHAN 10_920305,s3://osu-well-records-225989338968/pdfs/ExportedFolderContents_1/1922/12 - December/13708928_FRENSLEY & MCCLANAHAN 10_920305.pdf,1,1922,12 - December,early,1920s,location,location,not_found,"PLSS not found: missing section, township, range",done,,97,failed,not_found,,,,failed,exception,,done,,98,skipped,,,
13708929_FRENSLEY & MCCLANEHAN 10_920306,s3://osu-well-records-225989338968/pdfs/ExportedFolderContents_1/1922/12 - December/13708929_FRENSLEY & MCCLANEHAN 10_920306.pdf,1,1922,12 - December,early,1920s,location,location,not_found,"PLSS not found: missing section, township, range",done,,99,failed,not_found,,,,failed,keyword_not_found,,failed,exception,,skipped,,,
13709088_WM ELMORE 24 DD_920261,s3://osu-well-records-225989338968/pdfs/ExportedFolderContents_1/1922/12 - December/13709088_WM ELMORE 24 DD_920261.pdf,1,1922,12 - December,early,1920s,location,location,not_found,"PLSS not found: missing section, township, range",done,,100,failed,not_found,,,,failed,exception,,failed,exception,,skipped,,,
13709632_J R FUNK 10_782084,s3://osu-well-records-225989338968/pdfs/ExportedFolderContents_1/1922/12 - December/13709632_J R FUNK 10_782084.pdf,1,1922,12 - December,early,1920s,location,location,not_found,"PLSS not found: missing section, township, range",done,,94,failed,not_found,,,,failed,keyword_not_found,,failed,exception,,skipped,,,
13709800_GANT YOUNG 4_782078,s3://osu-well-records-225989338968/pdfs/ExportedFolderContents_1/1922/12 - December/13709800_GANT YOUNG 4_782078.pdf,1,1922,12 - December,early,1920s,location,location,not_found,"PLSS not found: missing section, township, range",done,,98,failed,not_found,,,,failed,exception,,failed,exception,,skipped,,,
13709926_MORGAN 1 C_782106,s3://osu-well-records-225989338968/pdfs/ExportedFolderContents_1/1922/12 - December/13709926_MORGAN 1 C_782106.pdf,1,1922,12 - December,early,1920s,location,location,not_found,"PLSS not found: missing section, township, range",done,,93,failed,not_found,,,,failed,keyword_not_found,,failed,exception,,skipped,,,
13710676_COBB B-8_5704295,s3://osu-well-records-225989338968/pdfs/ExportedFolderContents_1/1922/12 - December/13710676_COBB B-8_5704295.pdf,1,1922,12 - December,early,1920s,location,location,not_found,"PLSS not found: missing section, township, range",done,,99,failed,not_found,,,,failed,exception,,failed,exception,,skipped,,,
13710676_COBB B-8_920309,s3://osu-well-records-225989338968/pdfs/ExportedFolderContents_1/1922/12 - December/13710676_COBB B-8_920309.pdf,1,1922,12 - December,early,1920s,location,location,not_found,"PLSS not found: missing section, township, range",done,,99,failed,not_found,,,,failed,exception,,done,,99,skipped,,,
13711193_HOLMAN ET AL 1_920280,s3://osu-well-records-225989338968/pdfs/ExportedFolderContents_1/1922/12 - December/13711193_HOLMAN ET AL 1_920280.pdf,1,1922,12 - December,early,1920s,location,location,not_found,"PLSS not found: missing section, township, range",done,,99,failed,not_found,,,,failed,keyword_not_found,,done,,99,skipped,,,
13711395_BURKLEO 2-A_920260,s3://osu-well-records-225989338968/pdfs/ExportedFolderContents_1/1922/12 - December/13711395_BURKLEO 2-A_920260.pdf,1,1922,12 - December,early,1920s,location,location,not_found,"PLSS not found: missing section, township, range",done,,100,failed,not_found,,,,failed,exception,,failed,exception,,skipped,,,
13712124_CROSBIE 3_920265,s3://osu-well-records-225989338968/pdfs/ExportedFolderContents_1/1922/12 - December/13712124_CROSBIE 3_920265.pdf,1,1922,12 - December,early,1920s,location,location,not_found,"PLSS not found: missing section, township, range",done,,98,failed,not_found,,,,failed,exception,,done,,98,skipped,,,
13712124_CROSBIE 3_920266,s3://osu-well-records-225989338968/pdfs/ExportedFolderContents_1/1922/12 - December/13712124_CROSBIE 3_920266.pdf,1,1922,12 - December,early,1920s,location,location,not_found,"PLSS not found: missing section, township, range",done,,100,failed,not_found,,,,failed,keyword_not_found,,done,,98,skipped,,,
13712345_W B GREEN 14_920317,s3://osu-well-records-225989338968/pdfs/ExportedFolderContents_1/1922/12 - December/13712345_W B GREEN 14_920317.pdf,1,1922,12 - December,early,1920s,location,location,not_found,"PLSS not found: missing section, township, range",done,,100,failed,not_found,,,,failed,exception,,done,,90,skipped,,,
13712345_W B GREEN 14_920318,s3://osu-well-records-225989338968/pdfs/ExportedFolderContents_1/1922/12 - December/13712345_W B GREEN 14_920318.pdf,1,1922,12 - December,early,1920s,location,location,not_found,"PLSS not found: missing section, township, range",done,,99,failed,not_found,,,,failed,exception,,done,,99,skipped,,,
13712370_SMITH 5_920321,s3://osu-well-records-225989338968/pdfs/ExportedFolderContents_1/1922/12 - December/13712370_SMITH 5_920321.pdf,1,1922,12 - December,early,1920s,location,location,not_found,"PLSS not found: missing section, township, range",done,,99,failed,not_found,,,,failed,exception,,done,,96,skipped,,,
13712555_ED MARTIN 2_920314,s3://osu-well-records-225989338968/pdfs/ExportedFolderContents_1/1922/12 - December/13712555_ED MARTIN 2_920314.pdf,1,1922,12 - December,early,1920s,location,location,not_found,"PLSS not found: missing section, township, range",done,,100,failed,not_found,,,,failed,keyword_not_found,,done,,99,skipped,,,
13712555_ED MARTIN 2_920316,s3://osu-well-records-225989338968/pdfs/ExportedFolderContents_1/1922/12 - December/13712555_ED MARTIN 2_920316.pdf,1,1922,12 - December,early,1920s,location,location,not_found,"PLSS not found: missing section, township, range",done,,100,failed,not_found,,,,failed,exception,,failed,exception,,skipped,,,
13712567_NICHOLS-FRENSLEY 10_920239,s3://osu-well-records-225989338968/pdfs/ExportedFolderContents_1/1922/12 - December/13712567_NICHOLS-FRENSLEY 10_920239.pdf,1,1922,12 - December,early,1920s,location,location,not_found,"PLSS not found: missing section, township, range",done,,99,failed,not_found,,,,failed,exception,,done,,99,skipped,,,
13712576_FRENSLEY 5_920251,s3://osu-well-records-225989338968/pdfs/ExportedFolderContents_1/1922/12 - December/13712576_FRENSLEY 5_920251.pdf,1,1922,12 - December,early,1920s,location,location,not_found,"PLSS not found: missing section, township, range",done,,98,failed,not_found,,,,failed,exception,,failed,exception,,skipped,,,
13712576_FRENSLEY 5_920252,s3://osu-well-records-225989338968/pdfs/ExportedFolderContents_1/1922/12 - December/13712576_FRENSLEY 5_920252.pdf,1,1922,12 - December,early,1920s,location,location,not_found,"PLSS not found: missing section, township, range",done,,100,failed,not_found,,,,failed,keyword_not_found,,done,,99,skipped,,,
13712577_FRENSLEY 6_920284,s3://osu-well-records-225989338968/pdfs/ExportedFolderContents_1/1922/12 - December/13712577_FRENSLEY 6_920284.pdf,1,1922,12 - December,early,1920s,location,location,not_found,"PLSS not found: missing section, township, range",done,,100,failed,not_found,,,,failed,keyword_not_found,,done,,100,skipped,,,
13712577_FRENSLEY 6_920285,s3://osu-well-records-225989338968/pdfs/ExportedFolderContents_1/1922/12 - December/13712577_FRENSLEY 6_920285.pdf,1,1922,12 - December,early,1920s,location,location,not_found,"PLSS not found: missing section, township, range",done,,99,failed,not_found,,,,failed,exception,,done,,99,skipped,,,
13712709_J D WADE 2_920296,s3://osu-well-records-225989338968/pdfs/ExportedFolderContents_1/1922/12 - December/13712709_J D WADE 2_920296.pdf,1,1922,12 - December,early,1920s,location,location,not_found,"PLSS not found: missing section, township, range",done,,96,failed,not_found,,,,failed,keyword_not_found,,done,,99,skipped,,,
13712715_BRITTAIN 4_920294,s3://osu-well-records-225989338968/pdfs/ExportedFolderContents_1/1922/12 - December/13712715_BRITTAIN 4_920294.pdf,1,1922,12 - December,early,1920s,location,location,not_found,"PLSS not found: missing section, township, range",done,,90,failed,not_found,,,,failed,exception,,done,,98,skipped,,,
13712745_BRITTAIN 2_920289,s3://osu-well-records-225989338968/pdfs/ExportedFolderContents_1/1922/12 - December/13712745_BRITTAIN 2_920289.pdf,1,1922,12 - December,early,1920s,location,location,not_found,"PLSS not found: missing section, township, range",done,,99,failed,not_found,,,,failed,exception,,failed,exception,,skipped,,,
13713105_C T GLASS 24_920267,s3://osu-well-records-225989338968/pdfs/ExportedFolderContents_1/1922/12 - December/13713105_C T GLASS 24_920267.pdf,1,1922,12 - December,early,1920s,location,location,not_found,"PLSS not found: missing section, township, range",done,,100,failed,not_found,,,,failed,exception,,done,,95,skipped,,,
13713310_ROSA BROOKS 4_920304,s3://osu-well-records-225989338968/pdfs/ExportedFolderContents_1/1922/12 - December/13713310_ROSA BROOKS 4_920304.pdf,1,1922,12 - December,early,1920s,location,location,not_found,"PLSS not found: missing section, township, range",done,,99,failed,not_found,,,,failed,exception,,done,,94,skipped,,,
13713455_BEULAH A WARDEN _A_ 5_920243,s3://osu-well-records-225989338968/pdfs/ExportedFolderContents_1/1922/12 - December/13713455_BEULAH A WARDEN _A_ 5_920243.pdf,1,1922,12 - December,early,1920s,location,location,not_found,"PLSS not found: missing section, township, range",done,,96,failed,not_found,,,,failed,exception,,done,,99,skipped,,,
13713455_BEULAH A WARDEN _A_ 5_920244,s3://osu-well-records-225989338968/pdfs/ExportedFolderContents_1/1922/12 - December/13713455_BEULAH A WARDEN _A_ 5_920244.pdf,1,1922,12 - December,early,1920s,location,location,not_found,"PLSS not found: missing section, township, range",done,,100,failed,not_found,,,,failed,exception,,done,,99,skipped,,,
13714029_FRENSLEY 10_920222,s3://osu-well-records-225989338968/pdfs/ExportedFolderContents_1/1922/12 - December/13714029_FRENSLEY 10_920222.pdf,1,1922,12 - December,early,1920s,location,location,not_found,"PLSS not found: missing section, township, range",done,,100,failed,not_found,,,,failed,exception,,done,,99,skipped,,,
13714029_FRENSLEY 10_920224,s3://osu-well-records-225989338968/pdfs/ExportedFolderContents_1/1922/12 - December/13714029_FRENSLEY 10_920224.pdf,1,1922,12 - December,early,1920s,location,location,not_found,"PLSS not found: missing section, township, range",done,,99,failed,not_found,,,,failed,keyword_not_found,,done,,99,skipped,,,
13714037_STEIFEL 5_920312,s3://osu-well-records-225989338968/pdfs/ExportedFolderContents_1/1922/12 - December/13714037_STEIFEL 5_920312.pdf,1,1922,12 - December,early,1920s,location,location,not_found,"PLSS not found: missing section, township, range",done,,100,failed,not_found,,,,failed,keyword_not_found,,done,,98,skipped,,,
35037761820000_HAGER JACKSON 5 1ST HOLE_14328650,s3://osu-well-records-225989338968/pdfs/ExportedFolderContents_1/1922/12 - December/35037761820000_HAGER JACKSON 5 1ST HOLE_14328650.pdf,1,1922,12 - December,early,1920s,location,location,not_found,"PLSS not found: missing section, township, range",done,,99,failed,not_found,,,,failed,exception,,done,,98,skipped,,,
35047023380000_J H LYNDS 11_8001215,s3://osu-well-records-225989338968/pdfs/ExportedFolderContents_1/1922/12 - December/35047023380000_J H LYNDS 11_8001215.pdf,1,1922,12 - December,early,1920s,location,location,not_found,"PLSS not found: missing section, township, range",done,,100,failed,not_found,,,,failed,keyword_not_found,,done,,99,skipped,,,
35049006590000_COWAN 16_1843839,s3://osu-well-records-225989338968/pdfs/ExportedFolderContents_1/1922/12 - December/35049006590000_COWAN 16_1843839.pdf,1,1922,12 - December,early,1920s,location,location,not_found,"PLSS not found: missing section, township, range",done,,100,failed,not_found,,,,failed,keyword_not_found,,done,,99,skipped,,,
35049006600000_M L COWAN 1_1843819,s3://osu-well-records-225989338968/pdfs/ExportedFolderContents_1/1922/12 - December/35049006600000_M L COWAN 1_1843819.pdf,1,1922,12 - December,early,1920s,location,location,not_found,"PLSS not found: missing section, township, range",done,,99,failed,not_found,,,,failed,keyword_not_found,,failed,exception,,skipped,,,
35063042810000_BUCK 1_1495847,s3://osu-well-records-225989338968/pdfs/ExportedFolderContents_1/1922/12 - December/35063042810000_BUCK 1_1495847.pdf,1,1922,12 - December,early,1920s,location,location,not_found,"PLSS not found: missing section, township, range",done,,99,failed,not_found,,,,failed,exception,,done,,98,skipped,,,
35063042810000_BUCK 1_2003801,s3://osu-well-records-225989338968/pdfs/ExportedFolderContents_1/1922/12 - December/35063042810000_BUCK 1_2003801.pdf,1,1922,12 - December,early,1920s,location,location,not_found,"PLSS not found: missing section, township, range",done,,99,failed,not_found,,,,failed,exception,,done,,98,skipped,,,
35071027160000_IDA TETIRCLY 1_2288272,s3://osu-well-records-225989338968/pdfs/ExportedFolderContents_1/1922/12 - December/35071027160000_IDA TETIRCLY 1_2288272.pdf,1,1922,12 - December,early,1920s,location,location,not_found,"PLSS not found: missing section, township, range",done,,99,failed,not_found,,,,failed,exception,,failed,exception,,skipped,,,
35091009990000_M V MCINTOSH 2_2003741,s3://osu-well-records-225989338968/pdfs/ExportedFolderContents_1/1922/12 - December/35091009990000_M V MCINTOSH 2_2003741.pdf,1,1922,12 - December,early,1920s,location,location,not_found,"PLSS not found: missing section, township, range",done,,94,failed,not_found,,,,failed,keyword_not_found,,failed,exception,,skipped,,,
35101012300000_CURRAN 2_2364114,s3://osu-well-records-225989338968/pdfs/ExportedFolderContents_1/1922/12 - December/35101012300000_CURRAN 2_2364114.pdf,1,1922,12 - December,early,1920s,location,location,not_found,"PLSS not found: missing section, township, range",done,,100,failed,not_found,,,,done,,Muskogee County,failed,exception,,skipped,,,
35101021080000_LIDDIE HOWARD 2_2364078,s3://osu-well-records-225989338968/pdfs/ExportedFolderContents_1/1922/12 - December/35101021080000_LIDDIE HOWARD 2_2364078.pdf,1,1922,12 - December,early,1920s,location,location,not_found,"PLSS not found: missing section, township, range",done,,100,failed,not_found,,,,failed,keyword_not_found,,done,,93,skipped,,,
35103026590000_W J NEIL 12_8001195,s3://osu-well-records-225989338968/pdfs/ExportedFolderContents_1/1922/12 - December/35103026590000_W J NEIL 12_8001195.pdf,1,1922,12 - December,early,1920s,location,location,not_found,"PLSS not found: missing section, township, range",done,,99,failed,not_found,,,,failed,keyword_not_found,,done,,98,skipped,,,
35103031210000_CARMICHAEL 1-A_8001214,s3://osu-well-records-225989338968/pdfs/ExportedFolderContents_1/1922/12 - December/35103031210000_CARMICHAEL 1-A_8001214.pdf,1,1922,12 - December,early,1920s,location,location,not_found,"PLSS not found: missing section, township, range",done,,100,failed,not_found,,,,failed,keyword_not_found,,done,,99,skipped,,,
35103031290000_J CARMICHAEL 3-A_3167704,s3://osu-well-records-225989338968/pdfs/ExportedFolderContents_1/1922/12 - December/35103031290000_J CARMICHAEL 3-A_3167704.pdf,1,1922,12 - December,early,1920s,location,location,not_found,"PLSS not found: missing section, township, range",done,,100,failed,not_found,,,,failed,keyword_not_found,,failed,exception,,skipped,,,
35103031290000_J CARMICHAEL 3-A_8001205,s3://osu-well-records-225989338968/pdfs/ExportedFolderContents_1/1922/12 - December/35103031290000_J CARMICHAEL 3-A_8001205.pdf,1,1922,12 - December,early,1920s,location,location,not_found,"PLSS not found: missing section, township, range",done,,100,failed,not_found,,,,failed,exception,,done,,99,skipped,,,
35103031310000_J CARMICHAEL 4_8001189,s3://osu-well-records-225989338968/pdfs/ExportedFolderContents_1/1922/12 - December/35103031310000_J CARMICHAEL 4_8001189.pdf,1,1922,12 - December,early,1920s,location,location,not_found,"PLSS not found: missing section, township, range",done,,92,failed,not_found,,,,failed,keyword_not_found,,done,,100,skipped,,,
35107028510000_FLOYD FIELDS 2_2003786,s3://osu-well-records-225989338968/pdfs/ExportedFolderContents_1/1922/12 - December/35107028510000_FLOYD FIELDS 2_2003786.pdf,1,1922,12 - December,early,1920s,location,location,not_found,"PLSS not found: missing section, township, range",done,,99,failed,not_found,,,,failed,exception,,done,,99,skipped,,,
35107029350000_WILSON 1_2003688,s3://osu-well-records-225989338968/pdfs/ExportedFolderContents_1/1922/12 - December/35107029350000_WILSON 1_2003688.pdf,1,1922,12 - December,early,1920s,location,location,not_found,"PLSS not found: missing section, township, range",done,,100,failed,not_found,,,,failed,exception,,failed,exception,,skipped,,,
35107033560000_EDNA MAY HAWKINS 3_1495837,s3://osu-well-records-225989338968/pdfs/ExportedFolderContents_1/1922/12 - December/35107033560000_EDNA MAY HAWKINS 3_1495837.pdf,1,1922,12 - December,early,1920s,location,location,not_found,"PLSS not found: missing section, township, range",done,,100,failed,not_found,,,,failed,exception,,failed,exception,,skipped,,,
35107033560000_EDNA MAY HAWKINS 3_2003634,s3://osu-well-records-225989338968/pdfs/ExportedFolderContents_1/1922/12 - December/35107033560000_EDNA MAY HAWKINS 3_2003634.pdf,1,1922,12 - December,early,1920s,location,location,not_found,"PLSS not found: missing section, township, range",done,,100,failed,not_found,,,,failed,exception,,failed,exception,,skipped,,,
35107053980000_REESE-PALMER 1_2003709,s3://osu-well-records-225989338968/pdfs/ExportedFolderContents_1/1922/12 - December/35107053980000_REESE-PALMER 1_2003709.pdf,1,1922,12 - December,early,1920s,location,location,not_found,"PLSS not found: missing section, township, range",done,,100,failed,not_found,,,,failed,exception,,failed,exception,,skipped,,,
35111020330000_PETTINGER 1_2003636,s3://osu-well-records-225989338968/pdfs/ExportedFolderContents_1/1922/12 - December/35111020330000_PETTINGER 1_2003636.pdf,1,1922,12 - December,early,1920s,location,location,not_found,"PLSS not found: missing section, township, range",done,,100,failed,not_found,,,,failed,exception,,done,,99,skipped,,,
35111046740000_GEIGER 2_2003770,s3://osu-well-records-225989338968/pdfs/ExportedFolderContents_1/1922/12 - December/35111046740000_GEIGER 2_2003770.pdf,1,1922,12 - December,early,1920s,location,location,not_found,"PLSS not found: missing section, township, range",done,,99,failed,not_found,,,,failed,exception,,done,,98,skipped,,,
35111055290000_SISSIE RABBITT 1_2003592,s3://osu-well-records-225989338968/pdfs/ExportedFolderContents_1/1922/12 - December/35111055290000_SISSIE RABBITT 1_2003592.pdf,1,1922,12 - December,early,1920s,location,location,not_found,"PLSS not found: missing section, township, range",done,,100,failed,not_found,,,,failed,exception,,done,,99,skipped,,,
35111055310000_CLARETTA JACKSON 3_2003694,s3://osu-well-records-225989338968/pdfs/ExportedFolderContents_1/1922/12 - December/35111055310000_CLARETTA JACKSON 3_2003694.pdf,1,1922,12 - December,early,1920s,location,location,not_found,"PLSS not found: missing section, township, range",done,,99,failed,not_found,,,,failed,exception,,done,,99,skipped,,,
35111078970000_G BUSBY 1_2003725,s3://osu-well-records-225989338968/pdfs/ExportedFolderContents_1/1922/12 - December/35111078970000_G BUSBY 1_2003725.pdf,1,1922,12 - December,early,1920s,location,location,not_found,"PLSS not found: missing section, township, range",done,,96,failed,not_found,,,,failed,exception,,failed,exception,,skipped,,,
35111081980000_WP MORTON 1_1384713,s3://osu-well-records-225989338968/pdfs/ExportedFolderContents_1/1922/12 - December/35111081980000_WP MORTON 1_1384713.pdf,1,1922,12 - December,early,1920s,location,location,not_found,"PLSS not found: missing section, township, range",done,,100,failed,not_found,,,,failed,keyword_not_found,,failed,exception,,skipped,,,
35111081980000_WP MORTON 1_2003646,s3://osu-well-records-225989338968/pdfs/ExportedFolderContents_1/1922/12 - December/35111081980000_WP MORTON 1_2003646.pdf,1,1922,12 - December,early,1920s,location,location,not_found,"PLSS not found: missing section, township, range",done,,100,failed,not_found,,,,failed,keyword_not_found,,failed,exception,,skipped,,,
35111082170000_DAVIDSON 1_1384744,s3://osu-well-records-225989338968/pdfs/ExportedFolderContents_1/1922/12 - December/35111082170000_DAVIDSON 1_1384744.pdf,1,1922,12 - December,early,1920s,location,location,not_found,"PLSS not found: missing section, township, range",done,,100,failed,not_found,,,,failed,exception,,done,,98,skipped,,,
35111082170000_DAVIDSON 1_2003820,s3://osu-well-records-225989338968/pdfs/ExportedFolderContents_1/1922/12 - December/35111082170000_DAVIDSON 1_2003820.pdf,1,1922,12 - December,early,1920s,location,location,not_found,"PLSS not found: missing section, township, range",done,,100,failed,not_found,,,,failed,exception,,done,,98,skipped,,,
35111084490000_IDA RANDALL 6_2003658,s3://osu-well-records-225989338968/pdfs/ExportedFolderContents_1/1922/12 - December/35111084490000_IDA RANDALL 6_2003658.pdf,1,1922,12 - December,early,1920s,location,location,not_found,"PLSS not found: missing section, township, range",done,,100,failed,not_found,,,,failed,keyword_not_found,,done,,99,skipped,,,
35111084530000_BUNNY WEBSTER 1_2003780,s3://osu-well-records-225989338968/pdfs/ExportedFolderContents_1/1922/12 - December/35111084530000_BUNNY WEBSTER 1_2003780.pdf,1,1922,12 - December,early,1920s,location,location,not_found,"PLSS not found: missing section, township, range",done,,100,failed,not_found,,,,failed,exception,,failed,exception,,skipped,,,
35111086170000_E HOLMES 15_2003535,s3://osu-well-records-225989338968/pdfs/ExportedFolderContents_1/1922/12 - December/35111086170000_E HOLMES 15_2003535.pdf,1,1922,12 - December,early,1920s,location,location,not_found,"PLSS not found: missing section, township, range",done,,100,failed,not_found,,,,failed,keyword_not_found,,done,,98,skipped,,,
35111086230000_E HOLMES 3_2003534,s3://osu-well-records-225989338968/pdfs/ExportedFolderContents_1/1922/12 - December/35111086230000_E HOLMES 3_2003534.pdf,1,1922,12 - December,early,1920s,location,location,not_found,"PLSS not found: missing section, township, range",done,,99,failed,not_found,,,,failed,exception,,done,,98,skipped,,,
35111086450000_MANLEY 1_2003599,s3://osu-well-records-225989338968/pdfs/ExportedFolderContents_1/1922/12 - December/35111086450000_MANLEY 1_2003599.pdf,1,1922,12 - December,early,1920s,location,location,not_found,"PLSS not found: missing section, township, range",done,,99,failed,not_found,,,,failed,exception,,done,,79,skipped,,,
35111086480000_PIPPIN W M 2_2003583,s3://osu-well-records-225989338968/pdfs/ExportedFolderContents_1/1922/12 - December/35111086480000_PIPPIN W M 2_2003583.pdf,1,1922,12 - December,early,1920s,location,location,not_found,"PLSS not found: missing section, township, range",done,,100,failed,not_found,,,,failed,keyword_not_found,,failed,exception,,skipped,,,
35111086480000_PIPPIN W M 2_2003587,s3://osu-well-records-225989338968/pdfs/ExportedFolderContents_1/1922/12 - December/35111086480000_PIPPIN W M 2_2003587.pdf,1,1922,12 - December,early,1920s,location,location,not_found,"PLSS not found: missing section, township, range",done,,100,failed,not_found,,,,failed,keyword_not_found,,failed,exception,,skipped,,,
35111099320000_PRIMROSE1_2003700,s3://osu-well-records-225989338968/pdfs/ExportedFolderContents_1/1922/12 - December/35111099320000_PRIMROSE1_2003700.pdf,1,1922,12 - December,early,1920s,location,location,not_found,"PLSS not found: missing section, township, range",done,,98,failed,not_found,,,,failed,exception,,done,,99,skipped,,,
35111099540000_WOODMAN 2_2003734,s3://osu-well-records-225989338968/pdfs/ExportedFolderContents_1/1922/12 - December/35111099540000_WOODMAN 2_2003734.pdf,1,1922,12 - December,early,1920s,location,location,not_found,"PLSS not found: missing section, township, range",done,,99,failed,not_found,,,,failed,exception,,done,,98,skipped,,,
3511111210_MCKEE_2003561,s3://osu-well-records-225989338968/pdfs/ExportedFolderContents_1/1922/12 - December/3511111210_MCKEE_2003561.pdf,1,1922,12 - December,early,1920s,location,location,not_found,"PLSS not found: missing section, township, range",done,,100,failed,not_found,,,,failed,exception,,failed,exception,,skipped,,,
3511111210_MCKEE_2003563,s3://osu-well-records-225989338968/pdfs/ExportedFolderContents_1/1922/12 - December/3511111210_MCKEE_2003563.pdf,1,1922,12 - December,early,1920s,location,location,not_found,"PLSS not found: missing section, township, range",done,,100,failed,not_found,,,,failed,exception,,failed,exception,,skipped,,,
35119024820000_WM DRIGGS 1_2003704,s3://osu-well-records-225989338968/pdfs/ExportedFolderContents_1/1922/12 - December/35119024820000_WM DRIGGS 1_2003704.pdf,1,1922,12 - December,early,1920s,location,location,not_found,"PLSS not found: missing section, township, range",done,,99,failed,not_found,,,,failed,keyword_not_found,,done,,99,skipped,,,
35119024940000_W A DRIGGS 1_2003568,s3://osu-well-records-225989338968/pdfs/ExportedFolderContents_1/1922/12 - December/35119024940000_W A DRIGGS 1_2003568.pdf,1,1922,12 - December,early,1920s,location,location,not_found,"PLSS not found: missing section, township, range",done,,100,failed,not_found,,,,failed,keyword_not_found,,done,,98,skipped,,,
35131012320000_CRIVIS 1_2464410,s3://osu-well-records-225989338968/pdfs/ExportedFolderContents_1/1922/12 - December/35131012320000_CRIVIS 1_2464410.pdf,1,1922,12 - December,early,1920s,location,location,not_found,"PLSS not found: missing section, township, range",done,,91,failed,not_found,,,,failed,exception,,failed,exception,,skipped,,,
35131017010000_H H KEITH 1_2464447,s3://osu-well-records-225989338968/pdfs/ExportedFolderContents_1/1922/12 - December/35131017010000_H H KEITH 1_2464447.pdf,1,1922,12 - December,early,1920s,location,location,not_found,"PLSS not found: missing section, township, range",done,,100,failed,not_found,,,,failed,keyword_not_found,,done,,94,skipped,,,
35131018520000_LOWRY 1_2464455,s3://osu-well-records-225989338968/pdfs/ExportedFolderContents_1/1922/12 - December/35131018520000_LOWRY 1_2464455.pdf,1,1922,12 - December,early,1920s,location,location,not_found,"PLSS not found: missing section, township, range",done,,93,failed,not_found,,,,failed,exception,,done,,100,skipped,,,
35137015910000_D D MCDONALD 1_1696394,s3://osu-well-records-225989338968/pdfs/ExportedFolderContents_1/1922/12 - December/35137015910000_D D MCDONALD 1_1696394.pdf,1,1922,12 - December,early,1920s,location,location,not_found,"PLSS not found: missing section, township, range",done,,99,failed,not_found,,,,failed,exception,,done,,97,skipped,,,
35137109680000_BALDWIN 4_1696377,s3://osu-well-records-225989338968/pdfs/ExportedFolderContents_1/1922/12 - December/35137109680000_BALDWIN 4_1696377.pdf,1,1922,12 - December,early,1920s,location,location,not_found,"PLSS not found: missing section, township, range",done,,98,failed,not_found,,,,failed,keyword_not_found,,failed,exception,,skipped,,,
35137110400000_WM ELMORE 1_1696386,s3://osu-well-records-225989338968/pdfs/ExportedFolderContents_1/1922/12 - December/35137110400000_WM ELMORE 1_1696386.pdf,1,1922,12 - December,early,1920s,location,location,not_found,"PLSS not found: missing section, township, range",done,,99,failed,not_found,,,,failed,keyword_not_found,,done,,98,skipped,,,
35143037700000_C A MAYO 1_2003533,s3://osu-well-records-225989338968/pdfs/ExportedFolderContents_1/1922/12 - December/35143037700000_C A MAYO 1_2003533.pdf,1,1922,12 - December,early,1920s,location,location,not_found,"PLSS not found: missing section, township, range",done,,100,failed,not_found,,,,failed,exception,,done,,99,skipped,,,
35143044000000_ADA MINTON 3_2003774,s3://osu-well-records-225989338968/pdfs/ExportedFolderContents_1/1922/12 - December/35143044000000_ADA MINTON 3_2003774.pdf,1,1922,12 - December,early,1920s,location,location,not_found,"PLSS not found: missing section, township, range",done,,98,failed,not_found,,,,failed,exception,,done,,99,skipped,,,
35143051720000_HEIRS BETTIE CANOE 1_2288333,s3://osu-well-records-225989338968/pdfs/ExportedFolderContents_1/1922/12 - December/35143051720000_HEIRS BETTIE CANOE 1_2288333.pdf,1,1922,12 - December,early,1920s,location,location,not_found,"PLSS not found: missing section, township, range",done,,100,failed,not_found,,,,failed,exception,,failed,exception,,skipped,,,
35147035240000_J D HICKS_2288311,s3://osu-well-records-225989338968/pdfs/ExportedFolderContents_1/1922/12 - December/35147035240000_J D HICKS_2288311.pdf,1,1922,12 - December,early,1920s,location,location,not_found,"PLSS not found: missing section, township, range",done,,89,failed,not_found,,,,failed,keyword_not_found,,failed,exception,,skipped,,,
35147037670000_GILCHRIST H M_8062855,s3://osu-well-records-225989338968/pdfs/ExportedFolderContents_1/1922/12 - December/35147037670000_GILCHRIST H M_8062855.pdf,1,1922,12 - December,early,1920s,location,location,not_found,"PLSS not found: missing section, township, range",done,,96,failed,not_found,,,,failed,exception,,done,,99,skipped,,,
OKMULGEE_BAKER 1_2003662,s3://osu-well-records-225989338968/pdfs/ExportedFolderContents_1/1922/12 - December/OKMULGEE_BAKER 1_2003662.pdf,1,1922,12 - December,early,1920s,location,location,not_found,"PLSS not found: missing section, township, range",done,,99,failed,not_found,,,,failed,exception,,done,,99,skipped,,,
OKMULGEE_BAKER MILLIKEN 1_2003665,s3://osu-well-records-225989338968/pdfs/ExportedFolderContents_1/1922/12 - December/OKMULGEE_BAKER MILLIKEN 1_2003665.pdf,1,1922,12 - December,early,1920s,location,location,not_found,"PLSS not found: missing section, township, range",done,,100,failed,not_found,,,,failed,exception,,done,,99,skipped,,,
OSAGE_J A MOORE 8_2288337,s3://osu-well-records-225989338968/pdfs/ExportedFolderContents_1/1922/12 - December/OSAGE_J A MOORE 8_2288337.pdf,1,1922,12 - December,early,1920s,location,location,not_found,"PLSS not found: missing section, township, range",done,,100,failed,not_found,,,,failed,exception,,failed,exception,,skipped,,,
OSAGE_LOUISE WHEELER 8_2003683,s3://osu-well-records-225989338968/pdfs/ExportedFolderContents_1/1922/12 - December/OSAGE_LOUISE WHEELER 8_2003683.pdf,1,1922,12 - December,early,1920s,location,location,not_found,"PLSS not found: missing section, township, range",done,,100,failed,not_found,,,,failed,exception,,done,,99,skipped,,,
OSAGE_TRACT 29 13_2288295,s3://osu-well-records-225989338968/pdfs/ExportedFolderContents_1/1922/12 - December/OSAGE_TRACT 29 13_2288295.pdf,1,1922,12 - December,early,1920s,location,location,not_found,"PLSS not found: missing section, township, range",done,,100,failed,not_found,,,,failed,keyword_not_found,,done,,99,skipped,,,
X_A L NIMS 1_920299,s3://osu-well-records-225989338968/pdfs/ExportedFolderContents_1/1922/12 - December/X_A L NIMS 1_920299.pdf,1,1922,12 - December,early,1920s,location,location,not_found,"PLSS not found: missing section, township, range",done,,100,failed,not_found,,,,failed,keyword_not_found,,failed,exception,,skipped,,,
X_A L NIMS 1_920300,s3://osu-well-records-225989338968/pdfs/ExportedFolderContents_1/1922/12 - December/X_A L NIMS 1_920300.pdf,1,1922,12 - December,early,1920s,location,location,not_found,"PLSS not found: missing section, township, range",done,,98,failed,not_found,,,,failed,exception,,failed,exception,,skipped,,,
X_A L NIMS 1_920301,s3://osu-well-records-225989338968/pdfs/ExportedFolderContents_1/1922/12 - December/X_A L NIMS 1_920301.pdf,1,1922,12 - December,early,1920s,location,location,not_found,"PLSS not found: missing section, township, range",done,,100,failed,not_found,,,,failed,exception,,done,,99,skipped,,,
X_A. TABORN 3_2003692,s3://osu-well-records-225989338968/pdfs/ExportedFolderContents_1/1922/12 - December/X_A. TABORN 3_2003692.pdf,1,1922,12 - December,early,1920s,location,location,not_found,"PLSS not found: missing section, township, range",done,,99,failed,not_found,,,,failed,exception,,failed,exception,,skipped,,,
X_C A S BINNING 1_2288277,s3://osu-well-records-225989338968/pdfs/ExportedFolderContents_1/1922/12 - December/X_C A S BINNING 1_2288277.pdf,1,1922,12 - December,early,1920s,location,location,not_found,"PLSS not found: missing section, township, range",done,,90,failed,not_found,,,,failed,keyword_not_found,,failed,exception,,skipped,,,
X_COURTNEY 1_782079,s3://osu-well-records-225989338968/pdfs/ExportedFolderContents_1/1922/12 - December/X_COURTNEY 1_782079.pdf,1,1922,12 - December,early,1920s,location,location,not_found,"PLSS not found: missing section, township, range",done,,99,failed,not_found,,,,failed,exception,,done,,99,skipped,,,
X_D TIGER 4_1384742,s3://osu-well-records-225989338968/pdfs/ExportedFolderContents_1/1922/12 - December/X_D TIGER 4_1384742.pdf,1,1922,12 - December,early,1920s,location,location,not_found,"PLSS not found: missing section, township, range",done,,100,failed,not_found,,,,failed,keyword_not_found,,done,,98,skipped,,,
X_D TIGER 4_2003810,s3://osu-well-records-225989338968/pdfs/ExportedFolderContents_1/1922/12 - December/X_D TIGER 4_2003810.pdf,1,1922,12 - December,early,1920s,location,location,not_found,"PLSS not found: missing section, township, range",done,,100,failed,not_found,,,,failed,keyword_not_found,,done,,98,skipped,,,
X_DANIELS 1_2003580,s3://osu-well-records-225989338968/pdfs/ExportedFolderContents_1/1922/12 - December/X_DANIELS 1_2003580.pdf,1,1922,12 - December,early,1920s,location,location,not_found,"PLSS not found: missing section, township, range",done,,100,failed,not_found,,,,failed,keyword_not_found,,done,,99,skipped,,,
X_DOC. WILLIAMS 2_2003689,s3://osu-well-records-225989338968/pdfs/ExportedFolderContents_1/1922/12 - December/X_DOC. WILLIAMS 2_2003689.pdf,1,1922,12 - December,early,1920s,location,location,not_found,"PLSS not found: missing section, township, range",done,,100,failed,not_found,,,,failed,exception,,failed,exception,,skipped,,,
X_DOC. WILLIAMS 2_2003699,s3://osu-well-records-225989338968/pdfs/ExportedFolderContents_1/1922/12 - December/X_DOC. WILLIAMS 2_2003699.pdf,1,1922,12 - December,early,1920s,location,location,not_found,"PLSS not found: missing section, township, range",done,,100,failed,not_found,,,,failed,exception,,failed,exception,,skipped,,,
X_F LONG 11_2464415,s3://osu-well-records-225989338968/pdfs/ExportedFolderContents_1/1922/12 - December/X_F LONG 11_2464415.pdf,1,1922,12 - December,early,1920s,location,location,not_found,"PLSS not found: missing section, township, range",done,,100,failed,not_found,,,,failed,keyword_not_found,,done,,99,skipped,,,
X_FAY K FARWELL 1_782111,s3://osu-well-records-225989338968/pdfs/ExportedFolderContents_1/1922/12 - December/X_FAY K FARWELL 1_782111.pdf,1,1922,12 - December,early,1920s,location,location,not_found,"PLSS not found: missing section, township, range",done,,100,failed,not_found,,,,failed,keyword_not_found,,done,,98,skipped,,,
X_H H HOLMAN 1_2003582,s3://osu-well-records-225989338968/pdfs/ExportedFolderContents_1/1922/12 - December/X_H H HOLMAN 1_2003582.pdf,1,1922,12 - December,early,1920s,location,location,not_found,"PLSS not found: missing section, township, range",done,,100,failed,not_found,,,,failed,keyword_not_found,,failed,exception,,skipped,,,
X_H H HOLMAN 1_2003589,s3://osu-well-records-225989338968/pdfs/ExportedFolderContents_1/1922/12 - December/X_H H HOLMAN 1_2003589.pdf,1,1922,12 - December,early,1920s,location,location,not_found,"PLSS not found: missing section, township, range",done,,100,failed,not_found,,,,failed,keyword_not_found,,failed,exception,,skipped,,,
X_HETTIE TIGER 1_2003668,s3://osu-well-records-225989338968/pdfs/ExportedFolderContents_1/1922/12 - December/X_HETTIE TIGER 1_2003668.pdf,1,1922,12 - December,early,1920s,location,location,not_found,"PLSS not found: missing section, township, range",done,,100,failed,not_found,,,,failed,exception,,done,,100,skipped,,,
X_HETTIE TIGER 1_2003670,s3://osu-well-records-225989338968/pdfs/ExportedFolderContents_1/1922/12 - December/X_HETTIE TIGER 1_2003670.pdf,1,1922,12 - December,early,1920s,location,location,not_found,"PLSS not found: missing section, township, range",done,,100,failed,not_found,,,,failed,exception,,done,,100,skipped,,,
X_JJ PAGE_2003617,s3://osu-well-records-225989338968/pdfs/ExportedFolderContents_1/1922/12 - December/X_JJ PAGE_2003617.pdf,1,1922,12 - December,early,1920s,location,location,not_found,"PLSS not found: missing section, township, range",done,,100,failed,not_found,,,,failed,keyword_not_found,,done,,99,skipped,,,
X_JJ PAGE_2003618,s3://osu-well-records-225989338968/pdfs/ExportedFolderContents_1/1922/12 - December/X_JJ PAGE_2003618.pdf,1,1922,12 - December,early,1920s,location,location,not_found,"PLSS not found: missing section, township, range",done,,100,failed,not_found,,,,failed,keyword_not_found,,done,,99,skipped,,,
X_JNO KING_2003553,s3://osu-well-records-225989338968/pdfs/ExportedFolderContents_1/1922/12 - December/X_JNO KING_2003553.pdf,1,1922,12 - December,early,1920s,location,location,not_found,"PLSS not found: missing section, township, range",done,,99,failed,not_found,,,,failed,api_error,,done,,99,skipped,,,
X_JOHNSTONE  4_1384736,s3://osu-well-records-225989338968/pdfs/ExportedFolderContents_1/1922/12 - December/X_JOHNSTONE  4_1384736.pdf,1,1922,12 - December,early,1920s,location,location,not_found,"PLSS not found: missing section, township, range",done,,99,failed,not_found,,,,failed,exception,,done,,99,skipped,,,
X_JOHNSTONE 4_2288329,s3://osu-well-records-225989338968/pdfs/ExportedFolderContents_1/1922/12 - December/X_JOHNSTONE 4_2288329.pdf,1,1922,12 - December,early,1920s,location,location,not_found,"PLSS not found: missing section, township, range",done,,99,failed,not_found,,,,failed,exception,,done,,99,skipped,,,
X_JOHNSTONE 4_2288331,s3://osu-well-records-225989338968/pdfs/ExportedFolderContents_1/1922/12 - December/X_JOHNSTONE 4_2288331.pdf,1,1922,12 - December,early,1920s,location,location,not_found,"PLSS not found: missing section, township, range",done,,99,failed,not_found,,,,failed,exception,,done,,99,skipped,,,
X_KATIE FARRIS 2_920291,s3://osu-well-records-225989338968/pdfs/ExportedFolderContents_1/1922/12 - December/X_KATIE FARRIS 2_920291.pdf,1,1922,12 - December,early,1920s,location,location,not_found,"PLSS not found: missing section, township, range",done,,99,failed,not_found,,,,failed,keyword_not_found,,done,,96,skipped,,,
X_LUCY BARNETT 11_1052693,s3://osu-well-records-225989338968/pdfs/ExportedFolderContents_1/1922/12 - December/X_LUCY BARNETT 11_1052693.pdf,1,1922,12 - December,early,1920s,location,location,not_found,"PLSS not found: missing section, township, range",done,,90,failed,not_found,,,,failed,exception,,failed,exception,,skipped,,,
X_M JOHNSON 4 DD_920295,s3://osu-well-records-225989338968/pdfs/ExportedFolderContents_1/1922/12 - December/X_M JOHNSON 4 DD_920295.pdf,1,1922,12 - December,early,1920s,location,location,not_found,"PLSS not found: missing section, township, range",done,,98,failed,not_found,,,,failed,keyword_not_found,,done,,94,skipped,,,
X_M SANGO 3_1052907,s3://osu-well-records-225989338968/pdfs/ExportedFolderContents_1/1922/12 - December/X_M SANGO 3_1052907.pdf,1,1922,12 - December,early,1920s,location,location,not_found,"PLSS not found: missing section, township, range",done,,100,failed,not_found,,,,failed,exception,,done,,99,skipped,,,
X_MCKEE 1_1052846,s3://osu-well-records-225989338968/pdfs/ExportedFolderContents_1/1922/12 - December/X_MCKEE 1_1052846.pdf,1,1922,12 - December,early,1920s,location,location,not_found,"PLSS not found: missing section, township, range",done,,100,failed,not_found,,,,failed,exception,,failed,exception,,skipped,,,
X_NANCY TIGER 4_2003596,s3://osu-well-records-225989338968/pdfs/ExportedFolderContents_1/1922/12 - December/X_NANCY TIGER 4_2003596.pdf,1,1922,12 - December,early,1920s,location,location,not_found,"PLSS not found: missing section, township, range",done,,100,failed,not_found,,,,failed,exception,,done,,99,skipped,,,
X_NEWELL 1_782103,s3://osu-well-records-225989338968/pdfs/ExportedFolderContents_1/1922/12 - December/X_NEWELL 1_782103.pdf,1,1922,12 - December,early,1920s,location,location,not_found,"PLSS not found: missing section, township, range",done,,99,failed,not_found,,,,failed,keyword_not_found,,done,,99,skipped,,,
X_No Data_1052662,s3://osu-well-records-225989338968/pdfs/ExportedFolderContents_1/1922/12 - December/X_No Data_1052662.pdf,1,1922,12 - December,early,1920s,location,location,not_found,"PLSS not found: missing section, township, range",done,,100,failed,not_found,,,,failed,exception,,done,,98,skipped,,,
X_No Data_1414111,s3://osu-well-records-225989338968/pdfs/ExportedFolderContents_1/1922/12 - December/X_No Data_1414111.pdf,1,1922,12 - December,early,1920s,location,location,not_found,"PLSS not found: missing section, township, range",done,,100,failed,not_found,,,,failed,exception,,done,,98,skipped,,,
X_No Data_2003788,s3://osu-well-records-225989338968/pdfs/ExportedFolderContents_1/1922/12 - December/X_No Data_2003788.pdf,1,1922,12 - December,early,1920s,location,location,not_found,"PLSS not found: missing section, township, range",done,,99,failed,not_found,,,,failed,keyword_not_found,,failed,exception,,skipped,,,
X_No Data_2288340,s3://osu-well-records-225989338968/pdfs/ExportedFolderContents_1/1922/12 - December/X_No Data_2288340.pdf,1,1922,12 - December,early,1920s,location,location,not_found,"PLSS not found: missing section, township, range",done,,99,failed,not_found,,,,failed,exception,,done,,99,skipped,,,
X_OSAGE NE4 3 SER 227_1414134,s3://osu-well-records-225989338968/pdfs/ExportedFolderContents_1/1922/12 - December/X_OSAGE NE4 3 SER 227_1414134.pdf,1,1922,12 - December,early,1920s,location,location,not_found,"PLSS not found: missing section, township, range",done,,100,failed,not_found,,,,failed,exception,,done,,100,skipped,,,
X_OSAGE NE4 4 SER 229_1414225,s3://osu-well-records-225989338968/pdfs/ExportedFolderContents_1/1922/12 - December/X_OSAGE NE4 4 SER 229_1414225.pdf,1,1922,12 - December,early,1920s,location,location,not_found,"PLSS not found: missing section, township, range",done,,87,failed,not_found,,,,failed,exception,,failed,exception,,skipped,,,
X_OSAGE TR 64-7_1052917,s3://osu-well-records-225989338968/pdfs/ExportedFolderContents_1/1922/12 - December/X_OSAGE TR 64-7_1052917.pdf,1,1922,12 - December,early,1920s,location,location,not_found,"PLSS not found: missing section, township, range",done,,92,failed,not_found,,,,failed,exception,,failed,exception,,skipped,,,
X_OSAGE_2003664,s3://osu-well-records-225989338968/pdfs/ExportedFolderContents_1/1922/12 - December/X_OSAGE_2003664.pdf,1,1922,12 - December,early,1920s,location,location,not_found,"PLSS not found: missing section, township, range",done,,98,failed,not_found,,,,failed,exception,,failed,exception,,skipped,,,
X_OSAGE_2288284,s3://osu-well-records-225989338968/pdfs/ExportedFolderContents_1/1922/12 - December/X_OSAGE_2288284.pdf,1,1922,12 - December,early,1920s,location,location,not_found,"PLSS not found: missing section, township, range",done,,98,failed,not_found,,,,failed,exception,,failed,exception,,skipped,,,
X_PRICE 1_1052866,s3://osu-well-records-225989338968/pdfs/ExportedFolderContents_1/1922/12 - December/X_PRICE 1_1052866.pdf,1,1922,12 - December,early,1920s,location,location,not_found,"PLSS not found: missing section, township, range",done,,99,failed,not_found,,,,failed,exception,,done,,99,skipped,,,
X_REED 1_920223,s3://osu-well-records-225989338968/pdfs/ExportedFolderContents_1/1922/12 - December/X_REED 1_920223.pdf,1,1922,12 - December,early,1920s,location,location,not_found,"PLSS not found: missing section, township, range",done,,100,failed,not_found,,,,failed,exception,,done,,93,skipped,,,
X_ROLEY BEAVER 1_2003619,s3://osu-well-records-225989338968/pdfs/ExportedFolderContents_1/1922/12 - December/X_ROLEY BEAVER 1_2003619.pdf,1,1922,12 - December,early,1920s,location,location,not_found,"PLSS not found: missing section, township, range",done,,100,failed,not_found,,,,failed,keyword_not_found,,done,,98,skipped,,,
X_SALLIE MURRELL_2003647,s3://osu-well-records-225989338968/pdfs/ExportedFolderContents_1/1922/12 - December/X_SALLIE MURRELL_2003647.pdf,1,1922,12 - December,early,1920s,location,location,not_found,"PLSS not found: missing section, township, range",done,,94,failed,not_found,,,,done,,Creek County,failed,exception,,skipped,,,
X_SALLIE MURRELL_2003656,s3://osu-well-records-225989338968/pdfs/ExportedFolderContents_1/1922/12 - December/X_SALLIE MURRELL_2003656.pdf,1,1922,12 - December,early,1920s,location,location,not_found,"PLSS not found: missing section, township, range",done,,94,failed,not_found,,,,done,,Creek County,failed,exception,,skipped,,,
X_SARAH MAUCK 1_2464436,s3://osu-well-records-225989338968/pdfs/ExportedFolderContents_1/1922/12 - December/X_SARAH MAUCK 1_2464436.pdf,1,1922,12 - December,early,1920s,location,location,not_found,"PLSS not found: missing section, township, range",done,,99,failed,not_found,,,,failed,exception,,done,,98,skipped,,,
X_STEWART 15_2003661,s3://osu-well-records-225989338968/pdfs/ExportedFolderContents_1/1922/12 - December/X_STEWART 15_2003661.pdf,1,1922,12 - December,early,1920s,location,location,not_found,"PLSS not found: missing section, township, range",done,,100,failed,not_found,,,,failed,keyword_not_found,,done,,99,skipped,,,
X_TRENT 10_2003574,s3://osu-well-records-225989338968/pdfs/ExportedFolderContents_1/1922/12 - December/X_TRENT 10_2003574.pdf,1,1922,12 - December,early,1920s,location,location,not_found,"PLSS not found: missing section, township, range",done,,99,failed,not_found,,,,failed,keyword_not_found,,done,,98,skipped,,,
X_TRENT 10_2003576,s3://osu-well-records-225989338968/pdfs/ExportedFolderContents_1/1922/12 - December/X_TRENT 10_2003576.pdf,1,1922,12 - December,early,1920s,location,location,not_found,"PLSS not found: missing section, township, range",done,,99,failed,not_found,,,,failed,keyword_not_found,,done,,98,skipped,,,
X_W.H. LEWIS 9_2288345,s3://osu-well-records-225989338968/pdfs/ExportedFolderContents_1/1922/12 - December/X_W.H. LEWIS 9_2288345.pdf,1,1922,12 - December,early,1920s,location,location,not_found,"PLSS not found: missing section, township, range",done,,100,failed,not_found,,,,failed,keyword_not_found,,failed,exception,,skipped,,,
X_WALKER 5_2288325,s3://osu-well-records-225989338968/pdfs/ExportedFolderContents_1/1922/12 - December/X_WALKER 5_2288325.pdf,1,1922,12 - December,early,1920s,location,location,not_found,"PLSS not found: missing section, township, range",done,,100,failed,not_found,,,,failed,exception,,done,,100,skipped,,,
X_WILSON 2_2003593,s3://osu-well-records-225989338968/pdfs/ExportedFolderContents_1/1922/12 - December/X_WILSON 2_2003593.pdf,1,1922,12 - December,early,1920s,location,location,not_found,"PLSS not found: missing section, township, range",done,,100,failed,not_found,,,,failed,keyword_not_found,,failed,exception,,skipped,,,
X_WILSON 3_2003754,s3://osu-well-records-225989338968/pdfs/ExportedFolderContents_1/1922/12 - December/X_WILSON 3_2003754.pdf,1,1922,12 - December,early,1920s,location,location,not_found,"PLSS not found: missing section, township, range",done,,99,failed,not_found,,,,failed,keyword_not_found,,failed,exception,,skipped,,,
X_WM. MILLER 3_2288335,s3://osu-well-records-225989338968/pdfs/ExportedFolderContents_1/1922/12 - December/X_WM. MILLER 3_2288335.pdf,1,1922,12 - December,early,1920s,location,location,not_found,"PLSS not found: missing section, township, range",done,,92,failed,not_found,,,,failed,exception,,done,,100,skipped,,,
X_X_1443110,s3://osu-well-records-225989338968/pdfs/ExportedFolderContents_1/1922/12 - December/X_X_1443110.pdf,1,1922,12 - December,early,1920s,location,location,not_found,"PLSS not found: missing section, township, range",done,,100,failed,not_found,,,,failed,exception,,failed,exception,,skipped,,,
X_X_2003550,s3://osu-well-records-225989338968/pdfs/ExportedFolderContents_1/1922/12 - December/X_X_2003550.pdf,1,1922,12 - December,early,1920s,location,location,not_found,"PLSS not found: missing section, township, range",done,,99,failed,not_found,,,,failed,exception,,done,,99,skipped,,,
X__ 1_782100,s3://osu-well-records-225989338968/pdfs/ExportedFolderContents_1/1922/12 - December/X__ 1_782100.pdf,1,1922,12 - December,early,1920s,location,location,not_found,"PLSS not found: missing section, township, range",done,,96,failed,not_found,,,,failed,keyword_not_found,,done,,98,skipped,,,
x_ALICE GRAYSON 1_1052836,s3://osu-well-records-225989338968/pdfs/ExportedFolderContents_1/1922/12 - December/x_ALICE GRAYSON 1_1052836.pdf,1,1922,12 - December,early,1920s,location,location,not_found,"PLSS not found: missing section, township, range",done,,100,failed,not_found,,,,failed,exception,,done,,98,skipped,,,
x_ALICE GRAYSON 1_1052837,s3://osu-well-records-225989338968/pdfs/ExportedFolderContents_1/1922/12 - December/x_ALICE GRAYSON 1_1052837.pdf,1,1922,12 - December,early,1920s,location,location,not_found,"PLSS not found: missing section, township, range",done,,100,failed,not_found,,,,failed,exception,,done,,98,skipped,,,
x_MOYER 2 (SGDSU 12-2)_920272,s3://osu-well-records-225989338968/pdfs/ExportedFolderContents_1/1922/12 - December/x_MOYER 2 (SGDSU 12-2)_920272.pdf,1,1922,12 - December,early,1920s,location,location,not_found,"PLSS not found: missing section, township, range",done,,96,failed,not_found,,,,failed,exception,,failed,exception,,skipped,,,
x_MOYER 2 (SGDSU 12-2)_920274,s3://osu-well-records-225989338968/pdfs/ExportedFolderContents_1/1922/12 - December/x_MOYER 2 (SGDSU 12-2)_920274.pdf,1,1922,12 - December,early,1920s,location,location,not_found,"PLSS not found: missing section, township, range",done,,100,failed,not_found,,,,failed,exception,,done,,99,skipped,,,
x_REESE-PALMER 1_588858,s3://osu-well-records-225989338968/pdfs/ExportedFolderContents_1/1922/12 - December/x_REESE-PALMER 1_588858.pdf,1,1922,12 - December,early,1920s,location,location,not_found,"PLSS not found: missing section, township, range",done,,100,failed,not_found,,,,failed,exception,,failed,exception,,skipped,,,
14304868_J H CROCKER 4_5744012,s3://osu-well-records-225989338968/pdfs/ExportedFolderContents_1/1923/01 - January/14304868_J H CROCKER 4_5744012.pdf,1,1923,01 - January,early,1920s,location,location,not_found,"PLSS not found: missing section, township, range",done,,97,failed,not_found,,,,failed,exception,,done,,98,skipped,,,
14305425_J STREET 7_1414335,s3://osu-well-records-225989338968/pdfs/ExportedFolderContents_1/1923/01 - January/14305425_J STREET 7_1414335.pdf,1,1923,01 - January,early,1920s,location,location,not_found,"PLSS not found: missing section, township, range",done,,100,failed,not_found,,,,failed,exception,,failed,exception,,skipped,,,
14305436_WILLIAM ELLIS 15_1414283,s3://osu-well-records-225989338968/pdfs/ExportedFolderContents_1/1923/01 - January/14305436_WILLIAM ELLIS 15_1414283.pdf,1,1923,01 - January,early,1920s,location,location,not_found,"PLSS not found: missing section, township, range",done,,99,failed,not_found,,,,failed,keyword_not_found,,failed,exception,,skipped,,,
14305998_KEITH 1_1414275,s3://osu-well-records-225989338968/pdfs/ExportedFolderContents_1/1923/01 - January/14305998_KEITH 1_1414275.pdf,1,1923,01 - January,early,1920s,location,location,not_found,"PLSS not found: missing section, township, range",done,,91,failed,not_found,,,,failed,exception,,done,,96,skipped,,,
14501599_LEONARD HARRIS 1_1364315,s3://osu-well-records-225989338968/pdfs/ExportedFolderContents_1/1923/01 - January/14501599_LEONARD HARRIS 1_1364315.pdf,1,1923,01 - January,early,1920s,location,location,not_found,"PLSS not found: missing section, township, range",done,,100,failed,not_found,,,,failed,exception,,failed,exception,,skipped,,,
14501838_GIBSON 6_1364312,s3://osu-well-records-225989338968/pdfs/ExportedFolderContents_1/1923/01 - January/14501838_GIBSON 6_1364312.pdf,1,1923,01 - January,early,1920s,location,location,not_found,"PLSS not found: missing section, township, range",done,,96,failed,not_found,,,,failed,exception,,done,,98,skipped,,,
14502040_HARRIS 4_1364331,s3://osu-well-records-225989338968/pdfs/ExportedFolderContents_1/1923/01 - January/14502040_HARRIS 4_1364331.pdf,1,1923,01 - January,early,1920s,location,location,not_found,"PLSS not found: missing section, township, range",done,,99,failed,not_found,,,,done,,Wagoner County,failed,exception,,skipped,,,
14502113_FLESHER 3_1363866,s3://osu-well-records-225989338968/pdfs/ExportedFolderContents_1/1923/01 - January/14502113_FLESHER 3_1363866.pdf,1,1923,01 - January,early,1920s,location,location,not_found,"PLSS not found: missing section, township, range",done,,100,failed,not_found,,,,failed,exception,,done,,99,skipped,,,
14502591_RACHAEL TAYLOR 2_1364311,s3://osu-well-records-225989338968/pdfs/ExportedFolderContents_1/1923/01 - January/14502591_RACHAEL TAYLOR 2_1364311.pdf,1,1923,01 - January,early,1920s,location,location,not_found,"PLSS not found: missing section, township, range",done,,100,failed,not_found,,,,failed,exception,,done,,99,skipped,,,
14504922_E S WARNER 5_1363846,s3://osu-well-records-225989338968/pdfs/ExportedFolderContents_1/1923/01 - January/14504922_E S WARNER 5_1363846.pdf,1,1923,01 - January,early,1920s,location,location,not_found,"PLSS not found: missing section, township, range",done,,100,failed,not_found,,,,failed,keyword_not_found,,done,,100,skipped,,,
14505424_FLESHER 1_1364317,s3://osu-well-records-225989338968/pdfs/ExportedFolderContents_1/1923/01 - January/14505424_FLESHER 1_1364317.pdf,1,1923,01 - January,early,1920s,location,location,not_found,"PLSS not found: missing section, township, range",done,,97,failed,not_found,,,,failed,exception,,failed,exception,,skipped,,,
14707045_FIELDS 1-A_1414342,s3://osu-well-records-225989338968/pdfs/ExportedFolderContents_1/1923/01 - January/14707045_FIELDS 1-A_1414342.pdf,1,1923,01 - January,early,1920s,location,location,not_found,"PLSS not found: missing section, township, range",done,,100,failed,not_found,,,,failed,exception,,done,,98,skipped,,,
14707530_FLORENCE KITE 1_1414270,s3://osu-well-records-225989338968/pdfs/ExportedFolderContents_1/1923/01 - January/14707530_FLORENCE KITE 1_1414270.pdf,1,1923,01 - January,early,1920s,location,location,not_found,"PLSS not found: missing section, township, range",done,,100,failed,not_found,,,,failed,exception,,failed,exception,,skipped,,,
35015372670000_RIGNEY 2_1843861,s3://osu-well-records-225989338968/pdfs/ExportedFolderContents_1/1923/01 - January/35015372670000_RIGNEY 2_1843861.pdf,1,1923,01 - January,early,1920s,location,location,not_found,"PLSS not found: missing section, township, range",done,,99,failed,not_found,,,,failed,exception,,done,,98,skipped,,,
35019001440000_MORRIS-LUSTER 1_1696493,s3://osu-well-records-225989338968/pdfs/ExportedFolderContents_1/1923/01 - January/35019001440000_MORRIS-LUSTER 1_1696493.pdf,1,1923,01 - January,early,1920s,location,location,not_found,"PLSS not found: missing section, township, range",done,,100,failed,not_found,,,,failed,keyword_not_found,,done,,98,skipped,,,
3501911798000_GILL 8_1696525,s3://osu-well-records-225989338968/pdfs/ExportedFolderContents_1/1923/01 - January/3501911798000_GILL 8_1696525.pdf,1,1923,01 - January,early,1920s,location,location,not_found,"PLSS not found: missing section, township, range",done,,100,failed,not_found,,,,failed,keyword_not_found,,done,,97,skipped,,,
35019137260000_F A SHELLENBERGER 7_1696505,s3://osu-well-records-225989338968/pdfs/ExportedFolderContents_1/1923/01 - January/35019137260000_F A SHELLENBERGER 7_1696505.pdf,1,1923,01 - January,early,1920s,location,location,not_found,"PLSS not found: missing section, township, range",done,,100,failed,not_found,,,,failed,exception,,done,,99,skipped,,,
35019142540000_MORRIS E LUDDER 1_1696494,s3://osu-well-records-225989338968/pdfs/ExportedFolderContents_1/1923/01 - January/35019142540000_MORRIS E LUDDER 1_1696494.pdf,1,1923,01 - January,early,1920s,location,location,not_found,"PLSS not found: missing section, township, range",done,,98,failed,not_found,,,,failed,exception,,failed,exception,,skipped,,,
35019760880000_W CARNEY 6_1696557,s3://osu-well-records-225989338968/pdfs/ExportedFolderContents_1/1923/01 - January/35019760880000_W CARNEY 6_1696557.pdf,1,1923,01 - January,early,1920s,location,location,not_found,"PLSS not found: missing section, township, range",done,,100,failed,not_found,,,,failed,keyword_not_found,,failed,exception,,skipped,,,
35019761820000_L J WOODRUFF 29_1696491,s3://osu-well-records-225989338968/pdfs/ExportedFolderContents_1/1923/01 - January/35019761820000_L J WOODRUFF 29_1696491.pdf,1,1923,01 - January,early,1920s,location,location,not_found,"PLSS not found: missing section, township, range",done,,90,failed,not_found,,,,failed,keyword_not_found,,failed,exception,,skipped,,,
35019761940000_A E DENNY B 11_1696475,s3://osu-well-records-225989338968/pdfs/ExportedFolderContents_1/1923/01 - January/35019761940000_A E DENNY B 11_1696475.pdf,1,1923,01 - January,early,1920s,location,location,not_found,"PLSS not found: missing section, township, range",done,,100,failed,not_found,,,,done,,Carter County,failed,exception,,skipped,,,
35037023560000_ALVA HICKMAN 1_2003840,s3://osu-well-records-225989338968/pdfs/ExportedFolderContents_1/1923/01 - January/35037023560000_ALVA HICKMAN 1_2003840.pdf,1,1923,01 - January,early,1920s,location,location,not_found,"PLSS not found: missing section, township, range",done,,100,failed,not_found,,,,failed,exception,,done,,100,skipped,,,
35037031160000_STANOLIND A 1_2003972,s3://osu-well-records-225989338968/pdfs/ExportedFolderContents_1/1923/01 - January/35037031160000_STANOLIND A 1_2003972.pdf,1,1923,01 - January,early,1920s,location,location,not_found,"PLSS not found: missing section, township, range",done,,100,failed,not_found,,,,failed,exception,,done,,99,skipped,,,
35037031200000_MANLEY E 1_2004051,s3://osu-well-records-225989338968/pdfs/ExportedFolderContents_1/1923/01 - January/35037031200000_MANLEY E 1_2004051.pdf,1,1923,01 - January,early,1920s,location,location,not_found,"PLSS not found: missing section, township, range",done,,96,failed,not_found,,,,failed,keyword_not_found,,done,,88,skipped,,,
35037031210000_MANLEY ELIZA 1_2003950,s3://osu-well-records-225989338968/pdfs/ExportedFolderContents_1/1923/01 - January/35037031210000_MANLEY ELIZA 1_2003950.pdf,1,1923,01 - January,early,1920s,location,location,not_found,"PLSS not found: missing section, township, range",done,,100,failed,not_found,,,,failed,exception,,done,,100,skipped,,,
35037031290000_JOHNSON LYDIA_2004062,s3://osu-well-records-225989338968/pdfs/ExportedFolderContents_1/1923/01 - January/35037031290000_JOHNSON LYDIA_2004062.pdf,1,1923,01 - January,early,1920s,location,location,not_found,"PLSS not found: missing section, township, range",done,,100,failed,not_found,,,,failed,exception,,failed,exception,,skipped,,,
35037031340000_JOHNSON EDMOND_2004094,s3://osu-well-records-225989338968/pdfs/ExportedFolderContents_1/1923/01 - January/35037031340000_JOHNSON EDMOND_2004094.pdf,1,1923,01 - January,early,1920s,location,location,not_found,"PLSS not found: missing section, township, range",done,,100,failed,not_found,,,,failed,exception,,failed,exception,,skipped,,,
35037031340000_JOHNSON EDMOND_2004137,s3://osu-well-records-225989338968/pdfs/ExportedFolderContents_1/1923/01 - January/35037031340000_JOHNSON EDMOND_2004137.pdf,1,1923,01 - January,early,1920s,location,location,not_found,"PLSS not found: missing section, township, range",done,,100,failed,not_found,,,,failed,keyword_not_found,,failed,exception,,skipped,,,
3503703793_WILLIE WILDCAT_2003845,s3://osu-well-records-225989338968/pdfs/ExportedFolderContents_1/1923/01 - January/3503703793_WILLIE WILDCAT_2003845.pdf,1,1923,01 - January,early,1920s,location,location,not_found,"PLSS not found: missing section, township, range",done,,100,failed,not_found,,,,failed,exception,,failed,exception,,skipped,,,
3503703801_WILDCAT_2003962,s3://osu-well-records-225989338968/pdfs/ExportedFolderContents_1/1923/01 - January/3503703801_WILDCAT_2003962.pdf,1,1923,01 - January,early,1920s,location,location,not_found,"PLSS not found: missing section, township, range",done,,99,failed,not_found,,,,failed,exception,,done,,94,skipped,,,
35037049370000_S E FORD 1_2003947,s3://osu-well-records-225989338968/pdfs/ExportedFolderContents_1/1923/01 - January/35037049370000_S E FORD 1_2003947.pdf,1,1923,01 - January,early,1920s,location,location,not_found,"PLSS not found: missing section, township, range",done,,99,failed,not_found,,,,failed,exception,,done,,99,skipped,,,
35037055200000_CHURCH 2_2003822,s3://osu-well-records-225989338968/pdfs/ExportedFolderContents_1/1923/01 - January/35037055200000_CHURCH 2_2003822.pdf,1,1923,01 - January,early,1920s,location,location,not_found,"PLSS not found: missing section, township, range",done,,99,failed,not_found,,,,failed,exception,,done,,99,skipped,,,
35037069550000_SCOTT_2004121,s3://osu-well-records-225989338968/pdfs/ExportedFolderContents_1/1923/01 - January/35037069550000_SCOTT_2004121.pdf,1,1923,01 - January,early,1920s,location,location,not_found,"PLSS not found: missing section, township, range",done,,99,failed,not_found,,,,failed,exception,,done,,99,skipped,,,
35037069550000_SCOTT_2004128,s3://osu-well-records-225989338968/pdfs/ExportedFolderContents_1/1923/01 - January/35037069550000_SCOTT_2004128.pdf,1,1923,01 - January,early,1920s,location,location,not_found,"PLSS not found: missing section, township, range",done,,93,failed,not_found,,,,failed,keyword_not_found,,done,,99,skipped,,,
35037071830000_WILSON 2_2004093,s3://osu-well-records-225989338968/pdfs/ExportedFolderContents_1/1923/01 - January/35037071830000_WILSON 2_2004093.pdf,1,1923,01 - January,early,1920s,location,location,not_found,"PLSS not found: missing section, township, range",done,,98,failed,not_found,,,,failed,exception,,failed,exception,,skipped,,,
35037073550000_JAMES ELLIS_2003824,s3://osu-well-records-225989338968/pdfs/ExportedFolderContents_1/1923/01 - January/35037073550000_JAMES ELLIS_2003824.pdf,1,1923,01 - January,early,1920s,location,location,not_found,"PLSS not found: missing section, township, range",done,,100,failed,not_found,,,,failed,exception,,done,,99,skipped,,,
35037074070000_HATTIE VAUGHN_2004047,s3://osu-well-records-225989338968/pdfs/ExportedFolderContents_1/1923/01 - January/35037074070000_HATTIE VAUGHN_2004047.pdf,1,1923,01 - January,early,1920s,location,location,not_found,"PLSS not found: missing section, township, range",done,,91,failed,not_found,,,,failed,exception,,done,,99,skipped,,,
35037075600000_HOUSTON TURNER_2004025,s3://osu-well-records-225989338968/pdfs/ExportedFolderContents_1/1923/01 - January/35037075600000_HOUSTON TURNER_2004025.pdf,1,1923,01 - January,early,1920s,location,location,not_found,"PLSS not found: missing section, township, range",done,,100,failed,not_found,,,,failed,keyword_not_found,,done,,96,skipped,,,
35037075710000_COULD LIZZIE_2004115,s3://osu-well-records-225989338968/pdfs/ExportedFolderContents_1/1923/01 - January/35037075710000_COULD LIZZIE_2004115.pdf,1,1923,01 - January,early,1920s,location,location,not_found,"PLSS not found: missing section, township, range",done,,100,failed,not_found,,,,failed,keyword_not_found,,done,,99,skipped,,,
35037075750000_HAMILTON J H_2003959,s3://osu-well-records-225989338968/pdfs/ExportedFolderContents_1/1923/01 - January/35037075750000_HAMILTON J H_2003959.pdf,1,1923,01 - January,early,1920s,location,location,not_found,"PLSS not found: missing section, township, range",done,,100,failed,not_found,,,,failed,keyword_not_found,,done,,98,skipped,,,
35037075860000_CARR ROSE_2003891,s3://osu-well-records-225989338968/pdfs/ExportedFolderContents_1/1923/01 - January/35037075860000_CARR ROSE_2003891.pdf,1,1923,01 - January,early,1920s,location,location,not_found,"PLSS not found: missing section, township, range",done,,100,failed,not_found,,,,failed,exception,,failed,exception,,skipped,,,
35037075940000_COLAW A L_2004054,s3://osu-well-records-225989338968/pdfs/ExportedFolderContents_1/1923/01 - January/35037075940000_COLAW A L_2004054.pdf,1,1923,01 - January,early,1920s,location,location,not_found,"PLSS not found: missing section, township, range",done,,99,failed,not_found,,,,failed,exception,,done,,98,skipped,,,
35037075980000_COLAW A L_2003918,s3://osu-well-records-225989338968/pdfs/ExportedFolderContents_1/1923/01 - January/35037075980000_COLAW A L_2003918.pdf,1,1923,01 - January,early,1920s,location,location,not_found,"PLSS not found: missing section, township, range",done,,87,failed,not_found,,,,failed,keyword_not_found,,failed,exception,,skipped,,,
35037076020000_BARNETT 1_2004060,s3://osu-well-records-225989338968/pdfs/ExportedFolderContents_1/1923/01 - January/35037076020000_BARNETT 1_2004060.pdf,1,1923,01 - January,early,1920s,location,location,not_found,"PLSS not found: missing section, township, range",done,,100,failed,not_found,,,,failed,keyword_not_found,,done,,99,skipped,,,
35037076610000_B H GREENWOOD 7_2003857,s3://osu-well-records-225989338968/pdfs/ExportedFolderContents_1/1923/01 - January/35037076610000_B H GREENWOOD 7_2003857.pdf,1,1923,01 - January,early,1920s,location,location,not_found,"PLSS not found: missing section, township, range",done,,100,failed,not_found,,,,failed,exception,,failed,exception,,skipped,,,
35037077230000_R BROWN_2003974,s3://osu-well-records-225989338968/pdfs/ExportedFolderContents_1/1923/01 - January/35037077230000_R BROWN_2003974.pdf,1,1923,01 - January,early,1920s,location,location,not_found,"PLSS not found: missing section, township, range",done,,100,failed,not_found,,,,failed,exception,,done,,98,skipped,,,
35037077230000_R BROWN_2003976,s3://osu-well-records-225989338968/pdfs/ExportedFolderContents_1/1923/01 - January/35037077230000_R BROWN_2003976.pdf,1,1923,01 - January,early,1920s,location,location,not_found,"PLSS not found: missing section, township, range",done,,100,failed,not_found,,,,failed,exception,,done,,98,skipped,,,
35037077370000_F JACOBS_2003907,s3://osu-well-records-225989338968/pdfs/ExportedFolderContents_1/1923/01 - January/35037077370000_F JACOBS_2003907.pdf,1,1923,01 - January,early,1920s,location,location,not_found,"PLSS not found: missing section, township, range",done,,100,failed,not_found,,,,failed,exception,,failed,exception,,skipped,,,
35037077370000_F JACOBS_2003912,s3://osu-well-records-225989338968/pdfs/ExportedFolderContents_1/1923/01 - January/35037077370000_F JACOBS_2003912.pdf,1,1923,01 - January,early,1920s,location,location,not_found,"PLSS not found: missing section, township, range",done,,100,failed,not_found,,,,failed,exception,,failed,exception,,skipped,,,
35037077710000_M RECTOR 1_2003984,s3://osu-well-records-225989338968/pdfs/ExportedFolderContents_1/1923/01 - January/35037077710000_M RECTOR 1_2003984.pdf,1,1923,01 - January,early,1920s,location,location,not_found,"PLSS not found: missing section, township, range",done,,100,failed,not_found,,,,failed,exception,,done,,98,skipped,,,
35037077710000_M RECTOR 1_2003986,s3://osu-well-records-225989338968/pdfs/ExportedFolderContents_1/1923/01 - January/35037077710000_M RECTOR 1_2003986.pdf,1,1923,01 - January,early,1920s,location,location,not_found,"PLSS not found: missing section, township, range",done,,100,failed,not_found,,,,failed,exception,,done,,98,skipped,,,
35037077760000_SIVADON 1_2004017,s3://osu-well-records-225989338968/pdfs/ExportedFolderContents_1/1923/01 - January/35037077760000_SIVADON 1_2004017.pdf,1,1923,01 - January,early,1920s,location,location,not_found,"PLSS not found: missing section, township, range",done,,100,failed,not_found,,,,failed,exception,,done,,99,skipped,,,
35037077760000_SIVADON 1_2004019,s3://osu-well-records-225989338968/pdfs/ExportedFolderContents_1/1923/01 - January/35037077760000_SIVADON 1_2004019.pdf,1,1923,01 - January,early,1920s,location,location,not_found,"PLSS not found: missing section, township, range",done,,100,failed,not_found,,,,failed,exception,,done,,99,skipped,,,
35037096910000_B CAIN 3_2003943,s3://osu-well-records-225989338968/pdfs/ExportedFolderContents_1/1923/01 - January/35037096910000_B CAIN 3_2003943.pdf,1,1923,01 - January,early,1920s,location,location,not_found,"PLSS not found: missing section, township, range",done,,100,failed,not_found,,,,failed,keyword_not_found,,failed,exception,,skipped,,,
35037166240000_EARL BERRYHILL 49_2003951,s3://osu-well-records-225989338968/pdfs/ExportedFolderContents_1/1923/01 - January/35037166240000_EARL BERRYHILL 49_2003951.pdf,1,1923,01 - January,early,1920s,location,location,not_found,"PLSS not found: missing section, township, range",done,,100,failed,not_found,,,,failed,exception,,failed,exception,,skipped,,,
35037761810000_DAVID CLOUD 2_2004133,s3://osu-well-records-225989338968/pdfs/ExportedFolderContents_1/1923/01 - January/35037761810000_DAVID CLOUD 2_2004133.pdf,1,1923,01 - January,early,1920s,location,location,not_found,"PLSS not found: missing section, township, range",done,,100,failed,not_found,,,,failed,exception,,done,,97,skipped,,,
35037761830000_HAGER JACKSON 5 2ND HOLE_14328649,s3://osu-well-records-225989338968/pdfs/ExportedFolderContents_1/1923/01 - January/35037761830000_HAGER JACKSON 5 2ND HOLE_14328649.pdf,1,1923,01 - January,early,1920s,location,location,not_found,"PLSS not found: missing section, township, range",done,,99,failed,not_found,,,,failed,keyword_not_found,,done,,99,skipped,,,
35051760000000_CARVER 1_1843864,s3://osu-well-records-225989338968/pdfs/ExportedFolderContents_1/1923/01 - January/35051760000000_CARVER 1_1843864.pdf,1,1923,01 - January,early,1920s,location,location,not_found,"PLSS not found: missing section, township, range",done,,100,failed,not_found,,,,failed,keyword_not_found,,done,,99,skipped,,,
35063761220000_POLLY CAIN A 1_1496466,s3://osu-well-records-225989338968/pdfs/ExportedFolderContents_1/1923/01 - January/35063761220000_POLLY CAIN A 1_1496466.pdf,1,1923,01 - January,early,1920s,location,location,not_found,"PLSS not found: missing section, township, range",done,,99,failed,not_found,,,,failed,exception,,done,,98,skipped,,,
35101012290000_CURRAN 3_2364152,s3://osu-well-records-225989338968/pdfs/ExportedFolderContents_1/1923/01 - January/35101012290000_CURRAN 3_2364152.pdf,1,1923,01 - January,early,1920s,location,location,not_found,"PLSS not found: missing section, township, range",done,,100,failed,not_found,,,,failed,exception,,failed,exception,,skipped,,,
35103028960000_BLUBAUGH 4-A_8001263,s3://osu-well-records-225989338968/pdfs/ExportedFolderContents_1/1923/01 - January/35103028960000_BLUBAUGH 4-A_8001263.pdf,1,1923,01 - January,early,1920s,location,location,not_found,"PLSS not found: missing section, township, range",done,,99,failed,not_found,,,,failed,exception,,done,,99,skipped,,,
35103030120000_LEE SHAWVER 9_8001301,s3://osu-well-records-225989338968/pdfs/ExportedFolderContents_1/1923/01 - January/35103030120000_LEE SHAWVER 9_8001301.pdf,1,1923,01 - January,early,1920s,location,location,not_found,"PLSS not found: missing section, township, range",done,,100,failed,not_found,,,,failed,exception,,done,,99,skipped,,,
35103031380000_J CARMICHAEL 6_8001323,s3://osu-well-records-225989338968/pdfs/ExportedFolderContents_1/1923/01 - January/35103031380000_J CARMICHAEL 6_8001323.pdf,1,1923,01 - January,early,1920s,location,location,not_found,"PLSS not found: missing section, township, range",done,,100,failed,not_found,,,,failed,keyword_not_found,,done,,99,skipped,,,
35105028740000_HESSE 1_2464489,s3://osu-well-records-225989338968/pdfs/ExportedFolderContents_1/1923/01 - January/35105028740000_HESSE 1_2464489.pdf,1,1923,01 - January,early,1920s,location,location,not_found,"PLSS not found: missing section, township, range",done,,89,failed,not_found,,,,failed,exception,,done,,99,skipped,,,
35105045430000_GRIFFIN 3_2288480,s3://osu-well-records-225989338968/pdfs/ExportedFolderContents_1/1923/01 - January/35105045430000_GRIFFIN 3_2288480.pdf,1,1923,01 - January,early,1920s,location,location,not_found,"PLSS not found: missing section, township, range",done,,100,failed,not_found,,,,failed,exception,,done,,99,skipped,,,
35105776340000_GARFIELD KIDD 1_2288363,s3://osu-well-records-225989338968/pdfs/ExportedFolderContents_1/1923/01 - January/35105776340000_GARFIELD KIDD 1_2288363.pdf,1,1923,01 - January,early,1920s,location,location,not_found,"PLSS not found: missing section, township, range",done,,100,failed,not_found,,,,failed,exception,,failed,exception,,skipped,,,
35107021140000_FIER 1_1496465,s3://osu-well-records-225989338968/pdfs/ExportedFolderContents_1/1923/01 - January/35107021140000_FIER 1_1496465.pdf,1,1923,01 - January,early,1920s,location,location,not_found,"PLSS not found: missing section, township, range",done,,100,failed,not_found,,,,failed,exception,,failed,exception,,skipped,,,
35107021140000_FIER 1_2004043,s3://osu-well-records-225989338968/pdfs/ExportedFolderContents_1/1923/01 - January/35107021140000_FIER 1_2004043.pdf,1,1923,01 - January,early,1920s,location,location,not_found,"PLSS not found: missing section, township, range",done,,100,failed,not_found,,,,failed,exception,,failed,exception,,skipped,,,
35107022490000_LUCY FIELDS 2_2004010,s3://osu-well-records-225989338968/pdfs/ExportedFolderContents_1/1923/01 - January/35107022490000_LUCY FIELDS 2_2004010.pdf,1,1923,01 - January,early,1920s,location,location,not_found,"PLSS not found: missing section, township, range",done,,100,failed,not_found,,,,failed,exception,,failed,exception,,skipped,,,
35107029780000_HOLMES_2004002,s3://osu-well-records-225989338968/pdfs/ExportedFolderContents_1/1923/01 - January/35107029780000_HOLMES_2004002.pdf,1,1923,01 - January,early,1920s,location,location,not_found,"PLSS not found: missing section, township, range",done,,100,failed,not_found,,,,failed,exception,,failed,exception,,skipped,,,
35107030460000_MARY BARNETT 1_2004038,s3://osu-well-records-225989338968/pdfs/ExportedFolderContents_1/1923/01 - January/35107030460000_MARY BARNETT 1_2004038.pdf,1,1923,01 - January,early,1920s,location,location,not_found,"PLSS not found: missing section, township, range",done,,100,failed,not_found,,,,failed,exception,,done,,99,skipped,,,
35107042640000_FANNIE HARJO 1_2003821,s3://osu-well-records-225989338968/pdfs/ExportedFolderContents_1/1923/01 - January/35107042640000_FANNIE HARJO 1_2003821.pdf,1,1923,01 - January,early,1920s,location,location,not_found,"PLSS not found: missing section, township, range",done,,100,failed,not_found,,,,failed,keyword_not_found,,failed,exception,,skipped,,,
35107056380000_MOOSE 1_2004141,s3://osu-well-records-225989338968/pdfs/ExportedFolderContents_1/1923/01 - January/35107056380000_MOOSE 1_2004141.pdf,1,1923,01 - January,early,1920s,location,location,not_found,"PLSS not found: missing section, township, range",done,,99,failed,not_found,,,,failed,keyword_not_found,,done,,99,skipped,,,
35111001670000_FITE_1384754,s3://osu-well-records-225989338968/pdfs/ExportedFolderContents_1/1923/01 - January/35111001670000_FITE_1384754.pdf,1,1923,01 - January,early,1920s,location,location,not_found,"PLSS not found: missing section, township, range",done,,99,failed,not_found,,,,failed,keyword_not_found,,done,,99,skipped,,,
35111001670000_FITE_2003868,s3://osu-well-records-225989338968/pdfs/ExportedFolderContents_1/1923/01 - January/35111001670000_FITE_2003868.pdf,1,1923,01 - January,early,1920s,location,location,not_found,"PLSS not found: missing section, township, range",done,,99,failed,not_found,,,,failed,keyword_not_found,,done,,99,skipped,,,
35111055150000_P TOBLER 1_2004016,s3://osu-well-records-225989338968/pdfs/ExportedFolderContents_1/1923/01 - January/35111055150000_P TOBLER 1_2004016.pdf,1,1923,01 - January,early,1920s,location,location,not_found,"PLSS not found: missing section, township, range",done,,89,failed,not_found,,,,failed,exception,,failed,exception,,skipped,,,
35111055260000_JIM ANDERSON 1_2004024,s3://osu-well-records-225989338968/pdfs/ExportedFolderContents_1/1923/01 - January/35111055260000_JIM ANDERSON 1_2004024.pdf,1,1923,01 - January,early,1920s,location,location,not_found,"PLSS not found: missing section, township, range",done,,100,failed,not_found,,,,failed,keyword_not_found,,done,,100,skipped,,,
35111056960000_SAM FILE 2_1384756,s3://osu-well-records-225989338968/pdfs/ExportedFolderContents_1/1923/01 - January/35111056960000_SAM FILE 2_1384756.pdf,1,1923,01 - January,early,1920s,location,location,not_found,"PLSS not found: missing section, township, range",done,,100,failed,not_found,,,,failed,keyword_not_found,,done,,97,skipped,,,
3511105945_J ROWE_2003917,s3://osu-well-records-225989338968/pdfs/ExportedFolderContents_1/1923/01 - January/3511105945_J ROWE_2003917.pdf,1,1923,01 - January,early,1920s,location,location,not_found,"PLSS not found: missing section, township, range",done,,99,failed,not_found,,,,failed,keyword_not_found,,failed,exception,,skipped,,,
35111083310000_Holleyman 1_1384751,s3://osu-well-records-225989338968/pdfs/ExportedFolderContents_1/1923/01 - January/35111083310000_Holleyman 1_1384751.pdf,1,1923,01 - January,early,1920s,location,location,not_found,"PLSS not found: missing section, township, range",done,,100,failed,not_found,,,,failed,keyword_not_found,,done,,98,skipped,,,
35111083310000_Holleyman 1_2003830,s3://osu-well-records-225989338968/pdfs/ExportedFolderContents_1/1923/01 - January/35111083310000_Holleyman 1_2003830.pdf,1,1923,01 - January,early,1920s,location,location,not_found,"PLSS not found: missing section, township, range",done,,100,failed,not_found,,,,failed,keyword_not_found,,done,,98,skipped,,,
35111084340000_SANDLIN 1_2003867,s3://osu-well-records-225989338968/pdfs/ExportedFolderContents_1/1923/01 - January/35111084340000_SANDLIN 1_2003867.pdf,1,1923,01 - January,early,1920s,location,location,not_found,"PLSS not found: missing section, township, range",done,,100,failed,not_found,,,,failed,keyword_not_found,,failed,exception,,skipped,,,
35111084340000_SANDLIN 1_2003874,s3://osu-well-records-225989338968/pdfs/ExportedFolderContents_1/1923/01 - January/35111084340000_SANDLIN 1_2003874.pdf,1,1923,01 - January,early,1920s,location,location,not_found,"PLSS not found: missing section, township, range",done,,100,failed,not_found,,,,failed,keyword_not_found,,failed,exception,,skipped,,,
35111085620000_TERWILLIGER 8_2003848,s3://osu-well-records-225989338968/pdfs/ExportedFolderContents_1/1923/01 - January/35111085620000_TERWILLIGER 8_2003848.pdf,1,1923,01 - January,early,1920s,location,location,not_found,"PLSS not found: missing section, township, range",done,,99,failed,not_found,,,,failed,exception,,done,,100,skipped,,,
35111085630000_TERWILLIGER 9_2004095,s3://osu-well-records-225989338968/pdfs/ExportedFolderContents_1/1923/01 - January/35111085630000_TERWILLIGER 9_2004095.pdf,1,1923,01 - January,early,1920s,location,location,not_found,"PLSS not found: missing section, township, range",done,,99,failed,not_found,,,,failed,keyword_not_found,,done,,95,skipped,,,
35111086200000_ELLIS HOLMES 1-A_2003898,s3://osu-well-records-225989338968/pdfs/ExportedFolderContents_1/1923/01 - January/35111086200000_ELLIS HOLMES 1-A_2003898.pdf,1,1923,01 - January,early,1920s,location,location,not_found,"PLSS not found: missing section, township, range",done,,100,failed,not_found,,,,failed,exception,,failed,exception,,skipped,,,
35111092500000_CAMPBELL 3_2003914,s3://osu-well-records-225989338968/pdfs/ExportedFolderContents_1/1923/01 - January/35111092500000_CAMPBELL 3_2003914.pdf,1,1923,01 - January,early,1920s,location,location,not_found,"PLSS not found: missing section, township, range",done,,97,failed,not_found,,,,failed,exception,,failed,exception,,skipped,,,
35111105940000_SCOTT MARY 3_2004110,s3://osu-well-records-225989338968/pdfs/ExportedFolderContents_1/1923/01 - January/35111105940000_SCOTT MARY 3_2004110.pdf,1,1923,01 - January,early,1920s,location,location,not_found,"PLSS not found: missing section, township, range",done,,100,failed,not_found,,,,failed,api_error,,done,,99,skipped,,,
35111107060000_MAJOR WILEY 1_2003973,s3://osu-well-records-225989338968/pdfs/ExportedFolderContents_1/1923/01 - January/35111107060000_MAJOR WILEY 1_2003973.pdf,1,1923,01 - January,early,1920s,location,location,not_found,"PLSS not found: missing section, township, range",done,,100,failed,not_found,,,,failed,exception,,done,,98,skipped,,,
35131011450000_BLAINE S. TAYLOR 1_2464476,s3://osu-well-records-225989338968/pdfs/ExportedFolderContents_1/1923/01 - January/35131011450000_BLAINE S. TAYLOR 1_2464476.pdf,1,1923,01 - January,early,1920s,location,location,not_found,"PLSS not found: missing section, township, range",done,,99,failed,not_found,,,,failed,exception,,done,,97,skipped,,,
35131012180000_R SETTLE 1_2464523,s3://osu-well-records-225989338968/pdfs/ExportedFolderContents_1/1923/01 - January/35131012180000_R SETTLE 1_2464523.pdf,1,1923,01 - January,early,1920s,location,location,not_found,"PLSS not found: missing section, township, range",done,,100,failed,not_found,,,,failed,keyword_not_found,,failed,exception,,skipped,,,
35131014520000_RUCKER 2_2464517,s3://osu-well-records-225989338968/pdfs/ExportedFolderContents_1/1923/01 - January/35131014520000_RUCKER 2_2464517.pdf,1,1923,01 - January,early,1920s,location,location,not_found,"PLSS not found: missing section, township, range",done,,99,failed,not_found,,,,failed,exception,,failed,exception,,skipped,,,
35133081040000_ROBERT 1_1496464,s3://osu-well-records-225989338968/pdfs/ExportedFolderContents_1/1923/01 - January/35133081040000_ROBERT 1_1496464.pdf,1,1923,01 - January,early,1920s,location,location,not_found,"PLSS not found: missing section, township, range",done,,88,failed,not_found,,,,failed,exception,,failed,exception,,skipped,,,
35137014630000_J W TALLEY 1_2696093,s3://osu-well-records-225989338968/pdfs/ExportedFolderContents_1/1923/01 - January/35137014630000_J W TALLEY 1_2696093.pdf,1,1923,01 - January,early,1920s,location,location,not_found,"PLSS not found: missing section, township, range",done,,100,failed,not_found,,,,failed,exception,,failed,exception,,skipped,,,
35137111910000_HOLMAN 3_1696544,s3://osu-well-records-225989338968/pdfs/ExportedFolderContents_1/1923/01 - January/35137111910000_HOLMAN 3_1696544.pdf,1,1923,01 - January,early,1920s,location,location,not_found,"PLSS not found: missing section, township, range",done,,100,failed,not_found,,,,failed,keyword_not_found,,done,,99,skipped,,,
35143003790000_BREWER H 1_2003879,s3://osu-well-records-225989338968/pdfs/ExportedFolderContents_1/1923/01 - January/35143003790000_BREWER H 1_2003879.pdf,1,1923,01 - January,early,1920s,location,location,not_found,"PLSS not found: missing section, township, range",done,,99,failed,not_found,,,,failed,exception,,done,,97,skipped,,,
35143033900000_ROBINSON 1_2003854,s3://osu-well-records-225989338968/pdfs/ExportedFolderContents_1/1923/01 - January/35143033900000_ROBINSON 1_2003854.pdf,1,1923,01 - January,early,1920s,location,location,not_found,"PLSS not found: missing section, township, range",done,,100,failed,not_found,,,,failed,keyword_not_found,,done,,99,skipped,,,
35143043940000_CHILDERS 3_2003929,s3://osu-well-records-225989338968/pdfs/ExportedFolderContents_1/1923/01 - January/35143043940000_CHILDERS 3_2003929.pdf,1,1923,01 - January,early,1920s,location,location,not_found,"PLSS not found: missing section, township, range",done,,100,failed,not_found,,,,failed,exception,,failed,exception,,skipped,,,
35143051730000_C E CARRICK 1_2288433,s3://osu-well-records-225989338968/pdfs/ExportedFolderContents_1/1923/01 - January/35143051730000_C E CARRICK 1_2288433.pdf,1,1923,01 - January,early,1920s,location,location,not_found,"PLSS not found: missing section, township, range",done,,100,failed,not_found,,,,failed,exception,,done,,99,skipped,,,
35145761640000_SWENSEN 3_2364156,s3://osu-well-records-225989338968/pdfs/ExportedFolderContents_1/1923/01 - January/35145761640000_SWENSEN 3_2364156.pdf,1,1923,01 - January,early,1920s,location,location,not_found,"PLSS not found: missing section, township, range",done,,100,failed,not_found,,,,failed,keyword_not_found,,failed,exception,,skipped,,,
35147027460000_KERR 1_1384761,s3://osu-well-records-225989338968/pdfs/ExportedFolderContents_1/1923/01 - January/35147027460000_KERR 1_1384761.pdf,1,1923,01 - January,early,1920s,location,location,not_found,"PLSS not found: missing section, township, range",done,,98,failed,not_found,,,,failed,keyword_not_found,,done,,100,skipped,,,
35147027460000_KERR 1_2288401,s3://osu-well-records-225989338968/pdfs/ExportedFolderContents_1/1923/01 - January/35147027460000_KERR 1_2288401.pdf,1,1923,01 - January,early,1920s,location,location,not_found,"PLSS not found: missing section, township, range",done,,98,failed,not_found,,,,failed,keyword_not_found,,done,,100,skipped,,,
35147027460000_KERR 1_2288403,s3://osu-well-records-225989338968/pdfs/ExportedFolderContents_1/1923/01 - January/35147027460000_KERR 1_2288403.pdf,1,1923,01 - January,early,1920s,location,location,not_found,"PLSS not found: missing section, township, range",done,,98,failed,not_found,,,,failed,keyword_not_found,,done,,100,skipped,,,
35147035250000_J D HICKS_2288451,s3://osu-well-records-225989338968/pdfs/ExportedFolderContents_1/1923/01 - January/35147035250000_J D HICKS_2288451.pdf,1,1923,01 - January,early,1920s,location,location,not_found,"PLSS not found: missing section, township, range",done,,100,failed,not_found,,,,failed,keyword_not_found,,done,,97,skipped,,,
OSAGE_EDNA HICKMAN 13_2288416,s3://osu-well-records-225989338968/pdfs/ExportedFolderContents_1/1923/01 - January/OSAGE_EDNA HICKMAN 13_2288416.pdf,1,1923,01 - January,early,1920s,location,location,not_found,"PLSS not found: missing section, township, range",done,,91,failed,not_found,,,,failed,exception,,failed,exception,,skipped,,,
OSAGE_EDNA HICKMAN 14_2288381,s3://osu-well-records-225989338968/pdfs/ExportedFolderContents_1/1923/01 - January/OSAGE_EDNA HICKMAN 14_2288381.pdf,1,1923,01 - January,early,1920s,location,location,not_found,"PLSS not found: missing section, township, range",done,,100,failed,not_found,,,,failed,keyword_not_found,,failed,exception,,skipped,,,
OSAGE_EDNA HICKMAN 15_2288382,s3://osu-well-records-225989338968/pdfs/ExportedFolderContents_1/1923/01 - January/OSAGE_EDNA HICKMAN 15_2288382.pdf,1,1923,01 - January,early,1920s,location,location,not_found,"PLSS not found: missing section, township, range",done,,99,failed,not_found,,,,failed,keyword_not_found,,failed,exception,,skipped,,,
OSAGE_EDNA HICKMAN 16_2288419,s3://osu-well-records-225989338968/pdfs/ExportedFolderContents_1/1923/01 - January/OSAGE_EDNA HICKMAN 16_2288419.pdf,1,1923,01 - January,early,1920s,location,location,not_found,"PLSS not found: missing section, township, range",done,,95,failed,not_found,,,,failed,exception,,done,,97,skipped,,,
OSAGE_OSAGE_2288351,s3://osu-well-records-225989338968/pdfs/ExportedFolderContents_1/1923/01 - January/OSAGE_OSAGE_2288351.pdf,1,1923,01 - January,early,1920s,location,location,not_found,"PLSS not found: missing section, township, range",done,,100,failed,not_found,,,,failed,exception,,done,,73,skipped,,,
00000000_No Data_1053340,s3://osu-well-records-225989338968/pdfs/ExportedFolderContents_1/1923/02 - February/00000000_No Data_1053340.pdf,1,1923,02 - February,early,1920s,location,location,not_found,"PLSS not found: missing section, township, range",done,,92,failed,not_found,,,,failed,keyword_not_found,,done,,99,skipped,,,
00000000_No Data_1053431,s3://osu-well-records-225989338968/pdfs/ExportedFolderContents_1/1923/02 - February/00000000_No Data_1053431.pdf,1,1923,02 - February,early,1920s,location,location,not_found,"PLSS not found: missing section, township, range",done,,100,failed,not_found,,,,failed,keyword_not_found,,done,,99,skipped,,,
00000000_No Data_1053574,s3://osu-well-records-225989338968/pdfs/ExportedFolderContents_1/1923/02 - February/00000000_No Data_1053574.pdf,1,1923,02 - February,early,1920s,location,location,not_found,"PLSS not found: missing section, township, range",done,,100,failed,not_found,,,,failed,keyword_not_found,,done,,99,skipped,,,
00000000_No Data_1053582,s3://osu-well-records-225989338968/pdfs/ExportedFolderContents_1/1923/02 - February/00000000_No Data_1053582.pdf,1,1923,02 - February,early,1920s,location,location,not_found,"PLSS not found: missing section, township, range",done,,100,failed,not_found,,,,failed,exception,,done,,97,skipped,,,
00000000_No Data_1414389,s3://osu-well-records-225989338968/pdfs/ExportedFolderContents_1/1923/02 - February/00000000_No Data_1414389.pdf,1,1923,02 - February,early,1920s,location,location,not_found,"PLSS not found: missing section, township, range",done,,100,failed,not_found,,,,failed,exception,,done,,98,skipped,,,
00000000_No Data_589521,s3://osu-well-records-225989338968/pdfs/ExportedFolderContents_1/1923/02 - February/00000000_No Data_589521.pdf,1,1923,02 - February,early,1920s,location,location,not_found,"PLSS not found: missing section, township, range",done,,100,failed,not_found,,,,failed,keyword_not_found,,done,,99,skipped,,,
00000000_No Data_589525,s3://osu-well-records-225989338968/pdfs/ExportedFolderContents_1/1923/02 - February/00000000_No Data_589525.pdf,1,1923,02 - February,early,1920s,location,location,not_found,"PLSS not found: missing section, township, range",done,,100,failed,not_found,,,,failed,exception,,done,,99,skipped,,,
01900723_CRUCE 1_920447,s3://osu-well-records-225989338968/pdfs/ExportedFolderContents_1/1923/02 - February/01900723_CRUCE 1_920447.pdf,1,1923,02 - February,early,1920s,location,location,not_found,"PLSS not found: missing section, township, range",done,,99,failed,not_found,,,,failed,exception,,failed,exception,,skipped,,,
01905291_BROOKS 1_920436,s3://osu-well-records-225989338968/pdfs/ExportedFolderContents_1/1923/02 - February/01905291_BROOKS 1_920436.pdf,1,1923,02 - February,early,1920s,location,location,not_found,"PLSS not found: missing section, township, range",done,,100,failed,not_found,,,,failed,keyword_not_found,,done,,99,skipped,,,
01909137_J F BENNETT 9_920430,s3://osu-well-records-225989338968/pdfs/ExportedFolderContents_1/1923/02 - February/01909137_J F BENNETT 9_920430.pdf,1,1923,02 - February,early,1920s,location,location,not_found,"PLSS not found: missing section, township, range",done,,100,failed,not_found,,,,failed,exception,,done,,100,skipped,,,
01909692_HEFNER-MILLS 4_920440,s3://osu-well-records-225989338968/pdfs/ExportedFolderContents_1/1923/02 - February/01909692_HEFNER-MILLS 4_920440.pdf,1,1923,02 - February,early,1920s,location,location,not_found,"PLSS not found: missing section, township, range",done,,100,failed,not_found,,,,failed,exception,,done,,99,skipped,,,
01911333_EVERETT NOBLE 12_920432,s3://osu-well-records-225989338968/pdfs/ExportedFolderContents_1/1923/02 - February/01911333_EVERETT NOBLE 12_920432.pdf,1,1923,02 - February,early,1920s,location,location,not_found,"PLSS not found: missing section, township, range",done,,100,failed,not_found,,,,failed,keyword_not_found,,failed,exception,,skipped,,,
01911380_DILLARD 44_920431,s3://osu-well-records-225989338968/pdfs/ExportedFolderContents_1/1923/02 - February/01911380_DILLARD 44_920431.pdf,1,1923,02 - February,early,1920s,location,location,not_found,"PLSS not found: missing section, township, range",done,,100,failed,not_found,,,,failed,exception,,done,,98,skipped,,,
01911392_J H DILLARD 61_920443,s3://osu-well-records-225989338968/pdfs/ExportedFolderContents_1/1923/02 - February/01911392_J H DILLARD 61_920443.pdf,1,1923,02 - February,early,1920s,location,location,not_found,"PLSS not found: missing section, township, range",done,,100,failed,not_found,,,,failed,exception,,done,,98,skipped,,,
01911561_GAZAWAY 2_920469,s3://osu-well-records-225989338968/pdfs/ExportedFolderContents_1/1923/02 - February/01911561_GAZAWAY 2_920469.pdf,1,1923,02 - February,early,1920s,location,location,not_found,"PLSS not found: missing section, township, range",done,,92,failed,not_found,,,,failed,exception,,done,,99,skipped,,,
01911582_KALISH 12_920483,s3://osu-well-records-225989338968/pdfs/ExportedFolderContents_1/1923/02 - February/01911582_KALISH 12_920483.pdf,1,1923,02 - February,early,1920s,location,location,not_found,"PLSS not found: missing section, township, range",done,,98,failed,not_found,,,,failed,keyword_not_found,,failed,exception,,skipped,,,
01911734_WALKER 9_920450,s3://osu-well-records-225989338968/pdfs/ExportedFolderContents_1/1923/02 - February/01911734_WALKER 9_920450.pdf,1,1923,02 - February,early,1920s,location,location,not_found,"PLSS not found: missing section, township, range",done,,100,failed,not_found,,,,failed,exception,,done,,97,skipped,,,
01911876_A E DENNY B 3_920484,s3://osu-well-records-225989338968/pdfs/ExportedFolderContents_1/1923/02 - February/01911876_A E DENNY B 3_920484.pdf,1,1923,02 - February,early,1920s,location,location,not_found,"PLSS not found: missing section, township, range",done,,99,failed,not_found,,,,failed,api_error,,done,,90,skipped,,,
01912541_SAM BAPTISTE 13_516504,s3://osu-well-records-225989338968/pdfs/ExportedFolderContents_1/1923/02 - February/01912541_SAM BAPTISTE 13_516504.pdf,1,1923,02 - February,early,1920s,location,location,not_found,"PLSS not found: missing section, township, range",done,,86,failed,not_found,,,,failed,exception,,failed,exception,,skipped,,,
01912569_MADELINE FARVE 6_516472,s3://osu-well-records-225989338968/pdfs/ExportedFolderContents_1/1923/02 - February/01912569_MADELINE FARVE 6_516472.pdf,1,1923,02 - February,early,1920s,location,location,not_found,"PLSS not found: missing section, township, range",done,,90,failed,not_found,,,,failed,exception,,failed,exception,,skipped,,,
01913021_W H H KETTNER 1_920456,s3://osu-well-records-225989338968/pdfs/ExportedFolderContents_1/1923/02 - February/01913021_W H H KETTNER 1_920456.pdf,1,1923,02 - February,early,1920s,location,location,not_found,"PLSS not found: missing section, township, range",done,,100,failed,not_found,,,,failed,keyword_not_found,,done,,99,skipped,,,
01913126_WATKINS 1_516484,s3://osu-well-records-225989338968/pdfs/ExportedFolderContents_1/1923/02 - February/01913126_WATKINS 1_516484.pdf,1,1923,02 - February,early,1920s,location,location,not_found,"PLSS not found: missing section, township, range",done,,100,failed,not_found,,,,failed,keyword_not_found,,done,,98,skipped,,,
01913599_MORRIS & LESTER 2_920487,s3://osu-well-records-225989338968/pdfs/ExportedFolderContents_1/1923/02 - February/01913599_MORRIS & LESTER 2_920487.pdf,1,1923,02 - February,early,1920s,location,location,not_found,"PLSS not found: missing section, township, range",done,,100,failed,not_found,,,,failed,exception,,done,,98,skipped,,,
01913599_MORRIS & LESTER 2_920488,s3://osu-well-records-225989338968/pdfs/ExportedFolderContents_1/1923/02 - February/01913599_MORRIS & LESTER 2_920488.pdf,1,1923,02 - February,early,1920s,location,location,not_found,"PLSS not found: missing section, township, range",done,,98,failed,not_found,,,,failed,keyword_not_found,,failed,exception,,skipped,,,
01914151_JS MULLEN 4_920463,s3://osu-well-records-225989338968/pdfs/ExportedFolderContents_1/1923/02 - February/01914151_JS MULLEN 4_920463.pdf,1,1923,02 - February,early,1920s,location,location,not_found,"PLSS not found: missing section, township, range",done,,100,failed,not_found,,,,failed,keyword_not_found,,done,,100,skipped,,,
01914251_FEE 1_920451,s3://osu-well-records-225989338968/pdfs/ExportedFolderContents_1/1923/02 - February/01914251_FEE 1_920451.pdf,1,1923,02 - February,early,1920s,location,location,not_found,"PLSS not found: missing section, township, range",done,,98,failed,not_found,,,,failed,exception,,failed,exception,,skipped,,,
01976033_BENNETT-WOODWORTH 3_920437,s3://osu-well-records-225989338968/pdfs/ExportedFolderContents_1/1923/02 - February/01976033_BENNETT-WOODWORTH 3_920437.pdf,1,1923,02 - February,early,1920s,location,location,not_found,"PLSS not found: missing section, township, range",done,,100,failed,not_found,,,,failed,keyword_not_found,,failed,exception,,skipped,,,
01976034_J H BENNETT 6_920491,s3://osu-well-records-225989338968/pdfs/ExportedFolderContents_1/1923/02 - February/01976034_J H BENNETT 6_920491.pdf,1,1923,02 - February,early,1920s,location,location,not_found,"PLSS not found: missing section, township, range",done,,100,failed,not_found,,,,failed,exception,,done,,98,skipped,,,
03303457_BONDURANT 1_1414381,s3://osu-well-records-225989338968/pdfs/ExportedFolderContents_1/1923/02 - February/03303457_BONDURANT 1_1414381.pdf,1,1923,02 - February,early,1920s,location,location,not_found,"PLSS not found: missing section, township, range",done,,100,failed,not_found,,,,failed,keyword_not_found,,done,,97,skipped,,,
03303457_BONDURANT 1_516471,s3://osu-well-records-225989338968/pdfs/ExportedFolderContents_1/1923/02 - February/03303457_BONDURANT 1_516471.pdf,1,1923,02 - February,early,1920s,location,location,not_found,"PLSS not found: missing section, township, range",done,,100,failed,not_found,,,,failed,keyword_not_found,,done,,97,skipped,,,
03303457_BONDURANT 1_920422,s3://osu-well-records-225989338968/pdfs/ExportedFolderContents_1/1923/02 - February/03303457_BONDURANT 1_920422.pdf,1,1923,02 - February,early,1920s,location,location,not_found,"PLSS not found: missing section, township, range",done,,100,failed,not_found,,,,failed,keyword_not_found,,done,,97,skipped,,,
03702120_FREEMAN KERNAL 1_1053309,s3://osu-well-records-225989338968/pdfs/ExportedFolderContents_1/1923/02 - February/03702120_FREEMAN KERNAL 1_1053309.pdf,1,1923,02 - February,early,1920s,location,location,not_found,"PLSS not found: missing section, township, range",done,,88,failed,not_found,,,,failed,exception,,done,,99,skipped,,,
03702632_K SAAB 1_1053448,s3://osu-well-records-225989338968/pdfs/ExportedFolderContents_1/1923/02 - February/03702632_K SAAB 1_1053448.pdf,1,1923,02 - February,early,1920s,location,location,not_found,"PLSS not found: missing section, township, range",done,,99,failed,not_found,,,,failed,exception,,done,,99,skipped,,,
03703046_ELIZABETH WATSON 2_1053352,s3://osu-well-records-225989338968/pdfs/ExportedFolderContents_1/1923/02 - February/03703046_ELIZABETH WATSON 2_1053352.pdf,1,1923,02 - February,early,1920s,location,location,not_found,"PLSS not found: missing section, township, range",done,,100,failed,not_found,,,,failed,keyword_not_found,,done,,99,skipped,,,
03703543_HAREM 1_1053398,s3://osu-well-records-225989338968/pdfs/ExportedFolderContents_1/1923/02 - February/03703543_HAREM 1_1053398.pdf,1,1923,02 - February,early,1920s,location,location,not_found,"PLSS not found: missing section, township, range",done,,98,failed,not_found,,,,failed,exception,,failed,exception,,skipped,,,
03703755_W BEAVER 1_1053537,s3://osu-well-records-225989338968/pdfs/ExportedFolderContents_1/1923/02 - February/03703755_W BEAVER 1_1053537.pdf,1,1923,02 - February,early,1920s,location,location,not_found,"PLSS not found: missing section, township, range",done,,99,failed,not_found,,,,failed,exception,,failed,exception,,skipped,,,
03703780_ROBERSON 1_1051983,s3://osu-well-records-225989338968/pdfs/ExportedFolderContents_1/1923/02 - February/03703780_ROBERSON 1_1051983.pdf,1,1923,02 - February,early,1920s,location,location,not_found,"PLSS not found: missing section, township, range",done,,99,failed,not_found,,,,failed,exception,,done,,99,skipped,,,
03703822_HALE JOHN 1_1053548,s3://osu-well-records-225989338968/pdfs/ExportedFolderContents_1/1923/02 - February/03703822_HALE JOHN 1_1053548.pdf,1,1923,02 - February,early,1920s,location,location,not_found,"PLSS not found: missing section, township, range",done,,94,failed,not_found,,,,failed,exception,,done,,99,skipped,,,
03704135_L BEAVER 3_1053357,s3://osu-well-records-225989338968/pdfs/ExportedFolderContents_1/1923/02 - February/03704135_L BEAVER 3_1053357.pdf,1,1923,02 - February,early,1920s,location,location,not_found,"PLSS not found: missing section, township, range",done,,100,failed,not_found,,,,failed,keyword_not_found,,done,,98,skipped,,,
03704174_TAYLOR HAWKINS 10_1053294,s3://osu-well-records-225989338968/pdfs/ExportedFolderContents_1/1923/02 - February/03704174_TAYLOR HAWKINS 10_1053294.pdf,1,1923,02 - February,early,1920s,location,location,not_found,"PLSS not found: missing section, township, range",done,,99,failed,not_found,,,,failed,exception,,done,,99,skipped,,,
03704200_LUCIEN TIGER 1_1053429,s3://osu-well-records-225989338968/pdfs/ExportedFolderContents_1/1923/02 - February/03704200_LUCIEN TIGER 1_1053429.pdf,1,1923,02 - February,early,1920s,location,location,not_found,"PLSS not found: missing section, township, range",done,,99,failed,not_found,,,,failed,exception,,done,,99,skipped,,,
03704205_H JACKSON 1_1053310,s3://osu-well-records-225989338968/pdfs/ExportedFolderContents_1/1923/02 - February/03704205_H JACKSON 1_1053310.pdf,1,1923,02 - February,early,1920s,location,location,not_found,"PLSS not found: missing section, township, range",done,,100,failed,not_found,,,,failed,exception,,done,,99,skipped,,,
03704518_N VAUGHN 11_1053498,s3://osu-well-records-225989338968/pdfs/ExportedFolderContents_1/1923/02 - February/03704518_N VAUGHN 11_1053498.pdf,1,1923,02 - February,early,1920s,location,location,not_found,"PLSS not found: missing section, township, range",done,,100,failed,not_found,,,,failed,exception,,done,,99,skipped,,,
03704533_EDDIE GRAYSON 8_1053319,s3://osu-well-records-225989338968/pdfs/ExportedFolderContents_1/1923/02 - February/03704533_EDDIE GRAYSON 8_1053319.pdf,1,1923,02 - February,early,1920s,location,location,not_found,"PLSS not found: missing section, township, range",done,,100,failed,not_found,,,,failed,exception,,failed,exception,,skipped,,,
03704706_L R ADKISSON 2_1053490,s3://osu-well-records-225989338968/pdfs/ExportedFolderContents_1/1923/02 - February/03704706_L R ADKISSON 2_1053490.pdf,1,1923,02 - February,early,1920s,location,location,not_found,"PLSS not found: missing section, township, range",done,,100,failed,not_found,,,,failed,keyword_not_found,,done,,99,skipped,,,
03706807_IRENE ROBERTS 5_1053408,s3://osu-well-records-225989338968/pdfs/ExportedFolderContents_1/1923/02 - February/03706807_IRENE ROBERTS 5_1053408.pdf,1,1923,02 - February,early,1920s,location,location,not_found,"PLSS not found: missing section, township, range",done,,100,failed,not_found,,,,failed,keyword_not_found,,done,,99,skipped,,,
03707390_W WILLIAMS 3_1053536,s3://osu-well-records-225989338968/pdfs/ExportedFolderContents_1/1923/02 - February/03707390_W WILLIAMS 3_1053536.pdf,1,1923,02 - February,early,1920s,location,location,not_found,"PLSS not found: missing section, township, range",done,,100,failed,not_found,,,,failed,keyword_not_found,,done,,99,skipped,,,
03707621_CHARLES 1_1053527,s3://osu-well-records-225989338968/pdfs/ExportedFolderContents_1/1923/02 - February/03707621_CHARLES 1_1053527.pdf,1,1923,02 - February,early,1920s,location,location,not_found,"PLSS not found: missing section, township, range",done,,99,failed,not_found,,,,failed,exception,,done,,99,skipped,,,
03710124_MARCHIE HAYES 1_1053504,s3://osu-well-records-225989338968/pdfs/ExportedFolderContents_1/1923/02 - February/03710124_MARCHIE HAYES 1_1053504.pdf,1,1923,02 - February,early,1920s,location,location,not_found,"PLSS not found: missing section, township, range",done,,98,failed,not_found,,,,failed,keyword_not_found,,failed,exception,,skipped,,,
03716138_SHOEMAKER 1_1053471,s3://osu-well-records-225989338968/pdfs/ExportedFolderContents_1/1923/02 - February/03716138_SHOEMAKER 1_1053471.pdf,1,1923,02 - February,early,1920s,location,location,not_found,"PLSS not found: missing section, township, range",done,,99,failed,not_found,,,,failed,exception,,done,,100,skipped,,,
03717171_M BEAVER 1_1053403,s3://osu-well-records-225989338968/pdfs/ExportedFolderContents_1/1923/02 - February/03717171_M BEAVER 1_1053403.pdf,1,1923,02 - February,early,1920s,location,location,not_found,"PLSS not found: missing section, township, range",done,,100,failed,not_found,,,,failed,exception,,failed,exception,,skipped,,,
03717375_J B ROBERTS 1_1053316,s3://osu-well-records-225989338968/pdfs/ExportedFolderContents_1/1923/02 - February/03717375_J B ROBERTS 1_1053316.pdf,1,1923,02 - February,early,1920s,location,location,not_found,"PLSS not found: missing section, township, range",done,,100,failed,not_found,,,,failed,keyword_not_found,,failed,exception,,skipped,,,
03900025_ROBERT RUTH_485707,s3://osu-well-records-225989338968/pdfs/ExportedFolderContents_1/1923/02 - February/03900025_ROBERT RUTH_485707.pdf,1,1923,02 - February,early,1920s,location,location,not_found,"PLSS not found: missing section, township, range",done,,99,failed,not_found,,,,failed,keyword_not_found,,failed,exception,,skipped,,,
04700488_CROSBY 1_1539230,s3://osu-well-records-225989338968/pdfs/ExportedFolderContents_1/1923/02 - February/04700488_CROSBY 1_1539230.pdf,1,1923,02 - February,early,1920s,location,location,not_found,"PLSS not found: missing section, township, range",done,,100,failed,not_found,,,,failed,exception,,done,,100,skipped,,,
04700505_SEAMAN 1_1539198,s3://osu-well-records-225989338968/pdfs/ExportedFolderContents_1/1923/02 - February/04700505_SEAMAN 1_1539198.pdf,1,1923,02 - February,early,1920s,location,location,not_found,"PLSS not found: missing section, township, range",done,,100,failed,not_found,,,,failed,exception,,done,,92,skipped,,,
04702220_L E CREWS 5_1539192,s3://osu-well-records-225989338968/pdfs/ExportedFolderContents_1/1923/02 - February/04702220_L E CREWS 5_1539192.pdf,1,1923,02 - February,early,1920s,location,location,not_found,"PLSS not found: missing section, township, range",done,,100,failed,not_found,,,,failed,keyword_not_found,,done,,99,skipped,,,
04702222_L E CREWS 8_1539214,s3://osu-well-records-225989338968/pdfs/ExportedFolderContents_1/1923/02 - February/04702222_L E CREWS 8_1539214.pdf,1,1923,02 - February,early,1920s,location,location,not_found,"PLSS not found: missing section, township, range",done,,98,failed,not_found,,,,failed,exception,,done,,100,skipped,,,
04702290_KISNER WEST 7_1539202,s3://osu-well-records-225989338968/pdfs/ExportedFolderContents_1/1923/02 - February/04702290_KISNER WEST 7_1539202.pdf,1,1923,02 - February,early,1920s,location,location,not_found,"PLSS not found: missing section, township, range",done,,100,failed,not_found,,,,failed,keyword_not_found,,done,,100,skipped,,,
04702429_LOUISA CREWS 8_1539193,s3://osu-well-records-225989338968/pdfs/ExportedFolderContents_1/1923/02 - February/04702429_LOUISA CREWS 8_1539193.pdf,1,1923,02 - February,early,1920s,location,location,not_found,"PLSS not found: missing section, township, range",done,,100,failed,not_found,,,,failed,exception,,failed,exception,,skipped,,,
04702456_THOMAS CAMPBELL 8_1539228,s3://osu-well-records-225989338968/pdfs/ExportedFolderContents_1/1923/02 - February/04702456_THOMAS CAMPBELL 8_1539228.pdf,1,1923,02 - February,early,1920s,location,location,not_found,"PLSS not found: missing section, township, range",done,,98,failed,not_found,,,,failed,keyword_not_found,,failed,exception,,skipped,,,
04702461_THOMAS CAMPBELL 13_1539197,s3://osu-well-records-225989338968/pdfs/ExportedFolderContents_1/1923/02 - February/04702461_THOMAS CAMPBELL 13_1539197.pdf,1,1923,02 - February,early,1920s,location,location,not_found,"PLSS not found: missing section, township, range",done,,100,failed,not_found,,,,failed,keyword_not_found,,done,,100,skipped,,,
04702965_FRICKENSCHMIDT 9_1539232,s3://osu-well-records-225989338968/pdfs/ExportedFolderContents_1/1923/02 - February/04702965_FRICKENSCHMIDT 9_1539232.pdf,1,1923,02 - February,early,1920s,location,location,not_found,"PLSS not found: missing section, township, range",done,,99,failed,not_found,,,,failed,keyword_not_found,,done,,96,skipped,,,
04703043_D METSCHER 12_1539203,s3://osu-well-records-225989338968/pdfs/ExportedFolderContents_1/1923/02 - February/04703043_D METSCHER 12_1539203.pdf,1,1923,02 - February,early,1920s,location,location,not_found,"PLSS not found: missing section, township, range",done,,98,failed,not_found,,,,failed,exception,,done,,82,skipped,,,
04900660_COWAN-GIBSON 1_782199,s3://osu-well-records-225989338968/pdfs/ExportedFolderContents_1/1923/02 - February/04900660_COWAN-GIBSON 1_782199.pdf,1,1923,02 - February,early,1920s,location,location,not_found,"PLSS not found: missing section, township, range",done,,100,failed,not_found,,,,failed,exception,,done,,97,skipped,,,
04901141_BEACH-GANN 1_782174,s3://osu-well-records-225989338968/pdfs/ExportedFolderContents_1/1923/02 - February/04901141_BEACH-GANN 1_782174.pdf,1,1923,02 - February,early,1920s,location,location,not_found,"PLSS not found: missing section, township, range",done,,100,failed,not_found,,,,failed,exception,,done,,99,skipped,,,
04901146_THOMAS PERNELL ACCOUNT 1 10_782176,s3://osu-well-records-225989338968/pdfs/ExportedFolderContents_1/1923/02 - February/04901146_THOMAS PERNELL ACCOUNT 1 10_782176.pdf,1,1923,02 - February,early,1920s,location,location,not_found,"PLSS not found: missing section, township, range",done,,96,failed,not_found,,,,failed,keyword_not_found,,done,,100,skipped,,,
04935452_FITZGERALD 3_782189,s3://osu-well-records-225989338968/pdfs/ExportedFolderContents_1/1923/02 - February/04935452_FITZGERALD 3_782189.pdf,1,1923,02 - February,early,1920s,location,location,not_found,"PLSS not found: missing section, township, range",done,,99,failed,not_found,,,,failed,exception,,done,,98,skipped,,,
04935573_R NEWBERRY 2_782193,s3://osu-well-records-225989338968/pdfs/ExportedFolderContents_1/1923/02 - February/04935573_R NEWBERRY 2_782193.pdf,1,1923,02 - February,early,1920s,location,location,not_found,"PLSS not found: missing section, township, range",done,,100,failed,not_found,,,,failed,exception,,done,,87,skipped,,,
04935658_M L COWAN 2_782177,s3://osu-well-records-225989338968/pdfs/ExportedFolderContents_1/1923/02 - February/04935658_M L COWAN 2_782177.pdf,1,1923,02 - February,early,1920s,location,location,not_found,"PLSS not found: missing section, township, range",done,,100,failed,not_found,,,,failed,exception,,failed,exception,,skipped,,,
05135050_GEORGE HILL 1_782186,s3://osu-well-records-225989338968/pdfs/ExportedFolderContents_1/1923/02 - February/05135050_GEORGE HILL 1_782186.pdf,1,1923,02 - February,early,1920s,location,location,not_found,"PLSS not found: missing section, township, range",done,,99,failed,not_found,,,,failed,exception,,failed,exception,,skipped,,,
05135123_EDMUNDSON 1_782173,s3://osu-well-records-225989338968/pdfs/ExportedFolderContents_1/1923/02 - February/05135123_EDMUNDSON 1_782173.pdf,1,1923,02 - February,early,1920s,location,location,not_found,"PLSS not found: missing section, township, range",done,,100,failed,not_found,,,,failed,exception,,failed,exception,,skipped,,,
05135172_THOS CHARLESON 1_782185,s3://osu-well-records-225989338968/pdfs/ExportedFolderContents_1/1923/02 - February/05135172_THOS CHARLESON 1_782185.pdf,1,1923,02 - February,early,1920s,location,location,not_found,"PLSS not found: missing section, township, range",done,,94,failed,not_found,,,,failed,exception,,done,,99,skipped,,,
05135714_W F DRYDEN 1_782183,s3://osu-well-records-225989338968/pdfs/ExportedFolderContents_1/1923/02 - February/05135714_W F DRYDEN 1_782183.pdf,1,1923,02 - February,early,1920s,location,location,not_found,"PLSS not found: missing section, township, range",done,,98,failed,not_found,,,,failed,exception,,failed,exception,,skipped,,,
05135791_J H WILLIAMS 1_782184,s3://osu-well-records-225989338968/pdfs/ExportedFolderContents_1/1923/02 - February/05135791_J H WILLIAMS 1_782184.pdf,1,1923,02 - February,early,1920s,location,location,not_found,"PLSS not found: missing section, township, range",done,,100,failed,not_found,,,,failed,exception,,failed,exception,,skipped,,,
05135893_O T ASHER 1_782182,s3://osu-well-records-225989338968/pdfs/ExportedFolderContents_1/1923/02 - February/05135893_O T ASHER 1_782182.pdf,1,1923,02 - February,early,1920s,location,location,not_found,"PLSS not found: missing section, township, range",done,,100,failed,not_found,,,,failed,api_error,,done,,96,skipped,,,
06300912_MARTHA E GREGORY C-3_1053491,s3://osu-well-records-225989338968/pdfs/ExportedFolderContents_1/1923/02 - February/06300912_MARTHA E GREGORY C-3_1053491.pdf,1,1923,02 - February,early,1920s,location,location,not_found,"PLSS not found: missing section, township, range",done,,100,failed,not_found,,,,failed,exception,,done,,99,skipped,,,
06300912_MARTHA E GREGORY C-3_589529,s3://osu-well-records-225989338968/pdfs/ExportedFolderContents_1/1923/02 - February/06300912_MARTHA E GREGORY C-3_589529.pdf,1,1923,02 - February,early,1920s,location,location,not_found,"PLSS not found: missing section, township, range",done,,100,failed,not_found,,,,failed,exception,,done,,99,skipped,,,
06304038_KOGEE HULLY 1 _589527,s3://osu-well-records-225989338968/pdfs/ExportedFolderContents_1/1923/02 - February/06304038_KOGEE HULLY 1 _589527.pdf,1,1923,02 - February,early,1920s,location,location,not_found,"PLSS not found: missing section, township, range",done,,100,failed,not_found,,,,failed,keyword_not_found,,failed,exception,,skipped,,,
06304055_MARTHA E GEREGORY B 2_589519,s3://osu-well-records-225989338968/pdfs/ExportedFolderContents_1/1923/02 - February/06304055_MARTHA E GEREGORY B 2_589519.pdf,1,1923,02 - February,early,1920s,location,location,not_found,"PLSS not found: missing section, township, range",done,,99,failed,not_found,,,,failed,exception,,done,,98,skipped,,,
06304060_MARTHA E GREGORY C 2_589524,s3://osu-well-records-225989338968/pdfs/ExportedFolderContents_1/1923/02 - February/06304060_MARTHA E GREGORY C 2_589524.pdf,1,1923,02 - February,early,1920s,location,location,not_found,"PLSS not found: missing section, township, range",done,,100,failed,not_found,,,,failed,keyword_not_found,,done,,99,skipped,,,
07103261_SMITH 1_1414405,s3://osu-well-records-225989338968/pdfs/ExportedFolderContents_1/1923/02 - February/07103261_SMITH 1_1414405.pdf,1,1923,02 - February,early,1920s,location,location,not_found,"PLSS not found: missing section, township, range",done,,89,failed,not_found,,,,failed,exception,,done,,98,skipped,,,
07103998_MCDANIELS 4_1539191,s3://osu-well-records-225989338968/pdfs/ExportedFolderContents_1/1923/02 - February/07103998_MCDANIELS 4_1539191.pdf,1,1923,02 - February,early,1920s,location,location,not_found,"PLSS not found: missing section, township, range",done,,99,failed,not_found,,,,failed,keyword_not_found,,done,,99,skipped,,,
07104009_F BEVERLIN 1 1_2_1539227,s3://osu-well-records-225989338968/pdfs/ExportedFolderContents_1/1923/02 - February/07104009_F BEVERLIN 1 1_2_1539227.pdf,1,1923,02 - February,early,1920s,location,location,not_found,"PLSS not found: missing section, township, range",done,,100,failed,not_found,,,,failed,exception,,failed,exception,,skipped,,,
07104043_BEVERLIN 11_1539223,s3://osu-well-records-225989338968/pdfs/ExportedFolderContents_1/1923/02 - February/07104043_BEVERLIN 11_1539223.pdf,1,1923,02 - February,early,1920s,location,location,not_found,"PLSS not found: missing section, township, range",done,,99,failed,not_found,,,,failed,exception,,done,,98,skipped,,,
07104160_MCKEE 3_1539224,s3://osu-well-records-225989338968/pdfs/ExportedFolderContents_1/1923/02 - February/07104160_MCKEE 3_1539224.pdf,1,1923,02 - February,early,1920s,location,location,not_found,"PLSS not found: missing section, township, range",done,,100,failed,not_found,,,,failed,exception,,done,,99,skipped,,,
07104161_MCKEE G-3_1539236,s3://osu-well-records-225989338968/pdfs/ExportedFolderContents_1/1923/02 - February/07104161_MCKEE G-3_1539236.pdf,1,1923,02 - February,early,1920s,location,location,not_found,"PLSS not found: missing section, township, range",done,,100,failed,not_found,,,,failed,exception,,done,,70,skipped,,,
07104164_MCKEE 6_1539212,s3://osu-well-records-225989338968/pdfs/ExportedFolderContents_1/1923/02 - February/07104164_MCKEE 6_1539212.pdf,1,1923,02 - February,early,1920s,location,location,not_found,"PLSS not found: missing section, township, range",done,,97,failed,not_found,,,,failed,exception,,done,,98,skipped,,,
07104167_MCKEE 10_1539229,s3://osu-well-records-225989338968/pdfs/ExportedFolderContents_1/1923/02 - February/07104167_MCKEE 10_1539229.pdf,1,1923,02 - February,early,1920s,location,location,not_found,"PLSS not found: missing section, township, range",done,,99,failed,not_found,,,,failed,exception,,done,,99,skipped,,,
07104209_L A ENDICOTT 1-A_1539218,s3://osu-well-records-225989338968/pdfs/ExportedFolderContents_1/1923/02 - February/07104209_L A ENDICOTT 1-A_1539218.pdf,1,1923,02 - February,early,1920s,location,location,not_found,"PLSS not found: missing section, township, range",done,,99,failed,not_found,,,,failed,keyword_not_found,,done,,73,skipped,,,
07104210_L ENDICOTT 1-B_1539237,s3://osu-well-records-225989338968/pdfs/ExportedFolderContents_1/1923/02 - February/07104210_L ENDICOTT 1-B_1539237.pdf,1,1923,02 - February,early,1920s,location,location,not_found,"PLSS not found: missing section, township, range",done,,99,failed,not_found,,,,failed,api_error,,done,,100,skipped,,,
07104257_C R OGG 1 1_2_1539226,s3://osu-well-records-225989338968/pdfs/ExportedFolderContents_1/1923/02 - February/07104257_C R OGG 1 1_2_1539226.pdf,1,1923,02 - February,early,1920s,location,location,not_found,"PLSS not found: missing section, township, range",done,,100,failed,not_found,,,,failed,keyword_not_found,,failed,exception,,skipped,,,
07104271_ENDICOTT 1-C_1539225,s3://osu-well-records-225989338968/pdfs/ExportedFolderContents_1/1923/02 - February/07104271_ENDICOTT 1-C_1539225.pdf,1,1923,02 - February,early,1920s,location,location,not_found,"PLSS not found: missing section, township, range",done,,99,failed,not_found,,,,failed,keyword_not_found,,done,,99,skipped,,,
07104305_L ENDICOTT B 11 1_2_1539234,s3://osu-well-records-225989338968/pdfs/ExportedFolderContents_1/1923/02 - February/07104305_L ENDICOTT B 11 1_2_1539234.pdf,1,1923,02 - February,early,1920s,location,location,not_found,"PLSS not found: missing section, township, range",done,,100,failed,not_found,,,,failed,exception,,done,,99,skipped,,,
07104596_CORDREY 1_1539190,s3://osu-well-records-225989338968/pdfs/ExportedFolderContents_1/1923/02 - February/07104596_CORDREY 1_1539190.pdf,1,1923,02 - February,early,1920s,location,location,not_found,"PLSS not found: missing section, township, range",done,,98,failed,not_found,,,,failed,keyword_not_found,,done,,99,skipped,,,
08700254_THOMPSON 1_589522,s3://osu-well-records-225989338968/pdfs/ExportedFolderContents_1/1923/02 - February/08700254_THOMPSON 1_589522.pdf,1,1923,02 - February,early,1920s,location,location,not_found,"PLSS not found: missing section, township, range",done,,98,failed,not_found,,,,failed,exception,,done,,95,skipped,,,
09100916_WATTS 1_1364356,s3://osu-well-records-225989338968/pdfs/ExportedFolderContents_1/1923/02 - February/09100916_WATTS 1_1364356.pdf,1,1923,02 - February,early,1920s,location,location,not_found,"PLSS not found: missing section, township, range",done,,99,failed,not_found,,,,failed,keyword_not_found,,done,,99,skipped,,,
10302870_B F BLUBAUGH 4_1539239,s3://osu-well-records-225989338968/pdfs/ExportedFolderContents_1/1923/02 - February/10302870_B F BLUBAUGH 4_1539239.pdf,1,1923,02 - February,early,1920s,location,location,not_found,"PLSS not found: missing section, township, range",done,,100,failed,not_found,,,,failed,exception,,done,,99,skipped,,,
10302895_BLUBAUGH 1-A_1539238,s3://osu-well-records-225989338968/pdfs/ExportedFolderContents_1/1923/02 - February/10302895_BLUBAUGH 1-A_1539238.pdf,1,1923,02 - February,early,1920s,location,location,not_found,"PLSS not found: missing section, township, range",done,,100,failed,not_found,,,,failed,exception,,done,,99,skipped,,,
10303008_LEE SHAWVER 5_1539217,s3://osu-well-records-225989338968/pdfs/ExportedFolderContents_1/1923/02 - February/10303008_LEE SHAWVER 5_1539217.pdf,1,1923,02 - February,early,1920s,location,location,not_found,"PLSS not found: missing section, township, range",done,,100,failed,not_found,,,,failed,exception,,failed,exception,,skipped,,,
10303009_LEE SHAWVER 6_1539205,s3://osu-well-records-225989338968/pdfs/ExportedFolderContents_1/1923/02 - February/10303009_LEE SHAWVER 6_1539205.pdf,1,1923,02 - February,early,1920s,location,location,not_found,"PLSS not found: missing section, township, range",done,,100,failed,not_found,,,,failed,exception,,done,,98,skipped,,,
10303009_LEE SHAWVER 6_50900769,s3://osu-well-records-225989338968/pdfs/ExportedFolderContents_1/1923/02 - February/10303009_LEE SHAWVER 6_50900769.pdf,1,1923,02 - February,early,1920s,location,location,not_found,"PLSS not found: missing section, township, range",done,,100,failed,not_found,,,,failed,exception,,failed,exception,,skipped,,,
10303014_LEE SHAWVER 11_1539216,s3://osu-well-records-225989338968/pdfs/ExportedFolderContents_1/1923/02 - February/10303014_LEE SHAWVER 11_1539216.pdf,1,1923,02 - February,early,1920s,location,location,not_found,"PLSS not found: missing section, township, range",done,,100,failed,not_found,,,,failed,exception,,done,,99,skipped,,,
10303014_LEE SHAWVER 11_50900790,s3://osu-well-records-225989338968/pdfs/ExportedFolderContents_1/1923/02 - February/10303014_LEE SHAWVER 11_50900790.pdf,1,1923,02 - February,early,1920s,location,location,not_found,"PLSS not found: missing section, township, range",done,,100,failed,not_found,,,,failed,exception,,failed,exception,,skipped,,,
10303016_LEE SHAWVER 13_1539206,s3://osu-well-records-225989338968/pdfs/ExportedFolderContents_1/1923/02 - February/10303016_LEE SHAWVER 13_1539206.pdf,1,1923,02 - February,early,1920s,location,location,not_found,"PLSS not found: missing section, township, range",done,,100,failed,not_found,,,,failed,exception,,done,,98,skipped,,,
10303016_LEE SHAWVER 13_1539208,s3://osu-well-records-225989338968/pdfs/ExportedFolderContents_1/1923/02 - February/10303016_LEE SHAWVER 13_1539208.pdf,1,1923,02 - February,early,1920s,location,location,not_found,"PLSS not found: missing section, township, range",done,,99,failed,not_found,,,,failed,exception,,done,,100,skipped,,,
10303022_LEE SHAWVER 19_50900754,s3://osu-well-records-225989338968/pdfs/ExportedFolderContents_1/1923/02 - February/10303022_LEE SHAWVER 19_50900754.pdf,1,1923,02 - February,early,1920s,location,location,not_found,"PLSS not found: missing section, township, range",done,,100,failed,not_found,,,,failed,exception,,done,,99,skipped,,,
10303099_RUZEK 1-A_1539222,s3://osu-well-records-225989338968/pdfs/ExportedFolderContents_1/1923/02 - February/10303099_RUZEK 1-A_1539222.pdf,1,1923,02 - February,early,1920s,location,location,not_found,"PLSS not found: missing section, township, range",done,,90,failed,not_found,,,,failed,exception,,done,,82,skipped,,,
10303104_RUZEK 4-A_1539209,s3://osu-well-records-225989338968/pdfs/ExportedFolderContents_1/1923/02 - February/10303104_RUZEK 4-A_1539209.pdf,1,1923,02 - February,early,1920s,location,location,not_found,"PLSS not found: missing section, township, range",done,,100,failed,not_found,,,,failed,keyword_not_found,,done,,98,skipped,,,
10303104_RUZEK 4-A_50980045,s3://osu-well-records-225989338968/pdfs/ExportedFolderContents_1/1923/02 - February/10303104_RUZEK 4-A_50980045.pdf,1,1923,02 - February,early,1920s,location,location,not_found,"PLSS not found: missing section, township, range",done,,100,failed,not_found,,,,failed,exception,,failed,exception,,skipped,,,
10303132_CARMICHAEL 4-B_1539204,s3://osu-well-records-225989338968/pdfs/ExportedFolderContents_1/1923/02 - February/10303132_CARMICHAEL 4-B_1539204.pdf,1,1923,02 - February,early,1920s,location,location,not_found,"PLSS not found: missing section, township, range",done,,100,failed,not_found,,,,failed,keyword_not_found,,done,,99,skipped,,,
10303140_CARMICHAEL 7_50980943,s3://osu-well-records-225989338968/pdfs/ExportedFolderContents_1/1923/02 - February/10303140_CARMICHAEL 7_50980943.pdf,1,1923,02 - February,early,1920s,location,location,not_found,"PLSS not found: missing section, township, range",done,,99,failed,not_found,,,,failed,exception,,failed,exception,,skipped,,,
10303141_J CARMICHAEL 7-A_1539201,s3://osu-well-records-225989338968/pdfs/ExportedFolderContents_1/1923/02 - February/10303141_J CARMICHAEL 7-A_1539201.pdf,1,1923,02 - February,early,1920s,location,location,not_found,"PLSS not found: missing section, township, range",done,,100,failed,not_found,,,,failed,exception,,done,,99,skipped,,,
10303263_D.E. EVANS 6_1539211,s3://osu-well-records-225989338968/pdfs/ExportedFolderContents_1/1923/02 - February/10303263_D.E. EVANS 6_1539211.pdf,1,1923,02 - February,early,1920s,location,location,not_found,"PLSS not found: missing section, township, range",done,,96,failed,not_found,,,,failed,keyword_not_found,,failed,exception,,skipped,,,
10303315_RENCE 3_1539215,s3://osu-well-records-225989338968/pdfs/ExportedFolderContents_1/1923/02 - February/10303315_RENCE 3_1539215.pdf,1,1923,02 - February,early,1920s,location,location,not_found,"PLSS not found: missing section, township, range",done,,100,failed,not_found,,,,failed,keyword_not_found,,failed,exception,,skipped,,,
10504082_LONG 11_1618224,s3://osu-well-records-225989338968/pdfs/ExportedFolderContents_1/1923/02 - February/10504082_LONG 11_1618224.pdf,1,1923,02 - February,early,1920s,location,location,not_found,"PLSS not found: missing section, township, range",done,,97,failed,not_found,,,,failed,exception,,done,,99,skipped,,,
10504083_LONG 12_1618248,s3://osu-well-records-225989338968/pdfs/ExportedFolderContents_1/1923/02 - February/10504083_LONG 12_1618248.pdf,1,1923,02 - February,early,1920s,location,location,not_found,"PLSS not found: missing section, township, range",done,,100,failed,not_found,,,,failed,exception,,failed,exception,,skipped,,,
10702224_CHANCEY 3_1053299,s3://osu-well-records-225989338968/pdfs/ExportedFolderContents_1/1923/02 - February/10702224_CHANCEY 3_1053299.pdf,1,1923,02 - February,early,1920s,location,location,not_found,"PLSS not found: missing section, township, range",done,,100,failed,not_found,,,,failed,exception,,failed,exception,,skipped,,,
10702224_CHANCEY 3_589516,s3://osu-well-records-225989338968/pdfs/ExportedFolderContents_1/1923/02 - February/10702224_CHANCEY 3_589516.pdf,1,1923,02 - February,early,1920s,location,location,not_found,"PLSS not found: missing section, township, range",done,,100,failed,not_found,,,,failed,exception,,failed,exception,,skipped,,,
10702706_No Data_1053577,s3://osu-well-records-225989338968/pdfs/ExportedFolderContents_1/1923/02 - February/10702706_No Data_1053577.pdf,1,1923,02 - February,early,1920s,location,location,not_found,"PLSS not found: missing section, township, range",done,,100,failed,not_found,,,,failed,keyword_not_found,,done,,99,skipped,,,
10702854_MYERS 1_1053306,s3://osu-well-records-225989338968/pdfs/ExportedFolderContents_1/1923/02 - February/10702854_MYERS 1_1053306.pdf,1,1923,02 - February,early,1920s,location,location,not_found,"PLSS not found: missing section, township, range",done,,99,failed,not_found,,,,failed,exception,,failed,exception,,skipped,,,
10702855_L M MYERS 2_1053404,s3://osu-well-records-225989338968/pdfs/ExportedFolderContents_1/1923/02 - February/10702855_L M MYERS 2_1053404.pdf,1,1923,02 - February,early,1920s,location,location,not_found,"PLSS not found: missing section, township, range",done,,99,failed,not_found,,,,failed,exception,,failed,exception,,skipped,,,
10704108_ARNETTE 2_1053509,s3://osu-well-records-225989338968/pdfs/ExportedFolderContents_1/1923/02 - February/10704108_ARNETTE 2_1053509.pdf,1,1923,02 - February,early,1920s,location,location,not_found,"PLSS not found: missing section, township, range",done,,100,failed,not_found,,,,failed,exception,,done,,99,skipped,,,
10704132_S SIMMONS 3_1053384,s3://osu-well-records-225989338968/pdfs/ExportedFolderContents_1/1923/02 - February/10704132_S SIMMONS 3_1053384.pdf,1,1923,02 - February,early,1920s,location,location,not_found,"PLSS not found: missing section, township, range",done,,99,failed,not_found,,,,failed,exception,,done,,99,skipped,,,
10704200_No Data_1053324,s3://osu-well-records-225989338968/pdfs/ExportedFolderContents_1/1923/02 - February/10704200_No Data_1053324.pdf,1,1923,02 - February,early,1920s,location,location,not_found,"PLSS not found: missing section, township, range",done,,100,failed,not_found,,,,failed,exception,,done,,98,skipped,,,
10705344_J PIGEON 4_589526,s3://osu-well-records-225989338968/pdfs/ExportedFolderContents_1/1923/02 - February/10705344_J PIGEON 4_589526.pdf,1,1923,02 - February,early,1920s,location,location,not_found,"PLSS not found: missing section, township, range",done,,100,failed,not_found,,,,failed,exception,,failed,exception,,skipped,,,
11101598_LOU MURRELL 3_1053400,s3://osu-well-records-225989338968/pdfs/ExportedFolderContents_1/1923/02 - February/11101598_LOU MURRELL 3_1053400.pdf,1,1923,02 - February,early,1920s,location,location,not_found,"PLSS not found: missing section, township, range",done,,100,failed,not_found,,,,failed,exception,,done,,98,skipped,,,
11101801_GEORGE CARR 4_1053337,s3://osu-well-records-225989338968/pdfs/ExportedFolderContents_1/1923/02 - February/11101801_GEORGE CARR 4_1053337.pdf,1,1923,02 - February,early,1920s,location,location,not_found,"PLSS not found: missing section, township, range",done,,100,failed,not_found,,,,failed,keyword_not_found,,done,,99,skipped,,,
11101801_GEORGE CARR 4_516476,s3://osu-well-records-225989338968/pdfs/ExportedFolderContents_1/1923/02 - February/11101801_GEORGE CARR 4_516476.pdf,1,1923,02 - February,early,1920s,location,location,not_found,"PLSS not found: missing section, township, range",done,,100,failed,not_found,,,,failed,keyword_not_found,,done,,99,skipped,,,
11103017_COLBERT 1_1053436,s3://osu-well-records-225989338968/pdfs/ExportedFolderContents_1/1923/02 - February/11103017_COLBERT 1_1053436.pdf,1,1923,02 - February,early,1920s,location,location,not_found,"PLSS not found: missing section, township, range",done,,100,failed,not_found,,,,failed,exception,,done,,100,skipped,,,
11103549_ANDREW ADAMS 1_1053296,s3://osu-well-records-225989338968/pdfs/ExportedFolderContents_1/1923/02 - February/11103549_ANDREW ADAMS 1_1053296.pdf,1,1923,02 - February,early,1920s,location,location,not_found,"PLSS not found: missing section, township, range",done,,95,failed,not_found,,,,failed,keyword_not_found,,done,,99,skipped,,,
11104728_W P TABOR 5_1053542,s3://osu-well-records-225989338968/pdfs/ExportedFolderContents_1/1923/02 - February/11104728_W P TABOR 5_1053542.pdf,1,1923,02 - February,early,1920s,location,location,not_found,"PLSS not found: missing section, township, range",done,,97,failed,not_found,,,,failed,keyword_not_found,,failed,exception,,skipped,,,
11104741_GEIGER 2_1053315,s3://osu-well-records-225989338968/pdfs/ExportedFolderContents_1/1923/02 - February/11104741_GEIGER 2_1053315.pdf,1,1923,02 - February,early,1920s,location,location,not_found,"PLSS not found: missing section, township, range",done,,99,failed,not_found,,,,failed,api_error,,done,,99,skipped,,,
11107312_Kelley Mary 3_1053573,s3://osu-well-records-225989338968/pdfs/ExportedFolderContents_1/1923/02 - February/11107312_Kelley Mary 3_1053573.pdf,1,1923,02 - February,early,1920s,location,location,not_found,"PLSS not found: missing section, township, range",done,,99,failed,not_found,,,,failed,keyword_not_found,,done,,92,skipped,,,
11107357_ROWE 1_1053525,s3://osu-well-records-225989338968/pdfs/ExportedFolderContents_1/1923/02 - February/11107357_ROWE 1_1053525.pdf,1,1923,02 - February,early,1920s,location,location,not_found,"PLSS not found: missing section, township, range",done,,100,failed,not_found,,,,failed,exception,,done,,98,skipped,,,
11107988_J GRAYSON 1_1053565,s3://osu-well-records-225989338968/pdfs/ExportedFolderContents_1/1923/02 - February/11107988_J GRAYSON 1_1053565.pdf,1,1923,02 - February,early,1920s,location,location,not_found,"PLSS not found: missing section, township, range",done,,100,failed,not_found,,,,failed,keyword_not_found,,done,,98,skipped,,,
11107994_ROBERT DILLSAVER 2_1053457,s3://osu-well-records-225989338968/pdfs/ExportedFolderContents_1/1923/02 - February/11107994_ROBERT DILLSAVER 2_1053457.pdf,1,1923,02 - February,early,1920s,location,location,not_found,"PLSS not found: missing section, township, range",done,,94,failed,not_found,,,,failed,exception,,done,,98,skipped,,,
11108685_FRANK LAMB 1_1053549,s3://osu-well-records-225989338968/pdfs/ExportedFolderContents_1/1923/02 - February/11108685_FRANK LAMB 1_1053549.pdf,1,1923,02 - February,early,1920s,location,location,not_found,"PLSS not found: missing section, township, range",done,,99,failed,not_found,,,,failed,exception,,done,,96,skipped,,,
11108685_FRANK LAMB 1_516497,s3://osu-well-records-225989338968/pdfs/ExportedFolderContents_1/1923/02 - February/11108685_FRANK LAMB 1_516497.pdf,1,1923,02 - February,early,1920s,location,location,not_found,"PLSS not found: missing section, township, range",done,,99,failed,not_found,,,,failed,exception,,done,,96,skipped,,,
11109937_Goodin Alice 2_1053343,s3://osu-well-records-225989338968/pdfs/ExportedFolderContents_1/1923/02 - February/11109937_Goodin Alice 2_1053343.pdf,1,1923,02 - February,early,1920s,location,location,not_found,"PLSS not found: missing section, township, range",done,,99,failed,not_found,,,,failed,exception,,failed,exception,,skipped,,,
11110063_L BARNETT 2_1220578,s3://osu-well-records-225989338968/pdfs/ExportedFolderContents_1/1923/02 - February/11110063_L BARNETT 2_1220578.pdf,1,1923,02 - February,early,1920s,location,location,not_found,"PLSS not found: missing section, township, range",done,,100,failed,not_found,,,,failed,keyword_not_found,,done,,100,skipped,,,
13709299_PAYNE 1_782187,s3://osu-well-records-225989338968/pdfs/ExportedFolderContents_1/1923/02 - February/13709299_PAYNE 1_782187.pdf,1,1923,02 - February,early,1920s,location,location,not_found,"PLSS not found: missing section, township, range",done,,100,failed,not_found,,,,failed,exception,,done,,99,skipped,,,
13710301_JOE R PAYNE 1_782180,s3://osu-well-records-225989338968/pdfs/ExportedFolderContents_1/1923/02 - February/13710301_JOE R PAYNE 1_782180.pdf,1,1923,02 - February,early,1920s,location,location,not_found,"PLSS not found: missing section, township, range",done,,87,failed,not_found,,,,failed,exception,,done,,100,skipped,,,
13710448_E JAMES 3_920452,s3://osu-well-records-225989338968/pdfs/ExportedFolderContents_1/1923/02 - February/13710448_E JAMES 3_920452.pdf,1,1923,02 - February,early,1920s,location,location,not_found,"PLSS not found: missing section, township, range",done,,95,failed,not_found,,,,failed,exception,,done,,97,skipped,,,
13711364_BUSH 4_920444,s3://osu-well-records-225989338968/pdfs/ExportedFolderContents_1/1923/02 - February/13711364_BUSH 4_920444.pdf,1,1923,02 - February,early,1920s,location,location,not_found,"PLSS not found: missing section, township, range",done,,99,failed,not_found,,,,failed,exception,,failed,exception,,skipped,,,
13711781_FLORENCE PRICE 1_920446,s3://osu-well-records-225989338968/pdfs/ExportedFolderContents_1/1923/02 - February/13711781_FLORENCE PRICE 1_920446.pdf,1,1923,02 - February,early,1920s,location,location,not_found,"PLSS not found: missing section, township, range",done,,94,failed,not_found,,,,failed,keyword_not_found,,done,,99,skipped,,,
13712120_MADDING 4_920473,s3://osu-well-records-225989338968/pdfs/ExportedFolderContents_1/1923/02 - February/13712120_MADDING 4_920473.pdf,1,1923,02 - February,early,1920s,location,location,not_found,"PLSS not found: missing section, township, range",done,,100,failed,not_found,,,,failed,exception,,failed,exception,,skipped,,,
13712238_TONEY-FRENSLEY 2_920438,s3://osu-well-records-225989338968/pdfs/ExportedFolderContents_1/1923/02 - February/13712238_TONEY-FRENSLEY 2_920438.pdf,1,1923,02 - February,early,1920s,location,location,not_found,"PLSS not found: missing section, township, range",done,,100,failed,not_found,,,,failed,exception,,failed,exception,,skipped,,,
13712238_TONEY-FRENSLEY 2_920439,s3://osu-well-records-225989338968/pdfs/ExportedFolderContents_1/1923/02 - February/13712238_TONEY-FRENSLEY 2_920439.pdf,1,1923,02 - February,early,1920s,location,location,not_found,"PLSS not found: missing section, township, range",done,,100,failed,not_found,,,,failed,exception,,failed,exception,,skipped,,,
13712505_J J MCCLANAHAN 12_920461,s3://osu-well-records-225989338968/pdfs/ExportedFolderContents_1/1923/02 - February/13712505_J J MCCLANAHAN 12_920461.pdf,1,1923,02 - February,early,1920s,location,location,not_found,"PLSS not found: missing section, township, range",done,,100,failed,not_found,,,,failed,exception,,failed,exception,,skipped,,,
13712505_J J MCCLANAHAN 12_920464,s3://osu-well-records-225989338968/pdfs/ExportedFolderContents_1/1923/02 - February/13712505_J J MCCLANAHAN 12_920464.pdf,1,1923,02 - February,early,1920s,location,location,not_found,"PLSS not found: missing section, township, range",done,,96,failed,not_found,,,,failed,exception,,done,,99,skipped,,,
13712579_FRENSLEY 8_920478,s3://osu-well-records-225989338968/pdfs/ExportedFolderContents_1/1923/02 - February/13712579_FRENSLEY 8_920478.pdf,1,1923,02 - February,early,1920s,location,location,not_found,"PLSS not found: missing section, township, range",done,,100,failed,not_found,,,,failed,keyword_not_found,,done,,99,skipped,,,
13712579_FRENSLEY 8_920479,s3://osu-well-records-225989338968/pdfs/ExportedFolderContents_1/1923/02 - February/13712579_FRENSLEY 8_920479.pdf,1,1923,02 - February,early,1920s,location,location,not_found,"PLSS not found: missing section, township, range",done,,99,failed,not_found,,,,failed,exception,,failed,exception,,skipped,,,
13712604_BARBER 1_920434,s3://osu-well-records-225989338968/pdfs/ExportedFolderContents_1/1923/02 - February/13712604_BARBER 1_920434.pdf,1,1923,02 - February,early,1920s,location,location,not_found,"PLSS not found: missing section, township, range",done,,100,failed,not_found,,,,failed,exception,,done,,99,skipped,,,
13712604_BARBER 1_920435,s3://osu-well-records-225989338968/pdfs/ExportedFolderContents_1/1923/02 - February/13712604_BARBER 1_920435.pdf,1,1923,02 - February,early,1920s,location,location,not_found,"PLSS not found: missing section, township, range",done,,100,failed,not_found,,,,failed,keyword_not_found,,done,,95,skipped,,,
13712695_C C WORRELL 2_920471,s3://osu-well-records-225989338968/pdfs/ExportedFolderContents_1/1923/02 - February/13712695_C C WORRELL 2_920471.pdf,1,1923,02 - February,early,1920s,location,location,not_found,"PLSS not found: missing section, township, range",done,,92,failed,not_found,,,,failed,exception,,done,,99,skipped,,,
13713093_GLASS 6_920445,s3://osu-well-records-225989338968/pdfs/ExportedFolderContents_1/1923/02 - February/13713093_GLASS 6_920445.pdf,1,1923,02 - February,early,1920s,location,location,not_found,"PLSS not found: missing section, township, range",done,,100,failed,not_found,,,,failed,exception,,done,,98,skipped,,,
13713172_FRANK KAGAY 13_920424,s3://osu-well-records-225989338968/pdfs/ExportedFolderContents_1/1923/02 - February/13713172_FRANK KAGAY 13_920424.pdf,1,1923,02 - February,early,1920s,location,location,not_found,"PLSS not found: missing section, township, range",done,,99,failed,not_found,,,,failed,exception,,failed,exception,,skipped,,,
13713226_SCHOOL LAND TR 77 5_920480,s3://osu-well-records-225989338968/pdfs/ExportedFolderContents_1/1923/02 - February/13713226_SCHOOL LAND TR 77 5_920480.pdf,1,1923,02 - February,early,1920s,location,location,not_found,"PLSS not found: missing section, township, range",done,,94,failed,not_found,,,,failed,keyword_not_found,,done,,99,skipped,,,
13713954_L SIMPSON 1_782194,s3://osu-well-records-225989338968/pdfs/ExportedFolderContents_1/1923/02 - February/13713954_L SIMPSON 1_782194.pdf,1,1923,02 - February,early,1920s,location,location,not_found,"PLSS not found: missing section, township, range",done,,95,failed,not_found,,,,failed,exception,,done,,99,skipped,,,
13722251_N DOYLE PENN SAND UNIT 2_782181,s3://osu-well-records-225989338968/pdfs/ExportedFolderContents_1/1923/02 - February/13722251_N DOYLE PENN SAND UNIT 2_782181.pdf,1,1923,02 - February,early,1920s,location,location,not_found,"PLSS not found: missing section, township, range",done,,98,failed,not_found,,,,failed,exception,,done,,97,skipped,,,
14302307_HENRY 1_1053395,s3://osu-well-records-225989338968/pdfs/ExportedFolderContents_1/1923/02 - February/14302307_HENRY 1_1053395.pdf,1,1923,02 - February,early,1920s,location,location,not_found,"PLSS not found: missing section, township, range",done,,98,failed,not_found,,,,failed,keyword_not_found,,failed,exception,,skipped,,,
14302307_HENRY 1_1053397,s3://osu-well-records-225989338968/pdfs/ExportedFolderContents_1/1923/02 - February/14302307_HENRY 1_1053397.pdf,1,1923,02 - February,early,1920s,location,location,not_found,"PLSS not found: missing section, township, range",done,,100,failed,not_found,,,,failed,keyword_not_found,,done,,99,skipped,,,
14302307_HENRY 1_516480,s3://osu-well-records-225989338968/pdfs/ExportedFolderContents_1/1923/02 - February/14302307_HENRY 1_516480.pdf,1,1923,02 - February,early,1920s,location,location,not_found,"PLSS not found: missing section, township, range",done,,100,failed,not_found,,,,failed,keyword_not_found,,done,,99,skipped,,,
14302307_HENRY 1_516481,s3://osu-well-records-225989338968/pdfs/ExportedFolderContents_1/1923/02 - February/14302307_HENRY 1_516481.pdf,1,1923,02 - February,early,1920s,location,location,not_found,"PLSS not found: missing section, township, range",done,,98,failed,not_found,,,,failed,keyword_not_found,,failed,exception,,skipped,,,
14302309_HINES 1_1053464,s3://osu-well-records-225989338968/pdfs/ExportedFolderContents_1/1923/02 - February/14302309_HINES 1_1053464.pdf,1,1923,02 - February,early,1920s,location,location,not_found,"PLSS not found: missing section, township, range",done,,100,failed,not_found,,,,failed,exception,,done,,97,skipped,,,
14302309_HINES 1_1053472,s3://osu-well-records-225989338968/pdfs/ExportedFolderContents_1/1923/02 - February/14302309_HINES 1_1053472.pdf,1,1923,02 - February,early,1920s,location,location,not_found,"PLSS not found: missing section, township, range",done,,100,failed,not_found,,,,failed,keyword_not_found,,failed,exception,,skipped,,,
14302309_HINES 1_516487,s3://osu-well-records-225989338968/pdfs/ExportedFolderContents_1/1923/02 - February/14302309_HINES 1_516487.pdf,1,1923,02 - February,early,1920s,location,location,not_found,"PLSS not found: missing section, township, range",done,,100,failed,not_found,,,,failed,keyword_not_found,,failed,exception,,skipped,,,
14302309_HINES 1_516488,s3://osu-well-records-225989338968/pdfs/ExportedFolderContents_1/1923/02 - February/14302309_HINES 1_516488.pdf,1,1923,02 - February,early,1920s,location,location,not_found,"PLSS not found: missing section, township, range",done,,100,failed,not_found,,,,failed,exception,,done,,97,skipped,,,
14302479_ROCLA B JOHNSON 1_516500,s3://osu-well-records-225989338968/pdfs/ExportedFolderContents_1/1923/02 - February/14302479_ROCLA B JOHNSON 1_516500.pdf,1,1923,02 - February,early,1920s,location,location,not_found,"PLSS not found: missing section, township, range",done,,100,failed,not_found,,,,failed,exception,,done,,99,skipped,,,
14302719_COUCH BRO 1_1053387,s3://osu-well-records-225989338968/pdfs/ExportedFolderContents_1/1923/02 - February/14302719_COUCH BRO 1_1053387.pdf,1,1923,02 - February,early,1920s,location,location,not_found,"PLSS not found: missing section, township, range",done,,100,failed,not_found,,,,failed,keyword_not_found,,done,,98,skipped,,,
14303121_H HARDRIDGE 5_1053424,s3://osu-well-records-225989338968/pdfs/ExportedFolderContents_1/1923/02 - February/14303121_H HARDRIDGE 5_1053424.pdf,1,1923,02 - February,early,1920s,location,location,not_found,"PLSS not found: missing section, township, range",done,,100,failed,not_found,,,,failed,keyword_not_found,,done,,99,skipped,,,
14303272_OTTO OKEIF 1_1053378,s3://osu-well-records-225989338968/pdfs/ExportedFolderContents_1/1923/02 - February/14303272_OTTO OKEIF 1_1053378.pdf,1,1923,02 - February,early,1920s,location,location,not_found,"PLSS not found: missing section, township, range",done,,99,failed,not_found,,,,failed,exception,,done,,99,skipped,,,
14303563_MARY E VANCE 2_1053581,s3://osu-well-records-225989338968/pdfs/ExportedFolderContents_1/1923/02 - February/14303563_MARY E VANCE 2_1053581.pdf,1,1923,02 - February,early,1920s,location,location,not_found,"PLSS not found: missing section, township, range",done,,99,failed,not_found,,,,failed,exception,,done,,99,skipped,,,
14303593_UNKNOWN 1_1053423,s3://osu-well-records-225989338968/pdfs/ExportedFolderContents_1/1923/02 - February/14303593_UNKNOWN 1_1053423.pdf,1,1923,02 - February,early,1920s,location,location,not_found,"PLSS not found: missing section, township, range",done,,100,failed,not_found,,,,failed,exception,,failed,exception,,skipped,,,
14303951_POSTOAK 1_1053572,s3://osu-well-records-225989338968/pdfs/ExportedFolderContents_1/1923/02 - February/14303951_POSTOAK 1_1053572.pdf,1,1923,02 - February,early,1920s,location,location,not_found,"PLSS not found: missing section, township, range",done,,99,failed,not_found,,,,failed,exception,,done,,99,skipped,,,
14304188_PHILLIPS 8_1053376,s3://osu-well-records-225989338968/pdfs/ExportedFolderContents_1/1923/02 - February/14304188_PHILLIPS 8_1053376.pdf,1,1923,02 - February,early,1920s,location,location,not_found,"PLSS not found: missing section, township, range",done,,100,failed,not_found,,,,failed,exception,,done,,98,skipped,,,
14304497_WARREN 2_1053566,s3://osu-well-records-225989338968/pdfs/ExportedFolderContents_1/1923/02 - February/14304497_WARREN 2_1053566.pdf,1,1923,02 - February,early,1920s,location,location,not_found,"PLSS not found: missing section, township, range",done,,100,failed,not_found,,,,failed,exception,,done,,99,skipped,,,
14304700_HARRISON 3_1053416,s3://osu-well-records-225989338968/pdfs/ExportedFolderContents_1/1923/02 - February/14304700_HARRISON 3_1053416.pdf,1,1923,02 - February,early,1920s,location,location,not_found,"PLSS not found: missing section, township, range",done,,100,failed,not_found,,,,failed,exception,,done,,97,skipped,,,
14305839_BUFFINGTON-PHILLIPS 17_1414481,s3://osu-well-records-225989338968/pdfs/ExportedFolderContents_1/1923/02 - February/14305839_BUFFINGTON-PHILLIPS 17_1414481.pdf,1,1923,02 - February,early,1920s,location,location,not_found,"PLSS not found: missing section, township, range",done,,99,failed,not_found,,,,failed,exception,,done,,100,skipped,,,
14305929_M ADKISSON 24_1414412,s3://osu-well-records-225989338968/pdfs/ExportedFolderContents_1/1923/02 - February/14305929_M ADKISSON 24_1414412.pdf,1,1923,02 - February,early,1920s,location,location,not_found,"PLSS not found: missing section, township, range",done,,99,failed,not_found,,,,failed,exception,,failed,exception,,skipped,,,
14501591_PENDERGAST 2_1364361,s3://osu-well-records-225989338968/pdfs/ExportedFolderContents_1/1923/02 - February/14501591_PENDERGAST 2_1364361.pdf,1,1923,02 - February,early,1920s,location,location,not_found,"PLSS not found: missing section, township, range",done,,100,failed,not_found,,,,failed,exception,,done,,99,skipped,,,
14501598_VERNON ETAL 2_1364343,s3://osu-well-records-225989338968/pdfs/ExportedFolderContents_1/1923/02 - February/14501598_VERNON ETAL 2_1364343.pdf,1,1923,02 - February,early,1920s,location,location,not_found,"PLSS not found: missing section, township, range",done,,99,failed,not_found,,,,failed,exception,,done,,91,skipped,,,
14501600_COLBERT 1_1364344,s3://osu-well-records-225989338968/pdfs/ExportedFolderContents_1/1923/02 - February/14501600_COLBERT 1_1364344.pdf,1,1923,02 - February,early,1920s,location,location,not_found,"PLSS not found: missing section, township, range",done,,99,failed,not_found,,,,failed,keyword_not_found,,done,,99,skipped,,,
14501939_PAYNE 1_1364334,s3://osu-well-records-225989338968/pdfs/ExportedFolderContents_1/1923/02 - February/14501939_PAYNE 1_1364334.pdf,1,1923,02 - February,early,1920s,location,location,not_found,"PLSS not found: missing section, township, range",done,,100,failed,not_found,,,,failed,keyword_not_found,,done,,93,skipped,,,
14502048_J COLBERT 5_1364359,s3://osu-well-records-225989338968/pdfs/ExportedFolderContents_1/1923/02 - February/14502048_J COLBERT 5_1364359.pdf,1,1923,02 - February,early,1920s,location,location,not_found,"PLSS not found: missing section, township, range",done,,99,failed,not_found,,,,failed,keyword_not_found,,done,,97,skipped,,,
14502982_SIMMONS 1_1364362,s3://osu-well-records-225989338968/pdfs/ExportedFolderContents_1/1923/02 - February/14502982_SIMMONS 1_1364362.pdf,1,1923,02 - February,early,1920s,location,location,not_found,"PLSS not found: missing section, township, range",done,,93,failed,not_found,,,,failed,exception,,failed,exception,,skipped,,,
14503254_HAHN 1_1364348,s3://osu-well-records-225989338968/pdfs/ExportedFolderContents_1/1923/02 - February/14503254_HAHN 1_1364348.pdf,1,1923,02 - February,early,1920s,location,location,not_found,"PLSS not found: missing section, township, range",done,,97,failed,not_found,,,,failed,keyword_not_found,,done,,99,skipped,,,
14504173_B DEARSTON 1_1364338,s3://osu-well-records-225989338968/pdfs/ExportedFolderContents_1/1923/02 - February/14504173_B DEARSTON 1_1364338.pdf,1,1923,02 - February,early,1920s,location,location,not_found,"PLSS not found: missing section, township, range",done,,100,failed,not_found,,,,failed,exception,,failed,exception,,skipped,,,
14700464_HOWELL 1_1414479,s3://osu-well-records-225989338968/pdfs/ExportedFolderContents_1/1923/02 - February/14700464_HOWELL 1_1414479.pdf,1,1923,02 - February,early,1920s,location,location,not_found,"PLSS not found: missing section, township, range",done,,100,failed,not_found,,,,failed,exception,,done,,95,skipped,,,
14703131_ELLA COLEMAN 6_1414395,s3://osu-well-records-225989338968/pdfs/ExportedFolderContents_1/1923/02 - February/14703131_ELLA COLEMAN 6_1414395.pdf,1,1923,02 - February,early,1920s,location,location,not_found,"PLSS not found: missing section, township, range",done,,100,failed,not_found,,,,failed,exception,,failed,exception,,skipped,,,
14707593_BOREN 1_1414427,s3://osu-well-records-225989338968/pdfs/ExportedFolderContents_1/1923/02 - February/14707593_BOREN 1_1414427.pdf,1,1923,02 - February,early,1920s,location,location,not_found,"PLSS not found: missing section, township, range",done,,98,failed,not_found,,,,failed,keyword_not_found,,done,,98,skipped,,,
14707753_No Data_1414444,s3://osu-well-records-225989338968/pdfs/ExportedFolderContents_1/1923/02 - February/14707753_No Data_1414444.pdf,1,1923,02 - February,early,1920s,location,location,not_found,"PLSS not found: missing section, township, range",done,,99,failed,not_found,,,,failed,exception,,done,,98,skipped,,,
35019760970000_CARNEY 2_1696606,s3://osu-well-records-225989338968/pdfs/ExportedFolderContents_1/1923/02 - February/35019760970000_CARNEY 2_1696606.pdf,1,1923,02 - February,early,1920s,location,location,not_found,"PLSS not found: missing section, township, range",done,,99,failed,not_found,,,,failed,keyword_not_found,,failed,exception,,skipped,,,
35029003120000_CLOVER 1_1496495,s3://osu-well-records-225989338968/pdfs/ExportedFolderContents_1/1923/02 - February/35029003120000_CLOVER 1_1496495.pdf,1,1923,02 - February,early,1920s,location,location,not_found,"PLSS not found: missing section, township, range",done,,100,failed,not_found,,,,failed,exception,,done,,98,skipped,,,
35029003120000_CLOVER 1_2004421,s3://osu-well-records-225989338968/pdfs/ExportedFolderContents_1/1923/02 - February/35029003120000_CLOVER 1_2004421.pdf,1,1923,02 - February,early,1920s,location,location,not_found,"PLSS not found: missing section, township, range",done,,100,failed,not_found,,,,failed,exception,,done,,98,skipped,,,
35037031840000_ELLIS 1_2004151,s3://osu-well-records-225989338968/pdfs/ExportedFolderContents_1/1923/02 - February/35037031840000_ELLIS 1_2004151.pdf,1,1923,02 - February,early,1920s,location,location,not_found,"PLSS not found: missing section, township, range",done,,100,failed,not_found,,,,failed,keyword_not_found,,failed,exception,,skipped,,,
35037033320000_BEAVER TURNER 2_2004210,s3://osu-well-records-225989338968/pdfs/ExportedFolderContents_1/1923/02 - February/35037033320000_BEAVER TURNER 2_2004210.pdf,1,1923,02 - February,early,1920s,location,location,not_found,"PLSS not found: missing section, township, range",done,,95,failed,not_found,,,,failed,exception,,done,,99,skipped,,,
35037035560000_MUNNIE BEAR 3_2004144,s3://osu-well-records-225989338968/pdfs/ExportedFolderContents_1/1923/02 - February/35037035560000_MUNNIE BEAR 3_2004144.pdf,1,1923,02 - February,early,1920s,location,location,not_found,"PLSS not found: missing section, township, range",done,,99,failed,not_found,,,,failed,keyword_not_found,,done,,99,skipped,,,
3503703788_CURL O C_2004381,s3://osu-well-records-225989338968/pdfs/ExportedFolderContents_1/1923/02 - February/3503703788_CURL O C_2004381.pdf,1,1923,02 - February,early,1920s,location,location,not_found,"PLSS not found: missing section, township, range",done,,98,failed,not_found,,,,failed,keyword_not_found,,done,,85,skipped,,,
35037041980000_LUCIAN TIGER 3_2004225,s3://osu-well-records-225989338968/pdfs/ExportedFolderContents_1/1923/02 - February/35037041980000_LUCIAN TIGER 3_2004225.pdf,1,1923,02 - February,early,1920s,location,location,not_found,"PLSS not found: missing section, township, range",done,,100,failed,not_found,,,,failed,exception,,done,,98,skipped,,,
35037053450000_REYNOLDS 1_2004318,s3://osu-well-records-225989338968/pdfs/ExportedFolderContents_1/1923/02 - February/35037053450000_REYNOLDS 1_2004318.pdf,1,1923,02 - February,early,1920s,location,location,not_found,"PLSS not found: missing section, township, range",done,,99,failed,not_found,,,,failed,exception,,done,,100,skipped,,,
35037053450000_REYNOLDS 1_2004319,s3://osu-well-records-225989338968/pdfs/ExportedFolderContents_1/1923/02 - February/35037053450000_REYNOLDS 1_2004319.pdf,1,1923,02 - February,early,1920s,location,location,not_found,"PLSS not found: missing section, township, range",done,,99,failed,not_found,,,,failed,exception,,done,,100,skipped,,,
35037053480000_REYNOLDS 1_2004262,s3://osu-well-records-225989338968/pdfs/ExportedFolderContents_1/1923/02 - February/35037053480000_REYNOLDS 1_2004262.pdf,1,1923,02 - February,early,1920s,location,location,not_found,"PLSS not found: missing section, township, range",done,,100,failed,not_found,,,,failed,exception,,done,,99,skipped,,,
35037053480000_REYNOLDS 1_2004263,s3://osu-well-records-225989338968/pdfs/ExportedFolderContents_1/1923/02 - February/35037053480000_REYNOLDS 1_2004263.pdf,1,1923,02 - February,early,1920s,location,location,not_found,"PLSS not found: missing section, township, range",done,,100,failed,not_found,,,,failed,exception,,done,,99,skipped,,,
35037068050000_J BARNETT 2_2004181,s3://osu-well-records-225989338968/pdfs/ExportedFolderContents_1/1923/02 - February/35037068050000_J BARNETT 2_2004181.pdf,1,1923,02 - February,early,1920s,location,location,not_found,"PLSS not found: missing section, township, range",done,,93,failed,not_found,,,,failed,keyword_not_found,,failed,exception,,skipped,,,
35037069440000_HARRIOTT NETTIE_2004166,s3://osu-well-records-225989338968/pdfs/ExportedFolderContents_1/1923/02 - February/35037069440000_HARRIOTT NETTIE_2004166.pdf,1,1923,02 - February,early,1920s,location,location,not_found,"PLSS not found: missing section, township, range",done,,99,failed,not_found,,,,failed,exception,,failed,exception,,skipped,,,
35037069540000_SCOTT G W_2004218,s3://osu-well-records-225989338968/pdfs/ExportedFolderContents_1/1923/02 - February/35037069540000_SCOTT G W_2004218.pdf,1,1923,02 - February,early,1920s,location,location,not_found,"PLSS not found: missing section, township, range",done,,100,failed,not_found,,,,failed,keyword_not_found,,failed,exception,,skipped,,,
35037071590000_WILLIMAS 2_2004313,s3://osu-well-records-225989338968/pdfs/ExportedFolderContents_1/1923/02 - February/35037071590000_WILLIMAS 2_2004313.pdf,1,1923,02 - February,early,1920s,location,location,not_found,"PLSS not found: missing section, township, range",done,,100,failed,not_found,,,,failed,keyword_not_found,,done,,99,skipped,,,
35037071730000_COBB E 1_2004322,s3://osu-well-records-225989338968/pdfs/ExportedFolderContents_1/1923/02 - February/35037071730000_COBB E 1_2004322.pdf,1,1923,02 - February,early,1920s,location,location,not_found,"PLSS not found: missing section, township, range",done,,100,failed,not_found,,,,failed,keyword_not_found,,failed,exception,,skipped,,,
35037071760000_MURRELL EDNA _B_ 4_2004247,s3://osu-well-records-225989338968/pdfs/ExportedFolderContents_1/1923/02 - February/35037071760000_MURRELL EDNA _B_ 4_2004247.pdf,1,1923,02 - February,early,1920s,location,location,not_found,"PLSS not found: missing section, township, range",done,,99,failed,not_found,,,,failed,keyword_not_found,,done,,90,skipped,,,
35037074040000_H. VAUGHN_2004256,s3://osu-well-records-225989338968/pdfs/ExportedFolderContents_1/1923/02 - February/35037074040000_H. VAUGHN_2004256.pdf,1,1923,02 - February,early,1920s,location,location,not_found,"PLSS not found: missing section, township, range",done,,99,failed,not_found,,,,failed,exception,,done,,99,skipped,,,
35037074090000_HATTIE VAUGHN_2004295,s3://osu-well-records-225989338968/pdfs/ExportedFolderContents_1/1923/02 - February/35037074090000_HATTIE VAUGHN_2004295.pdf,1,1923,02 - February,early,1920s,location,location,not_found,"PLSS not found: missing section, township, range",done,,94,failed,not_found,,,,done,,Creek County,done,,100,skipped,,,
35037075530000_HOUSTON JESSIE_2004217,s3://osu-well-records-225989338968/pdfs/ExportedFolderContents_1/1923/02 - February/35037075530000_HOUSTON JESSIE_2004217.pdf,1,1923,02 - February,early,1920s,location,location,not_found,"PLSS not found: missing section, township, range",done,,100,failed,not_found,,,,failed,keyword_not_found,,failed,exception,,skipped,,,
35037075570000_HOUSTON JESSE_2004230,s3://osu-well-records-225989338968/pdfs/ExportedFolderContents_1/1923/02 - February/35037075570000_HOUSTON JESSE_2004230.pdf,1,1923,02 - February,early,1920s,location,location,not_found,"PLSS not found: missing section, township, range",done,,88,failed,not_found,,,,failed,exception,,done,,74,skipped,,,
35037075690000_CLOUD LIZZIE_2004182,s3://osu-well-records-225989338968/pdfs/ExportedFolderContents_1/1923/02 - February/35037075690000_CLOUD LIZZIE_2004182.pdf,1,1923,02 - February,early,1920s,location,location,not_found,"PLSS not found: missing section, township, range",done,,100,failed,not_found,,,,failed,exception,,failed,exception,,skipped,,,
35037075700000_CLOUD LIZZIE_2004179,s3://osu-well-records-225989338968/pdfs/ExportedFolderContents_1/1923/02 - February/35037075700000_CLOUD LIZZIE_2004179.pdf,1,1923,02 - February,early,1920s,location,location,not_found,"PLSS not found: missing section, township, range",done,,99,failed,not_found,,,,failed,exception,,failed,exception,,skipped,,,
35037075740000_HAMILTON J H_2004258,s3://osu-well-records-225989338968/pdfs/ExportedFolderContents_1/1923/02 - February/35037075740000_HAMILTON J H_2004258.pdf,1,1923,02 - February,early,1920s,location,location,not_found,"PLSS not found: missing section, township, range",done,,100,failed,not_found,,,,failed,exception,,done,,100,skipped,,,
35037075830000_ROSE CARR 6_2004300,s3://osu-well-records-225989338968/pdfs/ExportedFolderContents_1/1923/02 - February/35037075830000_ROSE CARR 6_2004300.pdf,1,1923,02 - February,early,1920s,location,location,not_found,"PLSS not found: missing section, township, range",done,,100,failed,not_found,,,,failed,keyword_not_found,,done,,99,skipped,,,
35037076100000_FLEMMING BARNETT 1_2004234,s3://osu-well-records-225989338968/pdfs/ExportedFolderContents_1/1923/02 - February/35037076100000_FLEMMING BARNETT 1_2004234.pdf,1,1923,02 - February,early,1920s,location,location,not_found,"PLSS not found: missing section, township, range",done,,99,failed,not_found,,,,failed,exception,,failed,exception,,skipped,,,
35037146580000_P.L. EVANS 2_2004404,s3://osu-well-records-225989338968/pdfs/ExportedFolderContents_1/1923/02 - February/35037146580000_P.L. EVANS 2_2004404.pdf,1,1923,02 - February,early,1920s,location,location,not_found,"PLSS not found: missing section, township, range",done,,99,failed,not_found,,,,failed,exception,,done,,99,skipped,,,
35037184560000_SCOTT 2_2004213,s3://osu-well-records-225989338968/pdfs/ExportedFolderContents_1/1923/02 - February/35037184560000_SCOTT 2_2004213.pdf,1,1923,02 - February,early,1920s,location,location,not_found,"PLSS not found: missing section, township, range",done,,99,failed,not_found,,,,failed,keyword_not_found,,failed,exception,,skipped,,,
35063041470000_E KING 1_1496491,s3://osu-well-records-225989338968/pdfs/ExportedFolderContents_1/1923/02 - February/35063041470000_E KING 1_1496491.pdf,1,1923,02 - February,early,1920s,location,location,not_found,"PLSS not found: missing section, township, range",done,,90,failed,not_found,,,,failed,exception,,done,,99,skipped,,,
35063041470000_E KING 1_2004358,s3://osu-well-records-225989338968/pdfs/ExportedFolderContents_1/1923/02 - February/35063041470000_E KING 1_2004358.pdf,1,1923,02 - February,early,1920s,location,location,not_found,"PLSS not found: missing section, township, range",done,,90,failed,not_found,,,,failed,exception,,done,,99,skipped,,,
35071025900000_BIG GOOSE 1_2288503,s3://osu-well-records-225989338968/pdfs/ExportedFolderContents_1/1923/02 - February/35071025900000_BIG GOOSE 1_2288503.pdf,1,1923,02 - February,early,1920s,location,location,not_found,"PLSS not found: missing section, township, range",done,,100,failed,not_found,,,,failed,exception,,done,,99,skipped,,,
35071028150000_OLA GOODSON 1_2288570,s3://osu-well-records-225989338968/pdfs/ExportedFolderContents_1/1923/02 - February/35071028150000_OLA GOODSON 1_2288570.pdf,1,1923,02 - February,early,1920s,location,location,not_found,"PLSS not found: missing section, township, range",done,,95,failed,not_found,,,,failed,keyword_not_found,,done,,95,skipped,,,
35071028150000_OLA GOODSON 1_2288571,s3://osu-well-records-225989338968/pdfs/ExportedFolderContents_1/1923/02 - February/35071028150000_OLA GOODSON 1_2288571.pdf,1,1923,02 - February,early,1920s,location,location,not_found,"PLSS not found: missing section, township, range",done,,88,failed,not_found,,,,failed,keyword_not_found,,failed,exception,,skipped,,,
35101024130000_J L COMPTON 6_2364254,s3://osu-well-records-225989338968/pdfs/ExportedFolderContents_1/1923/02 - February/35101024130000_J L COMPTON 6_2364254.pdf,1,1923,02 - February,early,1920s,location,location,not_found,"PLSS not found: missing section, township, range",done,,100,failed,not_found,,,,failed,exception,,done,,99,skipped,,,
35103003590000_DONAHOE 1_2288561,s3://osu-well-records-225989338968/pdfs/ExportedFolderContents_1/1923/02 - February/35103003590000_DONAHOE 1_2288561.pdf,1,1923,02 - February,early,1920s,location,location,not_found,"PLSS not found: missing section, township, range",done,,99,failed,not_found,,,,failed,keyword_not_found,,failed,exception,,skipped,,,
35103023700000_J CARMICHAEL 4-A_8001353,s3://osu-well-records-225989338968/pdfs/ExportedFolderContents_1/1923/02 - February/35103023700000_J CARMICHAEL 4-A_8001353.pdf,1,1923,02 - February,early,1920s,location,location,not_found,"PLSS not found: missing section, township, range",done,,99,failed,not_found,,,,failed,exception,,done,,99,skipped,,,
35103028610000_B F BLUBAUGH 1_8001339,s3://osu-well-records-225989338968/pdfs/ExportedFolderContents_1/1923/02 - February/35103028610000_B F BLUBAUGH 1_8001339.pdf,1,1923,02 - February,early,1920s,location,location,not_found,"PLSS not found: missing section, township, range",done,,99,failed,not_found,,,,failed,exception,,done,,100,skipped,,,
35103031250000_J CARMICHAEL 2-W_8001379,s3://osu-well-records-225989338968/pdfs/ExportedFolderContents_1/1923/02 - February/35103031250000_J CARMICHAEL 2-W_8001379.pdf,1,1923,02 - February,early,1920s,location,location,not_found,"PLSS not found: missing section, township, range",done,,100,failed,not_found,,,,failed,exception,,failed,exception,,skipped,,,
35103031360000_J CARMICHAEL 5-B_3166653,s3://osu-well-records-225989338968/pdfs/ExportedFolderContents_1/1923/02 - February/35103031360000_J CARMICHAEL 5-B_3166653.pdf,1,1923,02 - February,early,1920s,location,location,not_found,"PLSS not found: missing section, township, range",done,,100,failed,not_found,,,,failed,keyword_not_found,,done,,99,skipped,,,
35103031400000_CARMICHAEL 7_8001388,s3://osu-well-records-225989338968/pdfs/ExportedFolderContents_1/1923/02 - February/35103031400000_CARMICHAEL 7_8001388.pdf,1,1923,02 - February,early,1920s,location,location,not_found,"PLSS not found: missing section, township, range",done,,99,failed,not_found,,,,failed,exception,,done,,99,skipped,,,
35105053450000_SARCOXIE_2464587,s3://osu-well-records-225989338968/pdfs/ExportedFolderContents_1/1923/02 - February/35105053450000_SARCOXIE_2464587.pdf,1,1923,02 - February,early,1920s,location,location,not_found,"PLSS not found: missing section, township, range",done,,100,failed,not_found,,,,failed,keyword_not_found,,failed,exception,,skipped,,,
35107007010000_ROBINSON 1_2004224,s3://osu-well-records-225989338968/pdfs/ExportedFolderContents_1/1923/02 - February/35107007010000_ROBINSON 1_2004224.pdf,1,1923,02 - February,early,1920s,location,location,not_found,"PLSS not found: missing section, township, range",done,,100,failed,not_found,,,,failed,keyword_not_found,,done,,99,skipped,,,
35107009070000_SUSIE POLOKE 1_2004324,s3://osu-well-records-225989338968/pdfs/ExportedFolderContents_1/1923/02 - February/35107009070000_SUSIE POLOKE 1_2004324.pdf,1,1923,02 - February,early,1920s,location,location,not_found,"PLSS not found: missing section, township, range",done,,100,failed,not_found,,,,failed,exception,,done,,99,skipped,,,
35107024900000_L E CRIST 2_2004372,s3://osu-well-records-225989338968/pdfs/ExportedFolderContents_1/1923/02 - February/35107024900000_L E CRIST 2_2004372.pdf,1,1923,02 - February,early,1920s,location,location,not_found,"PLSS not found: missing section, township, range",done,,100,failed,not_found,,,,failed,exception,,done,,98,skipped,,,
35107025250000_BOYD-MOORE 1_2004204,s3://osu-well-records-225989338968/pdfs/ExportedFolderContents_1/1923/02 - February/35107025250000_BOYD-MOORE 1_2004204.pdf,1,1923,02 - February,early,1920s,location,location,not_found,"PLSS not found: missing section, township, range",done,,99,failed,not_found,,,,failed,exception,,done,,98,skipped,,,
35107041840000_F HARJO_2004394,s3://osu-well-records-225989338968/pdfs/ExportedFolderContents_1/1923/02 - February/35107041840000_F HARJO_2004394.pdf,1,1923,02 - February,early,1920s,location,location,not_found,"PLSS not found: missing section, township, range",done,,100,failed,not_found,,,,failed,exception,,failed,exception,,skipped,,,
35107043570000_J STUBBLEFIELD FARM 1_2004389,s3://osu-well-records-225989338968/pdfs/ExportedFolderContents_1/1923/02 - February/35107043570000_J STUBBLEFIELD FARM 1_2004389.pdf,1,1923,02 - February,early,1920s,location,location,not_found,"PLSS not found: missing section, township, range",done,,100,failed,not_found,,,,failed,exception,,done,,99,skipped,,,
35107059280000_T L Crawley 1_2004269,s3://osu-well-records-225989338968/pdfs/ExportedFolderContents_1/1923/02 - February/35107059280000_T L Crawley 1_2004269.pdf,1,1923,02 - February,early,1920s,location,location,not_found,"PLSS not found: missing section, township, range",done,,100,failed,not_found,,,,failed,exception,,done,,99,skipped,,,
3511100239_L YOUNG_2004188,s3://osu-well-records-225989338968/pdfs/ExportedFolderContents_1/1923/02 - February/3511100239_L YOUNG_2004188.pdf,1,1923,02 - February,early,1920s,location,location,not_found,"PLSS not found: missing section, township, range",done,,99,failed,not_found,,,,failed,exception,,failed,exception,,skipped,,,
3511100239_L YOUNG_2004196,s3://osu-well-records-225989338968/pdfs/ExportedFolderContents_1/1923/02 - February/3511100239_L YOUNG_2004196.pdf,1,1923,02 - February,early,1920s,location,location,not_found,"PLSS not found: missing section, township, range",done,,99,failed,not_found,,,,failed,exception,,failed,exception,,skipped,,,
35111017760000_HENDERSON 1_2004252,s3://osu-well-records-225989338968/pdfs/ExportedFolderContents_1/1923/02 - February/35111017760000_HENDERSON 1_2004252.pdf,1,1923,02 - February,early,1920s,location,location,not_found,"PLSS not found: missing section, township, range",done,,99,failed,not_found,,,,failed,exception,,done,,99,skipped,,,
35111017760000_HENDERSON 1_2004261,s3://osu-well-records-225989338968/pdfs/ExportedFolderContents_1/1923/02 - February/35111017760000_HENDERSON 1_2004261.pdf,1,1923,02 - February,early,1920s,location,location,not_found,"PLSS not found: missing section, township, range",done,,99,failed,not_found,,,,failed,exception,,done,,99,skipped,,,
35111031980000_HAMILTON 1_1384789,s3://osu-well-records-225989338968/pdfs/ExportedFolderContents_1/1923/02 - February/35111031980000_HAMILTON 1_1384789.pdf,1,1923,02 - February,early,1920s,location,location,not_found,"PLSS not found: missing section, township, range",done,,93,failed,not_found,,,,failed,exception,,failed,exception,,skipped,,,
35111031980000_HAMILTON 1_2004200,s3://osu-well-records-225989338968/pdfs/ExportedFolderContents_1/1923/02 - February/35111031980000_HAMILTON 1_2004200.pdf,1,1923,02 - February,early,1920s,location,location,not_found,"PLSS not found: missing section, township, range",done,,93,failed,not_found,,,,failed,exception,,failed,exception,,skipped,,,
35111033580000_FUQUA 1_2004154,s3://osu-well-records-225989338968/pdfs/ExportedFolderContents_1/1923/02 - February/35111033580000_FUQUA 1_2004154.pdf,1,1923,02 - February,early,1920s,location,location,not_found,"PLSS not found: missing section, township, range",done,,98,failed,not_found,,,,failed,exception,,done,,99,skipped,,,
35111033580000_FUQUA 1_2004161,s3://osu-well-records-225989338968/pdfs/ExportedFolderContents_1/1923/02 - February/35111033580000_FUQUA 1_2004161.pdf,1,1923,02 - February,early,1920s,location,location,not_found,"PLSS not found: missing section, township, range",done,,98,failed,not_found,,,,failed,exception,,done,,99,skipped,,,
35111055320000_C JACKSON 1_2004184,s3://osu-well-records-225989338968/pdfs/ExportedFolderContents_1/1923/02 - February/35111055320000_C JACKSON 1_2004184.pdf,1,1923,02 - February,early,1920s,location,location,not_found,"PLSS not found: missing section, township, range",done,,100,failed,not_found,,,,failed,exception,,done,,100,skipped,,,
35111055340000_CHISM_2004367,s3://osu-well-records-225989338968/pdfs/ExportedFolderContents_1/1923/02 - February/35111055340000_CHISM_2004367.pdf,1,1923,02 - February,early,1920s,location,location,not_found,"PLSS not found: missing section, township, range",done,,99,failed,not_found,,,,failed,exception,,done,,98,skipped,,,
35111056990000_FIFE SAM 3_1384815,s3://osu-well-records-225989338968/pdfs/ExportedFolderContents_1/1923/02 - February/35111056990000_FIFE SAM 3_1384815.pdf,1,1923,02 - February,early,1920s,location,location,not_found,"PLSS not found: missing section, township, range",done,,97,failed,not_found,,,,failed,exception,,done,,99,skipped,,,
35111056990000_FILE SAM 2_2004409,s3://osu-well-records-225989338968/pdfs/ExportedFolderContents_1/1923/02 - February/35111056990000_FILE SAM 2_2004409.pdf,1,1923,02 - February,early,1920s,location,location,not_found,"PLSS not found: missing section, township, range",done,,97,failed,not_found,,,,failed,api_error,,done,,99,skipped,,,
35111077310000_JOHN STALEY 1_2004390,s3://osu-well-records-225989338968/pdfs/ExportedFolderContents_1/1923/02 - February/35111077310000_JOHN STALEY 1_2004390.pdf,1,1923,02 - February,early,1920s,location,location,not_found,"PLSS not found: missing section, township, range",done,,99,failed,not_found,,,,failed,keyword_not_found,,failed,exception,,skipped,,,
35111098750000_HUTTON_2004178,s3://osu-well-records-225989338968/pdfs/ExportedFolderContents_1/1923/02 - February/35111098750000_HUTTON_2004178.pdf,1,1923,02 - February,early,1920s,location,location,not_found,"PLSS not found: missing section, township, range",done,,100,failed,not_found,,,,failed,exception,,failed,exception,,skipped,,,
35111106260000_ROSS L_2004176,s3://osu-well-records-225989338968/pdfs/ExportedFolderContents_1/1923/02 - February/35111106260000_ROSS L_2004176.pdf,1,1923,02 - February,early,1920s,location,location,not_found,"PLSS not found: missing section, township, range",done,,100,failed,not_found,,,,failed,exception,,done,,98,skipped,,,
35111110300000_B CHARLES 1_2004264,s3://osu-well-records-225989338968/pdfs/ExportedFolderContents_1/1923/02 - February/35111110300000_B CHARLES 1_2004264.pdf,1,1923,02 - February,early,1920s,location,location,not_found,"PLSS not found: missing section, township, range",done,,100,failed,not_found,,,,failed,exception,,done,,97,skipped,,,
3511111198_LIZZIE HARJO_2004171,s3://osu-well-records-225989338968/pdfs/ExportedFolderContents_1/1923/02 - February/3511111198_LIZZIE HARJO_2004171.pdf,1,1923,02 - February,early,1920s,location,location,not_found,"PLSS not found: missing section, township, range",done,,100,failed,not_found,,,,failed,exception,,done,,99,skipped,,,
3511111212_HARJO LIZZIE_2004167,s3://osu-well-records-225989338968/pdfs/ExportedFolderContents_1/1923/02 - February/3511111212_HARJO LIZZIE_2004167.pdf,1,1923,02 - February,early,1920s,location,location,not_found,"PLSS not found: missing section, township, range",done,,100,failed,not_found,,,,failed,exception,,done,,99,skipped,,,
35111114540000_MONICE 1_2364260,s3://osu-well-records-225989338968/pdfs/ExportedFolderContents_1/1923/02 - February/35111114540000_MONICE 1_2364260.pdf,1,1923,02 - February,early,1920s,location,location,not_found,"PLSS not found: missing section, township, range",done,,99,failed,not_found,,,,failed,keyword_not_found,,done,,98,skipped,,,
X_R H ROBEDEAUX 1_2288502,s3://osu-well-records-225989338968/pdfs/ExportedFolderContents_1/1923/02 - February/X_R H ROBEDEAUX 1_2288502.pdf,1,1923,02 - February,early,1920s,location,location,not_found,"PLSS not found: missing section, township, range",done,,100,failed,not_found,,,,failed,exception,,failed,exception,,skipped,,,
X_R NEWBERRY 3 AC-1_782188,s3://osu-well-records-225989338968/pdfs/ExportedFolderContents_1/1923/02 - February/X_R NEWBERRY 3 AC-1_782188.pdf,1,1923,02 - February,early,1920s,location,location,not_found,"PLSS not found: missing section, township, range",done,,96,failed,not_found,,,,failed,keyword_not_found,,done,,83,skipped,,,
X_S. TRENT 1_2004276,s3://osu-well-records-225989338968/pdfs/ExportedFolderContents_1/1923/02 - February/X_S. TRENT 1_2004276.pdf,1,1923,02 - February,early,1920s,location,location,not_found,"PLSS not found: missing section, township, range",done,,100,failed,not_found,,,,failed,exception,,done,,100,skipped,,,
X_SCHELL 1_2364269,s3://osu-well-records-225989338968/pdfs/ExportedFolderContents_1/1923/02 - February/X_SCHELL 1_2364269.pdf,1,1923,02 - February,early,1920s,location,location,not_found,"PLSS not found: missing section, township, range",done,,99,failed,not_found,,,,failed,exception,,done,,98,skipped,,,
X_SCHELL 1_2464621,s3://osu-well-records-225989338968/pdfs/ExportedFolderContents_1/1923/02 - February/X_SCHELL 1_2464621.pdf,1,1923,02 - February,early,1920s,location,location,not_found,"PLSS not found: missing section, township, range",done,,99,failed,not_found,,,,failed,exception,,done,,98,skipped,,,
X_THOMAS REED 1_2464585,s3://osu-well-records-225989338968/pdfs/ExportedFolderContents_1/1923/02 - February/X_THOMAS REED 1_2464585.pdf,1,1923,02 - February,early,1920s,location,location,not_found,"PLSS not found: missing section, township, range",done,,99,failed,not_found,,,,failed,keyword_not_found,,done,,100,skipped,,,
X_W. MILLER 4_2288485,s3://osu-well-records-225989338968/pdfs/ExportedFolderContents_1/1923/02 - February/X_W. MILLER 4_2288485.pdf,1,1923,02 - February,early,1920s,location,location,not_found,"PLSS not found: missing section, township, range",done,,100,failed,not_found,,,,failed,exception,,done,,99,skipped,,,
X_WALLACE 1_2004369,s3://osu-well-records-225989338968/pdfs/ExportedFolderContents_1/1923/02 - February/X_WALLACE 1_2004369.pdf,1,1923,02 - February,early,1920s,location,location,not_found,"PLSS not found: missing section, township, range",done,,99,failed,not_found,,,,failed,exception,,done,,94,skipped,,,
X_WALLACE 1_2004371,s3://osu-well-records-225989338968/pdfs/ExportedFolderContents_1/1923/02 - February/X_WALLACE 1_2004371.pdf,1,1923,02 - February,early,1920s,location,location,not_found,"PLSS not found: missing section, township, range",done,,99,failed,not_found,,,,failed,exception,,done,,94,skipped,,,
X_WARNARKEE 3_2004185,s3://osu-well-records-225989338968/pdfs/ExportedFolderContents_1/1923/02 - February/X_WARNARKEE 3_2004185.pdf,1,1923,02 - February,early,1920s,location,location,not_found,"PLSS not found: missing section, township, range",done,,100,failed,not_found,,,,failed,keyword_not_found,,done,,98,skipped,,,
X_X_2364218,s3://osu-well-records-225989338968/pdfs/ExportedFolderContents_1/1923/02 - February/X_X_2364218.pdf,1,1923,02 - February,early,1920s,location,location,not_found,"PLSS not found: missing section, township, range",done,,100,failed,not_found,,,,failed,exception,,done,,99,skipped,,,
X_X_2464568,s3://osu-well-records-225989338968/pdfs/ExportedFolderContents_1/1923/02 - February/X_X_2464568.pdf,1,1923,02 - February,early,1920s,location,location,not_found,"PLSS not found: missing section, township, range",done,,100,failed,not_found,,,,failed,exception,,done,,89,skipped,,,
X___1518941,s3://osu-well-records-225989338968/pdfs/ExportedFolderContents_1/1923/02 - February/X___1518941.pdf,1,1923,02 - February,early,1920s,location,location,not_found,"PLSS not found: missing section, township, range",done,,98,failed,not_found,,,,failed,exception,,failed,exception,,skipped,,,
x_ARNOLD 1_589517,s3://osu-well-records-225989338968/pdfs/ExportedFolderContents_1/1923/02 - February/x_ARNOLD 1_589517.pdf,1,1923,02 - February,early,1920s,location,location,not_found,"PLSS not found: missing section, township, range",done,,100,failed,not_found,,,,failed,keyword_not_found,,done,,100,skipped,,,
x_SMELSER 1_2364248,s3://osu-well-records-225989338968/pdfs/ExportedFolderContents_1/1923/02 - February/x_SMELSER 1_2364248.pdf,1,1923,02 - February,early,1920s,location,location,not_found,"PLSS not found: missing section, township, range",done,,95,failed,not_found,,,,failed,exception,,failed,exception,,skipped,,,
00000000_No Data_1053589,s3://osu-well-records-225989338968/pdfs/ExportedFolderContents_1/1923/03 - March/00000000_No Data_1053589.pdf,1,1923,03 - March,early,1920s,location,location,not_found,"PLSS not found: missing section, township, range",done,,99,failed,not_found,,,,failed,keyword_not_found,,failed,exception,,skipped,,,
00000000_No Data_1053605,s3://osu-well-records-225989338968/pdfs/ExportedFolderContents_1/1923/03 - March/00000000_No Data_1053605.pdf,1,1923,03 - March,early,1920s,location,location,not_found,"PLSS not found: missing section, township, range",done,,100,failed,not_found,,,,failed,keyword_not_found,,failed,exception,,skipped,,,
00000000_No Data_1053636,s3://osu-well-records-225989338968/pdfs/ExportedFolderContents_1/1923/03 - March/00000000_No Data_1053636.pdf,1,1923,03 - March,early,1920s,location,location,not_found,"PLSS not found: missing section, township, range",done,,94,failed,not_found,,,,failed,exception,,done,,95,skipped,,,
00000000_No Data_1053698,s3://osu-well-records-225989338968/pdfs/ExportedFolderContents_1/1923/03 - March/00000000_No Data_1053698.pdf,1,1923,03 - March,early,1920s,location,location,not_found,"PLSS not found: missing section, township, range",done,,100,failed,not_found,,,,failed,exception,,failed,exception,,skipped,,,
00000000_No Data_1053723,s3://osu-well-records-225989338968/pdfs/ExportedFolderContents_1/1923/03 - March/00000000_No Data_1053723.pdf,1,1923,03 - March,early,1920s,location,location,not_found,"PLSS not found: missing section, township, range",done,,100,failed,not_found,,,,failed,keyword_not_found,,done,,98,skipped,,,
00000000_No Data_1053737,s3://osu-well-records-225989338968/pdfs/ExportedFolderContents_1/1923/03 - March/00000000_No Data_1053737.pdf,1,1923,03 - March,early,1920s,location,location,not_found,"PLSS not found: missing section, township, range",done,,93,failed,not_found,,,,failed,keyword_not_found,,done,,98,skipped,,,
00000000_No Data_1053788,s3://osu-well-records-225989338968/pdfs/ExportedFolderContents_1/1923/03 - March/00000000_No Data_1053788.pdf,1,1923,03 - March,early,1920s,location,location,not_found,"PLSS not found: missing section, township, range",done,,100,failed,not_found,,,,failed,exception,,done,,99,skipped,,,
00000000_No Data_1053807,s3://osu-well-records-225989338968/pdfs/ExportedFolderContents_1/1923/03 - March/00000000_No Data_1053807.pdf,1,1923,03 - March,early,1920s,location,location,not_found,"PLSS not found: missing section, township, range",done,,100,failed,not_found,,,,failed,exception,,done,,99,skipped,,,
00000000_No Data_1053870,s3://osu-well-records-225989338968/pdfs/ExportedFolderContents_1/1923/03 - March/00000000_No Data_1053870.pdf,1,1923,03 - March,early,1920s,location,location,not_found,"PLSS not found: missing section, township, range",done,,100,failed,not_found,,,,failed,keyword_not_found,,done,,99,skipped,,,
00000000_No Data_1053888,s3://osu-well-records-225989338968/pdfs/ExportedFolderContents_1/1923/03 - March/00000000_No Data_1053888.pdf,1,1923,03 - March,early,1920s,location,location,not_found,"PLSS not found: missing section, township, range",done,,98,failed,not_found,,,,failed,keyword_not_found,,failed,exception,,skipped,,,
00000000_No Data_1053905,s3://osu-well-records-225989338968/pdfs/ExportedFolderContents_1/1923/03 - March/00000000_No Data_1053905.pdf,1,1923,03 - March,early,1920s,location,location,not_found,"PLSS not found: missing section, township, range",done,,100,failed,not_found,,,,failed,exception,,failed,exception,,skipped,,,
00000000_No Data_1414611,s3://osu-well-records-225989338968/pdfs/ExportedFolderContents_1/1923/03 - March/00000000_No Data_1414611.pdf,1,1923,03 - March,early,1920s,location,location,not_found,"PLSS not found: missing section, township, range",done,,100,failed,not_found,,,,failed,exception,,failed,exception,,skipped,,,
00000000_No Data_516531,s3://osu-well-records-225989338968/pdfs/ExportedFolderContents_1/1923/03 - March/00000000_No Data_516531.pdf,1,1923,03 - March,early,1920s,location,location,not_found,"PLSS not found: missing section, township, range",done,,100,failed,not_found,,,,failed,exception,,done,,99,skipped,,,
01500481_N J A SAMES 2_782243,s3://osu-well-records-225989338968/pdfs/ExportedFolderContents_1/1923/03 - March/01500481_N J A SAMES 2_782243.pdf,1,1923,03 - March,early,1920s,location,location,not_found,"PLSS not found: missing section, township, range",done,,99,failed,not_found,,,,failed,exception,,failed,exception,,skipped,,,
01535967_ALEXANDER-ESTES 1_782218,s3://osu-well-records-225989338968/pdfs/ExportedFolderContents_1/1923/03 - March/01535967_ALEXANDER-ESTES 1_782218.pdf,1,1923,03 - March,early,1920s,location,location,not_found,"PLSS not found: missing section, township, range",done,,100,failed,not_found,,,,failed,keyword_not_found,,done,,99,skipped,,,
01537076_COBB 1_782214,s3://osu-well-records-225989338968/pdfs/ExportedFolderContents_1/1923/03 - March/01537076_COBB 1_782214.pdf,1,1923,03 - March,early,1920s,location,location,not_found,"PLSS not found: missing section, township, range",done,,100,failed,not_found,,,,failed,keyword_not_found,,failed,exception,,skipped,,,
01537270_WAGNER 5_782229,s3://osu-well-records-225989338968/pdfs/ExportedFolderContents_1/1923/03 - March/01537270_WAGNER 5_782229.pdf,1,1923,03 - March,early,1920s,location,location,not_found,"PLSS not found: missing section, township, range",done,,100,failed,not_found,,,,failed,exception,,done,,99,skipped,,,
01900536_R A HEFNER 1_920564,s3://osu-well-records-225989338968/pdfs/ExportedFolderContents_1/1923/03 - March/01900536_R A HEFNER 1_920564.pdf,1,1923,03 - March,early,1920s,location,location,not_found,"PLSS not found: missing section, township, range",done,,100,failed,not_found,,,,failed,exception,,done,,99,skipped,,,
01900562_DILLARD 54_920510,s3://osu-well-records-225989338968/pdfs/ExportedFolderContents_1/1923/03 - March/01900562_DILLARD 54_920510.pdf,1,1923,03 - March,early,1920s,location,location,not_found,"PLSS not found: missing section, township, range",done,,100,failed,not_found,,,,failed,exception,,done,,99,skipped,,,
01908310_FRAZIER 19_920558,s3://osu-well-records-225989338968/pdfs/ExportedFolderContents_1/1923/03 - March/01908310_FRAZIER 19_920558.pdf,1,1923,03 - March,early,1920s,location,location,not_found,"PLSS not found: missing section, township, range",done,,100,failed,not_found,,,,failed,keyword_not_found,,failed,exception,,skipped,,,
01909018_DILLARD 59_920500,s3://osu-well-records-225989338968/pdfs/ExportedFolderContents_1/1923/03 - March/01909018_DILLARD 59_920500.pdf,1,1923,03 - March,early,1920s,location,location,not_found,"PLSS not found: missing section, township, range",done,,100,failed,not_found,,,,failed,exception,,done,,81,skipped,,,
01909324_SIMPSON-VOORHEES 9_920494,s3://osu-well-records-225989338968/pdfs/ExportedFolderContents_1/1923/03 - March/01909324_SIMPSON-VOORHEES 9_920494.pdf,1,1923,03 - March,early,1920s,location,location,not_found,"PLSS not found: missing section, township, range",done,,100,failed,not_found,,,,failed,exception,,failed,exception,,skipped,,,
01909325_SIMPSON-VOORHEES 10_920534,s3://osu-well-records-225989338968/pdfs/ExportedFolderContents_1/1923/03 - March/01909325_SIMPSON-VOORHEES 10_920534.pdf,1,1923,03 - March,early,1920s,location,location,not_found,"PLSS not found: missing section, township, range",done,,100,failed,not_found,,,,failed,keyword_not_found,,done,,100,skipped,,,
01909538_RINGLING 8_920543,s3://osu-well-records-225989338968/pdfs/ExportedFolderContents_1/1923/03 - March/01909538_RINGLING 8_920543.pdf,1,1923,03 - March,early,1920s,location,location,not_found,"PLSS not found: missing section, township, range",done,,98,failed,not_found,,,,failed,exception,,done,,99,skipped,,,
01909540_RINGLING 6_920493,s3://osu-well-records-225989338968/pdfs/ExportedFolderContents_1/1923/03 - March/01909540_RINGLING 6_920493.pdf,1,1923,03 - March,early,1920s,location,location,not_found,"PLSS not found: missing section, township, range",done,,99,failed,not_found,,,,failed,exception,,done,,99,skipped,,,
01909553_WESLEY LESTER 2_920547,s3://osu-well-records-225989338968/pdfs/ExportedFolderContents_1/1923/03 - March/01909553_WESLEY LESTER 2_920547.pdf,1,1923,03 - March,early,1920s,location,location,not_found,"PLSS not found: missing section, township, range",done,,98,failed,not_found,,,,failed,exception,,failed,exception,,skipped,,,
01909661_JOHNSON 5_920542,s3://osu-well-records-225989338968/pdfs/ExportedFolderContents_1/1923/03 - March/01909661_JOHNSON 5_920542.pdf,1,1923,03 - March,early,1920s,location,location,not_found,"PLSS not found: missing section, township, range",done,,100,failed,not_found,,,,failed,keyword_not_found,,done,,99,skipped,,,
01910048_JOHN LAHMAN 1_920509,s3://osu-well-records-225989338968/pdfs/ExportedFolderContents_1/1923/03 - March/01910048_JOHN LAHMAN 1_920509.pdf,1,1923,03 - March,early,1920s,location,location,not_found,"PLSS not found: missing section, township, range",done,,100,failed,not_found,,,,failed,exception,,done,,98,skipped,,,
01910362_DANIEL CHILDRESS 1_920512,s3://osu-well-records-225989338968/pdfs/ExportedFolderContents_1/1923/03 - March/01910362_DANIEL CHILDRESS 1_920512.pdf,1,1923,03 - March,early,1920s,location,location,not_found,"PLSS not found: missing section, township, range",done,,100,failed,not_found,,,,failed,exception,,done,,100,skipped,,,
01910372_F E TUCKER 1_920577,s3://osu-well-records-225989338968/pdfs/ExportedFolderContents_1/1923/03 - March/01910372_F E TUCKER 1_920577.pdf,1,1923,03 - March,early,1920s,location,location,not_found,"PLSS not found: missing section, township, range",done,,89,failed,not_found,,,,failed,exception,,done,,98,skipped,,,
01910658_WALKER VOORHEES 7_920555,s3://osu-well-records-225989338968/pdfs/ExportedFolderContents_1/1923/03 - March/01910658_WALKER VOORHEES 7_920555.pdf,1,1923,03 - March,early,1920s,location,location,not_found,"PLSS not found: missing section, township, range",done,,100,failed,not_found,,,,failed,exception,,done,,99,skipped,,,
01910667_WALKER VOORHEES 14_920556,s3://osu-well-records-225989338968/pdfs/ExportedFolderContents_1/1923/03 - March/01910667_WALKER VOORHEES 14_920556.pdf,1,1923,03 - March,early,1920s,location,location,not_found,"PLSS not found: missing section, township, range",done,,100,failed,not_found,,,,failed,keyword_not_found,,done,,100,skipped,,,
01910847_APPLE & FRANKLIN 6 (HEALDTON 27-6)_920548,s3://osu-well-records-225989338968/pdfs/ExportedFolderContents_1/1923/03 - March/01910847_APPLE & FRANKLIN 6 (HEALDTON 27-6)_920548.pdf,1,1923,03 - March,early,1920s,location,location,not_found,"PLSS not found: missing section, township, range",done,,98,failed,not_found,,,,failed,exception,,done,,98,skipped,,,
01910974_JAMES MOYER 2_920522,s3://osu-well-records-225989338968/pdfs/ExportedFolderContents_1/1923/03 - March/01910974_JAMES MOYER 2_920522.pdf,1,1923,03 - March,early,1920s,location,location,not_found,"PLSS not found: missing section, township, range",done,,91,failed,not_found,,,,failed,keyword_not_found,,done,,95,skipped,,,
01911364_DILLARD 22_920550,s3://osu-well-records-225989338968/pdfs/ExportedFolderContents_1/1923/03 - March/01911364_DILLARD 22_920550.pdf,1,1923,03 - March,early,1920s,location,location,not_found,"PLSS not found: missing section, township, range",done,,100,failed,not_found,,,,failed,keyword_not_found,,done,,91,skipped,,,
01911371_J H DILLARD 32_920506,s3://osu-well-records-225989338968/pdfs/ExportedFolderContents_1/1923/03 - March/01911371_J H DILLARD 32_920506.pdf,1,1923,03 - March,early,1920s,location,location,not_found,"PLSS not found: missing section, township, range",done,,100,failed,not_found,,,,failed,keyword_not_found,,done,,99,skipped,,,
01911376_DILLARD 40_920492,s3://osu-well-records-225989338968/pdfs/ExportedFolderContents_1/1923/03 - March/01911376_DILLARD 40_920492.pdf,1,1923,03 - March,early,1920s,location,location,not_found,"PLSS not found: missing section, township, range",done,,100,failed,not_found,,,,failed,exception,,done,,98,skipped,,,
01911390_DILLARD 58_920507,s3://osu-well-records-225989338968/pdfs/ExportedFolderContents_1/1923/03 - March/01911390_DILLARD 58_920507.pdf,1,1923,03 - March,early,1920s,location,location,not_found,"PLSS not found: missing section, township, range",done,,100,failed,not_found,,,,failed,exception,,done,,99,skipped,,,
01911492_WARD 1_920570,s3://osu-well-records-225989338968/pdfs/ExportedFolderContents_1/1923/03 - March/01911492_WARD 1_920570.pdf,1,1923,03 - March,early,1920s,location,location,not_found,"PLSS not found: missing section, township, range",done,,99,failed,not_found,,,,failed,keyword_not_found,,done,,97,skipped,,,
01911690_E NOBLE 6_920517,s3://osu-well-records-225989338968/pdfs/ExportedFolderContents_1/1923/03 - March/01911690_E NOBLE 6_920517.pdf,1,1923,03 - March,early,1920s,location,location,not_found,"PLSS not found: missing section, township, range",done,,100,failed,not_found,,,,failed,exception,,done,,97,skipped,,,
01911812_CHAMPION 4_920523,s3://osu-well-records-225989338968/pdfs/ExportedFolderContents_1/1923/03 - March/01911812_CHAMPION 4_920523.pdf,1,1923,03 - March,early,1920s,location,location,not_found,"PLSS not found: missing section, township, range",done,,100,failed,not_found,,,,failed,exception,,failed,exception,,skipped,,,
01912399_LON THOMPSON 4DD_920559,s3://osu-well-records-225989338968/pdfs/ExportedFolderContents_1/1923/03 - March/01912399_LON THOMPSON 4DD_920559.pdf,1,1923,03 - March,early,1920s,location,location,not_found,"PLSS not found: missing section, township, range",done,,100,failed,not_found,,,,failed,exception,,done,,98,skipped,,,
01912542_SAMMY BAPTISTE 14_516534,s3://osu-well-records-225989338968/pdfs/ExportedFolderContents_1/1923/03 - March/01912542_SAMMY BAPTISTE 14_516534.pdf,1,1923,03 - March,early,1920s,location,location,not_found,"PLSS not found: missing section, township, range",done,,92,failed,not_found,,,,failed,exception,,failed,exception,,skipped,,,
01912542_SAMMY BAPTISTE 14_516535,s3://osu-well-records-225989338968/pdfs/ExportedFolderContents_1/1923/03 - March/01912542_SAMMY BAPTISTE 14_516535.pdf,1,1923,03 - March,early,1920s,location,location,not_found,"PLSS not found: missing section, township, range",done,,100,failed,not_found,,,,failed,exception,,failed,exception,,skipped,,,
01913563_SPARKS 2_920563,s3://osu-well-records-225989338968/pdfs/ExportedFolderContents_1/1923/03 - March/01913563_SPARKS 2_920563.pdf,1,1923,03 - March,early,1920s,location,location,not_found,"PLSS not found: missing section, township, range",done,,98,failed,not_found,,,,failed,keyword_not_found,,done,,96,skipped,,,
01913592_HARMON 4_920538,s3://osu-well-records-225989338968/pdfs/ExportedFolderContents_1/1923/03 - March/01913592_HARMON 4_920538.pdf,1,1923,03 - March,early,1920s,location,location,not_found,"PLSS not found: missing section, township, range",done,,100,failed,not_found,,,,failed,keyword_not_found,,done,,98,skipped,,,
01913592_HARMON 4_920539,s3://osu-well-records-225989338968/pdfs/ExportedFolderContents_1/1923/03 - March/01913592_HARMON 4_920539.pdf,1,1923,03 - March,early,1920s,location,location,not_found,"PLSS not found: missing section, township, range",done,,100,failed,not_found,,,,failed,keyword_not_found,,done,,99,skipped,,,
01913600_MORRIS & LESTER 3_920514,s3://osu-well-records-225989338968/pdfs/ExportedFolderContents_1/1923/03 - March/01913600_MORRIS & LESTER 3_920514.pdf,1,1923,03 - March,early,1920s,location,location,not_found,"PLSS not found: missing section, township, range",done,,99,failed,not_found,,,,failed,keyword_not_found,,done,,97,skipped,,,
01913601_MORRIS & LESTER 4_920549,s3://osu-well-records-225989338968/pdfs/ExportedFolderContents_1/1923/03 - March/01913601_MORRIS & LESTER 4_920549.pdf,1,1923,03 - March,early,1920s,location,location,not_found,"PLSS not found: missing section, township, range",done,,98,failed,not_found,,,,failed,keyword_not_found,,done,,99,skipped,,,
01913764_DILLARD 4_920544,s3://osu-well-records-225989338968/pdfs/ExportedFolderContents_1/1923/03 - March/01913764_DILLARD 4_920544.pdf,1,1923,03 - March,early,1920s,location,location,not_found,"PLSS not found: missing section, township, range",done,,92,failed,not_found,,,,failed,keyword_not_found,,failed,exception,,skipped,,,
01914091_DINGS-BLEDSOE 1_920537,s3://osu-well-records-225989338968/pdfs/ExportedFolderContents_1/1923/03 - March/01914091_DINGS-BLEDSOE 1_920537.pdf,1,1923,03 - March,early,1920s,location,location,not_found,"PLSS not found: missing section, township, range",done,,99,failed,not_found,,,,failed,keyword_not_found,,done,,98,skipped,,,
01924102_HAZEL VOORHEES 1_920516,s3://osu-well-records-225989338968/pdfs/ExportedFolderContents_1/1923/03 - March/01924102_HAZEL VOORHEES 1_920516.pdf,1,1923,03 - March,early,1920s,location,location,not_found,"PLSS not found: missing section, township, range",done,,99,failed,not_found,,,,failed,keyword_not_found,,done,,99,skipped,,,
01970244_J H BENNETT 3_920552,s3://osu-well-records-225989338968/pdfs/ExportedFolderContents_1/1923/03 - March/01970244_J H BENNETT 3_920552.pdf,1,1923,03 - March,early,1920s,location,location,not_found,"PLSS not found: missing section, township, range",done,,98,failed,not_found,,,,failed,exception,,failed,exception,,skipped,,,
03700653_HAVERCAMP 1_1053748,s3://osu-well-records-225989338968/pdfs/ExportedFolderContents_1/1923/03 - March/03700653_HAVERCAMP 1_1053748.pdf,1,1923,03 - March,early,1920s,location,location,not_found,"PLSS not found: missing section, township, range",done,,100,failed,not_found,,,,failed,exception,,done,,90,skipped,,,
03700863_S BRUNER 1_1053740,s3://osu-well-records-225989338968/pdfs/ExportedFolderContents_1/1923/03 - March/03700863_S BRUNER 1_1053740.pdf,1,1923,03 - March,early,1920s,location,location,not_found,"PLSS not found: missing section, township, range",done,,100,failed,not_found,,,,failed,exception,,done,,98,skipped,,,
03700885_D IRELAN 1_1053686,s3://osu-well-records-225989338968/pdfs/ExportedFolderContents_1/1923/03 - March/03700885_D IRELAN 1_1053686.pdf,1,1923,03 - March,early,1920s,location,location,not_found,"PLSS not found: missing section, township, range",done,,100,failed,not_found,,,,failed,keyword_not_found,,failed,exception,,skipped,,,
03702355_W BEARHEAD 1_1053924,s3://osu-well-records-225989338968/pdfs/ExportedFolderContents_1/1923/03 - March/03702355_W BEARHEAD 1_1053924.pdf,1,1923,03 - March,early,1920s,location,location,not_found,"PLSS not found: missing section, township, range",done,,100,failed,not_found,,,,failed,keyword_not_found,,done,,99,skipped,,,
03702421_A WRIGHT 1_1053906,s3://osu-well-records-225989338968/pdfs/ExportedFolderContents_1/1923/03 - March/03702421_A WRIGHT 1_1053906.pdf,1,1923,03 - March,early,1920s,location,location,not_found,"PLSS not found: missing section, township, range",done,,100,failed,not_found,,,,failed,exception,,done,,99,skipped,,,
03703050_ELIZABETH WATSON B 5_1053627,s3://osu-well-records-225989338968/pdfs/ExportedFolderContents_1/1923/03 - March/03703050_ELIZABETH WATSON B 5_1053627.pdf,1,1923,03 - March,early,1920s,location,location,not_found,"PLSS not found: missing section, township, range",done,,99,failed,not_found,,,,failed,exception,,done,,91,skipped,,,
03703820_L FULSOM 1_1053649,s3://osu-well-records-225989338968/pdfs/ExportedFolderContents_1/1923/03 - March/03703820_L FULSOM 1_1053649.pdf,1,1923,03 - March,early,1920s,location,location,not_found,"PLSS not found: missing section, township, range",done,,99,failed,not_found,,,,failed,keyword_not_found,,failed,exception,,skipped,,,
03703825_HACKER A 2_1053777,s3://osu-well-records-225989338968/pdfs/ExportedFolderContents_1/1923/03 - March/03703825_HACKER A 2_1053777.pdf,1,1923,03 - March,early,1920s,location,location,not_found,"PLSS not found: missing section, township, range",done,,100,failed,not_found,,,,failed,exception,,failed,exception,,skipped,,,
03703825_HACKER A 2_1053782,s3://osu-well-records-225989338968/pdfs/ExportedFolderContents_1/1923/03 - March/03703825_HACKER A 2_1053782.pdf,1,1923,03 - March,early,1920s,location,location,not_found,"PLSS not found: missing section, township, range",done,,100,failed,not_found,,,,failed,exception,,done,,100,skipped,,,
03703826_HACKER A 1_1053720,s3://osu-well-records-225989338968/pdfs/ExportedFolderContents_1/1923/03 - March/03703826_HACKER A 1_1053720.pdf,1,1923,03 - March,early,1920s,location,location,not_found,"PLSS not found: missing section, township, range",done,,90,failed,not_found,,,,failed,exception,,done,,97,skipped,,,
03703948_COONROD 1-A_1053869,s3://osu-well-records-225989338968/pdfs/ExportedFolderContents_1/1923/03 - March/03703948_COONROD 1-A_1053869.pdf,1,1923,03 - March,early,1920s,location,location,not_found,"PLSS not found: missing section, township, range",done,,100,failed,not_found,,,,failed,keyword_not_found,,failed,exception,,skipped,,,
03704039_SARAH HOLLOWAY 1_1053670,s3://osu-well-records-225989338968/pdfs/ExportedFolderContents_1/1923/03 - March/03704039_SARAH HOLLOWAY 1_1053670.pdf,1,1923,03 - March,early,1920s,location,location,not_found,"PLSS not found: missing section, township, range",done,,87,failed,not_found,,,,failed,exception,,done,,99,skipped,,,
03704134_L BEAVER 4_1053902,s3://osu-well-records-225989338968/pdfs/ExportedFolderContents_1/1923/03 - March/03704134_L BEAVER 4_1053902.pdf,1,1923,03 - March,early,1920s,location,location,not_found,"PLSS not found: missing section, township, range",done,,100,failed,not_found,,,,failed,keyword_not_found,,done,,98,skipped,,,
03704187_PORTER TIGER 5_1053598,s3://osu-well-records-225989338968/pdfs/ExportedFolderContents_1/1923/03 - March/03704187_PORTER TIGER 5_1053598.pdf,1,1923,03 - March,early,1920s,location,location,not_found,"PLSS not found: missing section, township, range",done,,89,failed,not_found,,,,failed,exception,,done,,98,skipped,,,
03704199_LUCIEN TIGER 2_1053622,s3://osu-well-records-225989338968/pdfs/ExportedFolderContents_1/1923/03 - March/03704199_LUCIEN TIGER 2_1053622.pdf,1,1923,03 - March,early,1920s,location,location,not_found,"PLSS not found: missing section, township, range",done,,100,failed,not_found,,,,failed,keyword_not_found,,done,,99,skipped,,,
03704206_HAGER JACKSON 9_1053634,s3://osu-well-records-225989338968/pdfs/ExportedFolderContents_1/1923/03 - March/03704206_HAGER JACKSON 9_1053634.pdf,1,1923,03 - March,early,1920s,location,location,not_found,"PLSS not found: missing section, township, range",done,,99,failed,not_found,,,,failed,exception,,failed,exception,,skipped,,,
03704211_HAGER JACKSON 4_1053616,s3://osu-well-records-225989338968/pdfs/ExportedFolderContents_1/1923/03 - March/03704211_HAGER JACKSON 4_1053616.pdf,1,1923,03 - March,early,1920s,location,location,not_found,"PLSS not found: missing section, township, range",done,,100,failed,not_found,,,,failed,exception,,done,,98,skipped,,,
03704375_M B FLESHER B 2_1053936,s3://osu-well-records-225989338968/pdfs/ExportedFolderContents_1/1923/03 - March/03704375_M B FLESHER B 2_1053936.pdf,1,1923,03 - March,early,1920s,location,location,not_found,"PLSS not found: missing section, township, range",done,,100,failed,not_found,,,,failed,exception,,done,,99,skipped,,,
03706004_WM THOMPSON & CO 1_1053922,s3://osu-well-records-225989338968/pdfs/ExportedFolderContents_1/1923/03 - March/03706004_WM THOMPSON & CO 1_1053922.pdf,1,1923,03 - March,early,1920s,location,location,not_found,"PLSS not found: missing section, township, range",done,,98,failed,not_found,,,,failed,exception,,done,,99,skipped,,,
03706004_WM THOMPSON & CO 1_1053923,s3://osu-well-records-225989338968/pdfs/ExportedFolderContents_1/1923/03 - March/03706004_WM THOMPSON & CO 1_1053923.pdf,1,1923,03 - March,early,1920s,location,location,not_found,"PLSS not found: missing section, township, range",done,,98,failed,not_found,,,,failed,exception,,done,,99,skipped,,,
03707195_L DEERE 5_1053756,s3://osu-well-records-225989338968/pdfs/ExportedFolderContents_1/1923/03 - March/03707195_L DEERE 5_1053756.pdf,1,1923,03 - March,early,1920s,location,location,not_found,"PLSS not found: missing section, township, range",done,,100,failed,not_found,,,,failed,keyword_not_found,,done,,100,skipped,,,
03707287_L CANADY 3_1053732,s3://osu-well-records-225989338968/pdfs/ExportedFolderContents_1/1923/03 - March/03707287_L CANADY 3_1053732.pdf,1,1923,03 - March,early,1920s,location,location,not_found,"PLSS not found: missing section, township, range",done,,95,failed,not_found,,,,failed,exception,,done,,99,skipped,,,
03707288_L CANADY 2_1053823,s3://osu-well-records-225989338968/pdfs/ExportedFolderContents_1/1923/03 - March/03707288_L CANADY 2_1053823.pdf,1,1923,03 - March,early,1920s,location,location,not_found,"PLSS not found: missing section, township, range",done,,90,failed,not_found,,,,failed,keyword_not_found,,done,,99,skipped,,,
03707619_CHARLES 2_1053675,s3://osu-well-records-225989338968/pdfs/ExportedFolderContents_1/1923/03 - March/03707619_CHARLES 2_1053675.pdf,1,1923,03 - March,early,1920s,location,location,not_found,"PLSS not found: missing section, township, range",done,,96,failed,not_found,,,,failed,keyword_not_found,,failed,exception,,skipped,,,
03707634_No Data_1053702,s3://osu-well-records-225989338968/pdfs/ExportedFolderContents_1/1923/03 - March/03707634_No Data_1053702.pdf,1,1923,03 - March,early,1920s,location,location,not_found,"PLSS not found: missing section, township, range",done,,86,failed,not_found,,,,failed,exception,,done,,98,skipped,,,
03707806_HECONCONTHLA TIGER 1_1053899,s3://osu-well-records-225989338968/pdfs/ExportedFolderContents_1/1923/03 - March/03707806_HECONCONTHLA TIGER 1_1053899.pdf,1,1923,03 - March,early,1920s,location,location,not_found,"PLSS not found: missing section, township, range",done,,89,failed,not_found,,,,failed,exception,,failed,exception,,skipped,,,
10303015_LEE SHAWVER 12_50900789,s3://osu-well-records-225989338968/pdfs/ExportedFolderContents_1/1923/03 - March/10303015_LEE SHAWVER 12_50900789.pdf,1,1923,03 - March,early,1920s,location,location,not_found,"PLSS not found: missing section, township, range",done,,100,failed,not_found,,,,failed,exception,,done,,99,skipped,,,
10303017_LEE SHAWVER 14_1539316,s3://osu-well-records-225989338968/pdfs/ExportedFolderContents_1/1923/03 - March/10303017_LEE SHAWVER 14_1539316.pdf,1,1923,03 - March,early,1920s,location,location,not_found,"PLSS not found: missing section, township, range",done,,100,failed,not_found,,,,failed,exception,,done,,98,skipped,,,
10303017_LEE SHAWVER 14_50900799,s3://osu-well-records-225989338968/pdfs/ExportedFolderContents_1/1923/03 - March/10303017_LEE SHAWVER 14_50900799.pdf,1,1923,03 - March,early,1920s,location,location,not_found,"PLSS not found: missing section, township, range",done,,100,failed,not_found,,,,failed,exception,,done,,99,skipped,,,
10303022_LEE SHAWVER 19_1539300,s3://osu-well-records-225989338968/pdfs/ExportedFolderContents_1/1923/03 - March/10303022_LEE SHAWVER 19_1539300.pdf,1,1923,03 - March,early,1920s,location,location,not_found,"PLSS not found: missing section, township, range",done,,100,failed,not_found,,,,failed,exception,,done,,98,skipped,,,
10303031_LEE SHAWVER 28_50900747,s3://osu-well-records-225989338968/pdfs/ExportedFolderContents_1/1923/03 - March/10303031_LEE SHAWVER 28_50900747.pdf,1,1923,03 - March,early,1920s,location,location,not_found,"PLSS not found: missing section, township, range",done,,100,failed,not_found,,,,failed,keyword_not_found,,done,,99,skipped,,,
10303112_RUZEK 8_1539250,s3://osu-well-records-225989338968/pdfs/ExportedFolderContents_1/1923/03 - March/10303112_RUZEK 8_1539250.pdf,1,1923,03 - March,early,1920s,location,location,not_found,"PLSS not found: missing section, township, range",done,,100,failed,not_found,,,,failed,exception,,done,,99,skipped,,,
10303112_RUZEK 8_50980065,s3://osu-well-records-225989338968/pdfs/ExportedFolderContents_1/1923/03 - March/10303112_RUZEK 8_50980065.pdf,1,1923,03 - March,early,1920s,location,location,not_found,"PLSS not found: missing section, township, range",done,,100,failed,not_found,,,,failed,exception,,failed,exception,,skipped,,,
10303135_CARMICHAEL 5-A_50976378,s3://osu-well-records-225989338968/pdfs/ExportedFolderContents_1/1923/03 - March/10303135_CARMICHAEL 5-A_50976378.pdf,1,1923,03 - March,early,1920s,location,location,not_found,"PLSS not found: missing section, township, range",done,,100,failed,not_found,,,,failed,exception,,failed,exception,,skipped,,,
10303146_CARMICHAEL 10_50976331,s3://osu-well-records-225989338968/pdfs/ExportedFolderContents_1/1923/03 - March/10303146_CARMICHAEL 10_50976331.pdf,1,1923,03 - March,early,1920s,location,location,not_found,"PLSS not found: missing section, township, range",done,,100,failed,not_found,,,,failed,exception,,done,,99,skipped,,,
10303196_RUZEK 6_1539304,s3://osu-well-records-225989338968/pdfs/ExportedFolderContents_1/1923/03 - March/10303196_RUZEK 6_1539304.pdf,1,1923,03 - March,early,1920s,location,location,not_found,"PLSS not found: missing section, township, range",done,,99,failed,not_found,,,,failed,exception,,done,,99,skipped,,,
10303239_JOSEPH A NOVOTNY 6_1539240,s3://osu-well-records-225989338968/pdfs/ExportedFolderContents_1/1923/03 - March/10303239_JOSEPH A NOVOTNY 6_1539240.pdf,1,1923,03 - March,early,1920s,location,location,not_found,"PLSS not found: missing section, township, range",done,,100,failed,not_found,,,,failed,exception,,failed,exception,,skipped,,,
10303239_JOSEPH A NOVOTNY 6_1539242,s3://osu-well-records-225989338968/pdfs/ExportedFolderContents_1/1923/03 - March/10303239_JOSEPH A NOVOTNY 6_1539242.pdf,1,1923,03 - March,early,1920s,location,location,not_found,"PLSS not found: missing section, township, range",done,,100,failed,not_found,,,,failed,exception,,failed,exception,,skipped,,,
10303239_JOSEPH A NOVOTNY 6_1539243,s3://osu-well-records-225989338968/pdfs/ExportedFolderContents_1/1923/03 - March/10303239_JOSEPH A NOVOTNY 6_1539243.pdf,1,1923,03 - March,early,1920s,location,location,not_found,"PLSS not found: missing section, township, range",done,,99,failed,not_found,,,,failed,exception,,done,,99,skipped,,,
10303251_JOSEPH A NOVOTNY A 4_1539284,s3://osu-well-records-225989338968/pdfs/ExportedFolderContents_1/1923/03 - March/10303251_JOSEPH A NOVOTNY A 4_1539284.pdf,1,1923,03 - March,early,1920s,location,location,not_found,"PLSS not found: missing section, township, range",done,,98,failed,not_found,,,,failed,exception,,done,,99,skipped,,,
10303265_D.E. EVANS 8_1539301,s3://osu-well-records-225989338968/pdfs/ExportedFolderContents_1/1923/03 - March/10303265_D.E. EVANS 8_1539301.pdf,1,1923,03 - March,early,1920s,location,location,not_found,"PLSS not found: missing section, township, range",done,,90,failed,not_found,,,,done,,Noble County,failed,exception,,skipped,,,
10303316_RENCE 3A_1539303,s3://osu-well-records-225989338968/pdfs/ExportedFolderContents_1/1923/03 - March/10303316_RENCE 3A_1539303.pdf,1,1923,03 - March,early,1920s,location,location,not_found,"PLSS not found: missing section, township, range",done,,100,failed,not_found,,,,failed,keyword_not_found,,failed,exception,,skipped,,,
10303318_RENCE 5_1539261,s3://osu-well-records-225989338968/pdfs/ExportedFolderContents_1/1923/03 - March/10303318_RENCE 5_1539261.pdf,1,1923,03 - March,early,1920s,location,location,not_found,"PLSS not found: missing section, township, range",done,,95,failed,not_found,,,,failed,keyword_not_found,,failed,exception,,skipped,,,
10303324_RENCE 7_1539248,s3://osu-well-records-225989338968/pdfs/ExportedFolderContents_1/1923/03 - March/10303324_RENCE 7_1539248.pdf,1,1923,03 - March,early,1920s,location,location,not_found,"PLSS not found: missing section, township, range",done,,100,failed,not_found,,,,failed,keyword_not_found,,failed,exception,,skipped,,,
10303377_J.W. SEE 14_1539275,s3://osu-well-records-225989338968/pdfs/ExportedFolderContents_1/1923/03 - March/10303377_J.W. SEE 14_1539275.pdf,1,1923,03 - March,early,1920s,location,location,not_found,"PLSS not found: missing section, township, range",done,,100,failed,not_found,,,,failed,exception,,done,,99,skipped,,,
10303399_AMERADA SMITHHEISLER 1_1539244,s3://osu-well-records-225989338968/pdfs/ExportedFolderContents_1/1923/03 - March/10303399_AMERADA SMITHHEISLER 1_1539244.pdf,1,1923,03 - March,early,1920s,location,location,not_found,"PLSS not found: missing section, township, range",done,,99,failed,not_found,,,,failed,exception,,done,,87,skipped,,,
10501865_A P MILLER 2_1618282,s3://osu-well-records-225989338968/pdfs/ExportedFolderContents_1/1923/03 - March/10501865_A P MILLER 2_1618282.pdf,1,1923,03 - March,early,1920s,location,location,not_found,"PLSS not found: missing section, township, range",done,,99,failed,not_found,,,,failed,keyword_not_found,,failed,exception,,skipped,,,
10502003_KROWS 1_1618284,s3://osu-well-records-225989338968/pdfs/ExportedFolderContents_1/1923/03 - March/10502003_KROWS 1_1618284.pdf,1,1923,03 - March,early,1920s,location,location,not_found,"PLSS not found: missing section, township, range",done,,99,failed,not_found,,,,failed,keyword_not_found,,failed,exception,,skipped,,,
10503964_JOHN R BELL 1_1414515,s3://osu-well-records-225989338968/pdfs/ExportedFolderContents_1/1923/03 - March/10503964_JOHN R BELL 1_1414515.pdf,1,1923,03 - March,early,1920s,location,location,not_found,"PLSS not found: missing section, township, range",done,,100,failed,not_found,,,,failed,exception,,failed,exception,,skipped,,,
10504084_LONG 13_1618281,s3://osu-well-records-225989338968/pdfs/ExportedFolderContents_1/1923/03 - March/10504084_LONG 13_1618281.pdf,1,1923,03 - March,early,1920s,location,location,not_found,"PLSS not found: missing section, township, range",done,,94,failed,not_found,,,,failed,exception,,failed,exception,,skipped,,,
10507191_No Data_1414523,s3://osu-well-records-225989338968/pdfs/ExportedFolderContents_1/1923/03 - March/10507191_No Data_1414523.pdf,1,1923,03 - March,early,1920s,location,location,not_found,"PLSS not found: missing section, township, range",done,,100,failed,not_found,,,,failed,keyword_not_found,,done,,100,skipped,,,
10700758_MCKERNON 1_1053852,s3://osu-well-records-225989338968/pdfs/ExportedFolderContents_1/1923/03 - March/10700758_MCKERNON 1_1053852.pdf,1,1923,03 - March,early,1920s,location,location,not_found,"PLSS not found: missing section, township, range",done,,95,failed,not_found,,,,failed,exception,,failed,exception,,skipped,,,
10700780_Ahfonoke 1_1053751,s3://osu-well-records-225989338968/pdfs/ExportedFolderContents_1/1923/03 - March/10700780_Ahfonoke 1_1053751.pdf,1,1923,03 - March,early,1920s,location,location,not_found,"PLSS not found: missing section, township, range",done,,99,failed,not_found,,,,failed,keyword_not_found,,done,,100,skipped,,,
10702345_HETTIE BARNETT 5_1053644,s3://osu-well-records-225989338968/pdfs/ExportedFolderContents_1/1923/03 - March/10702345_HETTIE BARNETT 5_1053644.pdf,1,1923,03 - March,early,1920s,location,location,not_found,"PLSS not found: missing section, township, range",done,,99,failed,not_found,,,,failed,exception,,done,,99,skipped,,,
10702483_P HOLMES 1_1053798,s3://osu-well-records-225989338968/pdfs/ExportedFolderContents_1/1923/03 - March/10702483_P HOLMES 1_1053798.pdf,1,1923,03 - March,early,1920s,location,location,not_found,"PLSS not found: missing section, township, range",done,,96,failed,not_found,,,,failed,exception,,done,,98,skipped,,,
10702852_L FIELDS 1_1053933,s3://osu-well-records-225989338968/pdfs/ExportedFolderContents_1/1923/03 - March/10702852_L FIELDS 1_1053933.pdf,1,1923,03 - March,early,1920s,location,location,not_found,"PLSS not found: missing section, township, range",done,,99,failed,not_found,,,,failed,exception,,done,,99,skipped,,,
10704119_DANIELS 3_1053862,s3://osu-well-records-225989338968/pdfs/ExportedFolderContents_1/1923/03 - March/10704119_DANIELS 3_1053862.pdf,1,1923,03 - March,early,1920s,location,location,not_found,"PLSS not found: missing section, township, range",done,,100,failed,not_found,,,,failed,exception,,done,,99,skipped,,,
10704169_C BUCKLEY 1_1053938,s3://osu-well-records-225989338968/pdfs/ExportedFolderContents_1/1923/03 - March/10704169_C BUCKLEY 1_1053938.pdf,1,1923,03 - March,early,1920s,location,location,not_found,"PLSS not found: missing section, township, range",done,,99,failed,not_found,,,,failed,keyword_not_found,,failed,exception,,skipped,,,
10704178_GILL 3_1053864,s3://osu-well-records-225989338968/pdfs/ExportedFolderContents_1/1923/03 - March/10704178_GILL 3_1053864.pdf,1,1923,03 - March,early,1920s,location,location,not_found,"PLSS not found: missing section, township, range",done,,100,failed,not_found,,,,failed,exception,,done,,99,skipped,,,
10704869_ROBERT MICCO 1_1053683,s3://osu-well-records-225989338968/pdfs/ExportedFolderContents_1/1923/03 - March/10704869_ROBERT MICCO 1_1053683.pdf,1,1923,03 - March,early,1920s,location,location,not_found,"PLSS not found: missing section, township, range",done,,100,failed,not_found,,,,failed,exception,,failed,exception,,skipped,,,
10705323_M KNIGHT 1-A_589544,s3://osu-well-records-225989338968/pdfs/ExportedFolderContents_1/1923/03 - March/10705323_M KNIGHT 1-A_589544.pdf,1,1923,03 - March,early,1920s,location,location,not_found,"PLSS not found: missing section, township, range",done,,100,failed,not_found,,,,failed,exception,,failed,exception,,skipped,,,
10705326_MARTHA COOPER 1_589559,s3://osu-well-records-225989338968/pdfs/ExportedFolderContents_1/1923/03 - March/10705326_MARTHA COOPER 1_589559.pdf,1,1923,03 - March,early,1920s,location,location,not_found,"PLSS not found: missing section, township, range",done,,100,failed,not_found,,,,failed,exception,,failed,exception,,skipped,,,
11101927_A R REED & A DEBOIS 1_1053643,s3://osu-well-records-225989338968/pdfs/ExportedFolderContents_1/1923/03 - March/11101927_A R REED & A DEBOIS 1_1053643.pdf,1,1923,03 - March,early,1920s,location,location,not_found,"PLSS not found: missing section, township, range",done,,98,failed,not_found,,,,failed,exception,,failed,exception,,skipped,,,
11103767_SPURGEON 9_1364397,s3://osu-well-records-225989338968/pdfs/ExportedFolderContents_1/1923/03 - March/11103767_SPURGEON 9_1364397.pdf,1,1923,03 - March,early,1920s,location,location,not_found,"PLSS not found: missing section, township, range",done,,93,failed,not_found,,,,failed,exception,,failed,exception,,skipped,,,
11104288_PHILLIPS 1_1053928,s3://osu-well-records-225989338968/pdfs/ExportedFolderContents_1/1923/03 - March/11104288_PHILLIPS 1_1053928.pdf,1,1923,03 - March,early,1920s,location,location,not_found,"PLSS not found: missing section, township, range",done,,99,failed,not_found,,,,failed,exception,,failed,exception,,skipped,,,
11104512_LUCINDA PETERS 4_1053617,s3://osu-well-records-225989338968/pdfs/ExportedFolderContents_1/1923/03 - March/11104512_LUCINDA PETERS 4_1053617.pdf,1,1923,03 - March,early,1920s,location,location,not_found,"PLSS not found: missing section, township, range",done,,100,failed,not_found,,,,failed,exception,,done,,99,skipped,,,
11104752_W P TABOR 3_1053721,s3://osu-well-records-225989338968/pdfs/ExportedFolderContents_1/1923/03 - March/11104752_W P TABOR 3_1053721.pdf,1,1923,03 - March,early,1920s,location,location,not_found,"PLSS not found: missing section, township, range",done,,97,failed,not_found,,,,failed,exception,,done,,99,skipped,,,
11105013_REED 1_1053660,s3://osu-well-records-225989338968/pdfs/ExportedFolderContents_1/1923/03 - March/11105013_REED 1_1053660.pdf,1,1923,03 - March,early,1920s,location,location,not_found,"PLSS not found: missing section, township, range",done,,100,failed,not_found,,,,failed,exception,,done,,98,skipped,,,
11105373_STEBBINS 1_1053690,s3://osu-well-records-225989338968/pdfs/ExportedFolderContents_1/1923/03 - March/11105373_STEBBINS 1_1053690.pdf,1,1923,03 - March,early,1920s,location,location,not_found,"PLSS not found: missing section, township, range",done,,100,failed,not_found,,,,failed,keyword_not_found,,failed,exception,,skipped,,,
11106606_L GRAYSON 27_1053735,s3://osu-well-records-225989338968/pdfs/ExportedFolderContents_1/1923/03 - March/11106606_L GRAYSON 27_1053735.pdf,1,1923,03 - March,early,1920s,location,location,not_found,"PLSS not found: missing section, township, range",done,,100,failed,not_found,,,,failed,keyword_not_found,,done,,99,skipped,,,
11106617_L GRAYSON 16_1053604,s3://osu-well-records-225989338968/pdfs/ExportedFolderContents_1/1923/03 - March/11106617_L GRAYSON 16_1053604.pdf,1,1923,03 - March,early,1920s,location,location,not_found,"PLSS not found: missing section, township, range",done,,99,failed,not_found,,,,failed,keyword_not_found,,done,,99,skipped,,,
11106852_ADAMS 1_1053886,s3://osu-well-records-225989338968/pdfs/ExportedFolderContents_1/1923/03 - March/11106852_ADAMS 1_1053886.pdf,1,1923,03 - March,early,1920s,location,location,not_found,"PLSS not found: missing section, township, range",done,,100,failed,not_found,,,,failed,exception,,done,,96,skipped,,,
11108039_Graves 3_1053663,s3://osu-well-records-225989338968/pdfs/ExportedFolderContents_1/1923/03 - March/11108039_Graves 3_1053663.pdf,1,1923,03 - March,early,1920s,location,location,not_found,"PLSS not found: missing section, township, range",done,,100,failed,not_found,,,,failed,keyword_not_found,,done,,98,skipped,,,
11108485_RENTIE 5_1053687,s3://osu-well-records-225989338968/pdfs/ExportedFolderContents_1/1923/03 - March/11108485_RENTIE 5_1053687.pdf,1,1923,03 - March,early,1920s,location,location,not_found,"PLSS not found: missing section, township, range",done,,95,failed,not_found,,,,failed,exception,,done,,98,skipped,,,
11108649_D HOPE 2_1053688,s3://osu-well-records-225989338968/pdfs/ExportedFolderContents_1/1923/03 - March/11108649_D HOPE 2_1053688.pdf,1,1923,03 - March,early,1920s,location,location,not_found,"PLSS not found: missing section, township, range",done,,99,failed,not_found,,,,failed,exception,,done,,99,skipped,,,
11108649_D HOPE 2_1053691,s3://osu-well-records-225989338968/pdfs/ExportedFolderContents_1/1923/03 - March/11108649_D HOPE 2_1053691.pdf,1,1923,03 - March,early,1920s,location,location,not_found,"PLSS not found: missing section, township, range",done,,99,failed,not_found,,,,failed,api_error,,done,,99,skipped,,,
11108739_Bruner Dick 5_1053654,s3://osu-well-records-225989338968/pdfs/ExportedFolderContents_1/1923/03 - March/11108739_Bruner Dick 5_1053654.pdf,1,1923,03 - March,early,1920s,location,location,not_found,"PLSS not found: missing section, township, range",done,,99,failed,not_found,,,,failed,exception,,failed,exception,,skipped,,,
11108739_Bruner Dick 5_516513,s3://osu-well-records-225989338968/pdfs/ExportedFolderContents_1/1923/03 - March/11108739_Bruner Dick 5_516513.pdf,1,1923,03 - March,early,1920s,location,location,not_found,"PLSS not found: missing section, township, range",done,,99,failed,not_found,,,,failed,exception,,failed,exception,,skipped,,,
11109481_M ALEXANDER 14_1053637,s3://osu-well-records-225989338968/pdfs/ExportedFolderContents_1/1923/03 - March/11109481_M ALEXANDER 14_1053637.pdf,1,1923,03 - March,early,1920s,location,location,not_found,"PLSS not found: missing section, township, range",done,,100,failed,not_found,,,,failed,keyword_not_found,,failed,exception,,skipped,,,
11109481_MILEY ALEXANDER 14_516510,s3://osu-well-records-225989338968/pdfs/ExportedFolderContents_1/1923/03 - March/11109481_MILEY ALEXANDER 14_516510.pdf,1,1923,03 - March,early,1920s,location,location,not_found,"PLSS not found: missing section, township, range",done,,100,failed,not_found,,,,failed,keyword_not_found,,failed,exception,,skipped,,,
11109484_S ALEXANDER 17_1053610,s3://osu-well-records-225989338968/pdfs/ExportedFolderContents_1/1923/03 - March/11109484_S ALEXANDER 17_1053610.pdf,1,1923,03 - March,early,1920s,location,location,not_found,"PLSS not found: missing section, township, range",done,,97,failed,not_found,,,,failed,exception,,done,,99,skipped,,,
11109484_S ALEXANDER 17_516508,s3://osu-well-records-225989338968/pdfs/ExportedFolderContents_1/1923/03 - March/11109484_S ALEXANDER 17_516508.pdf,1,1923,03 - March,early,1920s,location,location,not_found,"PLSS not found: missing section, township, range",done,,97,failed,not_found,,,,failed,exception,,done,,99,skipped,,,
11109907_Mcnac 2_1053851,s3://osu-well-records-225989338968/pdfs/ExportedFolderContents_1/1923/03 - March/11109907_Mcnac 2_1053851.pdf,1,1923,03 - March,early,1920s,location,location,not_found,"PLSS not found: missing section, township, range",done,,100,failed,not_found,,,,failed,keyword_not_found,,failed,exception,,skipped,,,
11109956_Lockhart 3_1053876,s3://osu-well-records-225989338968/pdfs/ExportedFolderContents_1/1923/03 - March/11109956_Lockhart 3_1053876.pdf,1,1923,03 - March,early,1920s,location,location,not_found,"PLSS not found: missing section, township, range",done,,94,failed,not_found,,,,failed,exception,,done,,83,skipped,,,
11109962_Harxell-Hoffman 1_1053873,s3://osu-well-records-225989338968/pdfs/ExportedFolderContents_1/1923/03 - March/11109962_Harxell-Hoffman 1_1053873.pdf,1,1923,03 - March,early,1920s,location,location,not_found,"PLSS not found: missing section, township, range",done,,98,failed,not_found,,,,failed,exception,,done,,99,skipped,,,
11110807_M DOUGLAS 1_1053645,s3://osu-well-records-225989338968/pdfs/ExportedFolderContents_1/1923/03 - March/11110807_M DOUGLAS 1_1053645.pdf,1,1923,03 - March,early,1920s,location,location,not_found,"PLSS not found: missing section, township, range",done,,88,failed,not_found,,,,failed,exception,,done,,99,skipped,,,
11111048_BROWN 1_1053736,s3://osu-well-records-225989338968/pdfs/ExportedFolderContents_1/1923/03 - March/11111048_BROWN 1_1053736.pdf,1,1923,03 - March,early,1920s,location,location,not_found,"PLSS not found: missing section, township, range",done,,98,failed,not_found,,,,failed,exception,,done,,98,skipped,,,
11701465_G W BURTON  2_1053883,s3://osu-well-records-225989338968/pdfs/ExportedFolderContents_1/1923/03 - March/11701465_G W BURTON  2_1053883.pdf,1,1923,03 - March,early,1920s,location,location,not_found,"PLSS not found: missing section, township, range",done,,100,failed,not_found,,,,failed,keyword_not_found,,done,,99,skipped,,,
11701473_COATS 2_1053780,s3://osu-well-records-225989338968/pdfs/ExportedFolderContents_1/1923/03 - March/11701473_COATS 2_1053780.pdf,1,1923,03 - March,early,1920s,location,location,not_found,"PLSS not found: missing section, township, range",done,,92,failed,not_found,,,,failed,keyword_not_found,,done,,100,skipped,,,
11701543_D WHITE 2_1053784,s3://osu-well-records-225989338968/pdfs/ExportedFolderContents_1/1923/03 - March/11701543_D WHITE 2_1053784.pdf,1,1923,03 - March,early,1920s,location,location,not_found,"PLSS not found: missing section, township, range",done,,97,failed,not_found,,,,failed,exception,,failed,exception,,skipped,,,
11702441_WALLACE 1_1053625,s3://osu-well-records-225989338968/pdfs/ExportedFolderContents_1/1923/03 - March/11702441_WALLACE 1_1053625.pdf,1,1923,03 - March,early,1920s,location,location,not_found,"PLSS not found: missing section, township, range",done,,100,failed,not_found,,,,failed,exception,,done,,98,skipped,,,
11702701_COLBORN 7_1053847,s3://osu-well-records-225989338968/pdfs/ExportedFolderContents_1/1923/03 - March/11702701_COLBORN 7_1053847.pdf,1,1923,03 - March,early,1920s,location,location,not_found,"PLSS not found: missing section, township, range",done,,100,failed,not_found,,,,failed,exception,,done,,99,skipped,,,
11702743_J H MCMAHON 7_1053803,s3://osu-well-records-225989338968/pdfs/ExportedFolderContents_1/1923/03 - March/11702743_J H MCMAHON 7_1053803.pdf,1,1923,03 - March,early,1920s,location,location,not_found,"PLSS not found: missing section, township, range",done,,100,failed,not_found,,,,failed,exception,,failed,exception,,skipped,,,
11702874_BENSON 1_1414568,s3://osu-well-records-225989338968/pdfs/ExportedFolderContents_1/1923/03 - March/11702874_BENSON 1_1414568.pdf,1,1923,03 - March,early,1920s,location,location,not_found,"PLSS not found: missing section, township, range",done,,99,failed,not_found,,,,failed,exception,,failed,exception,,skipped,,,
11702886_HERRIFORD 1_1414598,s3://osu-well-records-225989338968/pdfs/ExportedFolderContents_1/1923/03 - March/11702886_HERRIFORD 1_1414598.pdf,1,1923,03 - March,early,1920s,location,location,not_found,"PLSS not found: missing section, township, range",done,,99,failed,not_found,,,,failed,keyword_not_found,,failed,exception,,skipped,,,
11702996_CARPENTER 1_1053591,s3://osu-well-records-225989338968/pdfs/ExportedFolderContents_1/1923/03 - March/11702996_CARPENTER 1_1053591.pdf,1,1923,03 - March,early,1920s,location,location,not_found,"PLSS not found: missing section, township, range",done,,99,failed,not_found,,,,failed,keyword_not_found,,failed,exception,,skipped,,,
11703004_ANDERSON 1_1053750,s3://osu-well-records-225989338968/pdfs/ExportedFolderContents_1/1923/03 - March/11703004_ANDERSON 1_1053750.pdf,1,1923,03 - March,early,1920s,location,location,not_found,"PLSS not found: missing section, township, range",done,,100,failed,not_found,,,,failed,keyword_not_found,,done,,97,skipped,,,
11704037_DIAMOND-MILLER 3_1414505,s3://osu-well-records-225989338968/pdfs/ExportedFolderContents_1/1923/03 - March/11704037_DIAMOND-MILLER 3_1414505.pdf,1,1923,03 - March,early,1920s,location,location,not_found,"PLSS not found: missing section, township, range",done,,98,failed,not_found,,,,failed,keyword_not_found,,done,,99,skipped,,,
11706041_H ESAU 1_1053624,s3://osu-well-records-225989338968/pdfs/ExportedFolderContents_1/1923/03 - March/11706041_H ESAU 1_1053624.pdf,1,1923,03 - March,early,1920s,location,location,not_found,"PLSS not found: missing section, township, range",done,,100,failed,not_found,,,,failed,keyword_not_found,,failed,exception,,skipped,,,
11903682_N J LAUGHLIN 3_1053635,s3://osu-well-records-225989338968/pdfs/ExportedFolderContents_1/1923/03 - March/11903682_N J LAUGHLIN 3_1053635.pdf,1,1923,03 - March,early,1920s,location,location,not_found,"PLSS not found: missing section, township, range",done,,100,failed,not_found,,,,failed,keyword_not_found,,done,,97,skipped,,,
12100210_KING 4_555836,s3://osu-well-records-225989338968/pdfs/ExportedFolderContents_1/1923/03 - March/12100210_KING 4_555836.pdf,1,1923,03 - March,early,1920s,location,location,not_found,"PLSS not found: missing section, township, range",done,,100,failed,not_found,,,,failed,keyword_not_found,,done,,99,skipped,,,
13102237_ANDREWS 1_1618269,s3://osu-well-records-225989338968/pdfs/ExportedFolderContents_1/1923/03 - March/13102237_ANDREWS 1_1618269.pdf,1,1923,03 - March,early,1920s,location,location,not_found,"PLSS not found: missing section, township, range",done,,99,failed,not_found,,,,failed,keyword_not_found,,done,,99,skipped,,,
13701469_SIMPSON 1_782204,s3://osu-well-records-225989338968/pdfs/ExportedFolderContents_1/1923/03 - March/13701469_SIMPSON 1_782204.pdf,1,1923,03 - March,early,1920s,location,location,not_found,"PLSS not found: missing section, township, range",done,,99,failed,not_found,,,,failed,exception,,failed,exception,,skipped,,,
13701502_CROSBIE 5_920573,s3://osu-well-records-225989338968/pdfs/ExportedFolderContents_1/1923/03 - March/13701502_CROSBIE 5_920573.pdf,1,1923,03 - March,early,1920s,location,location,not_found,"PLSS not found: missing section, township, range",done,,100,failed,not_found,,,,failed,exception,,failed,exception,,skipped,,,
13701507_E T ZIGLER 11_920524,s3://osu-well-records-225989338968/pdfs/ExportedFolderContents_1/1923/03 - March/13701507_E T ZIGLER 11_920524.pdf,1,1923,03 - March,early,1920s,location,location,not_found,"PLSS not found: missing section, township, range",done,,100,failed,not_found,,,,failed,exception,,done,,99,skipped,,,
13701507_E T ZIGLER 11_920528,s3://osu-well-records-225989338968/pdfs/ExportedFolderContents_1/1923/03 - March/13701507_E T ZIGLER 11_920528.pdf,1,1923,03 - March,early,1920s,location,location,not_found,"PLSS not found: missing section, township, range",done,,100,failed,not_found,,,,failed,api_error,,done,,70,skipped,,,
13702748_BRITTAIN 4_920571,s3://osu-well-records-225989338968/pdfs/ExportedFolderContents_1/1923/03 - March/13702748_BRITTAIN 4_920571.pdf,1,1923,03 - March,early,1920s,location,location,not_found,"PLSS not found: missing section, township, range",done,,98,failed,not_found,,,,failed,keyword_not_found,,done,,99,skipped,,,
13709799_SLAVING B-2_782203,s3://osu-well-records-225989338968/pdfs/ExportedFolderContents_1/1923/03 - March/13709799_SLAVING B-2_782203.pdf,1,1923,03 - March,early,1920s,location,location,not_found,"PLSS not found: missing section, township, range",done,,100,failed,not_found,,,,failed,keyword_not_found,,failed,exception,,skipped,,,
13709816_J J HARDIN 5_782242,s3://osu-well-records-225989338968/pdfs/ExportedFolderContents_1/1923/03 - March/13709816_J J HARDIN 5_782242.pdf,1,1923,03 - March,early,1920s,location,location,not_found,"PLSS not found: missing section, township, range",done,,100,failed,not_found,,,,failed,exception,,done,,99,skipped,,,
13710980_BALDWIN 2_987942,s3://osu-well-records-225989338968/pdfs/ExportedFolderContents_1/1923/03 - March/13710980_BALDWIN 2_987942.pdf,1,1923,03 - March,early,1920s,location,location,not_found,"PLSS not found: missing section, township, range",done,,100,failed,not_found,,,,failed,keyword_not_found,,done,,94,skipped,,,
13711035_WM ELMORE 7 DD_920504,s3://osu-well-records-225989338968/pdfs/ExportedFolderContents_1/1923/03 - March/13711035_WM ELMORE 7 DD_920504.pdf,1,1923,03 - March,early,1920s,location,location,not_found,"PLSS not found: missing section, township, range",done,,98,failed,not_found,,,,failed,keyword_not_found,,done,,97,skipped,,,
13711219_J D WILSON 12_920533,s3://osu-well-records-225989338968/pdfs/ExportedFolderContents_1/1923/03 - March/13711219_J D WILSON 12_920533.pdf,1,1923,03 - March,early,1920s,location,location,not_found,"PLSS not found: missing section, township, range",done,,100,failed,not_found,,,,failed,keyword_not_found,,done,,99,skipped,,,
13711405_BURKLEO 5_920568,s3://osu-well-records-225989338968/pdfs/ExportedFolderContents_1/1923/03 - March/13711405_BURKLEO 5_920568.pdf,1,1923,03 - March,early,1920s,location,location,not_found,"PLSS not found: missing section, township, range",done,,99,failed,not_found,,,,failed,keyword_not_found,,done,,99,skipped,,,
13711509_MARKS RUBY 4_920553,s3://osu-well-records-225989338968/pdfs/ExportedFolderContents_1/1923/03 - March/13711509_MARKS RUBY 4_920553.pdf,1,1923,03 - March,early,1920s,location,location,not_found,"PLSS not found: missing section, township, range",done,,100,failed,not_found,,,,failed,keyword_not_found,,done,,98,skipped,,,
13712000_OXFORD 1_920529,s3://osu-well-records-225989338968/pdfs/ExportedFolderContents_1/1923/03 - March/13712000_OXFORD 1_920529.pdf,1,1923,03 - March,early,1920s,location,location,not_found,"PLSS not found: missing section, township, range",done,,99,failed,not_found,,,,failed,keyword_not_found,,failed,exception,,skipped,,,
13712006_BALDWIN 1_920495,s3://osu-well-records-225989338968/pdfs/ExportedFolderContents_1/1923/03 - March/13712006_BALDWIN 1_920495.pdf,1,1923,03 - March,early,1920s,location,location,not_found,"PLSS not found: missing section, township, range",done,,100,failed,not_found,,,,failed,keyword_not_found,,failed,exception,,skipped,,,
13712006_BALDWIN 1_920496,s3://osu-well-records-225989338968/pdfs/ExportedFolderContents_1/1923/03 - March/13712006_BALDWIN 1_920496.pdf,1,1923,03 - March,early,1920s,location,location,not_found,"PLSS not found: missing section, township, range",done,,90,failed,not_found,,,,failed,keyword_not_found,,done,,100,skipped,,,
13712234_LUCY FRENSLEY 3_920498,s3://osu-well-records-225989338968/pdfs/ExportedFolderContents_1/1923/03 - March/13712234_LUCY FRENSLEY 3_920498.pdf,1,1923,03 - March,early,1920s,location,location,not_found,"PLSS not found: missing section, township, range",done,,100,failed,not_found,,,,failed,keyword_not_found,,done,,99,skipped,,,
13712234_TONEY-FRENSLEY 3_920497,s3://osu-well-records-225989338968/pdfs/ExportedFolderContents_1/1923/03 - March/13712234_TONEY-FRENSLEY 3_920497.pdf,1,1923,03 - March,early,1920s,location,location,not_found,"PLSS not found: missing section, township, range",done,,100,failed,not_found,,,,failed,exception,,done,,99,skipped,,,
13712240_TONEY 13_3603120,s3://osu-well-records-225989338968/pdfs/ExportedFolderContents_1/1923/03 - March/13712240_TONEY 13_3603120.pdf,1,1923,03 - March,early,1920s,location,location,not_found,"PLSS not found: missing section, township, range",done,,89,failed,not_found,,,,failed,exception,,failed,exception,,skipped,,,
13712240_TONEY-RINGER 3_920561,s3://osu-well-records-225989338968/pdfs/ExportedFolderContents_1/1923/03 - March/13712240_TONEY-RINGER 3_920561.pdf,1,1923,03 - March,early,1920s,location,location,not_found,"PLSS not found: missing section, township, range",done,,97,failed,not_found,,,,failed,keyword_not_found,,done,,98,skipped,,,
13712240_TONEY-RINGER 3_920562,s3://osu-well-records-225989338968/pdfs/ExportedFolderContents_1/1923/03 - March/13712240_TONEY-RINGER 3_920562.pdf,1,1923,03 - March,early,1920s,location,location,not_found,"PLSS not found: missing section, township, range",done,,99,failed,not_found,,,,failed,exception,,done,,99,skipped,,,
13712393_W B GREEN 7_920501,s3://osu-well-records-225989338968/pdfs/ExportedFolderContents_1/1923/03 - March/13712393_W B GREEN 7_920501.pdf,1,1923,03 - March,early,1920s,location,location,not_found,"PLSS not found: missing section, township, range",done,,100,failed,not_found,,,,failed,exception,,failed,exception,,skipped,,,
13712393_W B GREEN 7_920502,s3://osu-well-records-225989338968/pdfs/ExportedFolderContents_1/1923/03 - March/13712393_W B GREEN 7_920502.pdf,1,1923,03 - March,early,1920s,location,location,not_found,"PLSS not found: missing section, township, range",done,,100,failed,not_found,,,,failed,keyword_not_found,,done,,98,skipped,,,
13712580_FRENSLEY 9_920520,s3://osu-well-records-225989338968/pdfs/ExportedFolderContents_1/1923/03 - March/13712580_FRENSLEY 9_920520.pdf,1,1923,03 - March,early,1920s,location,location,not_found,"PLSS not found: missing section, township, range",done,,100,failed,not_found,,,,failed,keyword_not_found,,done,,99,skipped,,,
13712581_FRENSLEY 10_920545,s3://osu-well-records-225989338968/pdfs/ExportedFolderContents_1/1923/03 - March/13712581_FRENSLEY 10_920545.pdf,1,1923,03 - March,early,1920s,location,location,not_found,"PLSS not found: missing section, township, range",done,,100,failed,not_found,,,,failed,exception,,failed,exception,,skipped,,,
13712581_FRENSLEY 10_920546,s3://osu-well-records-225989338968/pdfs/ExportedFolderContents_1/1923/03 - March/13712581_FRENSLEY 10_920546.pdf,1,1923,03 - March,early,1920s,location,location,not_found,"PLSS not found: missing section, township, range",done,,100,failed,not_found,,,,failed,keyword_not_found,,done,,99,skipped,,,
13712582_FRENSLEY 11_920572,s3://osu-well-records-225989338968/pdfs/ExportedFolderContents_1/1923/03 - March/13712582_FRENSLEY 11_920572.pdf,1,1923,03 - March,early,1920s,location,location,not_found,"PLSS not found: missing section, township, range",done,,99,failed,not_found,,,,failed,exception,,done,,98,skipped,,,
13712582_FRENSLEY 11_920574,s3://osu-well-records-225989338968/pdfs/ExportedFolderContents_1/1923/03 - March/13712582_FRENSLEY 11_920574.pdf,1,1923,03 - March,early,1920s,location,location,not_found,"PLSS not found: missing section, township, range",done,,100,failed,not_found,,,,failed,keyword_not_found,,done,,99,skipped,,,
13712738_BRITTAIN 4_920567,s3://osu-well-records-225989338968/pdfs/ExportedFolderContents_1/1923/03 - March/13712738_BRITTAIN 4_920567.pdf,1,1923,03 - March,early,1920s,location,location,not_found,"PLSS not found: missing section, township, range",done,,96,failed,not_found,,,,failed,exception,,done,,84,skipped,,,
13713016_C T GLASS 3_920508,s3://osu-well-records-225989338968/pdfs/ExportedFolderContents_1/1923/03 - March/13713016_C T GLASS 3_920508.pdf,1,1923,03 - March,early,1920s,location,location,not_found,"PLSS not found: missing section, township, range",done,,100,failed,not_found,,,,failed,exception,,done,,99,skipped,,,
13713063_SCHOOL LAND 162 14_920551,s3://osu-well-records-225989338968/pdfs/ExportedFolderContents_1/1923/03 - March/13713063_SCHOOL LAND 162 14_920551.pdf,1,1923,03 - March,early,1920s,location,location,not_found,"PLSS not found: missing section, township, range",done,,100,failed,not_found,,,,failed,exception,,done,,98,skipped,,,
13713063_SCHOOL LAND 162 14_920554,s3://osu-well-records-225989338968/pdfs/ExportedFolderContents_1/1923/03 - March/13713063_SCHOOL LAND 162 14_920554.pdf,1,1923,03 - March,early,1920s,location,location,not_found,"PLSS not found: missing section, township, range",done,,87,failed,not_found,,,,failed,keyword_not_found,,failed,exception,,skipped,,,
13713778_BRISTOW 3_920560,s3://osu-well-records-225989338968/pdfs/ExportedFolderContents_1/1923/03 - March/13713778_BRISTOW 3_920560.pdf,1,1923,03 - March,early,1920s,location,location,not_found,"PLSS not found: missing section, township, range",done,,100,failed,not_found,,,,failed,exception,,failed,exception,,skipped,,,
14302111_COSAR 4_1053659,s3://osu-well-records-225989338968/pdfs/ExportedFolderContents_1/1923/03 - March/14302111_COSAR 4_1053659.pdf,1,1923,03 - March,early,1920s,location,location,not_found,"PLSS not found: missing section, township, range",done,,100,failed,not_found,,,,failed,exception,,failed,exception,,skipped,,,
14302308_HINES 2_1053889,s3://osu-well-records-225989338968/pdfs/ExportedFolderContents_1/1923/03 - March/14302308_HINES 2_1053889.pdf,1,1923,03 - March,early,1920s,location,location,not_found,"PLSS not found: missing section, township, range",done,,100,failed,not_found,,,,failed,exception,,failed,exception,,skipped,,,
14302308_HINES 2_1053892,s3://osu-well-records-225989338968/pdfs/ExportedFolderContents_1/1923/03 - March/14302308_HINES 2_1053892.pdf,1,1923,03 - March,early,1920s,location,location,not_found,"PLSS not found: missing section, township, range",done,,100,failed,not_found,,,,failed,exception,,failed,exception,,skipped,,,
14302308_HINES 2_516544,s3://osu-well-records-225989338968/pdfs/ExportedFolderContents_1/1923/03 - March/14302308_HINES 2_516544.pdf,1,1923,03 - March,early,1920s,location,location,not_found,"PLSS not found: missing section, township, range",done,,100,failed,not_found,,,,failed,exception,,failed,exception,,skipped,,,
14302308_HINES 2_516547,s3://osu-well-records-225989338968/pdfs/ExportedFolderContents_1/1923/03 - March/14302308_HINES 2_516547.pdf,1,1923,03 - March,early,1920s,location,location,not_found,"PLSS not found: missing section, township, range",done,,100,failed,not_found,,,,failed,exception,,failed,exception,,skipped,,,
35103031350000_CARMICHAEL 5-A_8001473,s3://osu-well-records-225989338968/pdfs/ExportedFolderContents_1/1923/03 - March/35103031350000_CARMICHAEL 5-A_8001473.pdf,1,1923,03 - March,early,1920s,location,location,not_found,"PLSS not found: missing section, township, range",done,,100,failed,not_found,,,,failed,exception,,done,,99,skipped,,,
35103031500000_CARMICHAEL 11_8001489,s3://osu-well-records-225989338968/pdfs/ExportedFolderContents_1/1923/03 - March/35103031500000_CARMICHAEL 11_8001489.pdf,1,1923,03 - March,early,1920s,location,location,not_found,"PLSS not found: missing section, township, range",done,,100,failed,not_found,,,,failed,exception,,done,,100,skipped,,,
35103035090000_BUFFALOHEAD 1_2288651,s3://osu-well-records-225989338968/pdfs/ExportedFolderContents_1/1923/03 - March/35103035090000_BUFFALOHEAD 1_2288651.pdf,1,1923,03 - March,early,1920s,location,location,not_found,"PLSS not found: missing section, township, range",done,,100,failed,not_found,,,,failed,keyword_not_found,,done,,99,skipped,,,
35103760050000_RUZEK 4-A_3167690,s3://osu-well-records-225989338968/pdfs/ExportedFolderContents_1/1923/03 - March/35103760050000_RUZEK 4-A_3167690.pdf,1,1923,03 - March,early,1920s,location,location,not_found,"PLSS not found: missing section, township, range",done,,100,failed,not_found,,,,failed,exception,,failed,exception,,skipped,,,
35103760050000_RUZEK 4-A_8001446,s3://osu-well-records-225989338968/pdfs/ExportedFolderContents_1/1923/03 - March/35103760050000_RUZEK 4-A_8001446.pdf,1,1923,03 - March,early,1920s,location,location,not_found,"PLSS not found: missing section, township, range",done,,86,failed,not_found,,,,failed,exception,,failed,exception,,skipped,,,
35105026920000_JONES 5_2464677,s3://osu-well-records-225989338968/pdfs/ExportedFolderContents_1/1923/03 - March/35105026920000_JONES 5_2464677.pdf,1,1923,03 - March,early,1920s,location,location,not_found,"PLSS not found: missing section, township, range",done,,94,failed,not_found,,,,failed,exception,,done,,100,skipped,,,
35105067940000_MANNING 3_2464706,s3://osu-well-records-225989338968/pdfs/ExportedFolderContents_1/1923/03 - March/35105067940000_MANNING 3_2464706.pdf,1,1923,03 - March,early,1920s,location,location,not_found,"PLSS not found: missing section, township, range",done,,100,failed,not_found,,,,failed,keyword_not_found,,failed,exception,,skipped,,,
35105776360000_HALFMOON 3_2288638,s3://osu-well-records-225989338968/pdfs/ExportedFolderContents_1/1923/03 - March/35105776360000_HALFMOON 3_2288638.pdf,1,1923,03 - March,early,1920s,location,location,not_found,"PLSS not found: missing section, township, range",done,,95,failed,not_found,,,,failed,exception,,failed,exception,,skipped,,,
35107041730000_GEO BUCKLEY 2_2004642,s3://osu-well-records-225989338968/pdfs/ExportedFolderContents_1/1923/03 - March/35107041730000_GEO BUCKLEY 2_2004642.pdf,1,1923,03 - March,early,1920s,location,location,not_found,"PLSS not found: missing section, township, range",done,,100,failed,not_found,,,,failed,exception,,done,,99,skipped,,,
35107052180000_Deere 1_1496512,s3://osu-well-records-225989338968/pdfs/ExportedFolderContents_1/1923/03 - March/35107052180000_Deere 1_1496512.pdf,1,1923,03 - March,early,1920s,location,location,not_found,"PLSS not found: missing section, township, range",done,,100,failed,not_found,,,,failed,exception,,done,,99,skipped,,,
35107052180000_Deere 1_2004662,s3://osu-well-records-225989338968/pdfs/ExportedFolderContents_1/1923/03 - March/35107052180000_Deere 1_2004662.pdf,1,1923,03 - March,early,1920s,location,location,not_found,"PLSS not found: missing section, township, range",done,,100,failed,not_found,,,,failed,exception,,done,,99,skipped,,,
35107054020000_GARRISON 1_2004562,s3://osu-well-records-225989338968/pdfs/ExportedFolderContents_1/1923/03 - March/35107054020000_GARRISON 1_2004562.pdf,1,1923,03 - March,early,1920s,location,location,not_found,"PLSS not found: missing section, township, range",done,,100,failed,not_found,,,,failed,keyword_not_found,,failed,exception,,skipped,,,
35111002340000_A YOUNG 1_2004516,s3://osu-well-records-225989338968/pdfs/ExportedFolderContents_1/1923/03 - March/35111002340000_A YOUNG 1_2004516.pdf,1,1923,03 - March,early,1920s,location,location,not_found,"PLSS not found: missing section, township, range",done,,100,failed,not_found,,,,failed,exception,,done,,98,skipped,,,
35111002340000_A YOUNG 1_2004517,s3://osu-well-records-225989338968/pdfs/ExportedFolderContents_1/1923/03 - March/35111002340000_A YOUNG 1_2004517.pdf,1,1923,03 - March,early,1920s,location,location,not_found,"PLSS not found: missing section, township, range",done,,100,failed,not_found,,,,failed,exception,,done,,98,skipped,,,
35111055170000_EMMORENE JACKSON A 1_2004470,s3://osu-well-records-225989338968/pdfs/ExportedFolderContents_1/1923/03 - March/35111055170000_EMMORENE JACKSON A 1_2004470.pdf,1,1923,03 - March,early,1920s,location,location,not_found,"PLSS not found: missing section, township, range",done,,100,failed,not_found,,,,failed,exception,,failed,exception,,skipped,,,
35111055250000_JIM ANDERSON 2_2004607,s3://osu-well-records-225989338968/pdfs/ExportedFolderContents_1/1923/03 - March/35111055250000_JIM ANDERSON 2_2004607.pdf,1,1923,03 - March,early,1920s,location,location,not_found,"PLSS not found: missing section, township, range",done,,96,failed,not_found,,,,failed,keyword_not_found,,done,,96,skipped,,,
35111056860000_KELLY_1384836,s3://osu-well-records-225989338968/pdfs/ExportedFolderContents_1/1923/03 - March/35111056860000_KELLY_1384836.pdf,1,1923,03 - March,early,1920s,location,location,not_found,"PLSS not found: missing section, township, range",done,,99,failed,not_found,,,,failed,exception,,failed,exception,,skipped,,,
35111056860000_KELLY_2004602,s3://osu-well-records-225989338968/pdfs/ExportedFolderContents_1/1923/03 - March/35111056860000_KELLY_2004602.pdf,1,1923,03 - March,early,1920s,location,location,not_found,"PLSS not found: missing section, township, range",done,,99,failed,not_found,,,,failed,exception,,failed,exception,,skipped,,,
35111076830000_SMOOT 1_2004545,s3://osu-well-records-225989338968/pdfs/ExportedFolderContents_1/1923/03 - March/35111076830000_SMOOT 1_2004545.pdf,1,1923,03 - March,early,1920s,location,location,not_found,"PLSS not found: missing section, township, range",done,,94,failed,not_found,,,,failed,exception,,done,,99,skipped,,,
35111084500000_IDA RANDALL 7_2004449,s3://osu-well-records-225989338968/pdfs/ExportedFolderContents_1/1923/03 - March/35111084500000_IDA RANDALL 7_2004449.pdf,1,1923,03 - March,early,1920s,location,location,not_found,"PLSS not found: missing section, township, range",done,,100,failed,not_found,,,,failed,keyword_not_found,,failed,exception,,skipped,,,
35111085720000_MARTHA HAGGERTY 1_2004668,s3://osu-well-records-225989338968/pdfs/ExportedFolderContents_1/1923/03 - March/35111085720000_MARTHA HAGGERTY 1_2004668.pdf,1,1923,03 - March,early,1920s,location,location,not_found,"PLSS not found: missing section, township, range",done,,98,failed,not_found,,,,failed,keyword_not_found,,done,,99,skipped,,,
35111087180000_LEWIS PAKOSKA 1_2004663,s3://osu-well-records-225989338968/pdfs/ExportedFolderContents_1/1923/03 - March/35111087180000_LEWIS PAKOSKA 1_2004663.pdf,1,1923,03 - March,early,1920s,location,location,not_found,"PLSS not found: missing section, township, range",done,,93,failed,not_found,,,,failed,exception,,failed,exception,,skipped,,,
35111087180000_PAKOSKA LEWIS 1_1384847,s3://osu-well-records-225989338968/pdfs/ExportedFolderContents_1/1923/03 - March/35111087180000_PAKOSKA LEWIS 1_1384847.pdf,1,1923,03 - March,early,1920s,location,location,not_found,"PLSS not found: missing section, township, range",done,,93,failed,not_found,,,,failed,exception,,failed,exception,,skipped,,,
35111098730000_MORTON 1_2004542,s3://osu-well-records-225989338968/pdfs/ExportedFolderContents_1/1923/03 - March/35111098730000_MORTON 1_2004542.pdf,1,1923,03 - March,early,1920s,location,location,not_found,"PLSS not found: missing section, township, range",done,,100,failed,not_found,,,,failed,keyword_not_found,,done,,99,skipped,,,
35111098800000_MYRA BIRD 1_2004565,s3://osu-well-records-225989338968/pdfs/ExportedFolderContents_1/1923/03 - March/35111098800000_MYRA BIRD 1_2004565.pdf,1,1923,03 - March,early,1920s,location,location,not_found,"PLSS not found: missing section, township, range",done,,100,failed,not_found,,,,failed,exception,,done,,99,skipped,,,
35111100730000_L BARNETT 1_2004719,s3://osu-well-records-225989338968/pdfs/ExportedFolderContents_1/1923/03 - March/35111100730000_L BARNETT 1_2004719.pdf,1,1923,03 - March,early,1920s,location,location,not_found,"PLSS not found: missing section, township, range",done,,98,failed,not_found,,,,failed,keyword_not_found,,done,,98,skipped,,,
35111110460000_HAWKINS 3_2004426,s3://osu-well-records-225989338968/pdfs/ExportedFolderContents_1/1923/03 - March/35111110460000_HAWKINS 3_2004426.pdf,1,1923,03 - March,early,1920s,location,location,not_found,"PLSS not found: missing section, township, range",done,,98,failed,not_found,,,,failed,exception,,done,,99,skipped,,,
35111113900000_MORTON 3_2004512,s3://osu-well-records-225989338968/pdfs/ExportedFolderContents_1/1923/03 - March/35111113900000_MORTON 3_2004512.pdf,1,1923,03 - March,early,1920s,location,location,not_found,"PLSS not found: missing section, township, range",done,,99,failed,not_found,,,,failed,exception,,done,,98,skipped,,,
35111113900000_MORTON 3_2004515,s3://osu-well-records-225989338968/pdfs/ExportedFolderContents_1/1923/03 - March/35111113900000_MORTON 3_2004515.pdf,1,1923,03 - March,early,1920s,location,location,not_found,"PLSS not found: missing section, township, range",done,,99,failed,not_found,,,,failed,exception,,done,,98,skipped,,,
35111175700000_JESSIE ADAMS_2004692,s3://osu-well-records-225989338968/pdfs/ExportedFolderContents_1/1923/03 - March/35111175700000_JESSIE ADAMS_2004692.pdf,1,1923,03 - March,early,1920s,location,location,not_found,"PLSS not found: missing section, township, range",done,,99,failed,not_found,,,,failed,keyword_not_found,,done,,99,skipped,,,
35117014040000_W H LAWRENCE 1_2004658,s3://osu-well-records-225989338968/pdfs/ExportedFolderContents_1/1923/03 - March/35117014040000_W H LAWRENCE 1_2004658.pdf,1,1923,03 - March,early,1920s,location,location,not_found,"PLSS not found: missing section, township, range",done,,96,failed,not_found,,,,failed,keyword_not_found,,failed,exception,,skipped,,,
35119019160000_SHARUM 2_2004584,s3://osu-well-records-225989338968/pdfs/ExportedFolderContents_1/1923/03 - March/35119019160000_SHARUM 2_2004584.pdf,1,1923,03 - March,early,1920s,location,location,not_found,"PLSS not found: missing section, township, range",done,,99,failed,not_found,,,,failed,exception,,failed,exception,,skipped,,,
35119039460000_No Data_2004615,s3://osu-well-records-225989338968/pdfs/ExportedFolderContents_1/1923/03 - March/35119039460000_No Data_2004615.pdf,1,1923,03 - March,early,1920s,location,location,not_found,"PLSS not found: missing section, township, range",done,,99,failed,not_found,,,,failed,exception,,done,,99,skipped,,,
35131010190000_P W HOLTZENDORF TRUSTEE 4_2364291,s3://osu-well-records-225989338968/pdfs/ExportedFolderContents_1/1923/03 - March/35131010190000_P W HOLTZENDORF TRUSTEE 4_2364291.pdf,1,1923,03 - March,early,1920s,location,location,not_found,"PLSS not found: missing section, township, range",done,,94,failed,not_found,,,,failed,exception,,failed,exception,,skipped,,,
35131014540000_RUCKER 4_2464733,s3://osu-well-records-225989338968/pdfs/ExportedFolderContents_1/1923/03 - March/35131014540000_RUCKER 4_2464733.pdf,1,1923,03 - March,early,1920s,location,location,not_found,"PLSS not found: missing section, township, range",done,,100,failed,not_found,,,,failed,exception,,done,,99,skipped,,,
35131050750000_PARIS 11_2364324,s3://osu-well-records-225989338968/pdfs/ExportedFolderContents_1/1923/03 - March/35131050750000_PARIS 11_2364324.pdf,1,1923,03 - March,early,1920s,location,location,not_found,"PLSS not found: missing section, township, range",done,,99,failed,not_found,,,,failed,keyword_not_found,,done,,99,skipped,,,
35131050750000_PARIS 11_2464696,s3://osu-well-records-225989338968/pdfs/ExportedFolderContents_1/1923/03 - March/35131050750000_PARIS 11_2464696.pdf,1,1923,03 - March,early,1920s,location,location,not_found,"PLSS not found: missing section, township, range",done,,99,failed,not_found,,,,failed,keyword_not_found,,done,,99,skipped,,,
35137014590000_PERRY GRAHAM 1_1843955,s3://osu-well-records-225989338968/pdfs/ExportedFolderContents_1/1923/03 - March/35137014590000_PERRY GRAHAM 1_1843955.pdf,1,1923,03 - March,early,1920s,location,location,not_found,"PLSS not found: missing section, township, range",done,,100,failed,not_found,,,,failed,exception,,failed,exception,,skipped,,,
35137092880000_JOE PAYNE 2_1843930,s3://osu-well-records-225989338968/pdfs/ExportedFolderContents_1/1923/03 - March/35137092880000_JOE PAYNE 2_1843930.pdf,1,1923,03 - March,early,1920s,location,location,not_found,"PLSS not found: missing section, township, range",done,,100,failed,not_found,,,,failed,exception,,done,,100,skipped,,,
35137107460000_B T LINNARD 1_1696684,s3://osu-well-records-225989338968/pdfs/ExportedFolderContents_1/1923/03 - March/35137107460000_B T LINNARD 1_1696684.pdf,1,1923,03 - March,early,1920s,location,location,not_found,"PLSS not found: missing section, township, range",done,,99,failed,not_found,,,,failed,keyword_not_found,,done,,99,skipped,,,
35137108580000_RUTH STANLEY 1_1696688,s3://osu-well-records-225989338968/pdfs/ExportedFolderContents_1/1923/03 - March/35137108580000_RUTH STANLEY 1_1696688.pdf,1,1923,03 - March,early,1920s,location,location,not_found,"PLSS not found: missing section, township, range",done,,100,failed,not_found,,,,failed,keyword_not_found,,done,,100,skipped,,,
35143031380000_PARKS_2004702,s3://osu-well-records-225989338968/pdfs/ExportedFolderContents_1/1923/03 - March/35143031380000_PARKS_2004702.pdf,1,1923,03 - March,early,1920s,location,location,not_found,"PLSS not found: missing section, township, range",done,,99,failed,not_found,,,,failed,keyword_not_found,,done,,99,skipped,,,
35143037630000_MAYO 1_2004621,s3://osu-well-records-225989338968/pdfs/ExportedFolderContents_1/1923/03 - March/35143037630000_MAYO 1_2004621.pdf,1,1923,03 - March,early,1920s,location,location,not_found,"PLSS not found: missing section, township, range",done,,100,failed,not_found,,,,failed,keyword_not_found,,done,,99,skipped,,,
35143042080000_PHILLIPS ONE_2004560,s3://osu-well-records-225989338968/pdfs/ExportedFolderContents_1/1923/03 - March/35143042080000_PHILLIPS ONE_2004560.pdf,1,1923,03 - March,early,1920s,location,location,not_found,"PLSS not found: missing section, township, range",done,,96,failed,not_found,,,,failed,exception,,done,,99,skipped,,,
35143063440000_VIRE 1_2004468,s3://osu-well-records-225989338968/pdfs/ExportedFolderContents_1/1923/03 - March/35143063440000_VIRE 1_2004468.pdf,1,1923,03 - March,early,1920s,location,location,not_found,"PLSS not found: missing section, township, range",done,,100,failed,not_found,,,,failed,exception,,failed,exception,,skipped,,,
35143762930000_BROOKS 1_2004497,s3://osu-well-records-225989338968/pdfs/ExportedFolderContents_1/1923/03 - March/35143762930000_BROOKS 1_2004497.pdf,1,1923,03 - March,early,1920s,location,location,not_found,"PLSS not found: missing section, township, range",done,,100,failed,not_found,,,,failed,exception,,done,,98,skipped,,,
35147002790000_GREENWOOD 1_1384852,s3://osu-well-records-225989338968/pdfs/ExportedFolderContents_1/1923/03 - March/35147002790000_GREENWOOD 1_1384852.pdf,1,1923,03 - March,early,1920s,location,location,not_found,"PLSS not found: missing section, township, range",done,,100,failed,not_found,,,,failed,exception,,failed,exception,,skipped,,,
35147002790000_GREENWOOD 1_2288672,s3://osu-well-records-225989338968/pdfs/ExportedFolderContents_1/1923/03 - March/35147002790000_GREENWOOD 1_2288672.pdf,1,1923,03 - March,early,1920s,location,location,not_found,"PLSS not found: missing section, township, range",done,,100,failed,not_found,,,,failed,exception,,failed,exception,,skipped,,,
35147002790000_GREENWOOD 1_2288673,s3://osu-well-records-225989338968/pdfs/ExportedFolderContents_1/1923/03 - March/35147002790000_GREENWOOD 1_2288673.pdf,1,1923,03 - March,early,1920s,location,location,not_found,"PLSS not found: missing section, township, range",done,,100,failed,not_found,,,,failed,exception,,failed,exception,,skipped,,,
35147035260000_J D HICKS (FEE)_2288582,s3://osu-well-records-225989338968/pdfs/ExportedFolderContents_1/1923/03 - March/35147035260000_J D HICKS (FEE)_2288582.pdf,1,1923,03 - March,early,1920s,location,location,not_found,"PLSS not found: missing section, township, range",done,,100,failed,not_found,,,,failed,keyword_not_found,,done,,99,skipped,,,
35147048750000_J GILSTRAP_1384832,s3://osu-well-records-225989338968/pdfs/ExportedFolderContents_1/1923/03 - March/35147048750000_J GILSTRAP_1384832.pdf,1,1923,03 - March,early,1920s,location,location,not_found,"PLSS not found: missing section, township, range",done,,97,failed,not_found,,,,failed,exception,,done,,99,skipped,,,
35147048750000_J GILSTRAP_2288624,s3://osu-well-records-225989338968/pdfs/ExportedFolderContents_1/1923/03 - March/35147048750000_J GILSTRAP_2288624.pdf,1,1923,03 - March,early,1920s,location,location,not_found,"PLSS not found: missing section, township, range",done,,97,failed,not_found,,,,failed,exception,,done,,99,skipped,,,
35147048750000_J GILSTRAP_2288626,s3://osu-well-records-225989338968/pdfs/ExportedFolderContents_1/1923/03 - March/35147048750000_J GILSTRAP_2288626.pdf,1,1923,03 - March,early,1920s,location,location,not_found,"PLSS not found: missing section, township, range",done,,97,failed,not_found,,,,failed,exception,,done,,99,skipped,,,
35147078720000_DOWLING 1_2288620,s3://osu-well-records-225989338968/pdfs/ExportedFolderContents_1/1923/03 - March/35147078720000_DOWLING 1_2288620.pdf,1,1923,03 - March,early,1920s,location,location,not_found,"PLSS not found: missing section, township, range",done,,100,failed,not_found,,,,failed,exception,,done,,99,skipped,,,
OSAGE_OSAGE TRACT 29 15_2288692,s3://osu-well-records-225989338968/pdfs/ExportedFolderContents_1/1923/03 - March/OSAGE_OSAGE TRACT 29 15_2288692.pdf,1,1923,03 - March,early,1920s,location,location,not_found,"PLSS not found: missing section, township, range",done,,100,failed,not_found,,,,failed,exception,,done,,99,skipped,,,
OSAGE_OSAGE_2288681,s3://osu-well-records-225989338968/pdfs/ExportedFolderContents_1/1923/03 - March/OSAGE_OSAGE_2288681.pdf,1,1923,03 - March,early,1920s,location,location,not_found,"PLSS not found: missing section, township, range",done,,100,failed,not_found,,,,failed,exception,,failed,exception,,skipped,,,
OSAGE_R PRICE 4_2288663,s3://osu-well-records-225989338968/pdfs/ExportedFolderContents_1/1923/03 - March/OSAGE_R PRICE 4_2288663.pdf,1,1923,03 - March,early,1920s,location,location,not_found,"PLSS not found: missing section, township, range",done,,100,failed,not_found,,,,failed,exception,,failed,exception,,skipped,,,
OSAGE_TRACT 15 3_2288679,s3://osu-well-records-225989338968/pdfs/ExportedFolderContents_1/1923/03 - March/OSAGE_TRACT 15 3_2288679.pdf,1,1923,03 - March,early,1920s,location,location,not_found,"PLSS not found: missing section, township, range",done,,99,failed,not_found,,,,failed,exception,,failed,exception,,skipped,,,
WASHINGTON_R W PEMBERTON 1_2288601,s3://osu-well-records-225989338968/pdfs/ExportedFolderContents_1/1923/03 - March/WASHINGTON_R W PEMBERTON 1_2288601.pdf,1,1923,03 - March,early,1920s,location,location,not_found,"PLSS not found: missing section, township, range",done,,100,failed,not_found,,,,failed,exception,,failed,exception,,skipped,,,
X_ALLEMAN 3_2004548,s3://osu-well-records-225989338968/pdfs/ExportedFolderContents_1/1923/03 - March/X_ALLEMAN 3_2004548.pdf,1,1923,03 - March,early,1920s,location,location,not_found,"PLSS not found: missing section, township, range",done,,99,failed,not_found,,,,failed,exception,,done,,99,skipped,,,
X_AMANDA GRAYSON 1_2004596,s3://osu-well-records-225989338968/pdfs/ExportedFolderContents_1/1923/03 - March/X_AMANDA GRAYSON 1_2004596.pdf,1,1923,03 - March,early,1920s,location,location,not_found,"PLSS not found: missing section, township, range",done,,99,failed,not_found,,,,failed,keyword_not_found,,failed,exception,,skipped,,,
X_ANNIE JOHNSON 8_2288581,s3://osu-well-records-225989338968/pdfs/ExportedFolderContents_1/1923/03 - March/X_ANNIE JOHNSON 8_2288581.pdf,1,1923,03 - March,early,1920s,location,location,not_found,"PLSS not found: missing section, township, range",done,,100,failed,not_found,,,,failed,exception,,done,,100,skipped,,,
X_COLBERT BEAVER 2_1053832,s3://osu-well-records-225989338968/pdfs/ExportedFolderContents_1/1923/03 - March/X_COLBERT BEAVER 2_1053832.pdf,1,1923,03 - March,early,1920s,location,location,not_found,"PLSS not found: missing section, township, range",done,,100,failed,not_found,,,,failed,exception,,done,,93,skipped,,,
X_COVER 1_2004547,s3://osu-well-records-225989338968/pdfs/ExportedFolderContents_1/1923/03 - March/X_COVER 1_2004547.pdf,1,1923,03 - March,early,1920s,location,location,not_found,"PLSS not found: missing section, township, range",done,,94,failed,not_found,,,,failed,keyword_not_found,,done,,96,skipped,,,
X_F HARJO_2004685,s3://osu-well-records-225989338968/pdfs/ExportedFolderContents_1/1923/03 - March/X_F HARJO_2004685.pdf,1,1923,03 - March,early,1920s,location,location,not_found,"PLSS not found: missing section, township, range",done,,99,failed,not_found,,,,failed,keyword_not_found,,failed,exception,,skipped,,,
X_FARRIS 2_1384828,s3://osu-well-records-225989338968/pdfs/ExportedFolderContents_1/1923/03 - March/X_FARRIS 2_1384828.pdf,1,1923,03 - March,early,1920s,location,location,not_found,"PLSS not found: missing section, township, range",done,,98,failed,not_found,,,,failed,exception,,done,,99,skipped,,,
X_FITZMORRIS 4_2288608,s3://osu-well-records-225989338968/pdfs/ExportedFolderContents_1/1923/03 - March/X_FITZMORRIS 4_2288608.pdf,1,1923,03 - March,early,1920s,location,location,not_found,"PLSS not found: missing section, township, range",done,,100,failed,not_found,,,,failed,exception,,done,,99,skipped,,,
X_FLOYD WHITE 3_2004666,s3://osu-well-records-225989338968/pdfs/ExportedFolderContents_1/1923/03 - March/X_FLOYD WHITE 3_2004666.pdf,1,1923,03 - March,early,1920s,location,location,not_found,"PLSS not found: missing section, township, range",done,,99,failed,not_found,,,,failed,exception,,done,,97,skipped,,,
X_FRENSLEY 9_920521,s3://osu-well-records-225989338968/pdfs/ExportedFolderContents_1/1923/03 - March/X_FRENSLEY 9_920521.pdf,1,1923,03 - March,early,1920s,location,location,not_found,"PLSS not found: missing section, township, range",done,,99,failed,not_found,,,,failed,keyword_not_found,,failed,exception,,skipped,,,
X_GARRISON 1_589549,s3://osu-well-records-225989338968/pdfs/ExportedFolderContents_1/1923/03 - March/X_GARRISON 1_589549.pdf,1,1923,03 - March,early,1920s,location,location,not_found,"PLSS not found: missing section, township, range",done,,100,failed,not_found,,,,failed,keyword_not_found,,failed,exception,,skipped,,,
X_HANES_2464729,s3://osu-well-records-225989338968/pdfs/ExportedFolderContents_1/1923/03 - March/X_HANES_2464729.pdf,1,1923,03 - March,early,1920s,location,location,not_found,"PLSS not found: missing section, township, range",done,,98,failed,not_found,,,,failed,keyword_not_found,,done,,98,skipped,,,
X_HEIM 6_1539272,s3://osu-well-records-225989338968/pdfs/ExportedFolderContents_1/1923/03 - March/X_HEIM 6_1539272.pdf,1,1923,03 - March,early,1920s,location,location,not_found,"PLSS not found: missing section, township, range",done,,100,failed,not_found,,,,failed,exception,,failed,exception,,skipped,,,
X_HENDERSON W G 8_2004521,s3://osu-well-records-225989338968/pdfs/ExportedFolderContents_1/1923/03 - March/X_HENDERSON W G 8_2004521.pdf,1,1923,03 - March,early,1920s,location,location,not_found,"PLSS not found: missing section, township, range",done,,100,failed,not_found,,,,failed,keyword_not_found,,done,,99,skipped,,,
X_HOUSTON 1_1384846,s3://osu-well-records-225989338968/pdfs/ExportedFolderContents_1/1923/03 - March/X_HOUSTON 1_1384846.pdf,1,1923,03 - March,early,1920s,location,location,not_found,"PLSS not found: missing section, township, range",done,,97,failed,not_found,,,,failed,keyword_not_found,,done,,99,skipped,,,
X_HOUSTON 1_1384848,s3://osu-well-records-225989338968/pdfs/ExportedFolderContents_1/1923/03 - March/X_HOUSTON 1_1384848.pdf,1,1923,03 - March,early,1920s,location,location,not_found,"PLSS not found: missing section, township, range",done,,99,failed,not_found,,,,failed,exception,,failed,exception,,skipped,,,
X_J ROBERTS 2_2004734,s3://osu-well-records-225989338968/pdfs/ExportedFolderContents_1/1923/03 - March/X_J ROBERTS 2_2004734.pdf,1,1923,03 - March,early,1920s,location,location,not_found,"PLSS not found: missing section, township, range",done,,99,failed,not_found,,,,failed,exception,,done,,99,skipped,,,
X_JUDA BEAR 1_1053743,s3://osu-well-records-225989338968/pdfs/ExportedFolderContents_1/1923/03 - March/X_JUDA BEAR 1_1053743.pdf,1,1923,03 - March,early,1920s,location,location,not_found,"PLSS not found: missing section, township, range",done,,100,failed,not_found,,,,failed,exception,,done,,99,skipped,,,
X_JUDA BEAR 1_1053746,s3://osu-well-records-225989338968/pdfs/ExportedFolderContents_1/1923/03 - March/X_JUDA BEAR 1_1053746.pdf,1,1923,03 - March,early,1920s,location,location,not_found,"PLSS not found: missing section, township, range",done,,98,failed,not_found,,,,failed,exception,,failed,exception,,skipped,,,
X_KATIE FISH_2004717,s3://osu-well-records-225989338968/pdfs/ExportedFolderContents_1/1923/03 - March/X_KATIE FISH_2004717.pdf,1,1923,03 - March,early,1920s,location,location,not_found,"PLSS not found: missing section, township, range",done,,99,failed,not_found,,,,failed,exception,,failed,exception,,skipped,,,
X_LEASE 1522 14_2288683,s3://osu-well-records-225989338968/pdfs/ExportedFolderContents_1/1923/03 - March/X_LEASE 1522 14_2288683.pdf,1,1923,03 - March,early,1920s,location,location,not_found,"PLSS not found: missing section, township, range",done,,100,failed,not_found,,,,failed,keyword_not_found,,done,,99,skipped,,,
X_MARY L PARKER 4_2288685,s3://osu-well-records-225989338968/pdfs/ExportedFolderContents_1/1923/03 - March/X_MARY L PARKER 4_2288685.pdf,1,1923,03 - March,early,1920s,location,location,not_found,"PLSS not found: missing section, township, range",done,,100,failed,not_found,,,,failed,exception,,done,,98,skipped,,,
X_MARY M SCOTT 1-2_589538,s3://osu-well-records-225989338968/pdfs/ExportedFolderContents_1/1923/03 - March/X_MARY M SCOTT 1-2_589538.pdf,1,1923,03 - March,early,1920s,location,location,not_found,"PLSS not found: missing section, township, range",done,,99,failed,not_found,,,,failed,keyword_not_found,,done,,100,skipped,,,
X_No Data_1053607,s3://osu-well-records-225989338968/pdfs/ExportedFolderContents_1/1923/03 - March/X_No Data_1053607.pdf,1,1923,03 - March,early,1920s,location,location,not_found,"PLSS not found: missing section, township, range",done,,99,failed,not_found,,,,failed,exception,,done,,100,skipped,,,
X_No Data_1053910,s3://osu-well-records-225989338968/pdfs/ExportedFolderContents_1/1923/03 - March/X_No Data_1053910.pdf,1,1923,03 - March,early,1920s,location,location,not_found,"PLSS not found: missing section, township, range",done,,99,failed,not_found,,,,failed,keyword_not_found,,done,,99,skipped,,,
X_No Data_1053911,s3://osu-well-records-225989338968/pdfs/ExportedFolderContents_1/1923/03 - March/X_No Data_1053911.pdf,1,1923,03 - March,early,1920s,location,location,not_found,"PLSS not found: missing section, township, range",done,,100,failed,not_found,,,,failed,keyword_not_found,,done,,100,skipped,,,
X_No Data_1414492,s3://osu-well-records-225989338968/pdfs/ExportedFolderContents_1/1923/03 - March/X_No Data_1414492.pdf,1,1923,03 - March,early,1920s,location,location,not_found,"PLSS not found: missing section, township, range",done,,99,failed,not_found,,,,failed,exception,,done,,100,skipped,,,
X_No Data_2004550,s3://osu-well-records-225989338968/pdfs/ExportedFolderContents_1/1923/03 - March/X_No Data_2004550.pdf,1,1923,03 - March,early,1920s,location,location,not_found,"PLSS not found: missing section, township, range",done,,100,failed,not_found,,,,failed,keyword_not_found,,failed,exception,,skipped,,,
X_No Data_2004616,s3://osu-well-records-225989338968/pdfs/ExportedFolderContents_1/1923/03 - March/X_No Data_2004616.pdf,1,1923,03 - March,early,1920s,location,location,not_found,"PLSS not found: missing section, township, range",done,,99,failed,not_found,,,,failed,keyword_not_found,,failed,exception,,skipped,,,
X_OSAGAE_2288593,s3://osu-well-records-225989338968/pdfs/ExportedFolderContents_1/1923/03 - March/X_OSAGAE_2288593.pdf,1,1923,03 - March,early,1920s,location,location,not_found,"PLSS not found: missing section, township, range",done,,99,failed,not_found,,,,failed,keyword_not_found,,failed,exception,,skipped,,,
X_OSAGE TRACT 28 11_1414614,s3://osu-well-records-225989338968/pdfs/ExportedFolderContents_1/1923/03 - March/X_OSAGE TRACT 28 11_1414614.pdf,1,1923,03 - March,early,1920s,location,location,not_found,"PLSS not found: missing section, township, range",done,,100,failed,not_found,,,,failed,exception,,done,,100,skipped,,,
X_OSAGE TRACT 28 5_1414502,s3://osu-well-records-225989338968/pdfs/ExportedFolderContents_1/1923/03 - March/X_OSAGE TRACT 28 5_1414502.pdf,1,1923,03 - March,early,1920s,location,location,not_found,"PLSS not found: missing section, township, range",done,,99,failed,not_found,,,,failed,exception,,done,,100,skipped,,,
X_OSAGE_2288598,s3://osu-well-records-225989338968/pdfs/ExportedFolderContents_1/1923/03 - March/X_OSAGE_2288598.pdf,1,1923,03 - March,early,1920s,location,location,not_found,"PLSS not found: missing section, township, range",done,,100,failed,not_found,,,,failed,keyword_not_found,,done,,98,skipped,,,
X_OSAGE_2288621,s3://osu-well-records-225989338968/pdfs/ExportedFolderContents_1/1923/03 - March/X_OSAGE_2288621.pdf,1,1923,03 - March,early,1920s,location,location,not_found,"PLSS not found: missing section, township, range",done,,100,failed,not_found,,,,failed,exception,,failed,exception,,skipped,,,
X_POSTOAK 1_2004629,s3://osu-well-records-225989338968/pdfs/ExportedFolderContents_1/1923/03 - March/X_POSTOAK 1_2004629.pdf,1,1923,03 - March,early,1920s,location,location,not_found,"PLSS not found: missing section, township, range",done,,100,failed,not_found,,,,failed,exception,,failed,exception,,skipped,,,
X_RITTERHOFF 3_2004588,s3://osu-well-records-225989338968/pdfs/ExportedFolderContents_1/1923/03 - March/X_RITTERHOFF 3_2004588.pdf,1,1923,03 - March,early,1920s,location,location,not_found,"PLSS not found: missing section, township, range",done,,100,failed,not_found,,,,failed,exception,,done,,92,skipped,,,
X_S SLOAN 1_1496510,s3://osu-well-records-225989338968/pdfs/ExportedFolderContents_1/1923/03 - March/X_S SLOAN 1_1496510.pdf,1,1923,03 - March,early,1920s,location,location,not_found,"PLSS not found: missing section, township, range",done,,94,failed,not_found,,,,failed,exception,,failed,exception,,skipped,,,
X_S SLOAN 1_2004645,s3://osu-well-records-225989338968/pdfs/ExportedFolderContents_1/1923/03 - March/X_S SLOAN 1_2004645.pdf,1,1923,03 - March,early,1920s,location,location,not_found,"PLSS not found: missing section, township, range",done,,94,failed,not_found,,,,failed,exception,,failed,exception,,skipped,,,
X_X_1414542,s3://osu-well-records-225989338968/pdfs/ExportedFolderContents_1/1923/03 - March/X_X_1414542.pdf,1,1923,03 - March,early,1920s,location,location,not_found,"PLSS not found: missing section, township, range",done,,99,failed,not_found,,,,failed,exception,,done,,99,skipped,,,
X__ 1_2364362,s3://osu-well-records-225989338968/pdfs/ExportedFolderContents_1/1923/03 - March/X__ 1_2364362.pdf,1,1923,03 - March,early,1920s,location,location,not_found,"PLSS not found: missing section, township, range",done,,100,failed,not_found,,,,failed,exception,,done,,99,skipped,,,
X__ 1_2464731,s3://osu-well-records-225989338968/pdfs/ExportedFolderContents_1/1923/03 - March/X__ 1_2464731.pdf,1,1923,03 - March,early,1920s,location,location,not_found,"PLSS not found: missing section, township, range",done,,100,failed,not_found,,,,failed,exception,,done,,99,skipped,,,
X__ 1_782226,s3://osu-well-records-225989338968/pdfs/ExportedFolderContents_1/1923/03 - March/X__ 1_782226.pdf,1,1923,03 - March,early,1920s,location,location,not_found,"PLSS not found: missing section, township, range",done,,99,failed,not_found,,,,failed,exception,,done,,98,skipped,,,
x_NORA DAY 11_516521,s3://osu-well-records-225989338968/pdfs/ExportedFolderContents_1/1923/03 - March/x_NORA DAY 11_516521.pdf,1,1923,03 - March,early,1920s,location,location,not_found,"PLSS not found: missing section, township, range",done,,100,failed,not_found,,,,failed,exception,,failed,exception,,skipped,,,
x_SGDSU 4-7_920499,s3://osu-well-records-225989338968/pdfs/ExportedFolderContents_1/1923/03 - March/x_SGDSU 4-7_920499.pdf,1,1923,03 - March,early,1920s,location,location,not_found,"PLSS not found: missing section, township, range",done,,95,failed,not_found,,,,failed,exception,,done,,99,skipped,,,
03707632_No Data_1054063,s3://osu-well-records-225989338968/pdfs/ExportedFolderContents_1/1923/04 - April/03707632_No Data_1054063.pdf,1,1923,04 - April,early,1920s,location,location,not_found,"PLSS not found: missing section, township, range",done,,100,failed,not_found,,,,failed,exception,,done,,99,skipped,,,
03707644_No Data_1054140,s3://osu-well-records-225989338968/pdfs/ExportedFolderContents_1/1923/04 - April/03707644_No Data_1054140.pdf,1,1923,04 - April,early,1920s,location,location,not_found,"PLSS not found: missing section, township, range",done,,100,failed,not_found,,,,failed,exception,,failed,exception,,skipped,,,
03707645_No Data_1054205,s3://osu-well-records-225989338968/pdfs/ExportedFolderContents_1/1923/04 - April/03707645_No Data_1054205.pdf,1,1923,04 - April,early,1920s,location,location,not_found,"PLSS not found: missing section, township, range",done,,100,failed,not_found,,,,failed,exception,,done,,98,skipped,,,
03707946_C B WALKER 6_1054100,s3://osu-well-records-225989338968/pdfs/ExportedFolderContents_1/1923/04 - April/03707946_C B WALKER 6_1054100.pdf,1,1923,04 - April,early,1920s,location,location,not_found,"PLSS not found: missing section, township, range",done,,100,failed,not_found,,,,failed,exception,,done,,99,skipped,,,
03707946_C B WALKER 6_1054104,s3://osu-well-records-225989338968/pdfs/ExportedFolderContents_1/1923/04 - April/03707946_C B WALKER 6_1054104.pdf,1,1923,04 - April,early,1920s,location,location,not_found,"PLSS not found: missing section, township, range",done,,100,failed,not_found,,,,failed,exception,,done,,99,skipped,,,
03710473_WILSON 1_1054003,s3://osu-well-records-225989338968/pdfs/ExportedFolderContents_1/1923/04 - April/03710473_WILSON 1_1054003.pdf,1,1923,04 - April,early,1920s,location,location,not_found,"PLSS not found: missing section, township, range",done,,100,failed,not_found,,,,failed,exception,,done,,95,skipped,,,
03711837_ALICE AUBREY B-1_1054210,s3://osu-well-records-225989338968/pdfs/ExportedFolderContents_1/1923/04 - April/03711837_ALICE AUBREY B-1_1054210.pdf,1,1923,04 - April,early,1920s,location,location,not_found,"PLSS not found: missing section, township, range",done,,100,failed,not_found,,,,failed,exception,,done,,98,skipped,,,
03712147_MARTHA HARJOCHE 1_1054128,s3://osu-well-records-225989338968/pdfs/ExportedFolderContents_1/1923/04 - April/03712147_MARTHA HARJOCHE 1_1054128.pdf,1,1923,04 - April,early,1920s,location,location,not_found,"PLSS not found: missing section, township, range",done,,100,failed,not_found,,,,failed,exception,,done,,97,skipped,,,
03712273_MILEY JOHNSON 4_1053969,s3://osu-well-records-225989338968/pdfs/ExportedFolderContents_1/1923/04 - April/03712273_MILEY JOHNSON 4_1053969.pdf,1,1923,04 - April,early,1920s,location,location,not_found,"PLSS not found: missing section, township, range",done,,99,failed,not_found,,,,failed,keyword_not_found,,failed,exception,,skipped,,,
03712274_MILEY JOHNSON 5_1054307,s3://osu-well-records-225989338968/pdfs/ExportedFolderContents_1/1923/04 - April/03712274_MILEY JOHNSON 5_1054307.pdf,1,1923,04 - April,early,1920s,location,location,not_found,"PLSS not found: missing section, township, range",done,,100,failed,not_found,,,,failed,exception,,failed,exception,,skipped,,,
03714138_FLORENCE A SANGO 1_1054170,s3://osu-well-records-225989338968/pdfs/ExportedFolderContents_1/1923/04 - April/03714138_FLORENCE A SANGO 1_1054170.pdf,1,1923,04 - April,early,1920s,location,location,not_found,"PLSS not found: missing section, township, range",done,,100,failed,not_found,,,,failed,keyword_not_found,,done,,93,skipped,,,
03714395_BEOMA FARRIS 1_1054363,s3://osu-well-records-225989338968/pdfs/ExportedFolderContents_1/1923/04 - April/03714395_BEOMA FARRIS 1_1054363.pdf,1,1923,04 - April,early,1920s,location,location,not_found,"PLSS not found: missing section, township, range",done,,93,failed,not_found,,,,failed,keyword_not_found,,failed,exception,,skipped,,,
03714398_M KELLY 1_1053967,s3://osu-well-records-225989338968/pdfs/ExportedFolderContents_1/1923/04 - April/03714398_M KELLY 1_1053967.pdf,1,1923,04 - April,early,1920s,location,location,not_found,"PLSS not found: missing section, township, range",done,,93,failed,not_found,,,,failed,exception,,done,,99,skipped,,,
03715023_MARY BELL 1_1054317,s3://osu-well-records-225989338968/pdfs/ExportedFolderContents_1/1923/04 - April/03715023_MARY BELL 1_1054317.pdf,1,1923,04 - April,early,1920s,location,location,not_found,"PLSS not found: missing section, township, range",done,,100,failed,not_found,,,,failed,keyword_not_found,,done,,100,skipped,,,
03715732_FISHER 1_1054012,s3://osu-well-records-225989338968/pdfs/ExportedFolderContents_1/1923/04 - April/03715732_FISHER 1_1054012.pdf,1,1923,04 - April,early,1920s,location,location,not_found,"PLSS not found: missing section, township, range",done,,100,failed,not_found,,,,failed,keyword_not_found,,done,,86,skipped,,,
03716648_REES & STEEN 3_1053989,s3://osu-well-records-225989338968/pdfs/ExportedFolderContents_1/1923/04 - April/03716648_REES & STEEN 3_1053989.pdf,1,1923,04 - April,early,1920s,location,location,not_found,"PLSS not found: missing section, township, range",done,,86,failed,not_found,,,,failed,exception,,failed,exception,,skipped,,,
03718110_No Data_1054230,s3://osu-well-records-225989338968/pdfs/ExportedFolderContents_1/1923/04 - April/03718110_No Data_1054230.pdf,1,1923,04 - April,early,1920s,location,location,not_found,"PLSS not found: missing section, township, range",done,,98,failed,not_found,,,,failed,keyword_not_found,,done,,99,skipped,,,
03718112_No Data_1054066,s3://osu-well-records-225989338968/pdfs/ExportedFolderContents_1/1923/04 - April/03718112_No Data_1054066.pdf,1,1923,04 - April,early,1920s,location,location,not_found,"PLSS not found: missing section, township, range",done,,100,failed,not_found,,,,failed,keyword_not_found,,done,,100,skipped,,,
03730688_YOUMAN JOHNSON 3_1054297,s3://osu-well-records-225989338968/pdfs/ExportedFolderContents_1/1923/04 - April/03730688_YOUMAN JOHNSON 3_1054297.pdf,1,1923,04 - April,early,1920s,location,location,not_found,"PLSS not found: missing section, township, range",done,,100,failed,not_found,,,,failed,keyword_not_found,,failed,exception,,skipped,,,
03739680_S & W DIX 5_1053976,s3://osu-well-records-225989338968/pdfs/ExportedFolderContents_1/1923/04 - April/03739680_S & W DIX 5_1053976.pdf,1,1923,04 - April,early,1920s,location,location,not_found,"PLSS not found: missing section, township, range",done,,100,failed,not_found,,,,failed,exception,,done,,99,skipped,,,
03739681_A & H 3_1054262,s3://osu-well-records-225989338968/pdfs/ExportedFolderContents_1/1923/04 - April/03739681_A & H 3_1054262.pdf,1,1923,04 - April,early,1920s,location,location,not_found,"PLSS not found: missing section, township, range",done,,99,failed,not_found,,,,failed,exception,,failed,exception,,skipped,,,
03739961_S & W DIX 7_1054271,s3://osu-well-records-225989338968/pdfs/ExportedFolderContents_1/1923/04 - April/03739961_S & W DIX 7_1054271.pdf,1,1923,04 - April,early,1920s,location,location,not_found,"PLSS not found: missing section, township, range",done,,100,failed,not_found,,,,failed,keyword_not_found,,done,,98,skipped,,,
03900019_MILLER 1_503908,s3://osu-well-records-225989338968/pdfs/ExportedFolderContents_1/1923/04 - April/03900019_MILLER 1_503908.pdf,1,1923,04 - April,early,1920s,location,location,not_found,"PLSS not found: missing section, township, range",done,,100,failed,not_found,,,,failed,exception,,done,,89,skipped,,,
04700395_LOUIS WINDLER 8_1539409,s3://osu-well-records-225989338968/pdfs/ExportedFolderContents_1/1923/04 - April/04700395_LOUIS WINDLER 8_1539409.pdf,1,1923,04 - April,early,1920s,location,location,not_found,"PLSS not found: missing section, township, range",done,,99,failed,not_found,,,,failed,keyword_not_found,,failed,exception,,skipped,,,
04700476_R E HOY 17_1539321,s3://osu-well-records-225989338968/pdfs/ExportedFolderContents_1/1923/04 - April/04700476_R E HOY 17_1539321.pdf,1,1923,04 - April,early,1920s,location,location,not_found,"PLSS not found: missing section, township, range",done,,97,failed,not_found,,,,failed,exception,,failed,exception,,skipped,,,
04700510_LAURA CREWS SOUTH 4_1539375,s3://osu-well-records-225989338968/pdfs/ExportedFolderContents_1/1923/04 - April/04700510_LAURA CREWS SOUTH 4_1539375.pdf,1,1923,04 - April,early,1920s,location,location,not_found,"PLSS not found: missing section, township, range",done,,99,failed,not_found,,,,failed,keyword_not_found,,done,,100,skipped,,,
04702070_THOMAS CAMPBELL 14_1539410,s3://osu-well-records-225989338968/pdfs/ExportedFolderContents_1/1923/04 - April/04702070_THOMAS CAMPBELL 14_1539410.pdf,1,1923,04 - April,early,1920s,location,location,not_found,"PLSS not found: missing section, township, range",done,,99,failed,not_found,,,,failed,exception,,failed,exception,,skipped,,,
04702349_ALLEN 1-B_1539347,s3://osu-well-records-225989338968/pdfs/ExportedFolderContents_1/1923/04 - April/04702349_ALLEN 1-B_1539347.pdf,1,1923,04 - April,early,1920s,location,location,not_found,"PLSS not found: missing section, township, range",done,,100,failed,not_found,,,,failed,exception,,failed,exception,,skipped,,,
04702430_LOUISA CREWS 9_1539383,s3://osu-well-records-225989338968/pdfs/ExportedFolderContents_1/1923/04 - April/04702430_LOUISA CREWS 9_1539383.pdf,1,1923,04 - April,early,1920s,location,location,not_found,"PLSS not found: missing section, township, range",done,,99,failed,not_found,,,,failed,keyword_not_found,,failed,exception,,skipped,,,
04702561_WOLFE 15_1539354,s3://osu-well-records-225989338968/pdfs/ExportedFolderContents_1/1923/04 - April/04702561_WOLFE 15_1539354.pdf,1,1923,04 - April,early,1920s,location,location,not_found,"PLSS not found: missing section, township, range",done,,100,failed,not_found,,,,failed,exception,,done,,98,skipped,,,
04702765_BELVEAL 17_1539378,s3://osu-well-records-225989338968/pdfs/ExportedFolderContents_1/1923/04 - April/04702765_BELVEAL 17_1539378.pdf,1,1923,04 - April,early,1920s,location,location,not_found,"PLSS not found: missing section, township, range",done,,100,failed,not_found,,,,failed,exception,,done,,88,skipped,,,
04703215_SEAMAN 2_1539376,s3://osu-well-records-225989338968/pdfs/ExportedFolderContents_1/1923/04 - April/04703215_SEAMAN 2_1539376.pdf,1,1923,04 - April,early,1920s,location,location,not_found,"PLSS not found: missing section, township, range",done,,99,failed,not_found,,,,failed,exception,,done,,98,skipped,,,
04900701_WYATT 1_782265,s3://osu-well-records-225989338968/pdfs/ExportedFolderContents_1/1923/04 - April/04900701_WYATT 1_782265.pdf,1,1923,04 - April,early,1920s,location,location,not_found,"PLSS not found: missing section, township, range",done,,99,failed,not_found,,,,failed,exception,,done,,99,skipped,,,
04900729_Z E BROWN 1_844693,s3://osu-well-records-225989338968/pdfs/ExportedFolderContents_1/1923/04 - April/04900729_Z E BROWN 1_844693.pdf,1,1923,04 - April,early,1920s,location,location,not_found,"PLSS not found: missing section, township, range",done,,93,failed,not_found,,,,failed,keyword_not_found,,failed,exception,,skipped,,,
04901024_S H COWAN 19_782275,s3://osu-well-records-225989338968/pdfs/ExportedFolderContents_1/1923/04 - April/04901024_S H COWAN 19_782275.pdf,1,1923,04 - April,early,1920s,location,location,not_found,"PLSS not found: missing section, township, range",done,,100,failed,not_found,,,,failed,exception,,failed,exception,,skipped,,,
04901025_FREEMAN-GIBSON 1_782254,s3://osu-well-records-225989338968/pdfs/ExportedFolderContents_1/1923/04 - April/04901025_FREEMAN-GIBSON 1_782254.pdf,1,1923,04 - April,early,1920s,location,location,not_found,"PLSS not found: missing section, township, range",done,,99,failed,not_found,,,,failed,exception,,done,,99,skipped,,,
04901029_R J MAULDIN B-10_782266,s3://osu-well-records-225989338968/pdfs/ExportedFolderContents_1/1923/04 - April/04901029_R J MAULDIN B-10_782266.pdf,1,1923,04 - April,early,1920s,location,location,not_found,"PLSS not found: missing section, township, range",done,,100,failed,not_found,,,,failed,keyword_not_found,,failed,exception,,skipped,,,
04901096_ADA SELBY 2_782248,s3://osu-well-records-225989338968/pdfs/ExportedFolderContents_1/1923/04 - April/04901096_ADA SELBY 2_782248.pdf,1,1923,04 - April,early,1920s,location,location,not_found,"PLSS not found: missing section, township, range",done,,100,failed,not_found,,,,failed,exception,,done,,99,skipped,,,
04901153_THOMAS PERNELL ACCOUNT 1 10_782271,s3://osu-well-records-225989338968/pdfs/ExportedFolderContents_1/1923/04 - April/04901153_THOMAS PERNELL ACCOUNT 1 10_782271.pdf,1,1923,04 - April,early,1920s,location,location,not_found,"PLSS not found: missing section, township, range",done,,100,failed,not_found,,,,failed,keyword_not_found,,done,,98,skipped,,,
04935487_WILLIE NEWBERRY 7_782303,s3://osu-well-records-225989338968/pdfs/ExportedFolderContents_1/1923/04 - April/04935487_WILLIE NEWBERRY 7_782303.pdf,1,1923,04 - April,early,1920s,location,location,not_found,"PLSS not found: missing section, township, range",done,,100,failed,not_found,,,,failed,exception,,failed,exception,,skipped,,,
04935511_NEWBERRY 1_782289,s3://osu-well-records-225989338968/pdfs/ExportedFolderContents_1/1923/04 - April/04935511_NEWBERRY 1_782289.pdf,1,1923,04 - April,early,1920s,location,location,not_found,"PLSS not found: missing section, township, range",done,,97,failed,not_found,,,,failed,exception,,failed,exception,,skipped,,,
04935568_W N NEWBERRY  2_782268,s3://osu-well-records-225989338968/pdfs/ExportedFolderContents_1/1923/04 - April/04935568_W N NEWBERRY  2_782268.pdf,1,1923,04 - April,early,1920s,location,location,not_found,"PLSS not found: missing section, township, range",done,,99,failed,not_found,,,,failed,keyword_not_found,,done,,86,skipped,,,
04935573_ROSE NEWBERRY AC 2 1_782267,s3://osu-well-records-225989338968/pdfs/ExportedFolderContents_1/1923/04 - April/04935573_ROSE NEWBERRY AC 2 1_782267.pdf,1,1923,04 - April,early,1920s,location,location,not_found,"PLSS not found: missing section, township, range",done,,97,failed,not_found,,,,failed,keyword_not_found,,done,,98,skipped,,,
04935751_ZARA GANN 1_782269,s3://osu-well-records-225989338968/pdfs/ExportedFolderContents_1/1923/04 - April/04935751_ZARA GANN 1_782269.pdf,1,1923,04 - April,early,1920s,location,location,not_found,"PLSS not found: missing section, township, range",done,,99,failed,not_found,,,,failed,exception,,done,,98,skipped,,,
05100223_HOLDER 1_782247,s3://osu-well-records-225989338968/pdfs/ExportedFolderContents_1/1923/04 - April/05100223_HOLDER 1_782247.pdf,1,1923,04 - April,early,1920s,location,location,not_found,"PLSS not found: missing section, township, range",done,,100,failed,not_found,,,,failed,exception,,failed,exception,,skipped,,,
05100224_PURSLEY 1_782282,s3://osu-well-records-225989338968/pdfs/ExportedFolderContents_1/1923/04 - April/05100224_PURSLEY 1_782282.pdf,1,1923,04 - April,early,1920s,location,location,not_found,"PLSS not found: missing section, township, range",done,,100,failed,not_found,,,,failed,exception,,done,,97,skipped,,,
05100290_HARRISON 1_782256,s3://osu-well-records-225989338968/pdfs/ExportedFolderContents_1/1923/04 - April/05100290_HARRISON 1_782256.pdf,1,1923,04 - April,early,1920s,location,location,not_found,"PLSS not found: missing section, township, range",done,,100,failed,not_found,,,,failed,exception,,done,,99,skipped,,,
05100513_T L WILLIAMS 1_782285,s3://osu-well-records-225989338968/pdfs/ExportedFolderContents_1/1923/04 - April/05100513_T L WILLIAMS 1_782285.pdf,1,1923,04 - April,early,1920s,location,location,not_found,"PLSS not found: missing section, township, range",done,,99,failed,not_found,,,,failed,exception,,done,,97,skipped,,,
05135137_SANDFORD 1_782274,s3://osu-well-records-225989338968/pdfs/ExportedFolderContents_1/1923/04 - April/05135137_SANDFORD 1_782274.pdf,1,1923,04 - April,early,1920s,location,location,not_found,"PLSS not found: missing section, township, range",done,,98,failed,not_found,,,,failed,exception,,done,,98,skipped,,,
05135138_EDMONDSON 1_782286,s3://osu-well-records-225989338968/pdfs/ExportedFolderContents_1/1923/04 - April/05135138_EDMONDSON 1_782286.pdf,1,1923,04 - April,early,1920s,location,location,not_found,"PLSS not found: missing section, township, range",done,,100,failed,not_found,,,,failed,exception,,done,,99,skipped,,,
05135170_T CHARLESON 2_782301,s3://osu-well-records-225989338968/pdfs/ExportedFolderContents_1/1923/04 - April/05135170_T CHARLESON 2_782301.pdf,1,1923,04 - April,early,1920s,location,location,not_found,"PLSS not found: missing section, township, range",done,,100,failed,not_found,,,,failed,keyword_not_found,,done,,98,skipped,,,
05135171_ELMER S POOLER 1_782257,s3://osu-well-records-225989338968/pdfs/ExportedFolderContents_1/1923/04 - April/05135171_ELMER S POOLER 1_782257.pdf,1,1923,04 - April,early,1920s,location,location,not_found,"PLSS not found: missing section, township, range",done,,100,failed,not_found,,,,failed,exception,,done,,98,skipped,,,
05135833_J H WILLIAMS 2_782288,s3://osu-well-records-225989338968/pdfs/ExportedFolderContents_1/1923/04 - April/05135833_J H WILLIAMS 2_782288.pdf,1,1923,04 - April,early,1920s,location,location,not_found,"PLSS not found: missing section, township, range",done,,99,failed,not_found,,,,failed,keyword_not_found,,done,,100,skipped,,,
05301459_REYNOLDS 1_1539317,s3://osu-well-records-225989338968/pdfs/ExportedFolderContents_1/1923/04 - April/05301459_REYNOLDS 1_1539317.pdf,1,1923,04 - April,early,1920s,location,location,not_found,"PLSS not found: missing section, township, range",done,,100,failed,not_found,,,,failed,exception,,done,,99,skipped,,,
05301530_F C LANE 2_1539390,s3://osu-well-records-225989338968/pdfs/ExportedFolderContents_1/1923/04 - April/05301530_F C LANE 2_1539390.pdf,1,1923,04 - April,early,1920s,location,location,not_found,"PLSS not found: missing section, township, range",done,,99,failed,not_found,,,,failed,keyword_not_found,,done,,99,skipped,,,
05301533_BUHLER 1_1539403,s3://osu-well-records-225989338968/pdfs/ExportedFolderContents_1/1923/04 - April/05301533_BUHLER 1_1539403.pdf,1,1923,04 - April,early,1920s,location,location,not_found,"PLSS not found: missing section, township, range",done,,100,failed,not_found,,,,failed,exception,,failed,exception,,skipped,,,
05700031_G T MATLEY 1_678398,s3://osu-well-records-225989338968/pdfs/ExportedFolderContents_1/1923/04 - April/05700031_G T MATLEY 1_678398.pdf,1,1923,04 - April,early,1920s,location,location,not_found,"PLSS not found: missing section, township, range",done,,99,failed,not_found,,,,failed,keyword_not_found,,failed,exception,,skipped,,,
06300523_PHILLIPS STEWART 1_1054137,s3://osu-well-records-225989338968/pdfs/ExportedFolderContents_1/1923/04 - April/06300523_PHILLIPS STEWART 1_1054137.pdf,1,1923,04 - April,early,1920s,location,location,not_found,"PLSS not found: missing section, township, range",done,,99,failed,not_found,,,,failed,exception,,done,,94,skipped,,,
06300913_MARTHA E GREGORY C-4_589569,s3://osu-well-records-225989338968/pdfs/ExportedFolderContents_1/1923/04 - April/06300913_MARTHA E GREGORY C-4_589569.pdf,1,1923,04 - April,early,1920s,location,location,not_found,"PLSS not found: missing section, township, range",done,,100,failed,not_found,,,,failed,keyword_not_found,,done,,99,skipped,,,
06303255_ANNIE B ISAAC 1_1054345,s3://osu-well-records-225989338968/pdfs/ExportedFolderContents_1/1923/04 - April/06303255_ANNIE B ISAAC 1_1054345.pdf,1,1923,04 - April,early,1920s,location,location,not_found,"PLSS not found: missing section, township, range",done,,100,failed,not_found,,,,failed,exception,,failed,exception,,skipped,,,
06304057_MARTHA E GREGORY B 4 _589563,s3://osu-well-records-225989338968/pdfs/ExportedFolderContents_1/1923/04 - April/06304057_MARTHA E GREGORY B 4 _589563.pdf,1,1923,04 - April,early,1920s,location,location,not_found,"PLSS not found: missing section, township, range",done,,89,failed,not_found,,,,failed,exception,,done,,100,skipped,,,
06304058_MARTHA E GREGORY B 5_589576,s3://osu-well-records-225989338968/pdfs/ExportedFolderContents_1/1923/04 - April/06304058_MARTHA E GREGORY B 5_589576.pdf,1,1923,04 - April,early,1920s,location,location,not_found,"PLSS not found: missing section, township, range",done,,96,failed,not_found,,,,failed,exception,,done,,99,skipped,,,
06304064_MARTHA E GREGORY D 2_589566,s3://osu-well-records-225989338968/pdfs/ExportedFolderContents_1/1923/04 - April/06304064_MARTHA E GREGORY D 2_589566.pdf,1,1923,04 - April,early,1920s,location,location,not_found,"PLSS not found: missing section, township, range",done,,100,failed,not_found,,,,failed,exception,,done,,100,skipped,,,
06304068_POLLY CAIN 2_1054233,s3://osu-well-records-225989338968/pdfs/ExportedFolderContents_1/1923/04 - April/06304068_POLLY CAIN 2_1054233.pdf,1,1923,04 - April,early,1920s,location,location,not_found,"PLSS not found: missing section, township, range",done,,95,failed,not_found,,,,failed,exception,,failed,exception,,skipped,,,
06304068_POLLY CAIN 2_589578,s3://osu-well-records-225989338968/pdfs/ExportedFolderContents_1/1923/04 - April/06304068_POLLY CAIN 2_589578.pdf,1,1923,04 - April,early,1920s,location,location,not_found,"PLSS not found: missing section, township, range",done,,95,failed,not_found,,,,failed,exception,,failed,exception,,skipped,,,
07102576_S H MCKEE 12_1539389,s3://osu-well-records-225989338968/pdfs/ExportedFolderContents_1/1923/04 - April/07102576_S H MCKEE 12_1539389.pdf,1,1923,04 - April,early,1920s,location,location,not_found,"PLSS not found: missing section, township, range",done,,99,failed,not_found,,,,failed,exception,,done,,99,skipped,,,
07103140_MCCASSEY 1_1054277,s3://osu-well-records-225989338968/pdfs/ExportedFolderContents_1/1923/04 - April/07103140_MCCASSEY 1_1054277.pdf,1,1923,04 - April,early,1920s,location,location,not_found,"PLSS not found: missing section, township, range",done,,100,failed,not_found,,,,failed,exception,,failed,exception,,skipped,,,
07103189_W THOMPSON 4_1053942,s3://osu-well-records-225989338968/pdfs/ExportedFolderContents_1/1923/04 - April/07103189_W THOMPSON 4_1053942.pdf,1,1923,04 - April,early,1920s,location,location,not_found,"PLSS not found: missing section, township, range",done,,100,failed,not_found,,,,failed,exception,,failed,exception,,skipped,,,
07103210_E THOMPSON 3_1414678,s3://osu-well-records-225989338968/pdfs/ExportedFolderContents_1/1923/04 - April/07103210_E THOMPSON 3_1414678.pdf,1,1923,04 - April,early,1920s,location,location,not_found,"PLSS not found: missing section, township, range",done,,100,failed,not_found,,,,failed,exception,,failed,exception,,skipped,,,
07103216_E THOMPSON 2_1053958,s3://osu-well-records-225989338968/pdfs/ExportedFolderContents_1/1923/04 - April/07103216_E THOMPSON 2_1053958.pdf,1,1923,04 - April,early,1920s,location,location,not_found,"PLSS not found: missing section, township, range",done,,100,failed,not_found,,,,failed,exception,,failed,exception,,skipped,,,
07103929_S C L 21 2_1539391,s3://osu-well-records-225989338968/pdfs/ExportedFolderContents_1/1923/04 - April/07103929_S C L 21 2_1539391.pdf,1,1923,04 - April,early,1920s,location,location,not_found,"PLSS not found: missing section, township, range",done,,90,failed,not_found,,,,failed,keyword_not_found,,failed,exception,,skipped,,,
07103932_SCHOOL LAND 21 3_1539400,s3://osu-well-records-225989338968/pdfs/ExportedFolderContents_1/1923/04 - April/07103932_SCHOOL LAND 21 3_1539400.pdf,1,1923,04 - April,early,1920s,location,location,not_found,"PLSS not found: missing section, township, range",done,,99,failed,not_found,,,,failed,exception,,failed,exception,,skipped,,,
07103958_C W GOLTRY 12_1539327,s3://osu-well-records-225989338968/pdfs/ExportedFolderContents_1/1923/04 - April/07103958_C W GOLTRY 12_1539327.pdf,1,1923,04 - April,early,1920s,location,location,not_found,"PLSS not found: missing section, township, range",done,,99,failed,not_found,,,,failed,keyword_not_found,,failed,exception,,skipped,,,
07103961_C W GOLTRY 15_1539337,s3://osu-well-records-225989338968/pdfs/ExportedFolderContents_1/1923/04 - April/07103961_C W GOLTRY 15_1539337.pdf,1,1923,04 - April,early,1920s,location,location,not_found,"PLSS not found: missing section, township, range",done,,100,failed,not_found,,,,failed,keyword_not_found,,failed,exception,,skipped,,,
07103994_MCDANIEL 3_1539363,s3://osu-well-records-225989338968/pdfs/ExportedFolderContents_1/1923/04 - April/07103994_MCDANIEL 3_1539363.pdf,1,1923,04 - April,early,1920s,location,location,not_found,"PLSS not found: missing section, township, range",done,,100,failed,not_found,,,,failed,exception,,failed,exception,,skipped,,,
07104026_BEVERLIN 5_1539341,s3://osu-well-records-225989338968/pdfs/ExportedFolderContents_1/1923/04 - April/07104026_BEVERLIN 5_1539341.pdf,1,1923,04 - April,early,1920s,location,location,not_found,"PLSS not found: missing section, township, range",done,,94,failed,not_found,,,,failed,exception,,done,,99,skipped,,,
07104028_F BEVERLIN 6_1539366,s3://osu-well-records-225989338968/pdfs/ExportedFolderContents_1/1923/04 - April/07104028_F BEVERLIN 6_1539366.pdf,1,1923,04 - April,early,1920s,location,location,not_found,"PLSS not found: missing section, township, range",done,,100,failed,not_found,,,,failed,exception,,done,,100,skipped,,,
07104031_F BEVERLIN 7_1539369,s3://osu-well-records-225989338968/pdfs/ExportedFolderContents_1/1923/04 - April/07104031_F BEVERLIN 7_1539369.pdf,1,1923,04 - April,early,1920s,location,location,not_found,"PLSS not found: missing section, township, range",done,,100,failed,not_found,,,,failed,keyword_not_found,,done,,98,skipped,,,
07104034_F BEVERLIN 8_1539367,s3://osu-well-records-225989338968/pdfs/ExportedFolderContents_1/1923/04 - April/07104034_F BEVERLIN 8_1539367.pdf,1,1923,04 - April,early,1920s,location,location,not_found,"PLSS not found: missing section, township, range",done,,100,failed,not_found,,,,failed,exception,,failed,exception,,skipped,,,
07104038_BEVERLIN 9_1539398,s3://osu-well-records-225989338968/pdfs/ExportedFolderContents_1/1923/04 - April/07104038_BEVERLIN 9_1539398.pdf,1,1923,04 - April,early,1920s,location,location,not_found,"PLSS not found: missing section, township, range",done,,100,failed,not_found,,,,failed,keyword_not_found,,done,,100,skipped,,,
07104092_C C ENDICOTT 4-B_1539333,s3://osu-well-records-225989338968/pdfs/ExportedFolderContents_1/1923/04 - April/07104092_C C ENDICOTT 4-B_1539333.pdf,1,1923,04 - April,early,1920s,location,location,not_found,"PLSS not found: missing section, township, range",done,,99,failed,not_found,,,,failed,exception,,done,,99,skipped,,,
07104096_C C ENDICOTT 5_1539399,s3://osu-well-records-225989338968/pdfs/ExportedFolderContents_1/1923/04 - April/07104096_C C ENDICOTT 5_1539399.pdf,1,1923,04 - April,early,1920s,location,location,not_found,"PLSS not found: missing section, township, range",done,,100,failed,not_found,,,,failed,exception,,done,,99,skipped,,,
07104115_C C ENDICOTT 1_1539377,s3://osu-well-records-225989338968/pdfs/ExportedFolderContents_1/1923/04 - April/07104115_C C ENDICOTT 1_1539377.pdf,1,1923,04 - April,early,1920s,location,location,not_found,"PLSS not found: missing section, township, range",done,,100,failed,not_found,,,,failed,keyword_not_found,,done,,99,skipped,,,
07104132_C C ENDICOTT 4-C_1539379,s3://osu-well-records-225989338968/pdfs/ExportedFolderContents_1/1923/04 - April/07104132_C C ENDICOTT 4-C_1539379.pdf,1,1923,04 - April,early,1920s,location,location,not_found,"PLSS not found: missing section, township, range",done,,98,failed,not_found,,,,failed,exception,,done,,99,skipped,,,
07104138_C C ENDICOTT 6_1539320,s3://osu-well-records-225989338968/pdfs/ExportedFolderContents_1/1923/04 - April/07104138_C C ENDICOTT 6_1539320.pdf,1,1923,04 - April,early,1920s,location,location,not_found,"PLSS not found: missing section, township, range",done,,98,failed,not_found,,,,failed,exception,,done,,99,skipped,,,
07104139_C C ENDICOTT 6-A_1539340,s3://osu-well-records-225989338968/pdfs/ExportedFolderContents_1/1923/04 - April/07104139_C C ENDICOTT 6-A_1539340.pdf,1,1923,04 - April,early,1920s,location,location,not_found,"PLSS not found: missing section, township, range",done,,98,failed,not_found,,,,failed,exception,,done,,99,skipped,,,
07104170_MCKEE 14_1539323,s3://osu-well-records-225989338968/pdfs/ExportedFolderContents_1/1923/04 - April/07104170_MCKEE 14_1539323.pdf,1,1923,04 - April,early,1920s,location,location,not_found,"PLSS not found: missing section, township, range",done,,100,failed,not_found,,,,failed,keyword_not_found,,done,,99,skipped,,,
07104171_MCKEE 15_1539328,s3://osu-well-records-225989338968/pdfs/ExportedFolderContents_1/1923/04 - April/07104171_MCKEE 15_1539328.pdf,1,1923,04 - April,early,1920s,location,location,not_found,"PLSS not found: missing section, township, range",done,,100,failed,not_found,,,,failed,exception,,done,,99,skipped,,,
07104172_MCKEE 16_1539334,s3://osu-well-records-225989338968/pdfs/ExportedFolderContents_1/1923/04 - April/07104172_MCKEE 16_1539334.pdf,1,1923,04 - April,early,1920s,location,location,not_found,"PLSS not found: missing section, township, range",done,,100,failed,not_found,,,,failed,exception,,done,,100,skipped,,,
07104179_MCKEE 23_1539371,s3://osu-well-records-225989338968/pdfs/ExportedFolderContents_1/1923/04 - April/07104179_MCKEE 23_1539371.pdf,1,1923,04 - April,early,1920s,location,location,not_found,"PLSS not found: missing section, township, range",done,,100,failed,not_found,,,,failed,exception,,done,,99,skipped,,,
07104237_F R RICHTER 1_1539393,s3://osu-well-records-225989338968/pdfs/ExportedFolderContents_1/1923/04 - April/07104237_F R RICHTER 1_1539393.pdf,1,1923,04 - April,early,1920s,location,location,not_found,"PLSS not found: missing section, township, range",done,,91,failed,not_found,,,,failed,exception,,failed,exception,,skipped,,,
07104240_C W GOLTRY 1_1539386,s3://osu-well-records-225989338968/pdfs/ExportedFolderContents_1/1923/04 - April/07104240_C W GOLTRY 1_1539386.pdf,1,1923,04 - April,early,1920s,location,location,not_found,"PLSS not found: missing section, township, range",done,,100,failed,not_found,,,,failed,exception,,done,,99,skipped,,,
07104244_C W GOLTRY 5_1539339,s3://osu-well-records-225989338968/pdfs/ExportedFolderContents_1/1923/04 - April/07104244_C W GOLTRY 5_1539339.pdf,1,1923,04 - April,early,1920s,location,location,not_found,"PLSS not found: missing section, township, range",done,,100,failed,not_found,,,,failed,exception,,done,,99,skipped,,,
07104259_C R OGG 3_1539330,s3://osu-well-records-225989338968/pdfs/ExportedFolderContents_1/1923/04 - April/07104259_C R OGG 3_1539330.pdf,1,1923,04 - April,early,1920s,location,location,not_found,"PLSS not found: missing section, township, range",done,,100,failed,not_found,,,,failed,exception,,failed,exception,,skipped,,,
07104306_ENDICOTT 12 1_2_1539408,s3://osu-well-records-225989338968/pdfs/ExportedFolderContents_1/1923/04 - April/07104306_ENDICOTT 12 1_2_1539408.pdf,1,1923,04 - April,early,1920s,location,location,not_found,"PLSS not found: missing section, township, range",done,,99,failed,not_found,,,,failed,keyword_not_found,,failed,exception,,skipped,,,
07104274_ENDICOTT 2-B_1539449,s3://osu-well-records-225989338968/pdfs/ExportedFolderContents_1/1923/05 - May/07104274_ENDICOTT 2-B_1539449.pdf,1,1923,05 - May,early,1920s,location,location,not_found,"PLSS not found: missing section, township, range",done,,93,failed,not_found,,,,failed,keyword_not_found,,failed,exception,,skipped,,,
07104280_ENDICOTT 3-C_1539445,s3://osu-well-records-225989338968/pdfs/ExportedFolderContents_1/1923/05 - May/07104280_ENDICOTT 3-C_1539445.pdf,1,1923,05 - May,early,1920s,location,location,not_found,"PLSS not found: missing section, township, range",done,,99,failed,not_found,,,,failed,keyword_not_found,,failed,exception,,skipped,,,
07104281_L A ENDICOTT 4-A_1539495,s3://osu-well-records-225989338968/pdfs/ExportedFolderContents_1/1923/05 - May/07104281_L A ENDICOTT 4-A_1539495.pdf,1,1923,05 - May,early,1920s,location,location,not_found,"PLSS not found: missing section, township, range",done,,100,failed,not_found,,,,failed,exception,,failed,exception,,skipped,,,
07104286_ENDICOTT 5-C_1539516,s3://osu-well-records-225989338968/pdfs/ExportedFolderContents_1/1923/05 - May/07104286_ENDICOTT 5-C_1539516.pdf,1,1923,05 - May,early,1920s,location,location,not_found,"PLSS not found: missing section, township, range",done,,93,failed,not_found,,,,failed,exception,,failed,exception,,skipped,,,
07104288_ENDICOTT 6-A_1539499,s3://osu-well-records-225989338968/pdfs/ExportedFolderContents_1/1923/05 - May/07104288_ENDICOTT 6-A_1539499.pdf,1,1923,05 - May,early,1920s,location,location,not_found,"PLSS not found: missing section, township, range",done,,100,failed,not_found,,,,failed,exception,,failed,exception,,skipped,,,
07104296_ENDICOTT 8-A_1539491,s3://osu-well-records-225989338968/pdfs/ExportedFolderContents_1/1923/05 - May/07104296_ENDICOTT 8-A_1539491.pdf,1,1923,05 - May,early,1920s,location,location,not_found,"PLSS not found: missing section, township, range",done,,100,failed,not_found,,,,failed,keyword_not_found,,failed,exception,,skipped,,,
07104302_L ENDICOTT 10-A_1539497,s3://osu-well-records-225989338968/pdfs/ExportedFolderContents_1/1923/05 - May/07104302_L ENDICOTT 10-A_1539497.pdf,1,1923,05 - May,early,1920s,location,location,not_found,"PLSS not found: missing section, township, range",done,,99,failed,not_found,,,,failed,exception,,failed,exception,,skipped,,,
07104311_KOFFENBRINK 2 1_2_1539480,s3://osu-well-records-225989338968/pdfs/ExportedFolderContents_1/1923/05 - May/07104311_KOFFENBRINK 2 1_2_1539480.pdf,1,1923,05 - May,early,1920s,location,location,not_found,"PLSS not found: missing section, township, range",done,,99,failed,not_found,,,,failed,exception,,done,,99,skipped,,,
07104391_ROHRS 1_1539438,s3://osu-well-records-225989338968/pdfs/ExportedFolderContents_1/1923/05 - May/07104391_ROHRS 1_1539438.pdf,1,1923,05 - May,early,1920s,location,location,not_found,"PLSS not found: missing section, township, range",done,,100,failed,not_found,,,,failed,exception,,done,,100,skipped,,,
07104391_ROHRS 1_50993651,s3://osu-well-records-225989338968/pdfs/ExportedFolderContents_1/1923/05 - May/07104391_ROHRS 1_50993651.pdf,1,1923,05 - May,early,1920s,location,location,not_found,"PLSS not found: missing section, township, range",done,,99,failed,not_found,,,,failed,exception,,failed,exception,,skipped,,,
07104470_HUMPHREY 1_1539509,s3://osu-well-records-225989338968/pdfs/ExportedFolderContents_1/1923/05 - May/07104470_HUMPHREY 1_1539509.pdf,1,1923,05 - May,early,1920s,location,location,not_found,"PLSS not found: missing section, township, range",done,,92,failed,not_found,,,,failed,exception,,failed,exception,,skipped,,,
07104586_KITE 1_1539500,s3://osu-well-records-225989338968/pdfs/ExportedFolderContents_1/1923/05 - May/07104586_KITE 1_1539500.pdf,1,1923,05 - May,early,1920s,location,location,not_found,"PLSS not found: missing section, township, range",done,,98,failed,not_found,,,,failed,exception,,failed,exception,,skipped,,,
08101274_HOBSON 1_1415035,s3://osu-well-records-225989338968/pdfs/ExportedFolderContents_1/1923/05 - May/08101274_HOBSON 1_1415035.pdf,1,1923,05 - May,early,1920s,location,location,not_found,"PLSS not found: missing section, township, range",done,,98,failed,not_found,,,,failed,exception,,done,,99,skipped,,,
08103157_FRANK KENT 1_1054668,s3://osu-well-records-225989338968/pdfs/ExportedFolderContents_1/1923/05 - May/08103157_FRANK KENT 1_1054668.pdf,1,1923,05 - May,early,1920s,location,location,not_found,"PLSS not found: missing section, township, range",done,,99,failed,not_found,,,,failed,exception,,done,,99,skipped,,,
10100877_HENRY PATTON 1_1364513,s3://osu-well-records-225989338968/pdfs/ExportedFolderContents_1/1923/05 - May/10100877_HENRY PATTON 1_1364513.pdf,1,1923,05 - May,early,1920s,location,location,not_found,"PLSS not found: missing section, township, range",done,,100,failed,not_found,,,,failed,exception,,failed,exception,,skipped,,,
10102655_JOHNNIE MYERS 2_1364491,s3://osu-well-records-225989338968/pdfs/ExportedFolderContents_1/1923/05 - May/10102655_JOHNNIE MYERS 2_1364491.pdf,1,1923,05 - May,early,1920s,location,location,not_found,"PLSS not found: missing section, township, range",done,,87,failed,not_found,,,,failed,exception,,failed,exception,,skipped,,,
10102986_NANCY TAYLOR 7_1364477,s3://osu-well-records-225989338968/pdfs/ExportedFolderContents_1/1923/05 - May/10102986_NANCY TAYLOR 7_1364477.pdf,1,1923,05 - May,early,1920s,location,location,not_found,"PLSS not found: missing section, township, range",done,,100,failed,not_found,,,,failed,exception,,done,,87,skipped,,,
10302963_S GAUME 4_1539428,s3://osu-well-records-225989338968/pdfs/ExportedFolderContents_1/1923/05 - May/10302963_S GAUME 4_1539428.pdf,1,1923,05 - May,early,1920s,location,location,not_found,"PLSS not found: missing section, township, range",done,,98,failed,not_found,,,,failed,keyword_not_found,,done,,99,skipped,,,
10302963_S GAUME 4_50909051,s3://osu-well-records-225989338968/pdfs/ExportedFolderContents_1/1923/05 - May/10302963_S GAUME 4_50909051.pdf,1,1923,05 - May,early,1920s,location,location,not_found,"PLSS not found: missing section, township, range",done,,100,failed,not_found,,,,failed,exception,,failed,exception,,skipped,,,
10303026_LEE SHAWVER 23_1539417,s3://osu-well-records-225989338968/pdfs/ExportedFolderContents_1/1923/05 - May/10303026_LEE SHAWVER 23_1539417.pdf,1,1923,05 - May,early,1920s,location,location,not_found,"PLSS not found: missing section, township, range",done,,100,failed,not_found,,,,failed,keyword_not_found,,done,,99,skipped,,,
10303026_LEE SHAWVER 23_50900755,s3://osu-well-records-225989338968/pdfs/ExportedFolderContents_1/1923/05 - May/10303026_LEE SHAWVER 23_50900755.pdf,1,1923,05 - May,early,1920s,location,location,not_found,"PLSS not found: missing section, township, range",done,,100,failed,not_found,,,,failed,exception,,failed,exception,,skipped,,,
10303028_LEE SHAWVER 25_1539419,s3://osu-well-records-225989338968/pdfs/ExportedFolderContents_1/1923/05 - May/10303028_LEE SHAWVER 25_1539419.pdf,1,1923,05 - May,early,1920s,location,location,not_found,"PLSS not found: missing section, township, range",done,,100,failed,not_found,,,,failed,exception,,done,,99,skipped,,,
10303028_LEE SHAWVER 25_1539420,s3://osu-well-records-225989338968/pdfs/ExportedFolderContents_1/1923/05 - May/10303028_LEE SHAWVER 25_1539420.pdf,1,1923,05 - May,early,1920s,location,location,not_found,"PLSS not found: missing section, township, range",done,,99,failed,not_found,,,,failed,exception,,done,,99,skipped,,,
10303029_LEE SHAWVER 26_1539412,s3://osu-well-records-225989338968/pdfs/ExportedFolderContents_1/1923/05 - May/10303029_LEE SHAWVER 26_1539412.pdf,1,1923,05 - May,early,1920s,location,location,not_found,"PLSS not found: missing section, township, range",done,,100,failed,not_found,,,,failed,exception,,failed,exception,,skipped,,,
10303029_LEE SHAWVER 26_50900761,s3://osu-well-records-225989338968/pdfs/ExportedFolderContents_1/1923/05 - May/10303029_LEE SHAWVER 26_50900761.pdf,1,1923,05 - May,early,1920s,location,location,not_found,"PLSS not found: missing section, township, range",done,,100,failed,not_found,,,,failed,keyword_not_found,,done,,99,skipped,,,
10303030_LEE SHAWVER 27_1539477,s3://osu-well-records-225989338968/pdfs/ExportedFolderContents_1/1923/05 - May/10303030_LEE SHAWVER 27_1539477.pdf,1,1923,05 - May,early,1920s,location,location,not_found,"PLSS not found: missing section, township, range",done,,100,failed,not_found,,,,failed,exception,,done,,98,skipped,,,
10303030_LEE SHAWVER 27_50900762,s3://osu-well-records-225989338968/pdfs/ExportedFolderContents_1/1923/05 - May/10303030_LEE SHAWVER 27_50900762.pdf,1,1923,05 - May,early,1920s,location,location,not_found,"PLSS not found: missing section, township, range",done,,100,failed,not_found,,,,failed,exception,,failed,exception,,skipped,,,
10303031_LEE SHAWVER 28_1539478,s3://osu-well-records-225989338968/pdfs/ExportedFolderContents_1/1923/05 - May/10303031_LEE SHAWVER 28_1539478.pdf,1,1923,05 - May,early,1920s,location,location,not_found,"PLSS not found: missing section, township, range",done,,100,failed,not_found,,,,failed,keyword_not_found,,done,,99,skipped,,,
10303034_LEE SHAWVER 31_1539439,s3://osu-well-records-225989338968/pdfs/ExportedFolderContents_1/1923/05 - May/10303034_LEE SHAWVER 31_1539439.pdf,1,1923,05 - May,early,1920s,location,location,not_found,"PLSS not found: missing section, township, range",done,,100,failed,not_found,,,,failed,exception,,done,,98,skipped,,,
10303034_LEE SHAWVER 31_50895823,s3://osu-well-records-225989338968/pdfs/ExportedFolderContents_1/1923/05 - May/10303034_LEE SHAWVER 31_50895823.pdf,1,1923,05 - May,early,1920s,location,location,not_found,"PLSS not found: missing section, township, range",done,,100,failed,not_found,,,,failed,keyword_not_found,,done,,90,skipped,,,
10303038_LEE SHAWVER 35_1539446,s3://osu-well-records-225989338968/pdfs/ExportedFolderContents_1/1923/05 - May/10303038_LEE SHAWVER 35_1539446.pdf,1,1923,05 - May,early,1920s,location,location,not_found,"PLSS not found: missing section, township, range",done,,99,failed,not_found,,,,failed,exception,,done,,98,skipped,,,
10303040_LEE SHAWVER 37_1539517,s3://osu-well-records-225989338968/pdfs/ExportedFolderContents_1/1923/05 - May/10303040_LEE SHAWVER 37_1539517.pdf,1,1923,05 - May,early,1920s,location,location,not_found,"PLSS not found: missing section, township, range",done,,99,failed,not_found,,,,failed,keyword_not_found,,done,,99,skipped,,,
10303042_LEE SHAWVER 39_1539425,s3://osu-well-records-225989338968/pdfs/ExportedFolderContents_1/1923/05 - May/10303042_LEE SHAWVER 39_1539425.pdf,1,1923,05 - May,early,1920s,location,location,not_found,"PLSS not found: missing section, township, range",done,,100,failed,not_found,,,,failed,keyword_not_found,,failed,exception,,skipped,,,
10303042_LEE SHAWVER 39_50900786,s3://osu-well-records-225989338968/pdfs/ExportedFolderContents_1/1923/05 - May/10303042_LEE SHAWVER 39_50900786.pdf,1,1923,05 - May,early,1920s,location,location,not_found,"PLSS not found: missing section, township, range",done,,100,failed,not_found,,,,failed,api_error,,done,,99,skipped,,,
10303148_CARMICHAEL 10-B_50981263,s3://osu-well-records-225989338968/pdfs/ExportedFolderContents_1/1923/05 - May/10303148_CARMICHAEL 10-B_50981263.pdf,1,1923,05 - May,early,1920s,location,location,not_found,"PLSS not found: missing section, township, range",done,,99,failed,not_found,,,,failed,exception,,done,,99,skipped,,,
10303159_J CARMICHAEL 13-B_1539464,s3://osu-well-records-225989338968/pdfs/ExportedFolderContents_1/1923/05 - May/10303159_J CARMICHAEL 13-B_1539464.pdf,1,1923,05 - May,early,1920s,location,location,not_found,"PLSS not found: missing section, township, range",done,,99,failed,not_found,,,,failed,exception,,done,,99,skipped,,,
10303160_CARMICHAEL 14_1539479,s3://osu-well-records-225989338968/pdfs/ExportedFolderContents_1/1923/05 - May/10303160_CARMICHAEL 14_1539479.pdf,1,1923,05 - May,early,1920s,location,location,not_found,"PLSS not found: missing section, township, range",done,,88,failed,not_found,,,,failed,exception,,done,,99,skipped,,,
10303160_CARMICHAEL 14_50981272,s3://osu-well-records-225989338968/pdfs/ExportedFolderContents_1/1923/05 - May/10303160_CARMICHAEL 14_50981272.pdf,1,1923,05 - May,early,1920s,location,location,not_found,"PLSS not found: missing section, township, range",done,,100,failed,not_found,,,,failed,exception,,failed,exception,,skipped,,,
10303161_CARMICHAEL 14-A_50981273,s3://osu-well-records-225989338968/pdfs/ExportedFolderContents_1/1923/05 - May/10303161_CARMICHAEL 14-A_50981273.pdf,1,1923,05 - May,early,1920s,location,location,not_found,"PLSS not found: missing section, township, range",done,,98,failed,not_found,,,,failed,exception,,failed,exception,,skipped,,,
10303197_P RUZEK 6-A_1539474,s3://osu-well-records-225989338968/pdfs/ExportedFolderContents_1/1923/05 - May/10303197_P RUZEK 6-A_1539474.pdf,1,1923,05 - May,early,1920s,location,location,not_found,"PLSS not found: missing section, township, range",done,,90,failed,not_found,,,,failed,exception,,done,,99,skipped,,,
10303272_D.E. EVANS 15_1539444,s3://osu-well-records-225989338968/pdfs/ExportedFolderContents_1/1923/05 - May/10303272_D.E. EVANS 15_1539444.pdf,1,1923,05 - May,early,1920s,location,location,not_found,"PLSS not found: missing section, township, range",done,,99,failed,not_found,,,,failed,keyword_not_found,,done,,88,skipped,,,
10303309_F H MURRAY 24_1539434,s3://osu-well-records-225989338968/pdfs/ExportedFolderContents_1/1923/05 - May/10303309_F H MURRAY 24_1539434.pdf,1,1923,05 - May,early,1920s,location,location,not_found,"PLSS not found: missing section, township, range",done,,100,failed,not_found,,,,failed,keyword_not_found,,done,,87,skipped,,,
10303322_RENCE 6A_1539521,s3://osu-well-records-225989338968/pdfs/ExportedFolderContents_1/1923/05 - May/10303322_RENCE 6A_1539521.pdf,1,1923,05 - May,early,1920s,location,location,not_found,"PLSS not found: missing section, township, range",done,,100,failed,not_found,,,,failed,exception,,failed,exception,,skipped,,,
10502151_WOOD 1_1618378,s3://osu-well-records-225989338968/pdfs/ExportedFolderContents_1/1923/05 - May/10502151_WOOD 1_1618378.pdf,1,1923,05 - May,early,1920s,location,location,not_found,"PLSS not found: missing section, township, range",done,,98,failed,not_found,,,,failed,exception,,done,,100,skipped,,,
10503283_COUCH 1 & 2 1_1675965,s3://osu-well-records-225989338968/pdfs/ExportedFolderContents_1/1923/05 - May/10503283_COUCH 1 & 2 1_1675965.pdf,1,1923,05 - May,early,1920s,location,location,not_found,"PLSS not found: missing section, township, range",done,,100,failed,not_found,,,,failed,keyword_not_found,,done,,99,skipped,,,
10503284_COUCH 1 2_1676033,s3://osu-well-records-225989338968/pdfs/ExportedFolderContents_1/1923/05 - May/10503284_COUCH 1 2_1676033.pdf,1,1923,05 - May,early,1920s,location,location,not_found,"PLSS not found: missing section, township, range",done,,99,failed,not_found,,,,failed,keyword_not_found,,done,,94,skipped,,,
10503285_COUCH 2 3_1675653,s3://osu-well-records-225989338968/pdfs/ExportedFolderContents_1/1923/05 - May/10503285_COUCH 2 3_1675653.pdf,1,1923,05 - May,early,1920s,location,location,not_found,"PLSS not found: missing section, township, range",done,,100,failed,not_found,,,,failed,keyword_not_found,,done,,98,skipped,,,
10506737_HART 1_1539510,s3://osu-well-records-225989338968/pdfs/ExportedFolderContents_1/1923/05 - May/10506737_HART 1_1539510.pdf,1,1923,05 - May,early,1920s,location,location,not_found,"PLSS not found: missing section, township, range",done,,100,failed,not_found,,,,failed,keyword_not_found,,done,,99,skipped,,,
10702216_FRANK L GREGORY 1_589598,s3://osu-well-records-225989338968/pdfs/ExportedFolderContents_1/1923/05 - May/10702216_FRANK L GREGORY 1_589598.pdf,1,1923,05 - May,early,1920s,location,location,not_found,"PLSS not found: missing section, township, range",done,,100,failed,not_found,,,,failed,keyword_not_found,,done,,86,skipped,,,
10702357_W M BELL 9_1054695,s3://osu-well-records-225989338968/pdfs/ExportedFolderContents_1/1923/05 - May/10702357_W M BELL 9_1054695.pdf,1,1923,05 - May,early,1920s,location,location,not_found,"PLSS not found: missing section, township, range",done,,100,failed,not_found,,,,failed,exception,,done,,87,skipped,,,
10702683_WASHINGTON 1_1054485,s3://osu-well-records-225989338968/pdfs/ExportedFolderContents_1/1923/05 - May/10702683_WASHINGTON 1_1054485.pdf,1,1923,05 - May,early,1920s,location,location,not_found,"PLSS not found: missing section, township, range",done,,96,failed,not_found,,,,failed,keyword_not_found,,done,,99,skipped,,,
10702864_C W WILSON 4_1054544,s3://osu-well-records-225989338968/pdfs/ExportedFolderContents_1/1923/05 - May/10702864_C W WILSON 4_1054544.pdf,1,1923,05 - May,early,1920s,location,location,not_found,"PLSS not found: missing section, township, range",done,,93,failed,not_found,,,,failed,exception,,done,,99,skipped,,,
10702886_WASHINGTON 1_1227549,s3://osu-well-records-225989338968/pdfs/ExportedFolderContents_1/1923/05 - May/10702886_WASHINGTON 1_1227549.pdf,1,1923,05 - May,early,1920s,location,location,not_found,"PLSS not found: missing section, township, range",done,,100,failed,not_found,,,,failed,exception,,failed,exception,,skipped,,,
10704075_THOMPSON 1_1054565,s3://osu-well-records-225989338968/pdfs/ExportedFolderContents_1/1923/05 - May/10704075_THOMPSON 1_1054565.pdf,1,1923,05 - May,early,1920s,location,location,not_found,"PLSS not found: missing section, township, range",done,,100,failed,not_found,,,,failed,exception,,failed,exception,,skipped,,,
10704436_K RENTIE 2_1054798,s3://osu-well-records-225989338968/pdfs/ExportedFolderContents_1/1923/05 - May/10704436_K RENTIE 2_1054798.pdf,1,1923,05 - May,early,1920s,location,location,not_found,"PLSS not found: missing section, township, range",done,,99,failed,not_found,,,,failed,keyword_not_found,,done,,99,skipped,,,
10705355_HARVISON 2_589617,s3://osu-well-records-225989338968/pdfs/ExportedFolderContents_1/1923/05 - May/10705355_HARVISON 2_589617.pdf,1,1923,05 - May,early,1920s,location,location,not_found,"PLSS not found: missing section, township, range",done,,91,failed,not_found,,,,failed,exception,,done,,98,skipped,,,
10705356_MULLIE 2_589597,s3://osu-well-records-225989338968/pdfs/ExportedFolderContents_1/1923/05 - May/10705356_MULLIE 2_589597.pdf,1,1923,05 - May,early,1920s,location,location,not_found,"PLSS not found: missing section, township, range",done,,100,failed,not_found,,,,failed,keyword_not_found,,failed,exception,,skipped,,,
10706558_JIM MARTIN 1_1054464,s3://osu-well-records-225989338968/pdfs/ExportedFolderContents_1/1923/05 - May/10706558_JIM MARTIN 1_1054464.pdf,1,1923,05 - May,early,1920s,location,location,not_found,"PLSS not found: missing section, township, range",done,,100,failed,not_found,,,,failed,exception,,failed,exception,,skipped,,,
11100837_L SULLIVEN 1_1054811,s3://osu-well-records-225989338968/pdfs/ExportedFolderContents_1/1923/05 - May/11100837_L SULLIVEN 1_1054811.pdf,1,1923,05 - May,early,1920s,location,location,not_found,"PLSS not found: missing section, township, range",done,,98,failed,not_found,,,,failed,exception,,failed,exception,,skipped,,,
11101798_GEORGE CARR 5_1054421,s3://osu-well-records-225989338968/pdfs/ExportedFolderContents_1/1923/05 - May/11101798_GEORGE CARR 5_1054421.pdf,1,1923,05 - May,early,1920s,location,location,not_found,"PLSS not found: missing section, township, range",done,,100,failed,not_found,,,,failed,keyword_not_found,,done,,96,skipped,,,
11101798_GEORGE CARR 5_516619,s3://osu-well-records-225989338968/pdfs/ExportedFolderContents_1/1923/05 - May/11101798_GEORGE CARR 5_516619.pdf,1,1923,05 - May,early,1920s,location,location,not_found,"PLSS not found: missing section, township, range",done,,100,failed,not_found,,,,failed,keyword_not_found,,done,,96,skipped,,,
11102021_ALEXANDER 2_1054578,s3://osu-well-records-225989338968/pdfs/ExportedFolderContents_1/1923/05 - May/11102021_ALEXANDER 2_1054578.pdf,1,1923,05 - May,early,1920s,location,location,not_found,"PLSS not found: missing section, township, range",done,,100,failed,not_found,,,,failed,keyword_not_found,,done,,99,skipped,,,
11102652_FAGAN 7_1054800,s3://osu-well-records-225989338968/pdfs/ExportedFolderContents_1/1923/05 - May/11102652_FAGAN 7_1054800.pdf,1,1923,05 - May,early,1920s,location,location,not_found,"PLSS not found: missing section, township, range",done,,100,failed,not_found,,,,failed,keyword_not_found,,done,,99,skipped,,,
11103016_COLBERT 2_1054495,s3://osu-well-records-225989338968/pdfs/ExportedFolderContents_1/1923/05 - May/11103016_COLBERT 2_1054495.pdf,1,1923,05 - May,early,1920s,location,location,not_found,"PLSS not found: missing section, township, range",done,,100,failed,not_found,,,,failed,keyword_not_found,,done,,99,skipped,,,
11103039_COLBERT 7-80A_1054617,s3://osu-well-records-225989338968/pdfs/ExportedFolderContents_1/1923/05 - May/11103039_COLBERT 7-80A_1054617.pdf,1,1923,05 - May,early,1920s,location,location,not_found,"PLSS not found: missing section, township, range",done,,100,failed,not_found,,,,failed,exception,,done,,98,skipped,,,
11103040_COLBERT 6-80A_1054462,s3://osu-well-records-225989338968/pdfs/ExportedFolderContents_1/1923/05 - May/11103040_COLBERT 6-80A_1054462.pdf,1,1923,05 - May,early,1920s,location,location,not_found,"PLSS not found: missing section, township, range",done,,99,failed,not_found,,,,failed,exception,,done,,98,skipped,,,
11103200_C I ARNOLD 1_516637,s3://osu-well-records-225989338968/pdfs/ExportedFolderContents_1/1923/05 - May/11103200_C I ARNOLD 1_516637.pdf,1,1923,05 - May,early,1920s,location,location,not_found,"PLSS not found: missing section, township, range",done,,99,failed,not_found,,,,failed,exception,,failed,exception,,skipped,,,
11103351_ABRAM SNAKEYA 1_516638,s3://osu-well-records-225989338968/pdfs/ExportedFolderContents_1/1923/05 - May/11103351_ABRAM SNAKEYA 1_516638.pdf,1,1923,05 - May,early,1920s,location,location,not_found,"PLSS not found: missing section, township, range",done,,100,failed,not_found,,,,failed,exception,,done,,98,skipped,,,
11104314_JAMES R ADAMS 10_1054806,s3://osu-well-records-225989338968/pdfs/ExportedFolderContents_1/1923/05 - May/11104314_JAMES R ADAMS 10_1054806.pdf,1,1923,05 - May,early,1920s,location,location,not_found,"PLSS not found: missing section, township, range",done,,100,failed,not_found,,,,failed,keyword_not_found,,done,,98,skipped,,,
11105145_R T BELL 1_1054712,s3://osu-well-records-225989338968/pdfs/ExportedFolderContents_1/1923/05 - May/11105145_R T BELL 1_1054712.pdf,1,1923,05 - May,early,1920s,location,location,not_found,"PLSS not found: missing section, township, range",done,,100,failed,not_found,,,,failed,exception,,failed,exception,,skipped,,,
11105145_R T BELL 1_1054724,s3://osu-well-records-225989338968/pdfs/ExportedFolderContents_1/1923/05 - May/11105145_R T BELL 1_1054724.pdf,1,1923,05 - May,early,1920s,location,location,not_found,"PLSS not found: missing section, township, range",done,,100,failed,not_found,,,,failed,exception,,failed,exception,,skipped,,,
11105162_READING 1_1054747,s3://osu-well-records-225989338968/pdfs/ExportedFolderContents_1/1923/05 - May/11105162_READING 1_1054747.pdf,1,1923,05 - May,early,1920s,location,location,not_found,"PLSS not found: missing section, township, range",done,,100,failed,not_found,,,,failed,exception,,done,,99,skipped,,,
11105375_CULP & LEVINE 1_1054650,s3://osu-well-records-225989338968/pdfs/ExportedFolderContents_1/1923/05 - May/11105375_CULP & LEVINE 1_1054650.pdf,1,1923,05 - May,early,1920s,location,location,not_found,"PLSS not found: missing section, township, range",done,,100,failed,not_found,,,,failed,keyword_not_found,,failed,exception,,skipped,,,
11106920_LOOMA 6_1054713,s3://osu-well-records-225989338968/pdfs/ExportedFolderContents_1/1923/05 - May/11106920_LOOMA 6_1054713.pdf,1,1923,05 - May,early,1920s,location,location,not_found,"PLSS not found: missing section, township, range",done,,99,failed,not_found,,,,failed,keyword_not_found,,done,,97,skipped,,,
11106992_W F MYERS 3_1054652,s3://osu-well-records-225989338968/pdfs/ExportedFolderContents_1/1923/05 - May/11106992_W F MYERS 3_1054652.pdf,1,1923,05 - May,early,1920s,location,location,not_found,"PLSS not found: missing section, township, range",done,,100,failed,not_found,,,,failed,keyword_not_found,,failed,exception,,skipped,,,
11107346_Frank A 3_1054546,s3://osu-well-records-225989338968/pdfs/ExportedFolderContents_1/1923/05 - May/11107346_Frank A 3_1054546.pdf,1,1923,05 - May,early,1920s,location,location,not_found,"PLSS not found: missing section, township, range",done,,100,failed,not_found,,,,failed,exception,,done,,98,skipped,,,
11107371_ROONEY 1_1054584,s3://osu-well-records-225989338968/pdfs/ExportedFolderContents_1/1923/05 - May/11107371_ROONEY 1_1054584.pdf,1,1923,05 - May,early,1920s,location,location,not_found,"PLSS not found: missing section, township, range",done,,100,failed,not_found,,,,failed,exception,,failed,exception,,skipped,,,
11107756_MINNIE TIGER 2_1054777,s3://osu-well-records-225989338968/pdfs/ExportedFolderContents_1/1923/05 - May/11107756_MINNIE TIGER 2_1054777.pdf,1,1923,05 - May,early,1920s,location,location,not_found,"PLSS not found: missing section, township, range",done,,100,failed,not_found,,,,failed,exception,,failed,exception,,skipped,,,
11107756_MINNIE TIGER 2_1054779,s3://osu-well-records-225989338968/pdfs/ExportedFolderContents_1/1923/05 - May/11107756_MINNIE TIGER 2_1054779.pdf,1,1923,05 - May,early,1920s,location,location,not_found,"PLSS not found: missing section, township, range",done,,99,failed,not_found,,,,failed,keyword_not_found,,failed,exception,,skipped,,,
11107845_BEAR 1_1054507,s3://osu-well-records-225989338968/pdfs/ExportedFolderContents_1/1923/05 - May/11107845_BEAR 1_1054507.pdf,1,1923,05 - May,early,1920s,location,location,not_found,"PLSS not found: missing section, township, range",done,,100,failed,not_found,,,,failed,exception,,done,,99,skipped,,,
11107845_BEAR 1_516633,s3://osu-well-records-225989338968/pdfs/ExportedFolderContents_1/1923/05 - May/11107845_BEAR 1_516633.pdf,1,1923,05 - May,early,1920s,location,location,not_found,"PLSS not found: missing section, township, range",done,,100,failed,not_found,,,,failed,exception,,done,,99,skipped,,,
11108966_YODER 7_1222112,s3://osu-well-records-225989338968/pdfs/ExportedFolderContents_1/1923/05 - May/11108966_YODER 7_1222112.pdf,1,1923,05 - May,early,1920s,location,location,not_found,"PLSS not found: missing section, township, range",done,,100,failed,not_found,,,,failed,exception,,done,,99,skipped,,,
11109188_MILINER 1_5780587,s3://osu-well-records-225989338968/pdfs/ExportedFolderContents_1/1923/05 - May/11109188_MILINER 1_5780587.pdf,1,1923,05 - May,early,1920s,location,location,not_found,"PLSS not found: missing section, township, range",done,,99,failed,not_found,,,,failed,keyword_not_found,,failed,exception,,skipped,,,
11109251_No Data_1054660,s3://osu-well-records-225989338968/pdfs/ExportedFolderContents_1/1923/05 - May/11109251_No Data_1054660.pdf,1,1923,05 - May,early,1920s,location,location,not_found,"PLSS not found: missing section, township, range",done,,99,failed,not_found,,,,failed,exception,,done,,96,skipped,,,
11109426_E F WOODMAN 1_516620,s3://osu-well-records-225989338968/pdfs/ExportedFolderContents_1/1923/05 - May/11109426_E F WOODMAN 1_516620.pdf,1,1923,05 - May,early,1920s,location,location,not_found,"PLSS not found: missing section, township, range",done,,99,failed,not_found,,,,failed,keyword_not_found,,failed,exception,,skipped,,,
11109436_MARK MOORE 1_516659,s3://osu-well-records-225989338968/pdfs/ExportedFolderContents_1/1923/05 - May/11109436_MARK MOORE 1_516659.pdf,1,1923,05 - May,early,1920s,location,location,not_found,"PLSS not found: missing section, township, range",done,,100,failed,not_found,,,,failed,exception,,failed,exception,,skipped,,,
11109481_M ALEXANDER 14_1054469,s3://osu-well-records-225989338968/pdfs/ExportedFolderContents_1/1923/05 - May/11109481_M ALEXANDER 14_1054469.pdf,1,1923,05 - May,early,1920s,location,location,not_found,"PLSS not found: missing section, township, range",done,,100,failed,not_found,,,,failed,keyword_not_found,,done,,98,skipped,,,
11109481_M ALEXANDER 14_516625,s3://osu-well-records-225989338968/pdfs/ExportedFolderContents_1/1923/05 - May/11109481_M ALEXANDER 14_516625.pdf,1,1923,05 - May,early,1920s,location,location,not_found,"PLSS not found: missing section, township, range",done,,100,failed,not_found,,,,failed,keyword_not_found,,done,,98,skipped,,,
11109482_M ALEXANDER 15_1054783,s3://osu-well-records-225989338968/pdfs/ExportedFolderContents_1/1923/05 - May/11109482_M ALEXANDER 15_1054783.pdf,1,1923,05 - May,early,1920s,location,location,not_found,"PLSS not found: missing section, township, range",done,,99,failed,not_found,,,,failed,keyword_not_found,,done,,100,skipped,,,
11109482_M ALEXANDER 15_516662,s3://osu-well-records-225989338968/pdfs/ExportedFolderContents_1/1923/05 - May/11109482_M ALEXANDER 15_516662.pdf,1,1923,05 - May,early,1920s,location,location,not_found,"PLSS not found: missing section, township, range",done,,99,failed,not_found,,,,failed,keyword_not_found,,done,,100,skipped,,,
11109492_SALLIE GRAY 8_1054813,s3://osu-well-records-225989338968/pdfs/ExportedFolderContents_1/1923/05 - May/11109492_SALLIE GRAY 8_1054813.pdf,1,1923,05 - May,early,1920s,location,location,not_found,"PLSS not found: missing section, township, range",done,,100,failed,not_found,,,,failed,exception,,done,,99,skipped,,,
11109492_SALLIE GRAY 8_516667,s3://osu-well-records-225989338968/pdfs/ExportedFolderContents_1/1923/05 - May/11109492_SALLIE GRAY 8_516667.pdf,1,1923,05 - May,early,1920s,location,location,not_found,"PLSS not found: missing section, township, range",done,,100,failed,not_found,,,,failed,exception,,done,,99,skipped,,,
11109848_Mckee W G 1_1054452,s3://osu-well-records-225989338968/pdfs/ExportedFolderContents_1/1923/05 - May/11109848_Mckee W G 1_1054452.pdf,1,1923,05 - May,early,1920s,location,location,not_found,"PLSS not found: missing section, township, range",done,,100,failed,not_found,,,,failed,keyword_not_found,,done,,99,skipped,,,
11109901_La Blanch 1_1054530,s3://osu-well-records-225989338968/pdfs/ExportedFolderContents_1/1923/05 - May/11109901_La Blanch 1_1054530.pdf,1,1923,05 - May,early,1920s,location,location,not_found,"PLSS not found: missing section, township, range",done,,100,failed,not_found,,,,failed,exception,,done,,92,skipped,,,
11110027_No Data_1054716,s3://osu-well-records-225989338968/pdfs/ExportedFolderContents_1/1923/05 - May/11110027_No Data_1054716.pdf,1,1923,05 - May,early,1920s,location,location,not_found,"PLSS not found: missing section, township, range",done,,100,failed,not_found,,,,failed,exception,,done,,99,skipped,,,
11110062_E B BELL 8_1054609,s3://osu-well-records-225989338968/pdfs/ExportedFolderContents_1/1923/05 - May/11110062_E B BELL 8_1054609.pdf,1,1923,05 - May,early,1920s,location,location,not_found,"PLSS not found: missing section, township, range",done,,94,failed,not_found,,,,failed,keyword_not_found,,done,,98,skipped,,,
14305073_BROWN 1_1414938,s3://osu-well-records-225989338968/pdfs/ExportedFolderContents_1/1923/05 - May/14305073_BROWN 1_1414938.pdf,1,1923,05 - May,early,1920s,location,location,not_found,"PLSS not found: missing section, township, range",done,,98,failed,not_found,,,,failed,keyword_not_found,,done,,98,skipped,,,
14305158_EDIGER 1_1414904,s3://osu-well-records-225989338968/pdfs/ExportedFolderContents_1/1923/05 - May/14305158_EDIGER 1_1414904.pdf,1,1923,05 - May,early,1920s,location,location,not_found,"PLSS not found: missing section, township, range",done,,89,failed,not_found,,,,failed,exception,,done,,100,skipped,,,
14305593_S K TODD 16_1414896,s3://osu-well-records-225989338968/pdfs/ExportedFolderContents_1/1923/05 - May/14305593_S K TODD 16_1414896.pdf,1,1923,05 - May,early,1920s,location,location,not_found,"PLSS not found: missing section, township, range",done,,92,failed,not_found,,,,failed,keyword_not_found,,done,,99,skipped,,,
14306642_J J CORNELSEN 1_1414945,s3://osu-well-records-225989338968/pdfs/ExportedFolderContents_1/1923/05 - May/14306642_J J CORNELSEN 1_1414945.pdf,1,1923,05 - May,early,1920s,location,location,not_found,"PLSS not found: missing section, township, range",done,,100,failed,not_found,,,,failed,keyword_not_found,,failed,exception,,skipped,,,
14501586_PENDERGAST 3_1395292,s3://osu-well-records-225989338968/pdfs/ExportedFolderContents_1/1923/05 - May/14501586_PENDERGAST 3_1395292.pdf,1,1923,05 - May,early,1920s,location,location,not_found,"PLSS not found: missing section, township, range",done,,98,failed,not_found,,,,failed,exception,,done,,98,skipped,,,
14501588_PENDERGAST 1_1395700,s3://osu-well-records-225989338968/pdfs/ExportedFolderContents_1/1923/05 - May/14501588_PENDERGAST 1_1395700.pdf,1,1923,05 - May,early,1920s,location,location,not_found,"PLSS not found: missing section, township, range",done,,99,failed,not_found,,,,failed,exception,,failed,exception,,skipped,,,
14501590_PENDERGAST 3_1364511,s3://osu-well-records-225989338968/pdfs/ExportedFolderContents_1/1923/05 - May/14501590_PENDERGAST 3_1364511.pdf,1,1923,05 - May,early,1920s,location,location,not_found,"PLSS not found: missing section, township, range",done,,100,failed,not_found,,,,failed,exception,,done,,99,skipped,,,
14501596_VERNON ETAL 4_1364508,s3://osu-well-records-225989338968/pdfs/ExportedFolderContents_1/1923/05 - May/14501596_VERNON ETAL 4_1364508.pdf,1,1923,05 - May,early,1920s,location,location,not_found,"PLSS not found: missing section, township, range",done,,100,failed,not_found,,,,failed,keyword_not_found,,done,,99,skipped,,,
14501601_JOE COLBERT 1-A_1364469,s3://osu-well-records-225989338968/pdfs/ExportedFolderContents_1/1923/05 - May/14501601_JOE COLBERT 1-A_1364469.pdf,1,1923,05 - May,early,1920s,location,location,not_found,"PLSS not found: missing section, township, range",done,,100,failed,not_found,,,,failed,exception,,done,,99,skipped,,,
14502211_KELLY 2_1364497,s3://osu-well-records-225989338968/pdfs/ExportedFolderContents_1/1923/05 - May/14502211_KELLY 2_1364497.pdf,1,1923,05 - May,early,1920s,location,location,not_found,"PLSS not found: missing section, township, range",done,,99,failed,not_found,,,,failed,exception,,done,,98,skipped,,,
14502228_WILLIAMS 1_1364481,s3://osu-well-records-225989338968/pdfs/ExportedFolderContents_1/1923/05 - May/14502228_WILLIAMS 1_1364481.pdf,1,1923,05 - May,early,1920s,location,location,not_found,"PLSS not found: missing section, township, range",done,,94,failed,not_found,,,,failed,keyword_not_found,,done,,99,skipped,,,
14502235_K GEISLER 1_1364519,s3://osu-well-records-225989338968/pdfs/ExportedFolderContents_1/1923/05 - May/14502235_K GEISLER 1_1364519.pdf,1,1923,05 - May,early,1920s,location,location,not_found,"PLSS not found: missing section, township, range",done,,100,failed,not_found,,,,failed,keyword_not_found,,done,,99,skipped,,,
14502255_CONNELY 1_1364472,s3://osu-well-records-225989338968/pdfs/ExportedFolderContents_1/1923/05 - May/14502255_CONNELY 1_1364472.pdf,1,1923,05 - May,early,1920s,location,location,not_found,"PLSS not found: missing section, township, range",done,,98,failed,not_found,,,,failed,exception,,done,,92,skipped,,,
14503256_JAMESON 2_1364482,s3://osu-well-records-225989338968/pdfs/ExportedFolderContents_1/1923/05 - May/14503256_JAMESON 2_1364482.pdf,1,1923,05 - May,early,1920s,location,location,not_found,"PLSS not found: missing section, township, range",done,,100,failed,not_found,,,,failed,exception,,failed,exception,,skipped,,,
14576086_R SHAW 1_1364493,s3://osu-well-records-225989338968/pdfs/ExportedFolderContents_1/1923/05 - May/14576086_R SHAW 1_1364493.pdf,1,1923,05 - May,early,1920s,location,location,not_found,"PLSS not found: missing section, township, range",done,,100,failed,not_found,,,,failed,keyword_not_found,,done,,99,skipped,,,
14700497_FRED HALL 1_1414934,s3://osu-well-records-225989338968/pdfs/ExportedFolderContents_1/1923/05 - May/14700497_FRED HALL 1_1414934.pdf,1,1923,05 - May,early,1920s,location,location,not_found,"PLSS not found: missing section, township, range",done,,100,failed,not_found,,,,failed,exception,,done,,99,skipped,,,
14701481_W HOGNER 15_516650,s3://osu-well-records-225989338968/pdfs/ExportedFolderContents_1/1923/05 - May/14701481_W HOGNER 15_516650.pdf,1,1923,05 - May,early,1920s,location,location,not_found,"PLSS not found: missing section, township, range",done,,99,failed,not_found,,,,failed,keyword_not_found,,done,,98,skipped,,,
14702435_PARKS 1_516656,s3://osu-well-records-225989338968/pdfs/ExportedFolderContents_1/1923/05 - May/14702435_PARKS 1_516656.pdf,1,1923,05 - May,early,1920s,location,location,not_found,"PLSS not found: missing section, township, range",done,,100,failed,not_found,,,,failed,exception,,failed,exception,,skipped,,,
14702562_BEAVER 14_516654,s3://osu-well-records-225989338968/pdfs/ExportedFolderContents_1/1923/05 - May/14702562_BEAVER 14_516654.pdf,1,1923,05 - May,early,1920s,location,location,not_found,"PLSS not found: missing section, township, range",done,,100,failed,not_found,,,,failed,exception,,failed,exception,,skipped,,,
14703271_L BEAUBIN 5_516627,s3://osu-well-records-225989338968/pdfs/ExportedFolderContents_1/1923/05 - May/14703271_L BEAUBIN 5_516627.pdf,1,1923,05 - May,early,1920s,location,location,not_found,"PLSS not found: missing section, township, range",done,,96,failed,not_found,,,,failed,exception,,done,,98,skipped,,,
14703607_MAUD ROSS 12_1415029,s3://osu-well-records-225989338968/pdfs/ExportedFolderContents_1/1923/05 - May/14703607_MAUD ROSS 12_1415029.pdf,1,1923,05 - May,early,1920s,location,location,not_found,"PLSS not found: missing section, township, range",done,,94,failed,not_found,,,,failed,keyword_not_found,,done,,98,skipped,,,
14707637_CONNELLY 2_1414984,s3://osu-well-records-225989338968/pdfs/ExportedFolderContents_1/1923/05 - May/14707637_CONNELLY 2_1414984.pdf,1,1923,05 - May,early,1920s,location,location,not_found,"PLSS not found: missing section, township, range",done,,99,failed,not_found,,,,failed,exception,,failed,exception,,skipped,,,
14707756_EDENS 6_1415085,s3://osu-well-records-225989338968/pdfs/ExportedFolderContents_1/1923/05 - May/14707756_EDENS 6_1415085.pdf,1,1923,05 - May,early,1920s,location,location,not_found,"PLSS not found: missing section, township, range",done,,98,failed,not_found,,,,failed,exception,,failed,exception,,skipped,,,
14707773_BLACKBIRD 4_1415076,s3://osu-well-records-225989338968/pdfs/ExportedFolderContents_1/1923/05 - May/14707773_BLACKBIRD 4_1415076.pdf,1,1923,05 - May,early,1920s,location,location,not_found,"PLSS not found: missing section, township, range",done,,90,failed,not_found,,,,done,,Washington County,failed,exception,,skipped,,,
35009001540000_BATCHLEAR 1_1567052,s3://osu-well-records-225989338968/pdfs/ExportedFolderContents_1/1923/05 - May/35009001540000_BATCHLEAR 1_1567052.pdf,1,1923,05 - May,early,1920s,location,location,not_found,"PLSS not found: missing section, township, range",done,,100,failed,not_found,,,,failed,exception,,failed,exception,,skipped,,,
35019007900000_POLAND 1_1696922,s3://osu-well-records-225989338968/pdfs/ExportedFolderContents_1/1923/05 - May/35019007900000_POLAND 1_1696922.pdf,1,1923,05 - May,early,1920s,location,location,not_found,"PLSS not found: missing section, township, range",done,,100,failed,not_found,,,,failed,keyword_not_found,,done,,96,skipped,,,
35019089720000_REXROAT 7_1696898,s3://osu-well-records-225989338968/pdfs/ExportedFolderContents_1/1923/05 - May/35019089720000_REXROAT 7_1696898.pdf,1,1923,05 - May,early,1920s,location,location,not_found,"PLSS not found: missing section, township, range",done,,100,failed,not_found,,,,failed,exception,,done,,99,skipped,,,
35019137240000_W CARNEY 8_1696832,s3://osu-well-records-225989338968/pdfs/ExportedFolderContents_1/1923/05 - May/35019137240000_W CARNEY 8_1696832.pdf,1,1923,05 - May,early,1920s,location,location,not_found,"PLSS not found: missing section, township, range",done,,100,failed,not_found,,,,failed,keyword_not_found,,failed,exception,,skipped,,,
35019760960000_CARNEY 1B_1696936,s3://osu-well-records-225989338968/pdfs/ExportedFolderContents_1/1923/05 - May/35019760960000_CARNEY 1B_1696936.pdf,1,1923,05 - May,early,1920s,location,location,not_found,"PLSS not found: missing section, township, range",done,,99,failed,not_found,,,,failed,keyword_not_found,,done,,79,skipped,,,
35019761280000_E STECHI 11_1696914,s3://osu-well-records-225989338968/pdfs/ExportedFolderContents_1/1923/05 - May/35019761280000_E STECHI 11_1696914.pdf,1,1923,05 - May,early,1920s,location,location,not_found,"PLSS not found: missing section, township, range",done,,100,failed,not_found,,,,failed,exception,,done,,98,skipped,,,
35037008840000_CHAS WIND 1_2005373,s3://osu-well-records-225989338968/pdfs/ExportedFolderContents_1/1923/05 - May/35037008840000_CHAS WIND 1_2005373.pdf,1,1923,05 - May,early,1920s,location,location,not_found,"PLSS not found: missing section, township, range",done,,100,failed,not_found,,,,failed,exception,,failed,exception,,skipped,,,
35037009240000_MARTHA FOSTER 1_2005337,s3://osu-well-records-225989338968/pdfs/ExportedFolderContents_1/1923/05 - May/35037009240000_MARTHA FOSTER 1_2005337.pdf,1,1923,05 - May,early,1920s,location,location,not_found,"PLSS not found: missing section, township, range",done,,88,failed,not_found,,,,failed,exception,,done,,99,skipped,,,
35037023400000_K BEAR 8_2005338,s3://osu-well-records-225989338968/pdfs/ExportedFolderContents_1/1923/05 - May/35037023400000_K BEAR 8_2005338.pdf,1,1923,05 - May,early,1920s,location,location,not_found,"PLSS not found: missing section, township, range",done,,100,failed,not_found,,,,failed,exception,,done,,99,skipped,,,
35037023420000_W BEARHEAD 2_2005523,s3://osu-well-records-225989338968/pdfs/ExportedFolderContents_1/1923/05 - May/35037023420000_W BEARHEAD 2_2005523.pdf,1,1923,05 - May,early,1920s,location,location,not_found,"PLSS not found: missing section, township, range",done,,100,failed,not_found,,,,failed,exception,,done,,99,skipped,,,
35037023510002_KIZZIE BEAR 5_11452581,s3://osu-well-records-225989338968/pdfs/ExportedFolderContents_1/1923/05 - May/35037023510002_KIZZIE BEAR 5_11452581.pdf,1,1923,05 - May,early,1920s,location,location,not_found,"PLSS not found: missing section, township, range",done,,94,failed,not_found,,,,failed,exception,,failed,exception,,skipped,,,
3503702358000_JOHN WILLIAMS 3_2005273,s3://osu-well-records-225989338968/pdfs/ExportedFolderContents_1/1923/05 - May/3503702358000_JOHN WILLIAMS 3_2005273.pdf,1,1923,05 - May,early,1920s,location,location,not_found,"PLSS not found: missing section, township, range",done,,100,failed,not_found,,,,failed,exception,,done,,99,skipped,,,
35037027860000_R BEAR 4_2005469,s3://osu-well-records-225989338968/pdfs/ExportedFolderContents_1/1923/05 - May/35037027860000_R BEAR 4_2005469.pdf,1,1923,05 - May,early,1920s,location,location,not_found,"PLSS not found: missing section, township, range",done,,95,failed,not_found,,,,failed,exception,,failed,exception,,skipped,,,
35037031100000_CLARK JOHN 1_2005378,s3://osu-well-records-225989338968/pdfs/ExportedFolderContents_1/1923/05 - May/35037031100000_CLARK JOHN 1_2005378.pdf,1,1923,05 - May,early,1920s,location,location,not_found,"PLSS not found: missing section, township, range",done,,100,failed,not_found,,,,failed,exception,,failed,exception,,skipped,,,
35037033270000_BEAVER TURNER 4_2005216,s3://osu-well-records-225989338968/pdfs/ExportedFolderContents_1/1923/05 - May/35037033270000_BEAVER TURNER 4_2005216.pdf,1,1923,05 - May,early,1920s,location,location,not_found,"PLSS not found: missing section, township, range",done,,100,failed,not_found,,,,failed,exception,,done,,99,skipped,,,
35037040500000_M E WILSON 2_2005418,s3://osu-well-records-225989338968/pdfs/ExportedFolderContents_1/1923/05 - May/35037040500000_M E WILSON 2_2005418.pdf,1,1923,05 - May,early,1920s,location,location,not_found,"PLSS not found: missing section, township, range",done,,100,failed,not_found,,,,failed,exception,,done,,98,skipped,,,
35037041460000_MILLS 1_2005489,s3://osu-well-records-225989338968/pdfs/ExportedFolderContents_1/1923/05 - May/35037041460000_MILLS 1_2005489.pdf,1,1923,05 - May,early,1920s,location,location,not_found,"PLSS not found: missing section, township, range",done,,99,failed,not_found,,,,failed,exception,,failed,exception,,skipped,,,
35037045060000_VAUGHN 1_2005559,s3://osu-well-records-225989338968/pdfs/ExportedFolderContents_1/1923/05 - May/35037045060000_VAUGHN 1_2005559.pdf,1,1923,05 - May,early,1920s,location,location,not_found,"PLSS not found: missing section, township, range",done,,99,failed,not_found,,,,failed,keyword_not_found,,done,,99,skipped,,,
35037052870000_M J GROOM 1_2005467,s3://osu-well-records-225989338968/pdfs/ExportedFolderContents_1/1923/05 - May/35037052870000_M J GROOM 1_2005467.pdf,1,1923,05 - May,early,1920s,location,location,not_found,"PLSS not found: missing section, township, range",done,,100,failed,not_found,,,,failed,exception,,done,,99,skipped,,,
35037053790000_SNYDER 1_2005375,s3://osu-well-records-225989338968/pdfs/ExportedFolderContents_1/1923/05 - May/35037053790000_SNYDER 1_2005375.pdf,1,1923,05 - May,early,1920s,location,location,not_found,"PLSS not found: missing section, township, range",done,,99,failed,not_found,,,,failed,exception,,failed,exception,,skipped,,,
35037053790000_SNYDER 1_2005379,s3://osu-well-records-225989338968/pdfs/ExportedFolderContents_1/1923/05 - May/35037053790000_SNYDER 1_2005379.pdf,1,1923,05 - May,early,1920s,location,location,not_found,"PLSS not found: missing section, township, range",done,,99,failed,not_found,,,,failed,exception,,failed,exception,,skipped,,,
35037058880000_SNYDER 1_2005308,s3://osu-well-records-225989338968/pdfs/ExportedFolderContents_1/1923/05 - May/35037058880000_SNYDER 1_2005308.pdf,1,1923,05 - May,early,1920s,location,location,not_found,"PLSS not found: missing section, township, range",done,,99,failed,not_found,,,,failed,exception,,done,,99,skipped,,,
35037058880000_SNYDER 1_2005310,s3://osu-well-records-225989338968/pdfs/ExportedFolderContents_1/1923/05 - May/35037058880000_SNYDER 1_2005310.pdf,1,1923,05 - May,early,1920s,location,location,not_found,"PLSS not found: missing section, township, range",done,,99,failed,not_found,,,,failed,exception,,done,,99,skipped,,,
35037058980000_SNYDER_2005368,s3://osu-well-records-225989338968/pdfs/ExportedFolderContents_1/1923/05 - May/35037058980000_SNYDER_2005368.pdf,1,1923,05 - May,early,1920s,location,location,not_found,"PLSS not found: missing section, township, range",done,,99,failed,not_found,,,,failed,keyword_not_found,,done,,98,skipped,,,
35037058980000_SNYDER_2005369,s3://osu-well-records-225989338968/pdfs/ExportedFolderContents_1/1923/05 - May/35037058980000_SNYDER_2005369.pdf,1,1923,05 - May,early,1920s,location,location,not_found,"PLSS not found: missing section, township, range",done,,99,failed,not_found,,,,failed,keyword_not_found,,done,,98,skipped,,,
3503706852_TURNHAM 1_2005429,s3://osu-well-records-225989338968/pdfs/ExportedFolderContents_1/1923/05 - May/3503706852_TURNHAM 1_2005429.pdf,1,1923,05 - May,early,1920s,location,location,not_found,"PLSS not found: missing section, township, range",done,,99,failed,not_found,,,,failed,keyword_not_found,,done,,99,skipped,,,
35037075800000_CARR ROSE_2005240,s3://osu-well-records-225989338968/pdfs/ExportedFolderContents_1/1923/05 - May/35037075800000_CARR ROSE_2005240.pdf,1,1923,05 - May,early,1920s,location,location,not_found,"PLSS not found: missing section, township, range",done,,88,failed,not_found,,,,failed,exception,,failed,exception,,skipped,,,
35037075910000_COLAW A L_2005245,s3://osu-well-records-225989338968/pdfs/ExportedFolderContents_1/1923/05 - May/35037075910000_COLAW A L_2005245.pdf,1,1923,05 - May,early,1920s,location,location,not_found,"PLSS not found: missing section, township, range",done,,99,failed,not_found,,,,failed,exception,,done,,100,skipped,,,
35037076620000_B H GREENWOOD 6_2005263,s3://osu-well-records-225989338968/pdfs/ExportedFolderContents_1/1923/05 - May/35037076620000_B H GREENWOOD 6_2005263.pdf,1,1923,05 - May,early,1920s,location,location,not_found,"PLSS not found: missing section, township, range",done,,89,failed,not_found,,,,failed,keyword_not_found,,done,,98,skipped,,,
35037082140000_E. CUMSEY 7_2005331,s3://osu-well-records-225989338968/pdfs/ExportedFolderContents_1/1923/05 - May/35037082140000_E. CUMSEY 7_2005331.pdf,1,1923,05 - May,early,1920s,location,location,not_found,"PLSS not found: missing section, township, range",done,,99,failed,not_found,,,,failed,exception,,done,,98,skipped,,,
35037094660000_S RICHARDS 18_2005508,s3://osu-well-records-225989338968/pdfs/ExportedFolderContents_1/1923/05 - May/35037094660000_S RICHARDS 18_2005508.pdf,1,1923,05 - May,early,1920s,location,location,not_found,"PLSS not found: missing section, township, range",done,,100,failed,not_found,,,,failed,exception,,done,,99,skipped,,,
35037118100000_TIGER 1_2005241,s3://osu-well-records-225989338968/pdfs/ExportedFolderContents_1/1923/05 - May/35037118100000_TIGER 1_2005241.pdf,1,1923,05 - May,early,1920s,location,location,not_found,"PLSS not found: missing section, township, range",done,,100,failed,not_found,,,,failed,exception,,done,,95,skipped,,,
35037118110000_BOUGH 2_2005371,s3://osu-well-records-225989338968/pdfs/ExportedFolderContents_1/1923/05 - May/35037118110000_BOUGH 2_2005371.pdf,1,1923,05 - May,early,1920s,location,location,not_found,"PLSS not found: missing section, township, range",done,,100,failed,not_found,,,,failed,keyword_not_found,,done,,96,skipped,,,
35037128110000_JACKSON MARY 1_2005438,s3://osu-well-records-225989338968/pdfs/ExportedFolderContents_1/1923/05 - May/35037128110000_JACKSON MARY 1_2005438.pdf,1,1923,05 - May,early,1920s,location,location,not_found,"PLSS not found: missing section, township, range",done,,94,failed,not_found,,,,failed,keyword_not_found,,failed,exception,,skipped,,,
35037158570000_C LARNEY 1_2005376,s3://osu-well-records-225989338968/pdfs/ExportedFolderContents_1/1923/05 - May/35037158570000_C LARNEY 1_2005376.pdf,1,1923,05 - May,early,1920s,location,location,not_found,"PLSS not found: missing section, township, range",done,,98,failed,not_found,,,,failed,exception,,done,,99,skipped,,,
35037158570000_C LARNEY 1_2005382,s3://osu-well-records-225989338968/pdfs/ExportedFolderContents_1/1923/05 - May/35037158570000_C LARNEY 1_2005382.pdf,1,1923,05 - May,early,1920s,location,location,not_found,"PLSS not found: missing section, township, range",done,,100,failed,not_found,,,,failed,exception,,failed,exception,,skipped,,,
35037162690000_S S MUSSELLEM 25_2005432,s3://osu-well-records-225989338968/pdfs/ExportedFolderContents_1/1923/05 - May/35037162690000_S S MUSSELLEM 25_2005432.pdf,1,1923,05 - May,early,1920s,location,location,not_found,"PLSS not found: missing section, township, range",done,,89,failed,not_found,,,,failed,exception,,failed,exception,,skipped,,,
35071029380000_SYMONS 13_2288916,s3://osu-well-records-225989338968/pdfs/ExportedFolderContents_1/1923/05 - May/35071029380000_SYMONS 13_2288916.pdf,1,1923,05 - May,early,1920s,location,location,not_found,"PLSS not found: missing section, township, range",done,,99,failed,not_found,,,,failed,keyword_not_found,,done,,98,skipped,,,
35071030540000_CLUBB IKE 1_2005575,s3://osu-well-records-225989338968/pdfs/ExportedFolderContents_1/1923/05 - May/35071030540000_CLUBB IKE 1_2005575.pdf,1,1923,05 - May,early,1920s,location,location,not_found,"PLSS not found: missing section, township, range",done,,100,failed,not_found,,,,failed,keyword_not_found,,done,,98,skipped,,,
35071030830000_R H RHODES 2_2005504,s3://osu-well-records-225989338968/pdfs/ExportedFolderContents_1/1923/05 - May/35071030830000_R H RHODES 2_2005504.pdf,1,1923,05 - May,early,1920s,location,location,not_found,"PLSS not found: missing section, township, range",done,,90,failed,not_found,,,,failed,keyword_not_found,,done,,99,skipped,,,
35071030900000_SAM WOODS FARM 1_2005446,s3://osu-well-records-225989338968/pdfs/ExportedFolderContents_1/1923/05 - May/35071030900000_SAM WOODS FARM 1_2005446.pdf,1,1923,05 - May,early,1920s,location,location,not_found,"PLSS not found: missing section, township, range",done,,100,failed,not_found,,,,failed,keyword_not_found,,failed,exception,,skipped,,,
35071031790000_WILMONT JONES 1_2005311,s3://osu-well-records-225989338968/pdfs/ExportedFolderContents_1/1923/05 - May/35071031790000_WILMONT JONES 1_2005311.pdf,1,1923,05 - May,early,1920s,location,location,not_found,"PLSS not found: missing section, township, range",done,,100,failed,not_found,,,,failed,exception,,failed,exception,,skipped,,,
35071031790000_WILMONT JONES 1_2288965,s3://osu-well-records-225989338968/pdfs/ExportedFolderContents_1/1923/05 - May/35071031790000_WILMONT JONES 1_2288965.pdf,1,1923,05 - May,early,1920s,location,location,not_found,"PLSS not found: missing section, township, range",done,,100,failed,not_found,,,,failed,exception,,failed,exception,,skipped,,,
35071031940000_THOMPSON E 3_2005243,s3://osu-well-records-225989338968/pdfs/ExportedFolderContents_1/1923/05 - May/35071031940000_THOMPSON E 3_2005243.pdf,1,1923,05 - May,early,1920s,location,location,not_found,"PLSS not found: missing section, township, range",done,,100,failed,not_found,,,,failed,exception,,done,,100,skipped,,,
35071031940000_THOMPSON E 3_2288934,s3://osu-well-records-225989338968/pdfs/ExportedFolderContents_1/1923/05 - May/35071031940000_THOMPSON E 3_2288934.pdf,1,1923,05 - May,early,1920s,location,location,not_found,"PLSS not found: missing section, township, range",done,,100,failed,not_found,,,,failed,exception,,done,,100,skipped,,,
35071031950000_THOMPSON E 4_2005423,s3://osu-well-records-225989338968/pdfs/ExportedFolderContents_1/1923/05 - May/35071031950000_THOMPSON E 4_2005423.pdf,1,1923,05 - May,early,1920s,location,location,not_found,"PLSS not found: missing section, township, range",done,,100,failed,not_found,,,,failed,exception,,done,,99,skipped,,,
35071031950000_THOMPSON E 4_2005456,s3://osu-well-records-225989338968/pdfs/ExportedFolderContents_1/1923/05 - May/35071031950000_THOMPSON E 4_2005456.pdf,1,1923,05 - May,early,1920s,location,location,not_found,"PLSS not found: missing section, township, range",done,,90,failed,not_found,,,,failed,exception,,failed,exception,,skipped,,,
35071031950000_THOMPSON E 4_2289042,s3://osu-well-records-225989338968/pdfs/ExportedFolderContents_1/1923/05 - May/35071031950000_THOMPSON E 4_2289042.pdf,1,1923,05 - May,early,1920s,location,location,not_found,"PLSS not found: missing section, township, range",done,,90,failed,not_found,,,,failed,exception,,failed,exception,,skipped,,,
35097001580000_MAJOR 1_2364514,s3://osu-well-records-225989338968/pdfs/ExportedFolderContents_1/1923/05 - May/35097001580000_MAJOR 1_2364514.pdf,1,1923,05 - May,early,1920s,location,location,not_found,"PLSS not found: missing section, township, range",done,,100,failed,not_found,,,,failed,exception,,failed,exception,,skipped,,,
35097001580000_MAJOR 1_2464867,s3://osu-well-records-225989338968/pdfs/ExportedFolderContents_1/1923/05 - May/35097001580000_MAJOR 1_2464867.pdf,1,1923,05 - May,early,1920s,location,location,not_found,"PLSS not found: missing section, township, range",done,,100,failed,not_found,,,,failed,exception,,failed,exception,,skipped,,,
35101004390000_T R MARKS 1_2364486,s3://osu-well-records-225989338968/pdfs/ExportedFolderContents_1/1923/05 - May/35101004390000_T R MARKS 1_2364486.pdf,1,1923,05 - May,early,1920s,location,location,not_found,"PLSS not found: missing section, township, range",done,,92,failed,not_found,,,,failed,keyword_not_found,,done,,83,skipped,,,
35103023720000_CARMICHAEL 6-B_8001925,s3://osu-well-records-225989338968/pdfs/ExportedFolderContents_1/1923/05 - May/35103023720000_CARMICHAEL 6-B_8001925.pdf,1,1923,05 - May,early,1920s,location,location,not_found,"PLSS not found: missing section, township, range",done,,100,failed,not_found,,,,failed,exception,,done,,99,skipped,,,
35103024380000_JEANS J_2289074,s3://osu-well-records-225989338968/pdfs/ExportedFolderContents_1/1923/05 - May/35103024380000_JEANS J_2289074.pdf,1,1923,05 - May,early,1920s,location,location,not_found,"PLSS not found: missing section, township, range",done,,93,failed,not_found,,,,failed,keyword_not_found,,done,,98,skipped,,,
35103028750000_B F BLUBAUGH 9_8001932,s3://osu-well-records-225989338968/pdfs/ExportedFolderContents_1/1923/05 - May/35103028750000_B F BLUBAUGH 9_8001932.pdf,1,1923,05 - May,early,1920s,location,location,not_found,"PLSS not found: missing section, township, range",done,,92,failed,not_found,,,,failed,exception,,done,,100,skipped,,,
35103028970000_BLUBAUGH 5-A_8001839,s3://osu-well-records-225989338968/pdfs/ExportedFolderContents_1/1923/05 - May/35103028970000_BLUBAUGH 5-A_8001839.pdf,1,1923,05 - May,early,1920s,location,location,not_found,"PLSS not found: missing section, township, range",done,,91,failed,not_found,,,,failed,exception,,done,,99,skipped,,,
35103030390000_LEE SHAWVER 36_3146071,s3://osu-well-records-225989338968/pdfs/ExportedFolderContents_1/1923/05 - May/35103030390000_LEE SHAWVER 36_3146071.pdf,1,1923,05 - May,early,1920s,location,location,not_found,"PLSS not found: missing section, township, range",done,,99,failed,not_found,,,,failed,exception,,done,,99,skipped,,,
35103030390000_LEE SHAWVER 36_8001858,s3://osu-well-records-225989338968/pdfs/ExportedFolderContents_1/1923/05 - May/35103030390000_LEE SHAWVER 36_8001858.pdf,1,1923,05 - May,early,1920s,location,location,not_found,"PLSS not found: missing section, township, range",done,,100,failed,not_found,,,,failed,exception,,done,,99,skipped,,,
35103031140000_RUZEK 9_3167608,s3://osu-well-records-225989338968/pdfs/ExportedFolderContents_1/1923/05 - May/35103031140000_RUZEK 9_3167608.pdf,1,1923,05 - May,early,1920s,location,location,not_found,"PLSS not found: missing section, township, range",done,,99,failed,not_found,,,,failed,exception,,done,,99,skipped,,,
35103031140000_RUZEK 9_8001917,s3://osu-well-records-225989338968/pdfs/ExportedFolderContents_1/1923/05 - May/35103031140000_RUZEK 9_8001917.pdf,1,1923,05 - May,early,1920s,location,location,not_found,"PLSS not found: missing section, township, range",done,,99,failed,not_found,,,,failed,keyword_not_found,,done,,99,skipped,,,
35103031220000_CARMICHAEL 1-B_8001782,s3://osu-well-records-225989338968/pdfs/ExportedFolderContents_1/1923/05 - May/35103031220000_CARMICHAEL 1-B_8001782.pdf,1,1923,05 - May,early,1920s,location,location,not_found,"PLSS not found: missing section, township, range",done,,100,failed,not_found,,,,failed,exception,,done,,99,skipped,,,
35103031260000_CARMICHAEL 2-B_8001915,s3://osu-well-records-225989338968/pdfs/ExportedFolderContents_1/1923/05 - May/35103031260000_CARMICHAEL 2-B_8001915.pdf,1,1923,05 - May,early,1920s,location,location,not_found,"PLSS not found: missing section, township, range",done,,91,failed,not_found,,,,failed,exception,,done,,99,skipped,,,
35103031260000_J CARMICHAEL 2-B_3167699,s3://osu-well-records-225989338968/pdfs/ExportedFolderContents_1/1923/05 - May/35103031260000_J CARMICHAEL 2-B_3167699.pdf,1,1923,05 - May,early,1920s,location,location,not_found,"PLSS not found: missing section, township, range",done,,100,failed,not_found,,,,failed,exception,,done,,99,skipped,,,
35103031440000_CARMICHAEL 9-A_3167713,s3://osu-well-records-225989338968/pdfs/ExportedFolderContents_1/1923/05 - May/35103031440000_CARMICHAEL 9-A_3167713.pdf,1,1923,05 - May,early,1920s,location,location,not_found,"PLSS not found: missing section, township, range",done,,99,failed,not_found,,,,failed,exception,,failed,exception,,skipped,,,
35103031440000_CARMICHAEL 9-A_8001845,s3://osu-well-records-225989338968/pdfs/ExportedFolderContents_1/1923/05 - May/35103031440000_CARMICHAEL 9-A_8001845.pdf,1,1923,05 - May,early,1920s,location,location,not_found,"PLSS not found: missing section, township, range",done,,100,failed,not_found,,,,failed,exception,,done,,99,skipped,,,
35103031480000_CARMICHAEL 10-B_8001750,s3://osu-well-records-225989338968/pdfs/ExportedFolderContents_1/1923/05 - May/35103031480000_CARMICHAEL 10-B_8001750.pdf,1,1923,05 - May,early,1920s,location,location,not_found,"PLSS not found: missing section, township, range",done,,98,failed,not_found,,,,failed,exception,,done,,100,skipped,,,
35105021670000_C NEWTON 1_2289037,s3://osu-well-records-225989338968/pdfs/ExportedFolderContents_1/1923/05 - May/35105021670000_C NEWTON 1_2289037.pdf,1,1923,05 - May,early,1920s,location,location,not_found,"PLSS not found: missing section, township, range",done,,99,failed,not_found,,,,failed,exception,,done,,98,skipped,,,
35105021850000_L EASKY 6_2289051,s3://osu-well-records-225989338968/pdfs/ExportedFolderContents_1/1923/05 - May/35105021850000_L EASKY 6_2289051.pdf,1,1923,05 - May,early,1920s,location,location,not_found,"PLSS not found: missing section, township, range",done,,100,failed,not_found,,,,failed,keyword_not_found,,done,,99,skipped,,,
35105039770000_OPAL HALFMOON 5_2288985,s3://osu-well-records-225989338968/pdfs/ExportedFolderContents_1/1923/05 - May/35105039770000_OPAL HALFMOON 5_2288985.pdf,1,1923,05 - May,early,1920s,location,location,not_found,"PLSS not found: missing section, township, range",done,,100,failed,not_found,,,,failed,exception,,done,,99,skipped,,,
35105053060000_WOOD RUTH 2_2464885,s3://osu-well-records-225989338968/pdfs/ExportedFolderContents_1/1923/05 - May/35105053060000_WOOD RUTH 2_2464885.pdf,1,1923,05 - May,early,1920s,location,location,not_found,"PLSS not found: missing section, township, range",done,,100,failed,not_found,,,,failed,exception,,done,,98,skipped,,,
35105069340000_TOWEY 1_2464890,s3://osu-well-records-225989338968/pdfs/ExportedFolderContents_1/1923/05 - May/35105069340000_TOWEY 1_2464890.pdf,1,1923,05 - May,early,1920s,location,location,not_found,"PLSS not found: missing section, township, range",done,,92,failed,not_found,,,,failed,keyword_not_found,,done,,94,skipped,,,
35105776790000_LITTLE ESTATE 5_8063148,s3://osu-well-records-225989338968/pdfs/ExportedFolderContents_1/1923/05 - May/35105776790000_LITTLE ESTATE 5_8063148.pdf,1,1923,05 - May,early,1920s,location,location,not_found,"PLSS not found: missing section, township, range",done,,93,failed,not_found,,,,failed,exception,,failed,exception,,skipped,,,
35107029520000_H LYTAL_2005486,s3://osu-well-records-225989338968/pdfs/ExportedFolderContents_1/1923/05 - May/35107029520000_H LYTAL_2005486.pdf,1,1923,05 - May,early,1920s,location,location,not_found,"PLSS not found: missing section, township, range",done,,98,failed,not_found,,,,failed,api_error,,failed,exception,,skipped,,,
35107029560000_E JEFFERSON_2005458,s3://osu-well-records-225989338968/pdfs/ExportedFolderContents_1/1923/05 - May/35107029560000_E JEFFERSON_2005458.pdf,1,1923,05 - May,early,1920s,location,location,not_found,"PLSS not found: missing section, township, range",done,,100,failed,not_found,,,,failed,keyword_not_found,,failed,exception,,skipped,,,
35107029980000_JANE JEFFERSON_2005567,s3://osu-well-records-225989338968/pdfs/ExportedFolderContents_1/1923/05 - May/35107029980000_JANE JEFFERSON_2005567.pdf,1,1923,05 - May,early,1920s,location,location,not_found,"PLSS not found: missing section, township, range",done,,100,failed,not_found,,,,failed,exception,,done,,99,skipped,,,
35107039860000_M HALL 1_2005475,s3://osu-well-records-225989338968/pdfs/ExportedFolderContents_1/1923/05 - May/35107039860000_M HALL 1_2005475.pdf,1,1923,05 - May,early,1920s,location,location,not_found,"PLSS not found: missing section, township, range",done,,100,failed,not_found,,,,failed,keyword_not_found,,done,,99,skipped,,,
35107041140000_UNAH DANIELS 2_3172430,s3://osu-well-records-225989338968/pdfs/ExportedFolderContents_1/1923/05 - May/35107041140000_UNAH DANIELS 2_3172430.pdf,1,1923,05 - May,early,1920s,location,location,not_found,"PLSS not found: missing section, township, range",done,,97,failed,not_found,,,,failed,keyword_not_found,,done,,99,skipped,,,
35107041700000_G BUCKLEY 2_2005545,s3://osu-well-records-225989338968/pdfs/ExportedFolderContents_1/1923/05 - May/35107041700000_G BUCKLEY 2_2005545.pdf,1,1923,05 - May,early,1920s,location,location,not_found,"PLSS not found: missing section, township, range",done,,100,failed,not_found,,,,failed,exception,,done,,99,skipped,,,
35107052130000_DAVID WIND 1_1496563,s3://osu-well-records-225989338968/pdfs/ExportedFolderContents_1/1923/05 - May/35107052130000_DAVID WIND 1_1496563.pdf,1,1923,05 - May,early,1920s,location,location,not_found,"PLSS not found: missing section, township, range",done,,100,failed,not_found,,,,failed,exception,,failed,exception,,skipped,,,
35107052130000_DAVID WIND 1_2005509,s3://osu-well-records-225989338968/pdfs/ExportedFolderContents_1/1923/05 - May/35107052130000_DAVID WIND 1_2005509.pdf,1,1923,05 - May,early,1920s,location,location,not_found,"PLSS not found: missing section, township, range",done,,100,failed,not_found,,,,failed,exception,,failed,exception,,skipped,,,
35107052140000_DAVID WIND 2_1496567,s3://osu-well-records-225989338968/pdfs/ExportedFolderContents_1/1923/05 - May/35107052140000_DAVID WIND 2_1496567.pdf,1,1923,05 - May,early,1920s,location,location,not_found,"PLSS not found: missing section, township, range",done,,96,failed,not_found,,,,failed,exception,,done,,95,skipped,,,
35107052140000_DAVID WIND 2_2005566,s3://osu-well-records-225989338968/pdfs/ExportedFolderContents_1/1923/05 - May/35107052140000_DAVID WIND 2_2005566.pdf,1,1923,05 - May,early,1920s,location,location,not_found,"PLSS not found: missing section, township, range",done,,96,failed,not_found,,,,failed,exception,,done,,95,skipped,,,
35107052190000_Deer 2_2005390,s3://osu-well-records-225989338968/pdfs/ExportedFolderContents_1/1923/05 - May/35107052190000_Deer 2_2005390.pdf,1,1923,05 - May,early,1920s,location,location,not_found,"PLSS not found: missing section, township, range",done,,99,failed,not_found,,,,failed,exception,,failed,exception,,skipped,,,
35107052190000_Eddie Deere 2_2005405,s3://osu-well-records-225989338968/pdfs/ExportedFolderContents_1/1923/05 - May/35107052190000_Eddie Deere 2_2005405.pdf,1,1923,05 - May,early,1920s,location,location,not_found,"PLSS not found: missing section, township, range",done,,100,failed,not_found,,,,failed,exception,,done,,99,skipped,,,
35107052210000_DEERE3_1496569,s3://osu-well-records-225989338968/pdfs/ExportedFolderContents_1/1923/05 - May/35107052210000_DEERE3_1496569.pdf,1,1923,05 - May,early,1920s,location,location,not_found,"PLSS not found: missing section, township, range",done,,91,failed,not_found,,,,failed,exception,,done,,96,skipped,,,
35107052210000_Deer 3_1496568,s3://osu-well-records-225989338968/pdfs/ExportedFolderContents_1/1923/05 - May/35107052210000_Deer 3_1496568.pdf,1,1923,05 - May,early,1920s,location,location,not_found,"PLSS not found: missing section, township, range",done,,97,failed,not_found,,,,failed,exception,,done,,97,skipped,,,
35107052210000_Deer 3_2005564,s3://osu-well-records-225989338968/pdfs/ExportedFolderContents_1/1923/05 - May/35107052210000_Deer 3_2005564.pdf,1,1923,05 - May,early,1920s,location,location,not_found,"PLSS not found: missing section, township, range",done,,97,failed,not_found,,,,failed,exception,,done,,97,skipped,,,
35107052210000_Eddie Deer 3_2005565,s3://osu-well-records-225989338968/pdfs/ExportedFolderContents_1/1923/05 - May/35107052210000_Eddie Deer 3_2005565.pdf,1,1923,05 - May,early,1920s,location,location,not_found,"PLSS not found: missing section, township, range",done,,91,failed,not_found,,,,failed,exception,,done,,96,skipped,,,
OSAGE_R G JENNINGS 1_2288954,s3://osu-well-records-225989338968/pdfs/ExportedFolderContents_1/1923/05 - May/OSAGE_R G JENNINGS 1_2288954.pdf,1,1923,05 - May,early,1920s,location,location,not_found,"PLSS not found: missing section, township, range",done,,90,failed,not_found,,,,failed,exception,,done,,99,skipped,,,
OSAGE_TRACT 15 11_2289001,s3://osu-well-records-225989338968/pdfs/ExportedFolderContents_1/1923/05 - May/OSAGE_TRACT 15 11_2289001.pdf,1,1923,05 - May,early,1920s,location,location,not_found,"PLSS not found: missing section, township, range",done,,100,failed,not_found,,,,failed,keyword_not_found,,done,,96,skipped,,,
OSAGE_TRACT 15 8_2288912,s3://osu-well-records-225989338968/pdfs/ExportedFolderContents_1/1923/05 - May/OSAGE_TRACT 15 8_2288912.pdf,1,1923,05 - May,early,1920s,location,location,not_found,"PLSS not found: missing section, township, range",done,,99,failed,not_found,,,,failed,keyword_not_found,,failed,exception,,skipped,,,
OSAGE__ 7_1844067,s3://osu-well-records-225989338968/pdfs/ExportedFolderContents_1/1923/05 - May/OSAGE__ 7_1844067.pdf,1,1923,05 - May,early,1920s,location,location,not_found,"PLSS not found: missing section, township, range",done,,100,failed,not_found,,,,failed,keyword_not_found,,done,,99,skipped,,,
WASHINGTON_SYMONS STEVEN 5_2289005,s3://osu-well-records-225989338968/pdfs/ExportedFolderContents_1/1923/05 - May/WASHINGTON_SYMONS STEVEN 5_2289005.pdf,1,1923,05 - May,early,1920s,location,location,not_found,"PLSS not found: missing section, township, range",done,,86,failed,not_found,,,,failed,exception,,done,,99,skipped,,,
XX_LUMPKIN 2_2364531,s3://osu-well-records-225989338968/pdfs/ExportedFolderContents_1/1923/05 - May/XX_LUMPKIN 2_2364531.pdf,1,1923,05 - May,early,1920s,location,location,not_found,"PLSS not found: missing section, township, range",done,,100,failed,not_found,,,,failed,exception,,done,,98,skipped,,,
X_ANDREW BIGHORSE_1414931,s3://osu-well-records-225989338968/pdfs/ExportedFolderContents_1/1923/05 - May/X_ANDREW BIGHORSE_1414931.pdf,1,1923,05 - May,early,1920s,location,location,not_found,"PLSS not found: missing section, township, range",done,,100,failed,not_found,,,,done,,Osage County,done,,97,skipped,,,
X_B A LEWIS 1_2288911,s3://osu-well-records-225989338968/pdfs/ExportedFolderContents_1/1923/05 - May/X_B A LEWIS 1_2288911.pdf,1,1923,05 - May,early,1920s,location,location,not_found,"PLSS not found: missing section, township, range",done,,100,failed,not_found,,,,failed,exception,,done,,99,skipped,,,
X_BAYLISS 1_2464916,s3://osu-well-records-225989338968/pdfs/ExportedFolderContents_1/1923/05 - May/X_BAYLISS 1_2464916.pdf,1,1923,05 - May,early,1920s,location,location,not_found,"PLSS not found: missing section, township, range",done,,99,failed,not_found,,,,failed,exception,,done,,99,skipped,,,
X_C C ENDICOTT 1-C_1539484,s3://osu-well-records-225989338968/pdfs/ExportedFolderContents_1/1923/05 - May/X_C C ENDICOTT 1-C_1539484.pdf,1,1923,05 - May,early,1920s,location,location,not_found,"PLSS not found: missing section, township, range",done,,100,failed,not_found,,,,failed,exception,,done,,98,skipped,,,
X_CARSON 12_920792,s3://osu-well-records-225989338968/pdfs/ExportedFolderContents_1/1923/05 - May/X_CARSON 12_920792.pdf,1,1923,05 - May,early,1920s,location,location,not_found,"PLSS not found: missing section, township, range",done,,99,failed,not_found,,,,failed,exception,,done,,99,skipped,,,
X_CLAVIER 1_2005239,s3://osu-well-records-225989338968/pdfs/ExportedFolderContents_1/1923/05 - May/X_CLAVIER 1_2005239.pdf,1,1923,05 - May,early,1920s,location,location,not_found,"PLSS not found: missing section, township, range",done,,97,failed,not_found,,,,failed,keyword_not_found,,done,,99,skipped,,,
X_CLAVIER 1_2288930,s3://osu-well-records-225989338968/pdfs/ExportedFolderContents_1/1923/05 - May/X_CLAVIER 1_2288930.pdf,1,1923,05 - May,early,1920s,location,location,not_found,"PLSS not found: missing section, township, range",done,,100,failed,not_found,,,,failed,keyword_not_found,,done,,99,skipped,,,
X_CUMMINGS 8_2288936,s3://osu-well-records-225989338968/pdfs/ExportedFolderContents_1/1923/05 - May/X_CUMMINGS 8_2288936.pdf,1,1923,05 - May,early,1920s,location,location,not_found,"PLSS not found: missing section, township, range",done,,99,failed,not_found,,,,failed,exception,,done,,99,skipped,,,
X_Duval 1_1054820,s3://osu-well-records-225989338968/pdfs/ExportedFolderContents_1/1923/05 - May/X_Duval 1_1054820.pdf,1,1923,05 - May,early,1920s,location,location,not_found,"PLSS not found: missing section, township, range",done,,100,failed,not_found,,,,failed,exception,,done,,99,skipped,,,
X_ED MARTIN  4_920698,s3://osu-well-records-225989338968/pdfs/ExportedFolderContents_1/1923/05 - May/X_ED MARTIN  4_920698.pdf,1,1923,05 - May,early,1920s,location,location,not_found,"PLSS not found: missing section, township, range",done,,99,failed,not_found,,,,failed,exception,,done,,98,skipped,,,
X_F HARJO_2005344,s3://osu-well-records-225989338968/pdfs/ExportedFolderContents_1/1923/05 - May/X_F HARJO_2005344.pdf,1,1923,05 - May,early,1920s,location,location,not_found,"PLSS not found: missing section, township, range",done,,100,failed,not_found,,,,failed,exception,,failed,exception,,skipped,,,
X_FRANK LITTLE 1_2289079,s3://osu-well-records-225989338968/pdfs/ExportedFolderContents_1/1923/05 - May/X_FRANK LITTLE 1_2289079.pdf,1,1923,05 - May,early,1920s,location,location,not_found,"PLSS not found: missing section, township, range",done,,99,failed,not_found,,,,failed,exception,,failed,exception,,skipped,,,
X_GABRIEL EMARTHLA 1_2005233,s3://osu-well-records-225989338968/pdfs/ExportedFolderContents_1/1923/05 - May/X_GABRIEL EMARTHLA 1_2005233.pdf,1,1923,05 - May,early,1920s,location,location,not_found,"PLSS not found: missing section, township, range",done,,100,failed,not_found,,,,failed,exception,,done,,72,skipped,,,
X_GEO. BUCKLEY 3_2005553,s3://osu-well-records-225989338968/pdfs/ExportedFolderContents_1/1923/05 - May/X_GEO. BUCKLEY 3_2005553.pdf,1,1923,05 - May,early,1920s,location,location,not_found,"PLSS not found: missing section, township, range",done,,100,failed,not_found,,,,failed,keyword_not_found,,done,,99,skipped,,,
X_GEO. DAVIS 2_1384956,s3://osu-well-records-225989338968/pdfs/ExportedFolderContents_1/1923/05 - May/X_GEO. DAVIS 2_1384956.pdf,1,1923,05 - May,early,1920s,location,location,not_found,"PLSS not found: missing section, township, range",done,,99,failed,not_found,,,,failed,exception,,done,,99,skipped,,,
X_GEO. DAVIS 2_2005402,s3://osu-well-records-225989338968/pdfs/ExportedFolderContents_1/1923/05 - May/X_GEO. DAVIS 2_2005402.pdf,1,1923,05 - May,early,1920s,location,location,not_found,"PLSS not found: missing section, township, range",done,,99,failed,not_found,,,,failed,exception,,done,,99,skipped,,,
X_GRAHAM 1_2005235,s3://osu-well-records-225989338968/pdfs/ExportedFolderContents_1/1923/05 - May/X_GRAHAM 1_2005235.pdf,1,1923,05 - May,early,1920s,location,location,not_found,"PLSS not found: missing section, township, range",done,,100,failed,not_found,,,,failed,exception,,done,,99,skipped,,,
X_GRAHAM 1_2288931,s3://osu-well-records-225989338968/pdfs/ExportedFolderContents_1/1923/05 - May/X_GRAHAM 1_2288931.pdf,1,1923,05 - May,early,1920s,location,location,not_found,"PLSS not found: missing section, township, range",done,,100,failed,not_found,,,,failed,exception,,done,,99,skipped,,,
X_HARJO 1_2005372,s3://osu-well-records-225989338968/pdfs/ExportedFolderContents_1/1923/05 - May/X_HARJO 1_2005372.pdf,1,1923,05 - May,early,1920s,location,location,not_found,"PLSS not found: missing section, township, range",done,,100,failed,not_found,,,,failed,exception,,done,,97,skipped,,,
X_HICKMAN 8_1415083,s3://osu-well-records-225989338968/pdfs/ExportedFolderContents_1/1923/05 - May/X_HICKMAN 8_1415083.pdf,1,1923,05 - May,early,1920s,location,location,not_found,"PLSS not found: missing section, township, range",done,,98,failed,not_found,,,,failed,exception,,done,,96,skipped,,,
X_HICKMAN 8_1415084,s3://osu-well-records-225989338968/pdfs/ExportedFolderContents_1/1923/05 - May/X_HICKMAN 8_1415084.pdf,1,1923,05 - May,early,1920s,location,location,not_found,"PLSS not found: missing section, township, range",done,,98,failed,not_found,,,,failed,exception,,done,,96,skipped,,,
X_J LARNEY_2005561,s3://osu-well-records-225989338968/pdfs/ExportedFolderContents_1/1923/05 - May/X_J LARNEY_2005561.pdf,1,1923,05 - May,early,1920s,location,location,not_found,"PLSS not found: missing section, township, range",done,,96,failed,not_found,,,,failed,exception,,failed,exception,,skipped,,,
X_J M THOMPSON 3_2289046,s3://osu-well-records-225989338968/pdfs/ExportedFolderContents_1/1923/05 - May/X_J M THOMPSON 3_2289046.pdf,1,1923,05 - May,early,1920s,location,location,not_found,"PLSS not found: missing section, township, range",done,,99,failed,not_found,,,,failed,keyword_not_found,,done,,99,skipped,,,
X_J REECE 1_2005506,s3://osu-well-records-225989338968/pdfs/ExportedFolderContents_1/1923/05 - May/X_J REECE 1_2005506.pdf,1,1923,05 - May,early,1920s,location,location,not_found,"PLSS not found: missing section, township, range",done,,99,failed,not_found,,,,failed,keyword_not_found,,done,,99,skipped,,,
X_J. REECE 1_2289059,s3://osu-well-records-225989338968/pdfs/ExportedFolderContents_1/1923/05 - May/X_J. REECE 1_2289059.pdf,1,1923,05 - May,early,1920s,location,location,not_found,"PLSS not found: missing section, township, range",done,,99,failed,not_found,,,,failed,keyword_not_found,,done,,99,skipped,,,
X_JEFFERSON 3_2364570,s3://osu-well-records-225989338968/pdfs/ExportedFolderContents_1/1923/05 - May/X_JEFFERSON 3_2364570.pdf,1,1923,05 - May,early,1920s,location,location,not_found,"PLSS not found: missing section, township, range",done,,99,failed,not_found,,,,failed,exception,,done,,76,skipped,,,
X_JOHN & LULA JAMES 1_782314,s3://osu-well-records-225989338968/pdfs/ExportedFolderContents_1/1923/05 - May/X_JOHN & LULA JAMES 1_782314.pdf,1,1923,05 - May,early,1920s,location,location,not_found,"PLSS not found: missing section, township, range",done,,100,failed,not_found,,,,failed,exception,,done,,100,skipped,,,
X_JOHN EARNEST 1_2005462,s3://osu-well-records-225989338968/pdfs/ExportedFolderContents_1/1923/05 - May/X_JOHN EARNEST 1_2005462.pdf,1,1923,05 - May,early,1920s,location,location,not_found,"PLSS not found: missing section, township, range",done,,100,failed,not_found,,,,failed,exception,,failed,exception,,skipped,,,
X_JONES 1_2288918,s3://osu-well-records-225989338968/pdfs/ExportedFolderContents_1/1923/05 - May/X_JONES 1_2288918.pdf,1,1923,05 - May,early,1920s,location,location,not_found,"PLSS not found: missing section, township, range",done,,100,failed,not_found,,,,failed,keyword_not_found,,failed,exception,,skipped,,,
X_LEASE 1522_2289035,s3://osu-well-records-225989338968/pdfs/ExportedFolderContents_1/1923/05 - May/X_LEASE 1522_2289035.pdf,1,1923,05 - May,early,1920s,location,location,not_found,"PLSS not found: missing section, township, range",done,,100,failed,not_found,,,,failed,exception,,done,,98,skipped,,,
X_LOUIS NEWBERRY 6_782343,s3://osu-well-records-225989338968/pdfs/ExportedFolderContents_1/1923/05 - May/X_LOUIS NEWBERRY 6_782343.pdf,1,1923,05 - May,early,1920s,location,location,not_found,"PLSS not found: missing section, township, range",done,,94,failed,not_found,,,,failed,exception,,done,,99,skipped,,,
X_MAMIE RILEY 2_2288993,s3://osu-well-records-225989338968/pdfs/ExportedFolderContents_1/1923/05 - May/X_MAMIE RILEY 2_2288993.pdf,1,1923,05 - May,early,1920s,location,location,not_found,"PLSS not found: missing section, township, range",done,,100,failed,not_found,,,,failed,exception,,failed,exception,,skipped,,,
X_MAMIE RILEY 2_2288996,s3://osu-well-records-225989338968/pdfs/ExportedFolderContents_1/1923/05 - May/X_MAMIE RILEY 2_2288996.pdf,1,1923,05 - May,early,1920s,location,location,not_found,"PLSS not found: missing section, township, range",done,,100,failed,not_found,,,,failed,exception,,done,,98,skipped,,,
X_MAMIE RILEY 2_2288997,s3://osu-well-records-225989338968/pdfs/ExportedFolderContents_1/1923/05 - May/X_MAMIE RILEY 2_2288997.pdf,1,1923,05 - May,early,1920s,location,location,not_found,"PLSS not found: missing section, township, range",done,,100,failed,not_found,,,,failed,exception,,failed,exception,,skipped,,,
X_MAMIE RILEY 2_2288998,s3://osu-well-records-225989338968/pdfs/ExportedFolderContents_1/1923/05 - May/X_MAMIE RILEY 2_2288998.pdf,1,1923,05 - May,early,1920s,location,location,not_found,"PLSS not found: missing section, township, range",done,,100,failed,not_found,,,,failed,exception,,done,,98,skipped,,,
X_MANLEY E 2_2005404,s3://osu-well-records-225989338968/pdfs/ExportedFolderContents_1/1923/05 - May/X_MANLEY E 2_2005404.pdf,1,1923,05 - May,early,1920s,location,location,not_found,"PLSS not found: missing section, township, range",done,,99,failed,not_found,,,,failed,keyword_not_found,,failed,exception,,skipped,,,
X_MCDERMOTT 1_2005536,s3://osu-well-records-225989338968/pdfs/ExportedFolderContents_1/1923/05 - May/X_MCDERMOTT 1_2005536.pdf,1,1923,05 - May,early,1920s,location,location,not_found,"PLSS not found: missing section, township, range",done,,98,failed,not_found,,,,failed,exception,,done,,99,skipped,,,
X_MCNAC 2_2005533,s3://osu-well-records-225989338968/pdfs/ExportedFolderContents_1/1923/05 - May/X_MCNAC 2_2005533.pdf,1,1923,05 - May,early,1920s,location,location,not_found,"PLSS not found: missing section, township, range",done,,100,failed,not_found,,,,failed,exception,,done,,98,skipped,,,
X_MCNAC 2_2005630,s3://osu-well-records-225989338968/pdfs/ExportedFolderContents_1/1923/05 - May/X_MCNAC 2_2005630.pdf,1,1923,05 - May,early,1920s,location,location,not_found,"PLSS not found: missing section, township, range",done,,97,failed,not_found,,,,failed,exception,,done,,99,skipped,,,
X_MILLER-GROVES 1_2289043,s3://osu-well-records-225989338968/pdfs/ExportedFolderContents_1/1923/05 - May/X_MILLER-GROVES 1_2289043.pdf,1,1923,05 - May,early,1920s,location,location,not_found,"PLSS not found: missing section, township, range",done,,100,failed,not_found,,,,failed,exception,,failed,exception,,skipped,,,
X_NE_4 7_1415082,s3://osu-well-records-225989338968/pdfs/ExportedFolderContents_1/1923/05 - May/X_NE_4 7_1415082.pdf,1,1923,05 - May,early,1920s,location,location,not_found,"PLSS not found: missing section, township, range",done,,99,failed,not_found,,,,failed,keyword_not_found,,done,,99,skipped,,,
X_No Data_1054407,s3://osu-well-records-225989338968/pdfs/ExportedFolderContents_1/1923/05 - May/X_No Data_1054407.pdf,1,1923,05 - May,early,1920s,location,location,not_found,"PLSS not found: missing section, township, range",done,,99,failed,not_found,,,,failed,exception,,done,,75,skipped,,,
X_No Data_1054505,s3://osu-well-records-225989338968/pdfs/ExportedFolderContents_1/1923/05 - May/X_No Data_1054505.pdf,1,1923,05 - May,early,1920s,location,location,not_found,"PLSS not found: missing section, township, range",done,,100,failed,not_found,,,,failed,keyword_not_found,,done,,99,skipped,,,
X_No Data_1054751,s3://osu-well-records-225989338968/pdfs/ExportedFolderContents_1/1923/05 - May/X_No Data_1054751.pdf,1,1923,05 - May,early,1920s,location,location,not_found,"PLSS not found: missing section, township, range",done,,99,failed,not_found,,,,failed,keyword_not_found,,done,,98,skipped,,,
X_No Data_1414923,s3://osu-well-records-225989338968/pdfs/ExportedFolderContents_1/1923/05 - May/X_No Data_1414923.pdf,1,1923,05 - May,early,1920s,location,location,not_found,"PLSS not found: missing section, township, range",done,,100,failed,not_found,,,,failed,keyword_not_found,,done,,99,skipped,,,
X_No Data_1415057,s3://osu-well-records-225989338968/pdfs/ExportedFolderContents_1/1923/05 - May/X_No Data_1415057.pdf,1,1923,05 - May,early,1920s,location,location,not_found,"PLSS not found: missing section, township, range",done,,99,failed,not_found,,,,failed,keyword_not_found,,done,,98,skipped,,,
X_No Data_2005247,s3://osu-well-records-225989338968/pdfs/ExportedFolderContents_1/1923/05 - May/X_No Data_2005247.pdf,1,1923,05 - May,early,1920s,location,location,not_found,"PLSS not found: missing section, township, range",done,,100,failed,not_found,,,,failed,keyword_not_found,,done,,98,skipped,,,
X_No Data_2005430,s3://osu-well-records-225989338968/pdfs/ExportedFolderContents_1/1923/05 - May/X_No Data_2005430.pdf,1,1923,05 - May,early,1920s,location,location,not_found,"PLSS not found: missing section, township, range",done,,100,failed,not_found,,,,failed,exception,,failed,exception,,skipped,,,
X_No Data_2288920,s3://osu-well-records-225989338968/pdfs/ExportedFolderContents_1/1923/05 - May/X_No Data_2288920.pdf,1,1923,05 - May,early,1920s,location,location,not_found,"PLSS not found: missing section, township, range",done,,99,failed,not_found,,,,failed,exception,,done,,99,skipped,,,
X_No Data_2288921,s3://osu-well-records-225989338968/pdfs/ExportedFolderContents_1/1923/05 - May/X_No Data_2288921.pdf,1,1923,05 - May,early,1920s,location,location,not_found,"PLSS not found: missing section, township, range",done,,100,failed,not_found,,,,failed,exception,,done,,99,skipped,,,
X_No Data_2288932,s3://osu-well-records-225989338968/pdfs/ExportedFolderContents_1/1923/05 - May/X_No Data_2288932.pdf,1,1923,05 - May,early,1920s,location,location,not_found,"PLSS not found: missing section, township, range",done,,100,failed,not_found,,,,failed,keyword_not_found,,done,,98,skipped,,,
X_No Data_2288956,s3://osu-well-records-225989338968/pdfs/ExportedFolderContents_1/1923/05 - May/X_No Data_2288956.pdf,1,1923,05 - May,early,1920s,location,location,not_found,"PLSS not found: missing section, township, range",done,,99,failed,not_found,,,,failed,exception,,done,,99,skipped,,,
X_No Data_2288957,s3://osu-well-records-225989338968/pdfs/ExportedFolderContents_1/1923/05 - May/X_No Data_2288957.pdf,1,1923,05 - May,early,1920s,location,location,not_found,"PLSS not found: missing section, township, range",done,,99,failed,not_found,,,,failed,keyword_not_found,,done,,98,skipped,,,
X_No Data_2289025,s3://osu-well-records-225989338968/pdfs/ExportedFolderContents_1/1923/05 - May/X_No Data_2289025.pdf,1,1923,05 - May,early,1920s,location,location,not_found,"PLSS not found: missing section, township, range",done,,100,failed,not_found,,,,failed,exception,,done,,99,skipped,,,
X_OSAGE_2005465,s3://osu-well-records-225989338968/pdfs/ExportedFolderContents_1/1923/05 - May/X_OSAGE_2005465.pdf,1,1923,05 - May,early,1920s,location,location,not_found,"PLSS not found: missing section, township, range",done,,100,failed,not_found,,,,failed,exception,,failed,exception,,skipped,,,
X_OSAGE_2289010,s3://osu-well-records-225989338968/pdfs/ExportedFolderContents_1/1923/05 - May/X_OSAGE_2289010.pdf,1,1923,05 - May,early,1920s,location,location,not_found,"PLSS not found: missing section, township, range",done,,98,failed,not_found,,,,failed,keyword_not_found,,done,,99,skipped,,,
X_OSAGE_2289041,s3://osu-well-records-225989338968/pdfs/ExportedFolderContents_1/1923/05 - May/X_OSAGE_2289041.pdf,1,1923,05 - May,early,1920s,location,location,not_found,"PLSS not found: missing section, township, range",done,,100,failed,not_found,,,,failed,exception,,failed,exception,,skipped,,,
X_OSAGE_2289065,s3://osu-well-records-225989338968/pdfs/ExportedFolderContents_1/1923/05 - May/X_OSAGE_2289065.pdf,1,1923,05 - May,early,1920s,location,location,not_found,"PLSS not found: missing section, township, range",done,,100,failed,not_found,,,,failed,keyword_not_found,,done,,99,skipped,,,
X_OSAGE_2289067,s3://osu-well-records-225989338968/pdfs/ExportedFolderContents_1/1923/05 - May/X_OSAGE_2289067.pdf,1,1923,05 - May,early,1920s,location,location,not_found,"PLSS not found: missing section, township, range",done,,100,failed,not_found,,,,failed,exception,,done,,100,skipped,,,
X_OSBORNE 8_2005266,s3://osu-well-records-225989338968/pdfs/ExportedFolderContents_1/1923/05 - May/X_OSBORNE 8_2005266.pdf,1,1923,05 - May,early,1920s,location,location,not_found,"PLSS not found: missing section, township, range",done,,93,failed,not_found,,,,failed,exception,,done,,100,skipped,,,
X_RAPER  2_2005539,s3://osu-well-records-225989338968/pdfs/ExportedFolderContents_1/1923/05 - May/X_RAPER  2_2005539.pdf,1,1923,05 - May,early,1920s,location,location,not_found,"PLSS not found: missing section, township, range",done,,99,failed,not_found,,,,failed,exception,,failed,exception,,skipped,,,
X_RAPER 3_2005544,s3://osu-well-records-225989338968/pdfs/ExportedFolderContents_1/1923/05 - May/X_RAPER 3_2005544.pdf,1,1923,05 - May,early,1920s,location,location,not_found,"PLSS not found: missing section, township, range",done,,100,failed,not_found,,,,failed,exception,,failed,exception,,skipped,,,
X_REED 1_920683,s3://osu-well-records-225989338968/pdfs/ExportedFolderContents_1/1923/05 - May/X_REED 1_920683.pdf,1,1923,05 - May,early,1920s,location,location,not_found,"PLSS not found: missing section, township, range",done,,100,failed,not_found,,,,failed,exception,,done,,99,skipped,,,
X_RIGGS 4_2005496,s3://osu-well-records-225989338968/pdfs/ExportedFolderContents_1/1923/05 - May/X_RIGGS 4_2005496.pdf,1,1923,05 - May,early,1920s,location,location,not_found,"PLSS not found: missing section, township, range",done,,90,failed,not_found,,,,failed,exception,,failed,exception,,skipped,,,
X_RIGGS 4_2289057,s3://osu-well-records-225989338968/pdfs/ExportedFolderContents_1/1923/05 - May/X_RIGGS 4_2289057.pdf,1,1923,05 - May,early,1920s,location,location,not_found,"PLSS not found: missing section, township, range",done,,90,failed,not_found,,,,failed,exception,,failed,exception,,skipped,,,
X_RILEY 2_1384947,s3://osu-well-records-225989338968/pdfs/ExportedFolderContents_1/1923/05 - May/X_RILEY 2_1384947.pdf,1,1923,05 - May,early,1920s,location,location,not_found,"PLSS not found: missing section, township, range",done,,100,failed,not_found,,,,failed,exception,,done,,98,skipped,,,
X_RILEY 2_1384948,s3://osu-well-records-225989338968/pdfs/ExportedFolderContents_1/1923/05 - May/X_RILEY 2_1384948.pdf,1,1923,05 - May,early,1920s,location,location,not_found,"PLSS not found: missing section, township, range",done,,100,failed,not_found,,,,failed,exception,,failed,exception,,skipped,,,
X_ROBT. LESTER 1_2005549,s3://osu-well-records-225989338968/pdfs/ExportedFolderContents_1/1923/05 - May/X_ROBT. LESTER 1_2005549.pdf,1,1923,05 - May,early,1920s,location,location,not_found,"PLSS not found: missing section, township, range",done,,100,failed,not_found,,,,failed,exception,,failed,exception,,skipped,,,
X_S H COWAN 18_782311,s3://osu-well-records-225989338968/pdfs/ExportedFolderContents_1/1923/05 - May/X_S H COWAN 18_782311.pdf,1,1923,05 - May,early,1920s,location,location,not_found,"PLSS not found: missing section, township, range",done,,100,failed,not_found,,,,failed,exception,,done,,99,skipped,,,
X_S V THOMAS A 6_782310,s3://osu-well-records-225989338968/pdfs/ExportedFolderContents_1/1923/05 - May/X_S V THOMAS A 6_782310.pdf,1,1923,05 - May,early,1920s,location,location,not_found,"PLSS not found: missing section, township, range",done,,100,failed,not_found,,,,failed,exception,,done,,99,skipped,,,
X_SCHOOL LAND 102 WELL 1_2005258,s3://osu-well-records-225989338968/pdfs/ExportedFolderContents_1/1923/05 - May/X_SCHOOL LAND 102 WELL 1_2005258.pdf,1,1923,05 - May,early,1920s,location,location,not_found,"PLSS not found: missing section, township, range",done,,99,failed,not_found,,,,failed,exception,,done,,98,skipped,,,
X_W O GRAY 1_1567053,s3://osu-well-records-225989338968/pdfs/ExportedFolderContents_1/1923/05 - May/X_W O GRAY 1_1567053.pdf,1,1923,05 - May,early,1920s,location,location,not_found,"PLSS not found: missing section, township, range",done,,100,failed,not_found,,,,failed,exception,,done,,99,skipped,,,
X_W. C. WOOD 1_2464887,s3://osu-well-records-225989338968/pdfs/ExportedFolderContents_1/1923/05 - May/X_W. C. WOOD 1_2464887.pdf,1,1923,05 - May,early,1920s,location,location,not_found,"PLSS not found: missing section, township, range",done,,99,failed,not_found,,,,failed,keyword_not_found,,done,,98,skipped,,,
X_WARREN 1_782329,s3://osu-well-records-225989338968/pdfs/ExportedFolderContents_1/1923/05 - May/X_WARREN 1_782329.pdf,1,1923,05 - May,early,1920s,location,location,not_found,"PLSS not found: missing section, township, range",done,,100,failed,not_found,,,,failed,exception,,done,,99,skipped,,,
X_WILSON 4_516646,s3://osu-well-records-225989338968/pdfs/ExportedFolderContents_1/1923/05 - May/X_WILSON 4_516646.pdf,1,1923,05 - May,early,1920s,location,location,not_found,"PLSS not found: missing section, township, range",done,,100,failed,not_found,,,,failed,exception,,done,,98,skipped,,,
X_X_2005223,s3://osu-well-records-225989338968/pdfs/ExportedFolderContents_1/1923/05 - May/X_X_2005223.pdf,1,1923,05 - May,early,1920s,location,location,not_found,"PLSS not found: missing section, township, range",done,,99,failed,not_found,,,,failed,keyword_not_found,,done,,100,skipped,,,
X_X_2005417,s3://osu-well-records-225989338968/pdfs/ExportedFolderContents_1/1923/05 - May/X_X_2005417.pdf,1,1923,05 - May,early,1920s,location,location,not_found,"PLSS not found: missing section, township, range",done,,100,failed,not_found,,,,failed,keyword_not_found,,failed,exception,,skipped,,,
X_X_2289030,s3://osu-well-records-225989338968/pdfs/ExportedFolderContents_1/1923/05 - May/X_X_2289030.pdf,1,1923,05 - May,early,1920s,location,location,not_found,"PLSS not found: missing section, township, range",done,,99,failed,not_found,,,,failed,exception,,done,,99,skipped,,,
X_X_2464912,s3://osu-well-records-225989338968/pdfs/ExportedFolderContents_1/1923/05 - May/X_X_2464912.pdf,1,1923,05 - May,early,1920s,location,location,not_found,"PLSS not found: missing section, township, range",done,,100,failed,not_found,,,,failed,keyword_not_found,,done,,99,skipped,,,
X_YATES 1_988184,s3://osu-well-records-225989338968/pdfs/ExportedFolderContents_1/1923/05 - May/X_YATES 1_988184.pdf,1,1923,05 - May,early,1920s,location,location,not_found,"PLSS not found: missing section, township, range",done,,99,failed,not_found,,,,failed,exception,,done,,98,skipped,,,
X_YATES 2_988201,s3://osu-well-records-225989338968/pdfs/ExportedFolderContents_1/1923/05 - May/X_YATES 2_988201.pdf,1,1923,05 - May,early,1920s,location,location,not_found,"PLSS not found: missing section, township, range",done,,89,failed,not_found,,,,failed,exception,,done,,99,skipped,,,
X_YATES 3_988177,s3://osu-well-records-225989338968/pdfs/ExportedFolderContents_1/1923/05 - May/X_YATES 3_988177.pdf,1,1923,05 - May,early,1920s,location,location,not_found,"PLSS not found: missing section, township, range",done,,100,failed,not_found,,,,failed,exception,,done,,98,skipped,,,
X_YATES 5_920777,s3://osu-well-records-225989338968/pdfs/ExportedFolderContents_1/1923/05 - May/X_YATES 5_920777.pdf,1,1923,05 - May,early,1920s,location,location,not_found,"PLSS not found: missing section, township, range",done,,100,failed,not_found,,,,failed,exception,,failed,exception,,skipped,,,
X_YATES 5_920778,s3://osu-well-records-225989338968/pdfs/ExportedFolderContents_1/1923/05 - May/X_YATES 5_920778.pdf,1,1923,05 - May,early,1920s,location,location,not_found,"PLSS not found: missing section, township, range",done,,99,failed,not_found,,,,failed,keyword_not_found,,done,,100,skipped,,,
x_C.R. SMITH 3_920708,s3://osu-well-records-225989338968/pdfs/ExportedFolderContents_1/1923/05 - May/x_C.R. SMITH 3_920708.pdf,1,1923,05 - May,early,1920s,location,location,not_found,"PLSS not found: missing section, township, range",done,,90,failed,not_found,,,,failed,exception,,done,,99,skipped,,,
x_ED MARTIN 4_920697,s3://osu-well-records-225989338968/pdfs/ExportedFolderContents_1/1923/05 - May/x_ED MARTIN 4_920697.pdf,1,1923,05 - May,early,1920s,location,location,not_found,"PLSS not found: missing section, township, range",done,,100,failed,not_found,,,,failed,keyword_not_found,,done,,99,skipped,,,
x_WATKINS 1_516669,s3://osu-well-records-225989338968/pdfs/ExportedFolderContents_1/1923/05 - May/x_WATKINS 1_516669.pdf,1,1923,05 - May,early,1920s,location,location,not_found,"PLSS not found: missing section, township, range",done,,99,failed,not_found,,,,failed,keyword_not_found,,done,,99,skipped,,,
00000000_No Data_1054872,s3://osu-well-records-225989338968/pdfs/ExportedFolderContents_1/1923/06 - June/00000000_No Data_1054872.pdf,1,1923,06 - June,early,1920s,location,location,not_found,"PLSS not found: missing section, township, range",done,,99,failed,not_found,,,,failed,exception,,done,,98,skipped,,,
00000000_No Data_1054890,s3://osu-well-records-225989338968/pdfs/ExportedFolderContents_1/1923/06 - June/00000000_No Data_1054890.pdf,1,1923,06 - June,early,1920s,location,location,not_found,"PLSS not found: missing section, township, range",done,,100,failed,not_found,,,,failed,exception,,done,,99,skipped,,,
00000000_No Data_1054981,s3://osu-well-records-225989338968/pdfs/ExportedFolderContents_1/1923/06 - June/00000000_No Data_1054981.pdf,1,1923,06 - June,early,1920s,location,location,not_found,"PLSS not found: missing section, township, range",done,,100,failed,not_found,,,,failed,keyword_not_found,,done,,100,skipped,,,
00000000_No Data_1055005,s3://osu-well-records-225989338968/pdfs/ExportedFolderContents_1/1923/06 - June/00000000_No Data_1055005.pdf,1,1923,06 - June,early,1920s,location,location,not_found,"PLSS not found: missing section, township, range",done,,100,failed,not_found,,,,failed,exception,,failed,exception,,skipped,,,
00000000_No Data_1055069,s3://osu-well-records-225989338968/pdfs/ExportedFolderContents_1/1923/06 - June/00000000_No Data_1055069.pdf,1,1923,06 - June,early,1920s,location,location,not_found,"PLSS not found: missing section, township, range",done,,98,failed,not_found,,,,failed,exception,,done,,94,skipped,,,
00000000_No Data_1055072,s3://osu-well-records-225989338968/pdfs/ExportedFolderContents_1/1923/06 - June/00000000_No Data_1055072.pdf,1,1923,06 - June,early,1920s,location,location,not_found,"PLSS not found: missing section, township, range",done,,100,failed,not_found,,,,failed,keyword_not_found,,done,,98,skipped,,,
00000000_No Data_1055092,s3://osu-well-records-225989338968/pdfs/ExportedFolderContents_1/1923/06 - June/00000000_No Data_1055092.pdf,1,1923,06 - June,early,1920s,location,location,not_found,"PLSS not found: missing section, township, range",done,,100,failed,not_found,,,,failed,exception,,done,,99,skipped,,,
00000000_No Data_1055177,s3://osu-well-records-225989338968/pdfs/ExportedFolderContents_1/1923/06 - June/00000000_No Data_1055177.pdf,1,1923,06 - June,early,1920s,location,location,not_found,"PLSS not found: missing section, township, range",done,,100,failed,not_found,,,,failed,exception,,done,,99,skipped,,,
13710452_J T AULT 1_920877,s3://osu-well-records-225989338968/pdfs/ExportedFolderContents_1/1923/06 - June/13710452_J T AULT 1_920877.pdf,1,1923,06 - June,early,1920s,location,location,not_found,"PLSS not found: missing section, township, range",done,,100,failed,not_found,,,,failed,exception,,done,,99,skipped,,,
13710524_MYRTLE DILLARD 7_5765148,s3://osu-well-records-225989338968/pdfs/ExportedFolderContents_1/1923/06 - June/13710524_MYRTLE DILLARD 7_5765148.pdf,1,1923,06 - June,early,1920s,location,location,not_found,"PLSS not found: missing section, township, range",done,,91,failed,not_found,,,,failed,exception,,done,,100,skipped,,,
13710630_J W WILSON 4_920892,s3://osu-well-records-225989338968/pdfs/ExportedFolderContents_1/1923/06 - June/13710630_J W WILSON 4_920892.pdf,1,1923,06 - June,early,1920s,location,location,not_found,"PLSS not found: missing section, township, range",done,,99,failed,not_found,,,,failed,keyword_not_found,,done,,98,skipped,,,
13710643_KILLINGSWORTH 2_920803,s3://osu-well-records-225989338968/pdfs/ExportedFolderContents_1/1923/06 - June/13710643_KILLINGSWORTH 2_920803.pdf,1,1923,06 - June,early,1920s,location,location,not_found,"PLSS not found: missing section, township, range",done,,100,failed,not_found,,,,failed,exception,,failed,exception,,skipped,,,
13710728_CHAPMAN DOAK 5_920807,s3://osu-well-records-225989338968/pdfs/ExportedFolderContents_1/1923/06 - June/13710728_CHAPMAN DOAK 5_920807.pdf,1,1923,06 - June,early,1920s,location,location,not_found,"PLSS not found: missing section, township, range",done,,100,failed,not_found,,,,failed,keyword_not_found,,done,,99,skipped,,,
13712371_SMITH 8_920832,s3://osu-well-records-225989338968/pdfs/ExportedFolderContents_1/1923/06 - June/13712371_SMITH 8_920832.pdf,1,1923,06 - June,early,1920s,location,location,not_found,"PLSS not found: missing section, township, range",done,,100,failed,not_found,,,,failed,exception,,done,,100,skipped,,,
13712371_SMITH 8_920833,s3://osu-well-records-225989338968/pdfs/ExportedFolderContents_1/1923/06 - June/13712371_SMITH 8_920833.pdf,1,1923,06 - June,early,1920s,location,location,not_found,"PLSS not found: missing section, township, range",done,,99,failed,not_found,,,,failed,exception,,done,,98,skipped,,,
13712424_TEXAS PECK 7_920849,s3://osu-well-records-225989338968/pdfs/ExportedFolderContents_1/1923/06 - June/13712424_TEXAS PECK 7_920849.pdf,1,1923,06 - June,early,1920s,location,location,not_found,"PLSS not found: missing section, township, range",done,,87,failed,not_found,,,,failed,keyword_not_found,,done,,97,skipped,,,
13712424_TEXAS PECK 7_920850,s3://osu-well-records-225989338968/pdfs/ExportedFolderContents_1/1923/06 - June/13712424_TEXAS PECK 7_920850.pdf,1,1923,06 - June,early,1920s,location,location,not_found,"PLSS not found: missing section, township, range",done,,100,failed,not_found,,,,failed,keyword_not_found,,done,,100,skipped,,,
13712430_E T ZIGLER 12_920795,s3://osu-well-records-225989338968/pdfs/ExportedFolderContents_1/1923/06 - June/13712430_E T ZIGLER 12_920795.pdf,1,1923,06 - June,early,1920s,location,location,not_found,"PLSS not found: missing section, township, range",done,,100,failed,not_found,,,,failed,exception,,failed,exception,,skipped,,,
13712430_ZIEGLER 12_920796,s3://osu-well-records-225989338968/pdfs/ExportedFolderContents_1/1923/06 - June/13712430_ZIEGLER 12_920796.pdf,1,1923,06 - June,early,1920s,location,location,not_found,"PLSS not found: missing section, township, range",done,,100,failed,not_found,,,,failed,keyword_not_found,,done,,98,skipped,,,
13712491_WIRT FRANKLIN 17_920820,s3://osu-well-records-225989338968/pdfs/ExportedFolderContents_1/1923/06 - June/13712491_WIRT FRANKLIN 17_920820.pdf,1,1923,06 - June,early,1920s,location,location,not_found,"PLSS not found: missing section, township, range",done,,88,failed,not_found,,,,failed,exception,,failed,exception,,skipped,,,
13712492_W FRANKLIN 18_920858,s3://osu-well-records-225989338968/pdfs/ExportedFolderContents_1/1923/06 - June/13712492_W FRANKLIN 18_920858.pdf,1,1923,06 - June,early,1920s,location,location,not_found,"PLSS not found: missing section, township, range",done,,99,failed,not_found,,,,failed,exception,,failed,exception,,skipped,,,
13712492_W FRANKLIN 18_920859,s3://osu-well-records-225989338968/pdfs/ExportedFolderContents_1/1923/06 - June/13712492_W FRANKLIN 18_920859.pdf,1,1923,06 - June,early,1920s,location,location,not_found,"PLSS not found: missing section, township, range",done,,100,failed,not_found,,,,failed,exception,,done,,99,skipped,,,
13712493_W FRANKLIN 19_920890,s3://osu-well-records-225989338968/pdfs/ExportedFolderContents_1/1923/06 - June/13712493_W FRANKLIN 19_920890.pdf,1,1923,06 - June,early,1920s,location,location,not_found,"PLSS not found: missing section, township, range",done,,100,failed,not_found,,,,failed,exception,,done,,99,skipped,,,
13712493_W FRANKLIN 19_920895,s3://osu-well-records-225989338968/pdfs/ExportedFolderContents_1/1923/06 - June/13712493_W FRANKLIN 19_920895.pdf,1,1923,06 - June,early,1920s,location,location,not_found,"PLSS not found: missing section, township, range",done,,100,failed,not_found,,,,failed,keyword_not_found,,failed,exception,,skipped,,,
13712585_FRENSLEY 14_920865,s3://osu-well-records-225989338968/pdfs/ExportedFolderContents_1/1923/06 - June/13712585_FRENSLEY 14_920865.pdf,1,1923,06 - June,early,1920s,location,location,not_found,"PLSS not found: missing section, township, range",done,,100,failed,not_found,,,,failed,exception,,done,,98,skipped,,,
13712585_FRENSLEY 14_920867,s3://osu-well-records-225989338968/pdfs/ExportedFolderContents_1/1923/06 - June/13712585_FRENSLEY 14_920867.pdf,1,1923,06 - June,early,1920s,location,location,not_found,"PLSS not found: missing section, township, range",done,,100,failed,not_found,,,,failed,keyword_not_found,,done,,100,skipped,,,
13712586_FRENSLEY 15_920886,s3://osu-well-records-225989338968/pdfs/ExportedFolderContents_1/1923/06 - June/13712586_FRENSLEY 15_920886.pdf,1,1923,06 - June,early,1920s,location,location,not_found,"PLSS not found: missing section, township, range",done,,99,failed,not_found,,,,failed,keyword_not_found,,done,,99,skipped,,,
13712586_FRENSLEY 15_920887,s3://osu-well-records-225989338968/pdfs/ExportedFolderContents_1/1923/06 - June/13712586_FRENSLEY 15_920887.pdf,1,1923,06 - June,early,1920s,location,location,not_found,"PLSS not found: missing section, township, range",done,,100,failed,not_found,,,,failed,exception,,done,,99,skipped,,,
13712698_C.C. WORRELL 5_920885,s3://osu-well-records-225989338968/pdfs/ExportedFolderContents_1/1923/06 - June/13712698_C.C. WORRELL 5_920885.pdf,1,1923,06 - June,early,1920s,location,location,not_found,"PLSS not found: missing section, township, range",done,,100,failed,not_found,,,,failed,keyword_not_found,,failed,exception,,skipped,,,
13712735_J P BARTLEY 1_920822,s3://osu-well-records-225989338968/pdfs/ExportedFolderContents_1/1923/06 - June/13712735_J P BARTLEY 1_920822.pdf,1,1923,06 - June,early,1920s,location,location,not_found,"PLSS not found: missing section, township, range",done,,100,failed,not_found,,,,failed,exception,,done,,99,skipped,,,
13712739_BRITTAIN 4_782389,s3://osu-well-records-225989338968/pdfs/ExportedFolderContents_1/1923/06 - June/13712739_BRITTAIN 4_782389.pdf,1,1923,06 - June,early,1920s,location,location,not_found,"PLSS not found: missing section, township, range",done,,92,failed,not_found,,,,failed,exception,,done,,99,skipped,,,
13712778_WILKINSON 3_920846,s3://osu-well-records-225989338968/pdfs/ExportedFolderContents_1/1923/06 - June/13712778_WILKINSON 3_920846.pdf,1,1923,06 - June,early,1920s,location,location,not_found,"PLSS not found: missing section, township, range",done,,99,failed,not_found,,,,failed,keyword_not_found,,done,,98,skipped,,,
13712849_W H HALL 3_920811,s3://osu-well-records-225989338968/pdfs/ExportedFolderContents_1/1923/06 - June/13712849_W H HALL 3_920811.pdf,1,1923,06 - June,early,1920s,location,location,not_found,"PLSS not found: missing section, township, range",done,,99,failed,not_found,,,,failed,keyword_not_found,,done,,99,skipped,,,
13713050_SCHOOL LAND 162 1_920881,s3://osu-well-records-225989338968/pdfs/ExportedFolderContents_1/1923/06 - June/13713050_SCHOOL LAND 162 1_920881.pdf,1,1923,06 - June,early,1920s,location,location,not_found,"PLSS not found: missing section, township, range",done,,100,failed,not_found,,,,failed,exception,,done,,96,skipped,,,
13713279_E S ARMSTRONG 6_920835,s3://osu-well-records-225989338968/pdfs/ExportedFolderContents_1/1923/06 - June/13713279_E S ARMSTRONG 6_920835.pdf,1,1923,06 - June,early,1920s,location,location,not_found,"PLSS not found: missing section, township, range",done,,100,failed,not_found,,,,failed,keyword_not_found,,failed,exception,,skipped,,,
13713712_C T GLASS 25_920815,s3://osu-well-records-225989338968/pdfs/ExportedFolderContents_1/1923/06 - June/13713712_C T GLASS 25_920815.pdf,1,1923,06 - June,early,1920s,location,location,not_found,"PLSS not found: missing section, township, range",done,,89,failed,not_found,,,,failed,exception,,failed,exception,,skipped,,,
13714437_L AKERS 3_782382,s3://osu-well-records-225989338968/pdfs/ExportedFolderContents_1/1923/06 - June/13714437_L AKERS 3_782382.pdf,1,1923,06 - June,early,1920s,location,location,not_found,"PLSS not found: missing section, township, range",done,,100,failed,not_found,,,,failed,exception,,failed,exception,,skipped,,,
13730004_GLASS B-25_51090320,s3://osu-well-records-225989338968/pdfs/ExportedFolderContents_1/1923/06 - June/13730004_GLASS B-25_51090320.pdf,1,1923,06 - June,early,1920s,location,location,not_found,"PLSS not found: missing section, township, range",done,,98,failed,not_found,,,,failed,exception,,failed,exception,,skipped,,,
14102177_OWEN 1_516688,s3://osu-well-records-225989338968/pdfs/ExportedFolderContents_1/1923/06 - June/14102177_OWEN 1_516688.pdf,1,1923,06 - June,early,1920s,location,location,not_found,"PLSS not found: missing section, township, range",done,,100,failed,not_found,,,,failed,exception,,failed,exception,,skipped,,,
14102177_OWEN 1_920824,s3://osu-well-records-225989338968/pdfs/ExportedFolderContents_1/1923/06 - June/14102177_OWEN 1_920824.pdf,1,1923,06 - June,early,1920s,location,location,not_found,"PLSS not found: missing section, township, range",done,,100,failed,not_found,,,,failed,exception,,failed,exception,,skipped,,,
14102196_CAPSHAW 2_516678,s3://osu-well-records-225989338968/pdfs/ExportedFolderContents_1/1923/06 - June/14102196_CAPSHAW 2_516678.pdf,1,1923,06 - June,early,1920s,location,location,not_found,"PLSS not found: missing section, township, range",done,,100,failed,not_found,,,,failed,exception,,done,,98,skipped,,,
14102196_CAPSHAW 2_920804,s3://osu-well-records-225989338968/pdfs/ExportedFolderContents_1/1923/06 - June/14102196_CAPSHAW 2_920804.pdf,1,1923,06 - June,early,1920s,location,location,not_found,"PLSS not found: missing section, township, range",done,,100,failed,not_found,,,,failed,exception,,done,,98,skipped,,,
14300241_DONEGHY 4_1055302,s3://osu-well-records-225989338968/pdfs/ExportedFolderContents_1/1923/06 - June/14300241_DONEGHY 4_1055302.pdf,1,1923,06 - June,early,1920s,location,location,not_found,"PLSS not found: missing section, township, range",done,,100,failed,not_found,,,,failed,keyword_not_found,,done,,99,skipped,,,
14300309_EVANS 1_1055079,s3://osu-well-records-225989338968/pdfs/ExportedFolderContents_1/1923/06 - June/14300309_EVANS 1_1055079.pdf,1,1923,06 - June,early,1920s,location,location,not_found,"PLSS not found: missing section, township, range",done,,88,failed,not_found,,,,failed,exception,,done,,98,skipped,,,
14302915_H E BART 1_1055020,s3://osu-well-records-225989338968/pdfs/ExportedFolderContents_1/1923/06 - June/14302915_H E BART 1_1055020.pdf,1,1923,06 - June,early,1920s,location,location,not_found,"PLSS not found: missing section, township, range",done,,100,failed,not_found,,,,failed,keyword_not_found,,failed,exception,,skipped,,,
14303006_WARNER 1_1055015,s3://osu-well-records-225989338968/pdfs/ExportedFolderContents_1/1923/06 - June/14303006_WARNER 1_1055015.pdf,1,1923,06 - June,early,1920s,location,location,not_found,"PLSS not found: missing section, township, range",done,,100,failed,not_found,,,,failed,exception,,failed,exception,,skipped,,,
14304320_R WILSON 10_1055255,s3://osu-well-records-225989338968/pdfs/ExportedFolderContents_1/1923/06 - June/14304320_R WILSON 10_1055255.pdf,1,1923,06 - June,early,1920s,location,location,not_found,"PLSS not found: missing section, township, range",done,,91,failed,not_found,,,,failed,keyword_not_found,,done,,94,skipped,,,
14304328_PERRY KELLY 4_1055119,s3://osu-well-records-225989338968/pdfs/ExportedFolderContents_1/1923/06 - June/14304328_PERRY KELLY 4_1055119.pdf,1,1923,06 - June,early,1920s,location,location,not_found,"PLSS not found: missing section, township, range",done,,99,failed,not_found,,,,failed,exception,,failed,exception,,skipped,,,
14304329_PERRY KELLY 5_1055211,s3://osu-well-records-225989338968/pdfs/ExportedFolderContents_1/1923/06 - June/14304329_PERRY KELLY 5_1055211.pdf,1,1923,06 - June,early,1920s,location,location,not_found,"PLSS not found: missing section, township, range",done,,99,failed,not_found,,,,failed,keyword_not_found,,done,,97,skipped,,,
14304775_No Data_1054938,s3://osu-well-records-225989338968/pdfs/ExportedFolderContents_1/1923/06 - June/14304775_No Data_1054938.pdf,1,1923,06 - June,early,1920s,location,location,not_found,"PLSS not found: missing section, township, range",done,,100,failed,not_found,,,,failed,exception,,failed,exception,,skipped,,,
14304810_JAXKMAN 1_1055070,s3://osu-well-records-225989338968/pdfs/ExportedFolderContents_1/1923/06 - June/14304810_JAXKMAN 1_1055070.pdf,1,1923,06 - June,early,1920s,location,location,not_found,"PLSS not found: missing section, township, range",done,,90,failed,not_found,,,,failed,keyword_not_found,,failed,exception,,skipped,,,
14304917_TOWNSEND 1_1415203,s3://osu-well-records-225989338968/pdfs/ExportedFolderContents_1/1923/06 - June/14304917_TOWNSEND 1_1415203.pdf,1,1923,06 - June,early,1920s,location,location,not_found,"PLSS not found: missing section, township, range",done,,88,failed,not_found,,,,failed,exception,,done,,79,skipped,,,
14305163_C NACHTIGAL 5_1415145,s3://osu-well-records-225989338968/pdfs/ExportedFolderContents_1/1923/06 - June/14305163_C NACHTIGAL 5_1415145.pdf,1,1923,06 - June,early,1920s,location,location,not_found,"PLSS not found: missing section, township, range",done,,99,failed,not_found,,,,failed,keyword_not_found,,failed,exception,,skipped,,,
14305211_MCALISTER 1_1415190,s3://osu-well-records-225989338968/pdfs/ExportedFolderContents_1/1923/06 - June/14305211_MCALISTER 1_1415190.pdf,1,1923,06 - June,early,1920s,location,location,not_found,"PLSS not found: missing section, township, range",done,,100,failed,not_found,,,,failed,exception,,failed,exception,,skipped,,,
14305594_SAMUEL K TODD 17_1415213,s3://osu-well-records-225989338968/pdfs/ExportedFolderContents_1/1923/06 - June/14305594_SAMUEL K TODD 17_1415213.pdf,1,1923,06 - June,early,1920s,location,location,not_found,"PLSS not found: missing section, township, range",done,,99,failed,not_found,,,,failed,exception,,failed,exception,,skipped,,,
14305902_HARRISON 16_1415245,s3://osu-well-records-225989338968/pdfs/ExportedFolderContents_1/1923/06 - June/14305902_HARRISON 16_1415245.pdf,1,1923,06 - June,early,1920s,location,location,not_found,"PLSS not found: missing section, township, range",done,,100,failed,not_found,,,,failed,exception,,done,,95,skipped,,,
14306532_OGAN 1_1415198,s3://osu-well-records-225989338968/pdfs/ExportedFolderContents_1/1923/06 - June/14306532_OGAN 1_1415198.pdf,1,1923,06 - June,early,1920s,location,location,not_found,"PLSS not found: missing section, township, range",done,,99,failed,not_found,,,,failed,exception,,done,,99,skipped,,,
14501572_WILCOX 2_1055251,s3://osu-well-records-225989338968/pdfs/ExportedFolderContents_1/1923/06 - June/14501572_WILCOX 2_1055251.pdf,1,1923,06 - June,early,1920s,location,location,not_found,"PLSS not found: missing section, township, range",done,,100,failed,not_found,,,,failed,exception,,failed,exception,,skipped,,,
14501595_VERNON ETAL 5_1364565,s3://osu-well-records-225989338968/pdfs/ExportedFolderContents_1/1923/06 - June/14501595_VERNON ETAL 5_1364565.pdf,1,1923,06 - June,early,1920s,location,location,not_found,"PLSS not found: missing section, township, range",done,,100,failed,not_found,,,,failed,exception,,done,,98,skipped,,,
14501947_VANN 1_1364557,s3://osu-well-records-225989338968/pdfs/ExportedFolderContents_1/1923/06 - June/14501947_VANN 1_1364557.pdf,1,1923,06 - June,early,1920s,location,location,not_found,"PLSS not found: missing section, township, range",done,,100,failed,not_found,,,,failed,exception,,failed,exception,,skipped,,,
14502207_MITCHELL 1_1364575,s3://osu-well-records-225989338968/pdfs/ExportedFolderContents_1/1923/06 - June/14502207_MITCHELL 1_1364575.pdf,1,1923,06 - June,early,1920s,location,location,not_found,"PLSS not found: missing section, township, range",done,,96,failed,not_found,,,,failed,exception,,failed,exception,,skipped,,,
14502225_JESS FRIEND 1_1364538,s3://osu-well-records-225989338968/pdfs/ExportedFolderContents_1/1923/06 - June/14502225_JESS FRIEND 1_1364538.pdf,1,1923,06 - June,early,1920s,location,location,not_found,"PLSS not found: missing section, township, range",done,,89,failed,not_found,,,,failed,exception,,done,,86,skipped,,,
14502358_DENTON 1_1364544,s3://osu-well-records-225989338968/pdfs/ExportedFolderContents_1/1923/06 - June/14502358_DENTON 1_1364544.pdf,1,1923,06 - June,early,1920s,location,location,not_found,"PLSS not found: missing section, township, range",done,,93,failed,not_found,,,,failed,exception,,done,,98,skipped,,,
14504277_D MCHENRY 15_1395411,s3://osu-well-records-225989338968/pdfs/ExportedFolderContents_1/1923/06 - June/14504277_D MCHENRY 15_1395411.pdf,1,1923,06 - June,early,1920s,location,location,not_found,"PLSS not found: missing section, township, range",done,,86,failed,not_found,,,,failed,keyword_not_found,,done,,99,skipped,,,
14506095_LUMPKIN 3_1364545,s3://osu-well-records-225989338968/pdfs/ExportedFolderContents_1/1923/06 - June/14506095_LUMPKIN 3_1364545.pdf,1,1923,06 - June,early,1920s,location,location,not_found,"PLSS not found: missing section, township, range",done,,100,failed,not_found,,,,failed,keyword_not_found,,done,,98,skipped,,,
14506097_WETMORE NAYLOR & SHAW 3_1364534,s3://osu-well-records-225989338968/pdfs/ExportedFolderContents_1/1923/06 - June/14506097_WETMORE NAYLOR & SHAW 3_1364534.pdf,1,1923,06 - June,early,1920s,location,location,not_found,"PLSS not found: missing section, township, range",done,,95,failed,not_found,,,,failed,exception,,failed,exception,,skipped,,,
14506113_BRIGHT 1 _1364561,s3://osu-well-records-225989338968/pdfs/ExportedFolderContents_1/1923/06 - June/14506113_BRIGHT 1 _1364561.pdf,1,1923,06 - June,early,1920s,location,location,not_found,"PLSS not found: missing section, township, range",done,,100,failed,not_found,,,,failed,keyword_not_found,,done,,99,skipped,,,
14506136_MITCHELL 2_1364547,s3://osu-well-records-225989338968/pdfs/ExportedFolderContents_1/1923/06 - June/14506136_MITCHELL 2_1364547.pdf,1,1923,06 - June,early,1920s,location,location,not_found,"PLSS not found: missing section, township, range",done,,100,failed,not_found,,,,failed,keyword_not_found,,done,,99,skipped,,,
14701070_GEORGE W TYNER 2_1415156,s3://osu-well-records-225989338968/pdfs/ExportedFolderContents_1/1923/06 - June/14701070_GEORGE W TYNER 2_1415156.pdf,1,1923,06 - June,early,1920s,location,location,not_found,"PLSS not found: missing section, township, range",done,,100,failed,not_found,,,,failed,exception,,done,,98,skipped,,,
14701365_No Data_516699,s3://osu-well-records-225989338968/pdfs/ExportedFolderContents_1/1923/06 - June/14701365_No Data_516699.pdf,1,1923,06 - June,early,1920s,location,location,not_found,"PLSS not found: missing section, township, range",done,,87,failed,not_found,,,,failed,keyword_not_found,,done,,98,skipped,,,
14707139_ED ROBINSON 8_1415256,s3://osu-well-records-225989338968/pdfs/ExportedFolderContents_1/1923/06 - June/14707139_ED ROBINSON 8_1415256.pdf,1,1923,06 - June,early,1920s,location,location,not_found,"PLSS not found: missing section, township, range",done,,99,failed,not_found,,,,failed,exception,,done,,99,skipped,,,
14707519_J W BOREN 27_1415192,s3://osu-well-records-225989338968/pdfs/ExportedFolderContents_1/1923/06 - June/14707519_J W BOREN 27_1415192.pdf,1,1923,06 - June,early,1920s,location,location,not_found,"PLSS not found: missing section, township, range",done,,100,failed,not_found,,,,failed,keyword_not_found,,done,,98,skipped,,,
35019121110000_JOHNSON 3_1696983,s3://osu-well-records-225989338968/pdfs/ExportedFolderContents_1/1923/06 - June/35019121110000_JOHNSON 3_1696983.pdf,1,1923,06 - June,early,1920s,location,location,not_found,"PLSS not found: missing section, township, range",done,,100,failed,not_found,,,,failed,exception,,done,,99,skipped,,,
35019135950000_HARMON 2_1697009,s3://osu-well-records-225989338968/pdfs/ExportedFolderContents_1/1923/06 - June/35019135950000_HARMON 2_1697009.pdf,1,1923,06 - June,early,1920s,location,location,not_found,"PLSS not found: missing section, township, range",done,,98,failed,not_found,,,,failed,exception,,failed,exception,,skipped,,,
35019760490000_BROOKS 3_1697028,s3://osu-well-records-225989338968/pdfs/ExportedFolderContents_1/1923/06 - June/35019760490000_BROOKS 3_1697028.pdf,1,1923,06 - June,early,1920s,location,location,not_found,"PLSS not found: missing section, township, range",done,,100,failed,not_found,,,,failed,exception,,done,,100,skipped,,,
35019760550000_SPARKS 3_1697021,s3://osu-well-records-225989338968/pdfs/ExportedFolderContents_1/1923/06 - June/35019760550000_SPARKS 3_1697021.pdf,1,1923,06 - June,early,1920s,location,location,not_found,"PLSS not found: missing section, township, range",done,,100,failed,not_found,,,,failed,keyword_not_found,,done,,99,skipped,,,
35019760570000_SPARKS 4_1697014,s3://osu-well-records-225989338968/pdfs/ExportedFolderContents_1/1923/06 - June/35019760570000_SPARKS 4_1697014.pdf,1,1923,06 - June,early,1920s,location,location,not_found,"PLSS not found: missing section, township, range",done,,89,failed,not_found,,,,failed,exception,,failed,exception,,skipped,,,
35019760800000_OPAL REXROAT B 9_1697003,s3://osu-well-records-225989338968/pdfs/ExportedFolderContents_1/1923/06 - June/35019760800000_OPAL REXROAT B 9_1697003.pdf,1,1923,06 - June,early,1920s,location,location,not_found,"PLSS not found: missing section, township, range",done,,99,failed,not_found,,,,failed,keyword_not_found,,done,,98,skipped,,,
35019761760000_L J WOODRUFF 24_1697000,s3://osu-well-records-225989338968/pdfs/ExportedFolderContents_1/1923/06 - June/35019761760000_L J WOODRUFF 24_1697000.pdf,1,1923,06 - June,early,1920s,location,location,not_found,"PLSS not found: missing section, township, range",done,,91,failed,not_found,,,,failed,keyword_not_found,,failed,exception,,skipped,,,
35033029920000_MEANS 1_1432097,s3://osu-well-records-225989338968/pdfs/ExportedFolderContents_1/1923/06 - June/35033029920000_MEANS 1_1432097.pdf,1,1923,06 - June,early,1920s,location,location,not_found,"PLSS not found: missing section, township, range",done,,98,failed,not_found,,,,failed,keyword_not_found,,done,,98,skipped,,,
35037027690000_TAYLOR BEAR 10_2005831,s3://osu-well-records-225989338968/pdfs/ExportedFolderContents_1/1923/06 - June/35037027690000_TAYLOR BEAR 10_2005831.pdf,1,1923,06 - June,early,1920s,location,location,not_found,"PLSS not found: missing section, township, range",done,,99,failed,not_found,,,,failed,exception,,done,,99,skipped,,,
35037035390000_WM ALEX 1_2005916,s3://osu-well-records-225989338968/pdfs/ExportedFolderContents_1/1923/06 - June/35037035390000_WM ALEX 1_2005916.pdf,1,1923,06 - June,early,1920s,location,location,not_found,"PLSS not found: missing section, township, range",done,,100,failed,not_found,,,,failed,exception,,failed,exception,,skipped,,,
35037035390000_WM ALLEN 1_2005930,s3://osu-well-records-225989338968/pdfs/ExportedFolderContents_1/1923/06 - June/35037035390000_WM ALLEN 1_2005930.pdf,1,1923,06 - June,early,1920s,location,location,not_found,"PLSS not found: missing section, township, range",done,,97,failed,not_found,,,,failed,keyword_not_found,,failed,exception,,skipped,,,
3503703765_M WILSON_2005702,s3://osu-well-records-225989338968/pdfs/ExportedFolderContents_1/1923/06 - June/3503703765_M WILSON_2005702.pdf,1,1923,06 - June,early,1920s,location,location,not_found,"PLSS not found: missing section, township, range",done,,100,failed,not_found,,,,failed,exception,,done,,98,skipped,,,
3503703796_WILSON S_2006019,s3://osu-well-records-225989338968/pdfs/ExportedFolderContents_1/1923/06 - June/3503703796_WILSON S_2006019.pdf,1,1923,06 - June,early,1920s,location,location,not_found,"PLSS not found: missing section, township, range",done,,87,failed,not_found,,,,failed,exception,,failed,exception,,skipped,,,
3503703799_WILLIE WILDCAT_2005680,s3://osu-well-records-225989338968/pdfs/ExportedFolderContents_1/1923/06 - June/3503703799_WILLIE WILDCAT_2005680.pdf,1,1923,06 - June,early,1920s,location,location,not_found,"PLSS not found: missing section, township, range",done,,100,failed,not_found,,,,failed,exception,,failed,exception,,skipped,,,
35037039700000_WARNARKEE 2_2006041,s3://osu-well-records-225989338968/pdfs/ExportedFolderContents_1/1923/06 - June/35037039700000_WARNARKEE 2_2006041.pdf,1,1923,06 - June,early,1920s,location,location,not_found,"PLSS not found: missing section, township, range",done,,100,failed,not_found,,,,failed,exception,,failed,exception,,skipped,,,
35037040490000_M WILSON 7_2005670,s3://osu-well-records-225989338968/pdfs/ExportedFolderContents_1/1923/06 - June/35037040490000_M WILSON 7_2005670.pdf,1,1923,06 - June,early,1920s,location,location,not_found,"PLSS not found: missing section, township, range",done,,98,failed,not_found,,,,failed,exception,,done,,99,skipped,,,
35037040570000_YAHOLA 4_2005719,s3://osu-well-records-225989338968/pdfs/ExportedFolderContents_1/1923/06 - June/35037040570000_YAHOLA 4_2005719.pdf,1,1923,06 - June,early,1920s,location,location,not_found,"PLSS not found: missing section, township, range",done,,99,failed,not_found,,,,failed,exception,,failed,exception,,skipped,,,
35037040680000_SAM MITCHELL 1_2005935,s3://osu-well-records-225989338968/pdfs/ExportedFolderContents_1/1923/06 - June/35037040680000_SAM MITCHELL 1_2005935.pdf,1,1923,06 - June,early,1920s,location,location,not_found,"PLSS not found: missing section, township, range",done,,100,failed,not_found,,,,failed,exception,,done,,99,skipped,,,
35037040820000_KNIGHT 2_2005693,s3://osu-well-records-225989338968/pdfs/ExportedFolderContents_1/1923/06 - June/35037040820000_KNIGHT 2_2005693.pdf,1,1923,06 - June,early,1920s,location,location,not_found,"PLSS not found: missing section, township, range",done,,100,failed,not_found,,,,failed,exception,,done,,99,skipped,,,
35037041130000_S CLINTON_2005748,s3://osu-well-records-225989338968/pdfs/ExportedFolderContents_1/1923/06 - June/35037041130000_S CLINTON_2005748.pdf,1,1923,06 - June,early,1920s,location,location,not_found,"PLSS not found: missing section, township, range",done,,97,failed,not_found,,,,failed,exception,,done,,99,skipped,,,
35037041500000_TIGER 2_2005791,s3://osu-well-records-225989338968/pdfs/ExportedFolderContents_1/1923/06 - June/35037041500000_TIGER 2_2005791.pdf,1,1923,06 - June,early,1920s,location,location,not_found,"PLSS not found: missing section, township, range",done,,100,failed,not_found,,,,failed,exception,,failed,exception,,skipped,,,
35037042960000_HARJO 1_2005690,s3://osu-well-records-225989338968/pdfs/ExportedFolderContents_1/1923/06 - June/35037042960000_HARJO 1_2005690.pdf,1,1923,06 - June,early,1920s,location,location,not_found,"PLSS not found: missing section, township, range",done,,100,failed,not_found,,,,failed,api_error,,done,,99,skipped,,,
35037050220000_SEWELL 3_2005904,s3://osu-well-records-225989338968/pdfs/ExportedFolderContents_1/1923/06 - June/35037050220000_SEWELL 3_2005904.pdf,1,1923,06 - June,early,1920s,location,location,not_found,"PLSS not found: missing section, township, range",done,,96,failed,not_found,,,,failed,keyword_not_found,,done,,75,skipped,,,
35037050220000_SEWELL 3_2005912,s3://osu-well-records-225989338968/pdfs/ExportedFolderContents_1/1923/06 - June/35037050220000_SEWELL 3_2005912.pdf,1,1923,06 - June,early,1920s,location,location,not_found,"PLSS not found: missing section, township, range",done,,96,failed,not_found,,,,failed,keyword_not_found,,done,,75,skipped,,,
35037072230000_A WILSON 1_2005713,s3://osu-well-records-225989338968/pdfs/ExportedFolderContents_1/1923/06 - June/35037072230000_A WILSON 1_2005713.pdf,1,1923,06 - June,early,1920s,location,location,not_found,"PLSS not found: missing section, township, range",done,,100,failed,not_found,,,,failed,exception,,done,,99,skipped,,,
35037073560000_JAMES ELLIS_2006039,s3://osu-well-records-225989338968/pdfs/ExportedFolderContents_1/1923/06 - June/35037073560000_JAMES ELLIS_2006039.pdf,1,1923,06 - June,early,1920s,location,location,not_found,"PLSS not found: missing section, township, range",done,,100,failed,not_found,,,,failed,exception,,done,,74,skipped,,,
35037074210000_W W BANKS 1_2005798,s3://osu-well-records-225989338968/pdfs/ExportedFolderContents_1/1923/06 - June/35037074210000_W W BANKS 1_2005798.pdf,1,1923,06 - June,early,1920s,location,location,not_found,"PLSS not found: missing section, township, range",done,,100,failed,not_found,,,,failed,exception,,done,,97,skipped,,,
35037077410000_JESSIE BAIR 4_2005819,s3://osu-well-records-225989338968/pdfs/ExportedFolderContents_1/1923/06 - June/35037077410000_JESSIE BAIR 4_2005819.pdf,1,1923,06 - June,early,1920s,location,location,not_found,"PLSS not found: missing section, township, range",done,,99,failed,not_found,,,,failed,exception,,done,,92,skipped,,,
35037077410000_JESSIE BAIR 4_2005821,s3://osu-well-records-225989338968/pdfs/ExportedFolderContents_1/1923/06 - June/35037077410000_JESSIE BAIR 4_2005821.pdf,1,1923,06 - June,early,1920s,location,location,not_found,"PLSS not found: missing section, township, range",done,,99,failed,not_found,,,,failed,exception,,done,,92,skipped,,,
35037082200000_CUMSEY 8_2005862,s3://osu-well-records-225989338968/pdfs/ExportedFolderContents_1/1923/06 - June/35037082200000_CUMSEY 8_2005862.pdf,1,1923,06 - June,early,1920s,location,location,not_found,"PLSS not found: missing section, township, range",done,,98,failed,not_found,,,,failed,keyword_not_found,,done,,99,skipped,,,
35037098480000_ROY P RALSTON 1_2005850,s3://osu-well-records-225989338968/pdfs/ExportedFolderContents_1/1923/06 - June/35037098480000_ROY P RALSTON 1_2005850.pdf,1,1923,06 - June,early,1920s,location,location,not_found,"PLSS not found: missing section, township, range",done,,100,failed,not_found,,,,failed,exception,,done,,99,skipped,,,
35037098620000_FRANK INGLIS 1_2005727,s3://osu-well-records-225989338968/pdfs/ExportedFolderContents_1/1923/06 - June/35037098620000_FRANK INGLIS 1_2005727.pdf,1,1923,06 - June,early,1920s,location,location,not_found,"PLSS not found: missing section, township, range",done,,100,failed,not_found,,,,failed,exception,,failed,exception,,skipped,,,
35037129010000_CE Strouvelle 1_2005738,s3://osu-well-records-225989338968/pdfs/ExportedFolderContents_1/1923/06 - June/35037129010000_CE Strouvelle 1_2005738.pdf,1,1923,06 - June,early,1920s,location,location,not_found,"PLSS not found: missing section, township, range",done,,99,failed,not_found,,,,failed,exception,,done,,99,skipped,,,
35037140860000_HOVAH M FREEMAN 1_2005688,s3://osu-well-records-225989338968/pdfs/ExportedFolderContents_1/1923/06 - June/35037140860000_HOVAH M FREEMAN 1_2005688.pdf,1,1923,06 - June,early,1920s,location,location,not_found,"PLSS not found: missing section, township, range",done,,100,failed,not_found,,,,failed,keyword_not_found,,done,,99,skipped,,,
35037149730000_ROBT BROWN 1_2005946,s3://osu-well-records-225989338968/pdfs/ExportedFolderContents_1/1923/06 - June/35037149730000_ROBT BROWN 1_2005946.pdf,1,1923,06 - June,early,1920s,location,location,not_found,"PLSS not found: missing section, township, range",done,,99,failed,not_found,,,,failed,keyword_not_found,,done,,98,skipped,,,
35037158580000_ROBERTS 1_2005689,s3://osu-well-records-225989338968/pdfs/ExportedFolderContents_1/1923/06 - June/35037158580000_ROBERTS 1_2005689.pdf,1,1923,06 - June,early,1920s,location,location,not_found,"PLSS not found: missing section, township, range",done,,99,failed,not_found,,,,failed,exception,,done,,99,skipped,,,
35137760380000_STEIFEL 7_1696991,s3://osu-well-records-225989338968/pdfs/ExportedFolderContents_1/1923/06 - June/35137760380000_STEIFEL 7_1696991.pdf,1,1923,06 - June,early,1920s,location,location,not_found,"PLSS not found: missing section, township, range",done,,100,failed,not_found,,,,failed,keyword_not_found,,done,,98,skipped,,,
35137760380000_STEIFEL 7_1888440,s3://osu-well-records-225989338968/pdfs/ExportedFolderContents_1/1923/06 - June/35137760380000_STEIFEL 7_1888440.pdf,1,1923,06 - June,early,1920s,location,location,not_found,"PLSS not found: missing section, township, range",done,,100,failed,not_found,,,,failed,exception,,done,,99,skipped,,,
35143023140000_RENTIE 2_2005992,s3://osu-well-records-225989338968/pdfs/ExportedFolderContents_1/1923/06 - June/35143023140000_RENTIE 2_2005992.pdf,1,1923,06 - June,early,1920s,location,location,not_found,"PLSS not found: missing section, township, range",done,,100,failed,not_found,,,,failed,exception,,done,,96,skipped,,,
35143044930000_OWEN 4_2005716,s3://osu-well-records-225989338968/pdfs/ExportedFolderContents_1/1923/06 - June/35143044930000_OWEN 4_2005716.pdf,1,1923,06 - June,early,1920s,location,location,not_found,"PLSS not found: missing section, township, range",done,,100,failed,not_found,,,,failed,keyword_not_found,,done,,100,skipped,,,
35143047650000_W. L. NORTH_2005717,s3://osu-well-records-225989338968/pdfs/ExportedFolderContents_1/1923/06 - June/35143047650000_W. L. NORTH_2005717.pdf,1,1923,06 - June,early,1920s,location,location,not_found,"PLSS not found: missing section, township, range",done,,100,failed,not_found,,,,failed,exception,,done,,99,skipped,,,
35143051100000_C.L. BROWN 1_2289206,s3://osu-well-records-225989338968/pdfs/ExportedFolderContents_1/1923/06 - June/35143051100000_C.L. BROWN 1_2289206.pdf,1,1923,06 - June,early,1920s,location,location,not_found,"PLSS not found: missing section, township, range",done,,100,failed,not_found,,,,failed,keyword_not_found,,failed,exception,,skipped,,,
35143051860000_BROWN 1_2289216,s3://osu-well-records-225989338968/pdfs/ExportedFolderContents_1/1923/06 - June/35143051860000_BROWN 1_2289216.pdf,1,1923,06 - June,early,1920s,location,location,not_found,"PLSS not found: missing section, township, range",done,,100,failed,not_found,,,,failed,keyword_not_found,,done,,93,skipped,,,
35143082850000_ESTHER RABEY BRUNER 1_2005932,s3://osu-well-records-225989338968/pdfs/ExportedFolderContents_1/1923/06 - June/35143082850000_ESTHER RABEY BRUNER 1_2005932.pdf,1,1923,06 - June,early,1920s,location,location,not_found,"PLSS not found: missing section, township, range",done,not_detected,99,failed,not_found,,,,failed,exception,,skipped,,,skipped,,,
35143762830000_W ELLIOTT 1_2289149,s3://osu-well-records-225989338968/pdfs/ExportedFolderContents_1/1923/06 - June/35143762830000_W ELLIOTT 1_2289149.pdf,1,1923,06 - June,early,1920s,location,location,not_found,"PLSS not found: missing section, township, range",done,,100,failed,not_found,,,,failed,exception,,done,,70,skipped,,,
35143764010000_G RICKETTS 5_1384981,s3://osu-well-records-225989338968/pdfs/ExportedFolderContents_1/1923/06 - June/35143764010000_G RICKETTS 5_1384981.pdf,1,1923,06 - June,early,1920s,location,location,not_found,"PLSS not found: missing section, township, range",done,not_detected,96,failed,not_found,,,,failed,exception,,skipped,,,skipped,,,
35143764010000_G RICKETTS 5_1384984,s3://osu-well-records-225989338968/pdfs/ExportedFolderContents_1/1923/06 - June/35143764010000_G RICKETTS 5_1384984.pdf,1,1923,06 - June,early,1920s,location,location,not_found,"PLSS not found: missing section, township, range",done,,100,failed,not_found,,,,failed,exception,,done,,99,skipped,,,
35143764360000_WINTON 8_2005799,s3://osu-well-records-225989338968/pdfs/ExportedFolderContents_1/1923/06 - June/35143764360000_WINTON 8_2005799.pdf,1,1923,06 - June,early,1920s,location,location,not_found,"PLSS not found: missing section, township, range",done,,100,failed,not_found,,,,failed,keyword_not_found,,done,,99,skipped,,,
35145000160000_LILLIAN GRANER 1_2364611,s3://osu-well-records-225989338968/pdfs/ExportedFolderContents_1/1923/06 - June/35145000160000_LILLIAN GRANER 1_2364611.pdf,1,1923,06 - June,early,1920s,location,location,not_found,"PLSS not found: missing section, township, range",done,,99,failed,not_found,,,,failed,exception,,failed,exception,,skipped,,,
35145032500000_DIZBE 1_2364645,s3://osu-well-records-225989338968/pdfs/ExportedFolderContents_1/1923/06 - June/35145032500000_DIZBE 1_2364645.pdf,1,1923,06 - June,early,1920s,location,location,not_found,"PLSS not found: missing section, township, range",done,,100,failed,not_found,,,,failed,keyword_not_found,,done,,99,skipped,,,
35145762060000_ANNIE KELLY 1_2417872,s3://osu-well-records-225989338968/pdfs/ExportedFolderContents_1/1923/06 - June/35145762060000_ANNIE KELLY 1_2417872.pdf,1,1923,06 - June,early,1920s,location,location,not_found,"PLSS not found: missing section, township, range",done,,100,failed,not_found,,,,failed,exception,,done,,96,skipped,,,
35147004980000_HALL 1_1384989,s3://osu-well-records-225989338968/pdfs/ExportedFolderContents_1/1923/06 - June/35147004980000_HALL 1_1384989.pdf,1,1923,06 - June,early,1920s,location,location,not_found,"PLSS not found: missing section, township, range",done,,100,failed,not_found,,,,failed,keyword_not_found,,failed,exception,,skipped,,,
35147004980000_HALL 1_2289124,s3://osu-well-records-225989338968/pdfs/ExportedFolderContents_1/1923/06 - June/35147004980000_HALL 1_2289124.pdf,1,1923,06 - June,early,1920s,location,location,not_found,"PLSS not found: missing section, township, range",done,,100,failed,not_found,,,,failed,keyword_not_found,,failed,exception,,skipped,,,
35147004980000_HALL 1_2289126,s3://osu-well-records-225989338968/pdfs/ExportedFolderContents_1/1923/06 - June/35147004980000_HALL 1_2289126.pdf,1,1923,06 - June,early,1920s,location,location,not_found,"PLSS not found: missing section, township, range",done,,100,failed,not_found,,,,failed,keyword_not_found,,failed,exception,,skipped,,,
35147005170000_BROWN 1_1385019,s3://osu-well-records-225989338968/pdfs/ExportedFolderContents_1/1923/06 - June/35147005170000_BROWN 1_1385019.pdf,1,1923,06 - June,early,1920s,location,location,not_found,"PLSS not found: missing section, township, range",done,,100,failed,not_found,,,,failed,keyword_not_found,,done,,97,skipped,,,
35147005170000_BROWN 1_2289223,s3://osu-well-records-225989338968/pdfs/ExportedFolderContents_1/1923/06 - June/35147005170000_BROWN 1_2289223.pdf,1,1923,06 - June,early,1920s,location,location,not_found,"PLSS not found: missing section, township, range",done,,100,failed,not_found,,,,failed,keyword_not_found,,done,,97,skipped,,,
35147005170000_BROWN 1_2289224,s3://osu-well-records-225989338968/pdfs/ExportedFolderContents_1/1923/06 - June/35147005170000_BROWN 1_2289224.pdf,1,1923,06 - June,early,1920s,location,location,not_found,"PLSS not found: missing section, township, range",done,,100,failed,not_found,,,,failed,keyword_not_found,,done,,97,skipped,,,
35147019310000_RUBY BYRD 1_2289228,s3://osu-well-records-225989338968/pdfs/ExportedFolderContents_1/1923/06 - June/35147019310000_RUBY BYRD 1_2289228.pdf,1,1923,06 - June,early,1920s,location,location,not_found,"PLSS not found: missing section, township, range",done,,99,failed,not_found,,,,failed,exception,,done,,99,skipped,,,
35147024800000_ELLIS T J_1385017,s3://osu-well-records-225989338968/pdfs/ExportedFolderContents_1/1923/06 - June/35147024800000_ELLIS T J_1385017.pdf,1,1923,06 - June,early,1920s,location,location,not_found,"PLSS not found: missing section, township, range",done,,99,failed,not_found,,,,failed,keyword_not_found,,failed,exception,,skipped,,,
3514702480_ELLIS T J_2289212,s3://osu-well-records-225989338968/pdfs/ExportedFolderContents_1/1923/06 - June/3514702480_ELLIS T J_2289212.pdf,1,1923,06 - June,early,1920s,location,location,not_found,"PLSS not found: missing section, township, range",done,,99,failed,not_found,,,,failed,keyword_not_found,,failed,exception,,skipped,,,
35147032850000_MCSPADDEN 9_2289118,s3://osu-well-records-225989338968/pdfs/ExportedFolderContents_1/1923/06 - June/35147032850000_MCSPADDEN 9_2289118.pdf,1,1923,06 - June,early,1920s,location,location,not_found,"PLSS not found: missing section, township, range",done,,93,failed,not_found,,,,failed,exception,,done,,99,skipped,,,
35147068560000_FEE 12_2289184,s3://osu-well-records-225989338968/pdfs/ExportedFolderContents_1/1923/06 - June/35147068560000_FEE 12_2289184.pdf,1,1923,06 - June,early,1920s,location,location,not_found,"PLSS not found: missing section, township, range",done,,100,failed,not_found,,,,failed,keyword_not_found,,done,,99,skipped,,,
35147078730000_JONES 1_2289196,s3://osu-well-records-225989338968/pdfs/ExportedFolderContents_1/1923/06 - June/35147078730000_JONES 1_2289196.pdf,1,1923,06 - June,early,1920s,location,location,not_found,"PLSS not found: missing section, township, range",done,,92,failed,not_found,,,,failed,exception,,failed,exception,,skipped,,,
OSAGE_LORETTA KOHPEY 1_2289189,s3://osu-well-records-225989338968/pdfs/ExportedFolderContents_1/1923/06 - June/OSAGE_LORETTA KOHPEY 1_2289189.pdf,1,1923,06 - June,early,1920s,location,location,not_found,"PLSS not found: missing section, township, range",done,,94,failed,not_found,,,,failed,exception,,failed,exception,,skipped,,,
OSAGE_OSAGE TRACT 29 8_2289169,s3://osu-well-records-225989338968/pdfs/ExportedFolderContents_1/1923/06 - June/OSAGE_OSAGE TRACT 29 8_2289169.pdf,1,1923,06 - June,early,1920s,location,location,not_found,"PLSS not found: missing section, township, range",done,,95,failed,not_found,,,,failed,exception,,done,,99,skipped,,,
OSAGE_OSAGE TRACT 29 9_2289190,s3://osu-well-records-225989338968/pdfs/ExportedFolderContents_1/1923/06 - June/OSAGE_OSAGE TRACT 29 9_2289190.pdf,1,1923,06 - June,early,1920s,location,location,not_found,"PLSS not found: missing section, township, range",done,,99,failed,not_found,,,,failed,exception,,done,,99,skipped,,,
OSAGE_OSAGE_2289115,s3://osu-well-records-225989338968/pdfs/ExportedFolderContents_1/1923/06 - June/OSAGE_OSAGE_2289115.pdf,1,1923,06 - June,early,1920s,location,location,not_found,"PLSS not found: missing section, township, range",done,,99,failed,not_found,,,,failed,keyword_not_found,,done,,99,skipped,,,
OSAGE_OSAGE_2289123,s3://osu-well-records-225989338968/pdfs/ExportedFolderContents_1/1923/06 - June/OSAGE_OSAGE_2289123.pdf,1,1923,06 - June,early,1920s,location,location,not_found,"PLSS not found: missing section, township, range",done,,88,failed,not_found,,,,failed,keyword_not_found,,failed,exception,,skipped,,,
OSAGE_OSAGE_2289193,s3://osu-well-records-225989338968/pdfs/ExportedFolderContents_1/1923/06 - June/OSAGE_OSAGE_2289193.pdf,1,1923,06 - June,early,1920s,location,location,not_found,"PLSS not found: missing section, township, range",done,,98,failed,not_found,,,,failed,exception,,failed,exception,,skipped,,,
OSAGE_OSAGE_2289227,s3://osu-well-records-225989338968/pdfs/ExportedFolderContents_1/1923/06 - June/OSAGE_OSAGE_2289227.pdf,1,1923,06 - June,early,1920s,location,location,not_found,"PLSS not found: missing section, township, range",done,,100,failed,not_found,,,,failed,exception,,done,,98,skipped,,,
OSAGE_TRACT 15 10_2289215,s3://osu-well-records-225989338968/pdfs/ExportedFolderContents_1/1923/06 - June/OSAGE_TRACT 15 10_2289215.pdf,1,1923,06 - June,early,1920s,location,location,not_found,"PLSS not found: missing section, township, range",done,,100,failed,not_found,,,,failed,keyword_not_found,,done,,99,skipped,,,
OSAGE_TRACT 15 12_2289157,s3://osu-well-records-225989338968/pdfs/ExportedFolderContents_1/1923/06 - June/OSAGE_TRACT 15 12_2289157.pdf,1,1923,06 - June,early,1920s,location,location,not_found,"PLSS not found: missing section, township, range",done,,89,failed,not_found,,,,failed,exception,,failed,exception,,skipped,,,
WAGONER___2364580,s3://osu-well-records-225989338968/pdfs/ExportedFolderContents_1/1923/06 - June/WAGONER___2364580.pdf,1,1923,06 - June,early,1920s,location,location,not_found,"PLSS not found: missing section, township, range",done,,100,failed,not_found,,,,failed,exception,,done,,99,skipped,,,
XX_LUMPKIN 4_2364669,s3://osu-well-records-225989338968/pdfs/ExportedFolderContents_1/1923/06 - June/XX_LUMPKIN 4_2364669.pdf,1,1923,06 - June,early,1920s,location,location,not_found,"PLSS not found: missing section, township, range",done,,100,failed,not_found,,,,failed,keyword_not_found,,failed,exception,,skipped,,,
XX___2364659,s3://osu-well-records-225989338968/pdfs/ExportedFolderContents_1/1923/06 - June/XX___2364659.pdf,1,1923,06 - June,early,1920s,location,location,not_found,"PLSS not found: missing section, township, range",done,,98,failed,not_found,,,,failed,keyword_not_found,,done,,99,skipped,,,
X_ALLEMAN 4_2005995,s3://osu-well-records-225989338968/pdfs/ExportedFolderContents_1/1923/06 - June/X_ALLEMAN 4_2005995.pdf,1,1923,06 - June,early,1920s,location,location,not_found,"PLSS not found: missing section, township, range",done,,99,failed,not_found,,,,failed,exception,,done,,99,skipped,,,
X_ASTON 1_1395437,s3://osu-well-records-225989338968/pdfs/ExportedFolderContents_1/1923/06 - June/X_ASTON 1_1395437.pdf,1,1923,06 - June,early,1920s,location,location,not_found,"PLSS not found: missing section, township, range",done,,98,failed,not_found,,,,failed,exception,,done,,79,skipped,,,
X_Adkins 4_2005861,s3://osu-well-records-225989338968/pdfs/ExportedFolderContents_1/1923/06 - June/X_Adkins 4_2005861.pdf,1,1923,06 - June,early,1920s,location,location,not_found,"PLSS not found: missing section, township, range",done,,99,failed,not_found,,,,failed,exception,,done,,98,skipped,,,
X_BAKER-ROACH_2005736,s3://osu-well-records-225989338968/pdfs/ExportedFolderContents_1/1923/06 - June/X_BAKER-ROACH_2005736.pdf,1,1923,06 - June,early,1920s,location,location,not_found,"PLSS not found: missing section, township, range",done,,97,failed,not_found,,,,failed,exception,,done,,98,skipped,,,
X_C W GOLTRY 4_1539568,s3://osu-well-records-225989338968/pdfs/ExportedFolderContents_1/1923/06 - June/X_C W GOLTRY 4_1539568.pdf,1,1923,06 - June,early,1920s,location,location,not_found,"PLSS not found: missing section, township, range",done,,100,failed,not_found,,,,failed,exception,,failed,exception,,skipped,,,
X_DEER LOUIS_2005938,s3://osu-well-records-225989338968/pdfs/ExportedFolderContents_1/1923/06 - June/X_DEER LOUIS_2005938.pdf,1,1923,06 - June,early,1920s,location,location,not_found,"PLSS not found: missing section, township, range",done,,99,failed,not_found,,,,failed,exception,,done,,94,skipped,,,
X_E. SMITH 1_2005783,s3://osu-well-records-225989338968/pdfs/ExportedFolderContents_1/1923/06 - June/X_E. SMITH 1_2005783.pdf,1,1923,06 - June,early,1920s,location,location,not_found,"PLSS not found: missing section, township, range",done,,99,failed,not_found,,,,failed,exception,,done,,99,skipped,,,
X_F.DENOYA_1415133,s3://osu-well-records-225989338968/pdfs/ExportedFolderContents_1/1923/06 - June/X_F.DENOYA_1415133.pdf,1,1923,06 - June,early,1920s,location,location,not_found,"PLSS not found: missing section, township, range",done,,90,failed,not_found,,,,failed,exception,,done,,99,skipped,,,
X_FRANK DAVIS 2_920852,s3://osu-well-records-225989338968/pdfs/ExportedFolderContents_1/1923/06 - June/X_FRANK DAVIS 2_920852.pdf,1,1923,06 - June,early,1920s,location,location,not_found,"PLSS not found: missing section, township, range",done,,99,failed,not_found,,,,failed,exception,,failed,exception,,skipped,,,
X_H H LINDLEY 1_2464922,s3://osu-well-records-225989338968/pdfs/ExportedFolderContents_1/1923/06 - June/X_H H LINDLEY 1_2464922.pdf,1,1923,06 - June,early,1920s,location,location,not_found,"PLSS not found: missing section, township, range",done,,99,failed,not_found,,,,failed,exception,,done,,100,skipped,,,
X_HEIM 1_782347,s3://osu-well-records-225989338968/pdfs/ExportedFolderContents_1/1923/06 - June/X_HEIM 1_782347.pdf,1,1923,06 - June,early,1920s,location,location,not_found,"PLSS not found: missing section, township, range",done,,100,failed,not_found,,,,failed,keyword_not_found,,done,,100,skipped,,,
X_HILTON 1_2005926,s3://osu-well-records-225989338968/pdfs/ExportedFolderContents_1/1923/06 - June/X_HILTON 1_2005926.pdf,1,1923,06 - June,early,1920s,location,location,not_found,"PLSS not found: missing section, township, range",done,,100,failed,not_found,,,,failed,keyword_not_found,,failed,exception,,skipped,,,
X_HUNTER 1_2005859,s3://osu-well-records-225989338968/pdfs/ExportedFolderContents_1/1923/06 - June/X_HUNTER 1_2005859.pdf,1,1923,06 - June,early,1920s,location,location,not_found,"PLSS not found: missing section, township, range",done,,100,failed,not_found,,,,failed,exception,,failed,exception,,skipped,,,
X_J DAVIS 2_2005734,s3://osu-well-records-225989338968/pdfs/ExportedFolderContents_1/1923/06 - June/X_J DAVIS 2_2005734.pdf,1,1923,06 - June,early,1920s,location,location,not_found,"PLSS not found: missing section, township, range",done,,100,failed,not_found,,,,failed,exception,,done,,99,skipped,,,
X_J E DAILEY 1_2289249,s3://osu-well-records-225989338968/pdfs/ExportedFolderContents_1/1923/06 - June/X_J E DAILEY 1_2289249.pdf,1,1923,06 - June,early,1920s,location,location,not_found,"PLSS not found: missing section, township, range",done,,98,failed,not_found,,,,failed,exception,,failed,exception,,skipped,,,
X_L ENDICOTT 7_1539563,s3://osu-well-records-225989338968/pdfs/ExportedFolderContents_1/1923/06 - June/X_L ENDICOTT 7_1539563.pdf,1,1923,06 - June,early,1920s,location,location,not_found,"PLSS not found: missing section, township, range",done,,90,failed,not_found,,,,failed,exception,,done,,99,skipped,,,
X_LEO. E. WADSWORTH 4_2005814,s3://osu-well-records-225989338968/pdfs/ExportedFolderContents_1/1923/06 - June/X_LEO. E. WADSWORTH 4_2005814.pdf,1,1923,06 - June,early,1920s,location,location,not_found,"PLSS not found: missing section, township, range",done,,100,failed,not_found,,,,failed,exception,,done,,98,skipped,,,
X_LUCY ROGERS 3_2005874,s3://osu-well-records-225989338968/pdfs/ExportedFolderContents_1/1923/06 - June/X_LUCY ROGERS 3_2005874.pdf,1,1923,06 - June,early,1920s,location,location,not_found,"PLSS not found: missing section, township, range",done,,90,failed,not_found,,,,failed,exception,,failed,exception,,skipped,,,
X_MCDANIEL 1-A_1539552,s3://osu-well-records-225989338968/pdfs/ExportedFolderContents_1/1923/06 - June/X_MCDANIEL 1-A_1539552.pdf,1,1923,06 - June,early,1920s,location,location,not_found,"PLSS not found: missing section, township, range",done,,100,failed,not_found,,,,failed,exception,,done,,98,skipped,,,
X_MCDERMOTT 3_2005735,s3://osu-well-records-225989338968/pdfs/ExportedFolderContents_1/1923/06 - June/X_MCDERMOTT 3_2005735.pdf,1,1923,06 - June,early,1920s,location,location,not_found,"PLSS not found: missing section, township, range",done,,98,failed,not_found,,,,failed,exception,,done,,99,skipped,,,
X_MCSPADDEN 9_1384983,s3://osu-well-records-225989338968/pdfs/ExportedFolderContents_1/1923/06 - June/X_MCSPADDEN 9_1384983.pdf,1,1923,06 - June,early,1920s,location,location,not_found,"PLSS not found: missing section, township, range",done,,93,failed,not_found,,,,failed,exception,,done,,99,skipped,,,
X_MCSPADDEN 9_2289116,s3://osu-well-records-225989338968/pdfs/ExportedFolderContents_1/1923/06 - June/X_MCSPADDEN 9_2289116.pdf,1,1923,06 - June,early,1920s,location,location,not_found,"PLSS not found: missing section, township, range",done,,93,failed,not_found,,,,failed,exception,,done,,99,skipped,,,
X_MILLER_2289120,s3://osu-well-records-225989338968/pdfs/ExportedFolderContents_1/1923/06 - June/X_MILLER_2289120.pdf,1,1923,06 - June,early,1920s,location,location,not_found,"PLSS not found: missing section, township, range",done,,100,failed,not_found,,,,failed,exception,,done,,99,skipped,,,
X_MOFFITT 1_1618437,s3://osu-well-records-225989338968/pdfs/ExportedFolderContents_1/1923/06 - June/X_MOFFITT 1_1618437.pdf,1,1923,06 - June,early,1920s,location,location,not_found,"PLSS not found: missing section, township, range",done,,100,failed,not_found,,,,failed,exception,,done,,99,skipped,,,
X_MORTON 1_2005822,s3://osu-well-records-225989338968/pdfs/ExportedFolderContents_1/1923/06 - June/X_MORTON 1_2005822.pdf,1,1923,06 - June,early,1920s,location,location,not_found,"PLSS not found: missing section, township, range",done,,89,failed,not_found,,,,failed,keyword_not_found,,failed,exception,,skipped,,,
X_N L AMSTER 1_920829,s3://osu-well-records-225989338968/pdfs/ExportedFolderContents_1/1923/06 - June/X_N L AMSTER 1_920829.pdf,1,1923,06 - June,early,1920s,location,location,not_found,"PLSS not found: missing section, township, range",done,,100,failed,not_found,,,,failed,keyword_not_found,,done,,99,skipped,,,
X_NEWBERRY 3_782377,s3://osu-well-records-225989338968/pdfs/ExportedFolderContents_1/1923/06 - June/X_NEWBERRY 3_782377.pdf,1,1923,06 - June,early,1920s,location,location,not_found,"PLSS not found: missing section, township, range",done,,93,failed,not_found,,,,failed,keyword_not_found,,failed,exception,,skipped,,,
X_No Data_1054986,s3://osu-well-records-225989338968/pdfs/ExportedFolderContents_1/1923/06 - June/X_No Data_1054986.pdf,1,1923,06 - June,early,1920s,location,location,not_found,"PLSS not found: missing section, township, range",done,,100,failed,not_found,,,,failed,keyword_not_found,,done,,99,skipped,,,
X_No Data_1055030,s3://osu-well-records-225989338968/pdfs/ExportedFolderContents_1/1923/06 - June/X_No Data_1055030.pdf,1,1923,06 - June,early,1920s,location,location,not_found,"PLSS not found: missing section, township, range",done,,93,failed,not_found,,,,failed,keyword_not_found,,done,,99,skipped,,,
X_No Data_1415139,s3://osu-well-records-225989338968/pdfs/ExportedFolderContents_1/1923/06 - June/X_No Data_1415139.pdf,1,1923,06 - June,early,1920s,location,location,not_found,"PLSS not found: missing section, township, range",done,,93,failed,not_found,,,,failed,keyword_not_found,,done,,99,skipped,,,
X_No Data_1415174,s3://osu-well-records-225989338968/pdfs/ExportedFolderContents_1/1923/06 - June/X_No Data_1415174.pdf,1,1923,06 - June,early,1920s,location,location,not_found,"PLSS not found: missing section, township, range",done,,100,failed,not_found,,,,failed,keyword_not_found,,failed,exception,,skipped,,,
X_No Data_2364582,s3://osu-well-records-225989338968/pdfs/ExportedFolderContents_1/1923/06 - June/X_No Data_2364582.pdf,1,1923,06 - June,early,1920s,location,location,not_found,"PLSS not found: missing section, township, range",done,,100,failed,not_found,,,,failed,keyword_not_found,,done,,99,skipped,,,
X_OSAGE_2005869,s3://osu-well-records-225989338968/pdfs/ExportedFolderContents_1/1923/06 - June/X_OSAGE_2005869.pdf,1,1923,06 - June,early,1920s,location,location,not_found,"PLSS not found: missing section, township, range",done,,89,failed,not_found,,,,failed,exception,,done,,99,skipped,,,
X_OSAGE_2005897,s3://osu-well-records-225989338968/pdfs/ExportedFolderContents_1/1923/06 - June/X_OSAGE_2005897.pdf,1,1923,06 - June,early,1920s,location,location,not_found,"PLSS not found: missing section, township, range",done,,98,failed,not_found,,,,failed,exception,,done,,84,skipped,,,
X_OSAGE_2005968,s3://osu-well-records-225989338968/pdfs/ExportedFolderContents_1/1923/06 - June/X_OSAGE_2005968.pdf,1,1923,06 - June,early,1920s,location,location,not_found,"PLSS not found: missing section, township, range",done,,99,failed,not_found,,,,failed,keyword_not_found,,done,,99,skipped,,,
X_OSAGE_2289132,s3://osu-well-records-225989338968/pdfs/ExportedFolderContents_1/1923/06 - June/X_OSAGE_2289132.pdf,1,1923,06 - June,early,1920s,location,location,not_found,"PLSS not found: missing section, township, range",done,,98,failed,not_found,,,,failed,exception,,done,,99,skipped,,,
X_OSAGE_2289141,s3://osu-well-records-225989338968/pdfs/ExportedFolderContents_1/1923/06 - June/X_OSAGE_2289141.pdf,1,1923,06 - June,early,1920s,location,location,not_found,"PLSS not found: missing section, township, range",done,,98,failed,not_found,,,,failed,keyword_not_found,,done,,99,skipped,,,
X_OSAGE_2289203,s3://osu-well-records-225989338968/pdfs/ExportedFolderContents_1/1923/06 - June/X_OSAGE_2289203.pdf,1,1923,06 - June,early,1920s,location,location,not_found,"PLSS not found: missing section, township, range",done,,100,failed,not_found,,,,failed,exception,,failed,exception,,skipped,,,
X_OSAGE_2289245,s3://osu-well-records-225989338968/pdfs/ExportedFolderContents_1/1923/06 - June/X_OSAGE_2289245.pdf,1,1923,06 - June,early,1920s,location,location,not_found,"PLSS not found: missing section, township, range",done,,88,failed,not_found,,,,failed,exception,,failed,exception,,skipped,,,
X_PARKS_2005709,s3://osu-well-records-225989338968/pdfs/ExportedFolderContents_1/1923/06 - June/X_PARKS_2005709.pdf,1,1923,06 - June,early,1920s,location,location,not_found,"PLSS not found: missing section, township, range",done,,99,failed,not_found,,,,failed,exception,,done,,99,skipped,,,
X_RENTIE 1_2005706,s3://osu-well-records-225989338968/pdfs/ExportedFolderContents_1/1923/06 - June/X_RENTIE 1_2005706.pdf,1,1923,06 - June,early,1920s,location,location,not_found,"PLSS not found: missing section, township, range",done,,99,failed,not_found,,,,failed,keyword_not_found,,done,,99,skipped,,,
X_SCHOOL LAND 162_920876,s3://osu-well-records-225989338968/pdfs/ExportedFolderContents_1/1923/06 - June/X_SCHOOL LAND 162_920876.pdf,1,1923,06 - June,early,1920s,location,location,not_found,"PLSS not found: missing section, township, range",done,,99,failed,not_found,,,,failed,exception,,failed,exception,,skipped,,,
X_SCOTT 1_2289175,s3://osu-well-records-225989338968/pdfs/ExportedFolderContents_1/1923/06 - June/X_SCOTT 1_2289175.pdf,1,1923,06 - June,early,1920s,location,location,not_found,"PLSS not found: missing section, township, range",done,,100,failed,not_found,,,,failed,keyword_not_found,,failed,exception,,skipped,,,
X_SLAYDON 1_782370,s3://osu-well-records-225989338968/pdfs/ExportedFolderContents_1/1923/06 - June/X_SLAYDON 1_782370.pdf,1,1923,06 - June,early,1920s,location,location,not_found,"PLSS not found: missing section, township, range",done,,99,failed,not_found,,,,failed,keyword_not_found,,done,,99,skipped,,,
X_SNAKEYE 1_1384980,s3://osu-well-records-225989338968/pdfs/ExportedFolderContents_1/1923/06 - June/X_SNAKEYE 1_1384980.pdf,1,1923,06 - June,early,1920s,location,location,not_found,"PLSS not found: missing section, township, range",done,,98,failed,not_found,,,,failed,keyword_not_found,,failed,exception,,skipped,,,
X_SNAKEYE 1_2005647,s3://osu-well-records-225989338968/pdfs/ExportedFolderContents_1/1923/06 - June/X_SNAKEYE 1_2005647.pdf,1,1923,06 - June,early,1920s,location,location,not_found,"PLSS not found: missing section, township, range",done,,98,failed,not_found,,,,failed,keyword_not_found,,failed,exception,,skipped,,,
X_STEIFEL 11_920891,s3://osu-well-records-225989338968/pdfs/ExportedFolderContents_1/1923/06 - June/X_STEIFEL 11_920891.pdf,1,1923,06 - June,early,1920s,location,location,not_found,"PLSS not found: missing section, township, range",done,,100,failed,not_found,,,,failed,exception,,done,,99,skipped,,,
X_STEIFEL 11_920893,s3://osu-well-records-225989338968/pdfs/ExportedFolderContents_1/1923/06 - June/X_STEIFEL 11_920893.pdf,1,1923,06 - June,early,1920s,location,location,not_found,"PLSS not found: missing section, township, range",done,,99,failed,not_found,,,,failed,keyword_not_found,,failed,exception,,skipped,,,
X_THOMAS REED 3_2588240,s3://osu-well-records-225989338968/pdfs/ExportedFolderContents_1/1923/06 - June/X_THOMAS REED 3_2588240.pdf,1,1923,06 - June,early,1920s,location,location,not_found,"PLSS not found: missing section, township, range",done,,98,failed,not_found,,,,failed,exception,,failed,exception,,skipped,,,
X_UNKNOWN 1_1415205,s3://osu-well-records-225989338968/pdfs/ExportedFolderContents_1/1923/06 - June/X_UNKNOWN 1_1415205.pdf,1,1923,06 - June,early,1920s,location,location,not_found,"PLSS not found: missing section, township, range",done,,100,failed,not_found,,,,failed,exception,,done,,99,skipped,,,
X_WARREN 2_782348,s3://osu-well-records-225989338968/pdfs/ExportedFolderContents_1/1923/06 - June/X_WARREN 2_782348.pdf,1,1923,06 - June,early,1920s,location,location,not_found,"PLSS not found: missing section, township, range",done,,100,failed,not_found,,,,failed,exception,,done,,99,skipped,,,
X_WILLS 1_2005796,s3://osu-well-records-225989338968/pdfs/ExportedFolderContents_1/1923/06 - June/X_WILLS 1_2005796.pdf,1,1923,06 - June,early,1920s,location,location,not_found,"PLSS not found: missing section, township, range",done,,100,failed,not_found,,,,failed,exception,,done,,100,skipped,,,
X_WIRT FRANKLIN 1_920843,s3://osu-well-records-225989338968/pdfs/ExportedFolderContents_1/1923/06 - June/X_WIRT FRANKLIN 1_920843.pdf,1,1923,06 - June,early,1920s,location,location,not_found,"PLSS not found: missing section, township, range",done,,99,failed,not_found,,,,failed,exception,,done,,99,skipped,,,
X_X_2005644,s3://osu-well-records-225989338968/pdfs/ExportedFolderContents_1/1923/06 - June/X_X_2005644.pdf,1,1923,06 - June,early,1920s,location,location,not_found,"PLSS not found: missing section, township, range",done,,93,failed,not_found,,,,failed,keyword_not_found,,failed,exception,,skipped,,,
x_EVA HEFNER 5_920853,s3://osu-well-records-225989338968/pdfs/ExportedFolderContents_1/1923/06 - June/x_EVA HEFNER 5_920853.pdf,1,1923,06 - June,early,1920s,location,location,not_found,"PLSS not found: missing section, township, range",done,,99,failed,not_found,,,,failed,keyword_not_found,,done,,99,skipped,,,
07104000_MCDANIELS 4-B_1539724,s3://osu-well-records-225989338968/pdfs/ExportedFolderContents_1/1923/07 - July/07104000_MCDANIELS 4-B_1539724.pdf,1,1923,07 - July,early,1920s,location,location,not_found,"PLSS not found: missing section, township, range",done,,98,failed,not_found,,,,failed,keyword_not_found,,done,,100,skipped,,,
07104006_MCDANIEL 7-A_1539683,s3://osu-well-records-225989338968/pdfs/ExportedFolderContents_1/1923/07 - July/07104006_MCDANIEL 7-A_1539683.pdf,1,1923,07 - July,early,1920s,location,location,not_found,"PLSS not found: missing section, township, range",done,,100,failed,not_found,,,,failed,exception,,done,,99,skipped,,,
07104024_BEVERLIN 4-B_1539638,s3://osu-well-records-225989338968/pdfs/ExportedFolderContents_1/1923/07 - July/07104024_BEVERLIN 4-B_1539638.pdf,1,1923,07 - July,early,1920s,location,location,not_found,"PLSS not found: missing section, township, range",done,,98,failed,not_found,,,,failed,keyword_not_found,,done,,99,skipped,,,
07104032_BEVERLIN 7-A_1539641,s3://osu-well-records-225989338968/pdfs/ExportedFolderContents_1/1923/07 - July/07104032_BEVERLIN 7-A_1539641.pdf,1,1923,07 - July,early,1920s,location,location,not_found,"PLSS not found: missing section, township, range",done,,97,failed,not_found,,,,failed,keyword_not_found,,done,,99,skipped,,,
07104036_BEVERLIN 8-B_1539662,s3://osu-well-records-225989338968/pdfs/ExportedFolderContents_1/1923/07 - July/07104036_BEVERLIN 8-B_1539662.pdf,1,1923,07 - July,early,1920s,location,location,not_found,"PLSS not found: missing section, township, range",done,,99,failed,not_found,,,,failed,exception,,done,,99,skipped,,,
07104049_F A BEVERLIN 13_1539647,s3://osu-well-records-225989338968/pdfs/ExportedFolderContents_1/1923/07 - July/07104049_F A BEVERLIN 13_1539647.pdf,1,1923,07 - July,early,1920s,location,location,not_found,"PLSS not found: missing section, township, range",done,,91,failed,not_found,,,,failed,exception,,done,,99,skipped,,,
07104055_BEVERLIN 15_1539714,s3://osu-well-records-225989338968/pdfs/ExportedFolderContents_1/1923/07 - July/07104055_BEVERLIN 15_1539714.pdf,1,1923,07 - July,early,1920s,location,location,not_found,"PLSS not found: missing section, township, range",done,,97,failed,not_found,,,,failed,keyword_not_found,,done,,99,skipped,,,
07104078_C ENDICOTT 1-B_1539663,s3://osu-well-records-225989338968/pdfs/ExportedFolderContents_1/1923/07 - July/07104078_C ENDICOTT 1-B_1539663.pdf,1,1923,07 - July,early,1920s,location,location,not_found,"PLSS not found: missing section, township, range",done,,99,failed,not_found,,,,failed,exception,,done,,99,skipped,,,
07104081_C C ENDICOTT 2_1539617,s3://osu-well-records-225989338968/pdfs/ExportedFolderContents_1/1923/07 - July/07104081_C C ENDICOTT 2_1539617.pdf,1,1923,07 - July,early,1920s,location,location,not_found,"PLSS not found: missing section, township, range",done,,89,failed,not_found,,,,failed,exception,,done,,99,skipped,,,
07104086_C ENDICOTT 3-A_1539642,s3://osu-well-records-225989338968/pdfs/ExportedFolderContents_1/1923/07 - July/07104086_C ENDICOTT 3-A_1539642.pdf,1,1923,07 - July,early,1920s,location,location,not_found,"PLSS not found: missing section, township, range",done,,100,failed,not_found,,,,failed,exception,,done,,99,skipped,,,
07104090_C C ENDICOTT 4_1539635,s3://osu-well-records-225989338968/pdfs/ExportedFolderContents_1/1923/07 - July/07104090_C C ENDICOTT 4_1539635.pdf,1,1923,07 - July,early,1920s,location,location,not_found,"PLSS not found: missing section, township, range",done,,92,failed,not_found,,,,failed,exception,,done,,99,skipped,,,
07104097_C C ENDICOTT 5-B_1539667,s3://osu-well-records-225989338968/pdfs/ExportedFolderContents_1/1923/07 - July/07104097_C C ENDICOTT 5-B_1539667.pdf,1,1923,07 - July,early,1920s,location,location,not_found,"PLSS not found: missing section, township, range",done,,100,failed,not_found,,,,failed,exception,,done,,99,skipped,,,
07104103_C ENDICOTT 7_1539636,s3://osu-well-records-225989338968/pdfs/ExportedFolderContents_1/1923/07 - July/07104103_C ENDICOTT 7_1539636.pdf,1,1923,07 - July,early,1920s,location,location,not_found,"PLSS not found: missing section, township, range",done,,100,failed,not_found,,,,failed,keyword_not_found,,done,,99,skipped,,,
07104109_C C ENDICOTT 8-A_1539690,s3://osu-well-records-225989338968/pdfs/ExportedFolderContents_1/1923/07 - July/07104109_C C ENDICOTT 8-A_1539690.pdf,1,1923,07 - July,early,1920s,location,location,not_found,"PLSS not found: missing section, township, range",done,,87,failed,not_found,,,,failed,exception,,done,,99,skipped,,,
07104115_C C ENDICOTT 1_1539676,s3://osu-well-records-225989338968/pdfs/ExportedFolderContents_1/1923/07 - July/07104115_C C ENDICOTT 1_1539676.pdf,1,1923,07 - July,early,1920s,location,location,not_found,"PLSS not found: missing section, township, range",done,,91,failed,not_found,,,,failed,exception,,done,,100,skipped,,,
07104121_C C ENDICOTT 2-A_1539648,s3://osu-well-records-225989338968/pdfs/ExportedFolderContents_1/1923/07 - July/07104121_C C ENDICOTT 2-A_1539648.pdf,1,1923,07 - July,early,1920s,location,location,not_found,"PLSS not found: missing section, township, range",done,,100,failed,not_found,,,,failed,exception,,done,,99,skipped,,,
07104126_C C ENDICOTT 3-B_1539680,s3://osu-well-records-225989338968/pdfs/ExportedFolderContents_1/1923/07 - July/07104126_C C ENDICOTT 3-B_1539680.pdf,1,1923,07 - July,early,1920s,location,location,not_found,"PLSS not found: missing section, township, range",done,,100,failed,not_found,,,,failed,exception,,done,,100,skipped,,,
07104139_C C ENDICOTT 6-A_1539633,s3://osu-well-records-225989338968/pdfs/ExportedFolderContents_1/1923/07 - July/07104139_C C ENDICOTT 6-A_1539633.pdf,1,1923,07 - July,early,1920s,location,location,not_found,"PLSS not found: missing section, township, range",done,,100,failed,not_found,,,,failed,keyword_not_found,,done,,99,skipped,,,
07104143_C C ENDICOTT 7-B_1539650,s3://osu-well-records-225989338968/pdfs/ExportedFolderContents_1/1923/07 - July/07104143_C C ENDICOTT 7-B_1539650.pdf,1,1923,07 - July,early,1920s,location,location,not_found,"PLSS not found: missing section, township, range",done,,97,failed,not_found,,,,failed,exception,,done,,99,skipped,,,
07104147_C C ENDICOTT 8-B_1539686,s3://osu-well-records-225989338968/pdfs/ExportedFolderContents_1/1923/07 - July/07104147_C C ENDICOTT 8-B_1539686.pdf,1,1923,07 - July,early,1920s,location,location,not_found,"PLSS not found: missing section, township, range",done,,99,failed,not_found,,,,failed,keyword_not_found,,done,,100,skipped,,,
07104150_C C ENDICOTT 9-A_1539640,s3://osu-well-records-225989338968/pdfs/ExportedFolderContents_1/1923/07 - July/07104150_C C ENDICOTT 9-A_1539640.pdf,1,1923,07 - July,early,1920s,location,location,not_found,"PLSS not found: missing section, township, range",done,,100,failed,not_found,,,,failed,exception,,done,,99,skipped,,,
07104156_MCDANIELS 4_1539709,s3://osu-well-records-225989338968/pdfs/ExportedFolderContents_1/1923/07 - July/07104156_MCDANIELS 4_1539709.pdf,1,1923,07 - July,early,1920s,location,location,not_found,"PLSS not found: missing section, township, range",done,,100,failed,not_found,,,,failed,keyword_not_found,,done,,100,skipped,,,
07104182_MCKEE 26_1539706,s3://osu-well-records-225989338968/pdfs/ExportedFolderContents_1/1923/07 - July/07104182_MCKEE 26_1539706.pdf,1,1923,07 - July,early,1920s,location,location,not_found,"PLSS not found: missing section, township, range",done,,99,failed,not_found,,,,failed,exception,,done,,99,skipped,,,
07104186_MCKEE 31_1539621,s3://osu-well-records-225989338968/pdfs/ExportedFolderContents_1/1923/07 - July/07104186_MCKEE 31_1539621.pdf,1,1923,07 - July,early,1920s,location,location,not_found,"PLSS not found: missing section, township, range",done,,98,failed,not_found,,,,failed,exception,,done,,100,skipped,,,
07104188_MCKEE 33_1539653,s3://osu-well-records-225989338968/pdfs/ExportedFolderContents_1/1923/07 - July/07104188_MCKEE 33_1539653.pdf,1,1923,07 - July,early,1920s,location,location,not_found,"PLSS not found: missing section, township, range",done,,87,failed,not_found,,,,failed,exception,,done,,100,skipped,,,
07104189_MCKEE 34_1539649,s3://osu-well-records-225989338968/pdfs/ExportedFolderContents_1/1923/07 - July/07104189_MCKEE 34_1539649.pdf,1,1923,07 - July,early,1920s,location,location,not_found,"PLSS not found: missing section, township, range",done,,98,failed,not_found,,,,failed,exception,,done,,93,skipped,,,
07104192_MCKEE 37_1539694,s3://osu-well-records-225989338968/pdfs/ExportedFolderContents_1/1923/07 - July/07104192_MCKEE 37_1539694.pdf,1,1923,07 - July,early,1920s,location,location,not_found,"PLSS not found: missing section, township, range",done,,99,failed,not_found,,,,failed,keyword_not_found,,done,,100,skipped,,,
07104213_L ENDICOTT 2-A_1539693,s3://osu-well-records-225989338968/pdfs/ExportedFolderContents_1/1923/07 - July/07104213_L ENDICOTT 2-A_1539693.pdf,1,1923,07 - July,early,1920s,location,location,not_found,"PLSS not found: missing section, township, range",done,,89,failed,not_found,,,,failed,exception,,done,,100,skipped,,,
07104214_L ENDICOTT 2-B_1539671,s3://osu-well-records-225989338968/pdfs/ExportedFolderContents_1/1923/07 - July/07104214_L ENDICOTT 2-B_1539671.pdf,1,1923,07 - July,early,1920s,location,location,not_found,"PLSS not found: missing section, township, range",done,,99,failed,not_found,,,,failed,exception,,done,,99,skipped,,,
07104223_L ENDICOTT 5-B_1539634,s3://osu-well-records-225989338968/pdfs/ExportedFolderContents_1/1923/07 - July/07104223_L ENDICOTT 5-B_1539634.pdf,1,1923,07 - July,early,1920s,location,location,not_found,"PLSS not found: missing section, township, range",done,,99,failed,not_found,,,,failed,keyword_not_found,,done,,99,skipped,,,
07104224_L ENDICOTT 6_1539691,s3://osu-well-records-225989338968/pdfs/ExportedFolderContents_1/1923/07 - July/07104224_L ENDICOTT 6_1539691.pdf,1,1923,07 - July,early,1920s,location,location,not_found,"PLSS not found: missing section, township, range",done,,99,failed,not_found,,,,failed,exception,,done,,99,skipped,,,
07104226_L ENDICOTT 6-B_1539644,s3://osu-well-records-225989338968/pdfs/ExportedFolderContents_1/1923/07 - July/07104226_L ENDICOTT 6-B_1539644.pdf,1,1923,07 - July,early,1920s,location,location,not_found,"PLSS not found: missing section, township, range",done,,99,failed,not_found,,,,failed,exception,,done,,99,skipped,,,
07104230_L ENDICOTT 8_1539622,s3://osu-well-records-225989338968/pdfs/ExportedFolderContents_1/1923/07 - July/07104230_L ENDICOTT 8_1539622.pdf,1,1923,07 - July,early,1920s,location,location,not_found,"PLSS not found: missing section, township, range",done,,90,failed,not_found,,,,failed,keyword_not_found,,done,,100,skipped,,,
07104234_L A ENDICOTT 9_1539670,s3://osu-well-records-225989338968/pdfs/ExportedFolderContents_1/1923/07 - July/07104234_L A ENDICOTT 9_1539670.pdf,1,1923,07 - July,early,1920s,location,location,not_found,"PLSS not found: missing section, township, range",done,,99,failed,not_found,,,,failed,exception,,done,,99,skipped,,,
07104255_C R OGG 1-B_1539726,s3://osu-well-records-225989338968/pdfs/ExportedFolderContents_1/1923/07 - July/07104255_C R OGG 1-B_1539726.pdf,1,1923,07 - July,early,1920s,location,location,not_found,"PLSS not found: missing section, township, range",done,,100,failed,not_found,,,,failed,keyword_not_found,,done,,99,skipped,,,
07104283_L A ENDICOTT 4-C_1539664,s3://osu-well-records-225989338968/pdfs/ExportedFolderContents_1/1923/07 - July/07104283_L A ENDICOTT 4-C_1539664.pdf,1,1923,07 - July,early,1920s,location,location,not_found,"PLSS not found: missing section, township, range",done,,100,failed,not_found,,,,failed,exception,,failed,exception,,skipped,,,
07104303_L ENDICOTT 10-B_1539723,s3://osu-well-records-225989338968/pdfs/ExportedFolderContents_1/1923/07 - July/07104303_L ENDICOTT 10-B_1539723.pdf,1,1923,07 - July,early,1920s,location,location,not_found,"PLSS not found: missing section, township, range",done,,98,failed,not_found,,,,failed,exception,,failed,exception,,skipped,,,
07104304_L ENDICOTT 10-C_1539658,s3://osu-well-records-225989338968/pdfs/ExportedFolderContents_1/1923/07 - July/07104304_L ENDICOTT 10-C_1539658.pdf,1,1923,07 - July,early,1920s,location,location,not_found,"PLSS not found: missing section, township, range",done,,93,failed,not_found,,,,failed,exception,,failed,exception,,skipped,,,
07104506_STATE SCHOOL LAND 1_1539643,s3://osu-well-records-225989338968/pdfs/ExportedFolderContents_1/1923/07 - July/07104506_STATE SCHOOL LAND 1_1539643.pdf,1,1923,07 - July,early,1920s,location,location,not_found,"PLSS not found: missing section, township, range",done,,99,failed,not_found,,,,failed,exception,,done,,96,skipped,,,
07502164_HILL 1_882018,s3://osu-well-records-225989338968/pdfs/ExportedFolderContents_1/1923/07 - July/07502164_HILL 1_882018.pdf,1,1923,07 - July,early,1920s,location,location,not_found,"PLSS not found: missing section, township, range",done,,99,failed,not_found,,,,failed,exception,,done,,99,skipped,,,
07502164_HILL 1_882019,s3://osu-well-records-225989338968/pdfs/ExportedFolderContents_1/1923/07 - July/07502164_HILL 1_882019.pdf,1,1923,07 - July,early,1920s,location,location,not_found,"PLSS not found: missing section, township, range",done,,99,failed,not_found,,,,failed,exception,,done,,99,skipped,,,
07900123_MERRIMAN 34_1017389,s3://osu-well-records-225989338968/pdfs/ExportedFolderContents_1/1923/07 - July/07900123_MERRIMAN 34_1017389.pdf,1,1923,07 - July,early,1920s,location,location,not_found,"PLSS not found: missing section, township, range",done,,88,failed,not_found,,,,failed,exception,,done,,98,skipped,,,
07900213_HOLTON 33_1017388,s3://osu-well-records-225989338968/pdfs/ExportedFolderContents_1/1923/07 - July/07900213_HOLTON 33_1017388.pdf,1,1923,07 - July,early,1920s,location,location,not_found,"PLSS not found: missing section, township, range",done,,90,failed,not_found,,,,failed,exception,,failed,exception,,skipped,,,
08300874_JOHNSON 1_1254930,s3://osu-well-records-225989338968/pdfs/ExportedFolderContents_1/1923/07 - July/08300874_JOHNSON 1_1254930.pdf,1,1923,07 - July,early,1920s,location,location,not_found,"PLSS not found: missing section, township, range",done,,100,failed,not_found,,,,failed,exception,,done,,100,skipped,,,
08700347_SLOVER 1_782425,s3://osu-well-records-225989338968/pdfs/ExportedFolderContents_1/1923/07 - July/08700347_SLOVER 1_782425.pdf,1,1923,07 - July,early,1920s,location,location,not_found,"PLSS not found: missing section, township, range",done,,100,failed,not_found,,,,failed,exception,,failed,exception,,skipped,,,
09100146_HAWKINS 1_1364594,s3://osu-well-records-225989338968/pdfs/ExportedFolderContents_1/1923/07 - July/09100146_HAWKINS 1_1364594.pdf,1,1923,07 - July,early,1920s,location,location,not_found,"PLSS not found: missing section, township, range",done,,100,failed,not_found,,,,failed,exception,,done,,97,skipped,,,
10100671_DOLLY SMITH 1_1364612,s3://osu-well-records-225989338968/pdfs/ExportedFolderContents_1/1923/07 - July/10100671_DOLLY SMITH 1_1364612.pdf,1,1923,07 - July,early,1920s,location,location,not_found,"PLSS not found: missing section, township, range",done,,99,failed,not_found,,,,failed,keyword_not_found,,done,,100,skipped,,,
10100676_CHARLIE WALKER 1_1364621,s3://osu-well-records-225989338968/pdfs/ExportedFolderContents_1/1923/07 - July/10100676_CHARLIE WALKER 1_1364621.pdf,1,1923,07 - July,early,1920s,location,location,not_found,"PLSS not found: missing section, township, range",done,,100,failed,not_found,,,,failed,keyword_not_found,,done,,99,skipped,,,
10101391_R D MORRIS 2_1364619,s3://osu-well-records-225989338968/pdfs/ExportedFolderContents_1/1923/07 - July/10101391_R D MORRIS 2_1364619.pdf,1,1923,07 - July,early,1920s,location,location,not_found,"PLSS not found: missing section, township, range",done,,99,failed,not_found,,,,failed,keyword_not_found,,done,,97,skipped,,,
10101824_EDDIE SANGO 3_1395539,s3://osu-well-records-225989338968/pdfs/ExportedFolderContents_1/1923/07 - July/10101824_EDDIE SANGO 3_1395539.pdf,1,1923,07 - July,early,1920s,location,location,not_found,"PLSS not found: missing section, township, range",done,,99,failed,not_found,,,,failed,exception,,failed,exception,,skipped,,,
10101827_CHARLES 4_1364605,s3://osu-well-records-225989338968/pdfs/ExportedFolderContents_1/1923/07 - July/10101827_CHARLES 4_1364605.pdf,1,1923,07 - July,early,1920s,location,location,not_found,"PLSS not found: missing section, township, range",done,,100,failed,not_found,,,,failed,exception,,failed,exception,,skipped,,,
10102320_DAVID CANADA 2_1364581,s3://osu-well-records-225989338968/pdfs/ExportedFolderContents_1/1923/07 - July/10102320_DAVID CANADA 2_1364581.pdf,1,1923,07 - July,early,1920s,location,location,not_found,"PLSS not found: missing section, township, range",done,,100,failed,not_found,,,,failed,exception,,failed,exception,,skipped,,,
10102320_DAVID CANADA 2_1364582,s3://osu-well-records-225989338968/pdfs/ExportedFolderContents_1/1923/07 - July/10102320_DAVID CANADA 2_1364582.pdf,1,1923,07 - July,early,1920s,location,location,not_found,"PLSS not found: missing section, township, range",done,,99,failed,not_found,,,,failed,exception,,done,,99,skipped,,,
10102882_WATTS 2_1395245,s3://osu-well-records-225989338968/pdfs/ExportedFolderContents_1/1923/07 - July/10102882_WATTS 2_1395245.pdf,1,1923,07 - July,early,1920s,location,location,not_found,"PLSS not found: missing section, township, range",done,,100,failed,not_found,,,,failed,keyword_not_found,,done,,99,skipped,,,
10302978_S GAUME 4-A_1539656,s3://osu-well-records-225989338968/pdfs/ExportedFolderContents_1/1923/07 - July/10302978_S GAUME 4-A_1539656.pdf,1,1923,07 - July,early,1920s,location,location,not_found,"PLSS not found: missing section, township, range",done,,96,failed,not_found,,,,failed,exception,,failed,exception,,skipped,,,
10303047_LEE SHAWVER 44_1539701,s3://osu-well-records-225989338968/pdfs/ExportedFolderContents_1/1923/07 - July/10303047_LEE SHAWVER 44_1539701.pdf,1,1923,07 - July,early,1920s,location,location,not_found,"PLSS not found: missing section, township, range",done,,90,failed,not_found,,,,failed,keyword_not_found,,done,,94,skipped,,,
10303047_LEE SHAWVER 44_50900764,s3://osu-well-records-225989338968/pdfs/ExportedFolderContents_1/1923/07 - July/10303047_LEE SHAWVER 44_50900764.pdf,1,1923,07 - July,early,1920s,location,location,not_found,"PLSS not found: missing section, township, range",done,,99,failed,not_found,,,,failed,exception,,failed,exception,,skipped,,,
10303052_LEE SHAWVER 48_1539697,s3://osu-well-records-225989338968/pdfs/ExportedFolderContents_1/1923/07 - July/10303052_LEE SHAWVER 48_1539697.pdf,1,1923,07 - July,early,1920s,location,location,not_found,"PLSS not found: missing section, township, range",done,,100,failed,not_found,,,,failed,exception,,failed,exception,,skipped,,,
10303052_LEE SHAWVER 48_50900745,s3://osu-well-records-225989338968/pdfs/ExportedFolderContents_1/1923/07 - July/10303052_LEE SHAWVER 48_50900745.pdf,1,1923,07 - July,early,1920s,location,location,not_found,"PLSS not found: missing section, township, range",done,,100,failed,not_found,,,,failed,exception,,failed,exception,,skipped,,,
10303053_LEE SHAWVER 49_1539720,s3://osu-well-records-225989338968/pdfs/ExportedFolderContents_1/1923/07 - July/10303053_LEE SHAWVER 49_1539720.pdf,1,1923,07 - July,early,1920s,location,location,not_found,"PLSS not found: missing section, township, range",done,,100,failed,not_found,,,,failed,exception,,done,,99,skipped,,,
10303057_LEE SHAWVER 53_50900794,s3://osu-well-records-225989338968/pdfs/ExportedFolderContents_1/1923/07 - July/10303057_LEE SHAWVER 53_50900794.pdf,1,1923,07 - July,early,1920s,location,location,not_found,"PLSS not found: missing section, township, range",done,,100,failed,not_found,,,,failed,exception,,done,,98,skipped,,,
10303118_RUZEK 12_1539727,s3://osu-well-records-225989338968/pdfs/ExportedFolderContents_1/1923/07 - July/10303118_RUZEK 12_1539727.pdf,1,1923,07 - July,early,1920s,location,location,not_found,"PLSS not found: missing section, township, range",done,,99,failed,not_found,,,,failed,exception,,done,,99,skipped,,,
10303132_CARMICHAEL 4-B_1539689,s3://osu-well-records-225989338968/pdfs/ExportedFolderContents_1/1923/07 - July/10303132_CARMICHAEL 4-B_1539689.pdf,1,1923,07 - July,early,1920s,location,location,not_found,"PLSS not found: missing section, township, range",done,,99,failed,not_found,,,,failed,exception,,done,,99,skipped,,,
10303157_CARMICHAEL 13_1539639,s3://osu-well-records-225989338968/pdfs/ExportedFolderContents_1/1923/07 - July/10303157_CARMICHAEL 13_1539639.pdf,1,1923,07 - July,early,1920s,location,location,not_found,"PLSS not found: missing section, township, range",done,,88,failed,not_found,,,,failed,keyword_not_found,,done,,99,skipped,,,
10303157_CARMICHAEL 13_50976334,s3://osu-well-records-225989338968/pdfs/ExportedFolderContents_1/1923/07 - July/10303157_CARMICHAEL 13_50976334.pdf,1,1923,07 - July,early,1920s,location,location,not_found,"PLSS not found: missing section, township, range",done,,99,failed,not_found,,,,failed,exception,,failed,exception,,skipped,,,
10303167_CARMICHAEL 16_1539725,s3://osu-well-records-225989338968/pdfs/ExportedFolderContents_1/1923/07 - July/10303167_CARMICHAEL 16_1539725.pdf,1,1923,07 - July,early,1920s,location,location,not_found,"PLSS not found: missing section, township, range",done,,91,failed,not_found,,,,failed,exception,,done,,100,skipped,,,
10303167_CARMICHAEL 16_50981279,s3://osu-well-records-225989338968/pdfs/ExportedFolderContents_1/1923/07 - July/10303167_CARMICHAEL 16_50981279.pdf,1,1923,07 - July,early,1920s,location,location,not_found,"PLSS not found: missing section, township, range",done,,100,failed,not_found,,,,failed,exception,,failed,exception,,skipped,,,
10303171_CARMICHAEL 18_1539713,s3://osu-well-records-225989338968/pdfs/ExportedFolderContents_1/1923/07 - July/10303171_CARMICHAEL 18_1539713.pdf,1,1923,07 - July,early,1920s,location,location,not_found,"PLSS not found: missing section, township, range",done,,99,failed,not_found,,,,failed,exception,,done,,99,skipped,,,
10303171_CARMICHAEL 18_50981283,s3://osu-well-records-225989338968/pdfs/ExportedFolderContents_1/1923/07 - July/10303171_CARMICHAEL 18_50981283.pdf,1,1923,07 - July,early,1920s,location,location,not_found,"PLSS not found: missing section, township, range",done,,98,failed,not_found,,,,failed,exception,,done,,98,skipped,,,
10303198_P RUZEK 7_1539699,s3://osu-well-records-225989338968/pdfs/ExportedFolderContents_1/1923/07 - July/10303198_P RUZEK 7_1539699.pdf,1,1923,07 - July,early,1920s,location,location,not_found,"PLSS not found: missing section, township, range",done,,99,failed,not_found,,,,failed,keyword_not_found,,done,,99,skipped,,,
10303208_P RUZEK 11_1539657,s3://osu-well-records-225989338968/pdfs/ExportedFolderContents_1/1923/07 - July/10303208_P RUZEK 11_1539657.pdf,1,1923,07 - July,early,1920s,location,location,not_found,"PLSS not found: missing section, township, range",done,,100,failed,not_found,,,,failed,keyword_not_found,,done,,100,skipped,,,
10303255_J A NOVOTNY A 6_1539685,s3://osu-well-records-225989338968/pdfs/ExportedFolderContents_1/1923/07 - July/10303255_J A NOVOTNY A 6_1539685.pdf,1,1923,07 - July,early,1920s,location,location,not_found,"PLSS not found: missing section, township, range",done,,99,failed,not_found,,,,failed,exception,,done,,99,skipped,,,
10303269_D.E. EVANS 12_1539632,s3://osu-well-records-225989338968/pdfs/ExportedFolderContents_1/1923/07 - July/10303269_D.E. EVANS 12_1539632.pdf,1,1923,07 - July,early,1920s,location,location,not_found,"PLSS not found: missing section, township, range",done,,100,failed,not_found,,,,failed,exception,,failed,exception,,skipped,,,
10303270_D.E. EVANS 13_1539629,s3://osu-well-records-225989338968/pdfs/ExportedFolderContents_1/1923/07 - July/10303270_D.E. EVANS 13_1539629.pdf,1,1923,07 - July,early,1920s,location,location,not_found,"PLSS not found: missing section, township, range",done,,100,failed,not_found,,,,failed,exception,,done,,98,skipped,,,
10303273_D.E. EVANS 16_1539711,s3://osu-well-records-225989338968/pdfs/ExportedFolderContents_1/1923/07 - July/10303273_D.E. EVANS 16_1539711.pdf,1,1923,07 - July,early,1920s,location,location,not_found,"PLSS not found: missing section, township, range",done,,94,failed,not_found,,,,failed,exception,,done,,94,skipped,,,
10303321_RENCE 6_1539619,s3://osu-well-records-225989338968/pdfs/ExportedFolderContents_1/1923/07 - July/10303321_RENCE 6_1539619.pdf,1,1923,07 - July,early,1920s,location,location,not_found,"PLSS not found: missing section, township, range",done,,93,failed,not_found,,,,failed,keyword_not_found,,failed,exception,,skipped,,,
10303325_RENCE 8_1539618,s3://osu-well-records-225989338968/pdfs/ExportedFolderContents_1/1923/07 - July/10303325_RENCE 8_1539618.pdf,1,1923,07 - July,early,1920s,location,location,not_found,"PLSS not found: missing section, township, range",done,,100,failed,not_found,,,,failed,exception,,failed,exception,,skipped,,,
10502197_R C HICKY 8_1415297,s3://osu-well-records-225989338968/pdfs/ExportedFolderContents_1/1923/07 - July/10502197_R C HICKY 8_1415297.pdf,1,1923,07 - July,early,1920s,location,location,not_found,"PLSS not found: missing section, township, range",done,,99,failed,not_found,,,,failed,keyword_not_found,,done,,98,skipped,,,
10503965_JOHN A BELL 2_1415336,s3://osu-well-records-225989338968/pdfs/ExportedFolderContents_1/1923/07 - July/10503965_JOHN A BELL 2_1415336.pdf,1,1923,07 - July,early,1920s,location,location,not_found,"PLSS not found: missing section, township, range",done,,100,failed,not_found,,,,failed,exception,,done,,98,skipped,,,
10506770_CORFMAN 3_1618471,s3://osu-well-records-225989338968/pdfs/ExportedFolderContents_1/1923/07 - July/10506770_CORFMAN 3_1618471.pdf,1,1923,07 - July,early,1920s,location,location,not_found,"PLSS not found: missing section, township, range",done,,100,failed,not_found,,,,failed,keyword_not_found,,failed,exception,,skipped,,,
10506771_JOE WELCH 1_1618494,s3://osu-well-records-225989338968/pdfs/ExportedFolderContents_1/1923/07 - July/10506771_JOE WELCH 1_1618494.pdf,1,1923,07 - July,early,1920s,location,location,not_found,"PLSS not found: missing section, township, range",done,,100,failed,not_found,,,,failed,keyword_not_found,,failed,exception,,skipped,,,
10702184_LAKE MOORE 1_589654,s3://osu-well-records-225989338968/pdfs/ExportedFolderContents_1/1923/07 - July/10702184_LAKE MOORE 1_589654.pdf,1,1923,07 - July,early,1920s,location,location,not_found,"PLSS not found: missing section, township, range",done,,100,failed,not_found,,,,failed,keyword_not_found,,done,,98,skipped,,,
10702841_FLOYD FIELDS 2_1055607,s3://osu-well-records-225989338968/pdfs/ExportedFolderContents_1/1923/07 - July/10702841_FLOYD FIELDS 2_1055607.pdf,1,1923,07 - July,early,1920s,location,location,not_found,"PLSS not found: missing section, township, range",done,,98,failed,not_found,,,,failed,exception,,done,,99,skipped,,,
13713173_FRANK KAGAY 14_920924,s3://osu-well-records-225989338968/pdfs/ExportedFolderContents_1/1923/07 - July/13713173_FRANK KAGAY 14_920924.pdf,1,1923,07 - July,early,1920s,location,location,not_found,"PLSS not found: missing section, township, range",done,,100,failed,not_found,,,,failed,exception,,done,,96,skipped,,,
13713528_M J GLASS 26_920916,s3://osu-well-records-225989338968/pdfs/ExportedFolderContents_1/1923/07 - July/13713528_M J GLASS 26_920916.pdf,1,1923,07 - July,early,1920s,location,location,not_found,"PLSS not found: missing section, township, range",done,,100,failed,not_found,,,,failed,exception,,failed,exception,,skipped,,,
14102197_CAPSHAW 3_516727,s3://osu-well-records-225989338968/pdfs/ExportedFolderContents_1/1923/07 - July/14102197_CAPSHAW 3_516727.pdf,1,1923,07 - July,early,1920s,location,location,not_found,"PLSS not found: missing section, township, range",done,,98,failed,not_found,,,,failed,exception,,done,,82,skipped,,,
14102197_CAPSHAW 3_920932,s3://osu-well-records-225989338968/pdfs/ExportedFolderContents_1/1923/07 - July/14102197_CAPSHAW 3_920932.pdf,1,1923,07 - July,early,1920s,location,location,not_found,"PLSS not found: missing section, township, range",done,,98,failed,not_found,,,,failed,exception,,done,,82,skipped,,,
14302475_MATTER 2_1055454,s3://osu-well-records-225989338968/pdfs/ExportedFolderContents_1/1923/07 - July/14302475_MATTER 2_1055454.pdf,1,1923,07 - July,early,1920s,location,location,not_found,"PLSS not found: missing section, township, range",done,,98,failed,not_found,,,,failed,keyword_not_found,,failed,exception,,skipped,,,
14302485_LYTLE 1_1055375,s3://osu-well-records-225989338968/pdfs/ExportedFolderContents_1/1923/07 - July/14302485_LYTLE 1_1055375.pdf,1,1923,07 - July,early,1920s,location,location,not_found,"PLSS not found: missing section, township, range",done,,100,failed,not_found,,,,failed,keyword_not_found,,failed,exception,,skipped,,,
14302575_MATTER 2_1055457,s3://osu-well-records-225989338968/pdfs/ExportedFolderContents_1/1923/07 - July/14302575_MATTER 2_1055457.pdf,1,1923,07 - July,early,1920s,location,location,not_found,"PLSS not found: missing section, township, range",done,,99,failed,not_found,,,,failed,exception,,done,,99,skipped,,,
14303088_JANIE SMITH 6_1055567,s3://osu-well-records-225989338968/pdfs/ExportedFolderContents_1/1923/07 - July/14303088_JANIE SMITH 6_1055567.pdf,1,1923,07 - July,early,1920s,location,location,not_found,"PLSS not found: missing section, township, range",done,,99,failed,not_found,,,,failed,keyword_not_found,,done,,99,skipped,,,
14303273_WOODROW 1_1055308,s3://osu-well-records-225989338968/pdfs/ExportedFolderContents_1/1923/07 - July/14303273_WOODROW 1_1055308.pdf,1,1923,07 - July,early,1920s,location,location,not_found,"PLSS not found: missing section, township, range",done,,100,failed,not_found,,,,failed,exception,,done,,98,skipped,,,
14303602_HOGAN 1_1055381,s3://osu-well-records-225989338968/pdfs/ExportedFolderContents_1/1923/07 - July/14303602_HOGAN 1_1055381.pdf,1,1923,07 - July,early,1920s,location,location,not_found,"PLSS not found: missing section, township, range",done,,99,failed,not_found,,,,failed,keyword_not_found,,failed,exception,,skipped,,,
14304494_OWEN 5_1055378,s3://osu-well-records-225989338968/pdfs/ExportedFolderContents_1/1923/07 - July/14304494_OWEN 5_1055378.pdf,1,1923,07 - July,early,1920s,location,location,not_found,"PLSS not found: missing section, township, range",done,,100,failed,not_found,,,,failed,keyword_not_found,,done,,99,skipped,,,
14304952_J P ALLEN 1_1415366,s3://osu-well-records-225989338968/pdfs/ExportedFolderContents_1/1923/07 - July/14304952_J P ALLEN 1_1415366.pdf,1,1923,07 - July,early,1920s,location,location,not_found,"PLSS not found: missing section, township, range",done,,100,failed,not_found,,,,failed,keyword_not_found,,failed,exception,,skipped,,,
14305164_NACHTIGAL 6_1415267,s3://osu-well-records-225989338968/pdfs/ExportedFolderContents_1/1923/07 - July/14305164_NACHTIGAL 6_1415267.pdf,1,1923,07 - July,early,1920s,location,location,not_found,"PLSS not found: missing section, township, range",done,,99,failed,not_found,,,,failed,exception,,failed,exception,,skipped,,,
14305418_JOHNSON 14_1415322,s3://osu-well-records-225989338968/pdfs/ExportedFolderContents_1/1923/07 - July/14305418_JOHNSON 14_1415322.pdf,1,1923,07 - July,early,1920s,location,location,not_found,"PLSS not found: missing section, township, range",done,,92,failed,not_found,,,,failed,exception,,failed,exception,,skipped,,,
14305418_W P JOHNSTON 14_1415315,s3://osu-well-records-225989338968/pdfs/ExportedFolderContents_1/1923/07 - July/14305418_W P JOHNSTON 14_1415315.pdf,1,1923,07 - July,early,1920s,location,location,not_found,"PLSS not found: missing section, township, range",done,,100,failed,not_found,,,,failed,exception,,failed,exception,,skipped,,,
14305813_H F TURNER 3_1415287,s3://osu-well-records-225989338968/pdfs/ExportedFolderContents_1/1923/07 - July/14305813_H F TURNER 3_1415287.pdf,1,1923,07 - July,early,1920s,location,location,not_found,"PLSS not found: missing section, township, range",done,,100,failed,not_found,,,,failed,exception,,done,,99,skipped,,,
14305825_W B TURNER 8_1415323,s3://osu-well-records-225989338968/pdfs/ExportedFolderContents_1/1923/07 - July/14305825_W B TURNER 8_1415323.pdf,1,1923,07 - July,early,1920s,location,location,not_found,"PLSS not found: missing section, township, range",done,,97,failed,not_found,,,,failed,exception,,done,,99,skipped,,,
14309445_JOHNSON 1_1055385,s3://osu-well-records-225989338968/pdfs/ExportedFolderContents_1/1923/07 - July/14309445_JOHNSON 1_1055385.pdf,1,1923,07 - July,early,1920s,location,location,not_found,"PLSS not found: missing section, township, range",done,,100,failed,not_found,,,,failed,keyword_not_found,,done,,99,skipped,,,
14502045_JOE COLBERT 8_1364577,s3://osu-well-records-225989338968/pdfs/ExportedFolderContents_1/1923/07 - July/14502045_JOE COLBERT 8_1364577.pdf,1,1923,07 - July,early,1920s,location,location,not_found,"PLSS not found: missing section, township, range",done,,100,failed,not_found,,,,failed,exception,,done,,99,skipped,,,
14503110_BOWLEY 1_1364588,s3://osu-well-records-225989338968/pdfs/ExportedFolderContents_1/1923/07 - July/14503110_BOWLEY 1_1364588.pdf,1,1923,07 - July,early,1920s,location,location,not_found,"PLSS not found: missing section, township, range",done,,100,failed,not_found,,,,failed,exception,,done,,99,skipped,,,
14503187_HERBERT HUGHES 1_1364604,s3://osu-well-records-225989338968/pdfs/ExportedFolderContents_1/1923/07 - July/14503187_HERBERT HUGHES 1_1364604.pdf,1,1923,07 - July,early,1920s,location,location,not_found,"PLSS not found: missing section, township, range",done,,99,failed,not_found,,,,failed,keyword_not_found,,done,,99,skipped,,,
14503829_BECKER 1_1364616,s3://osu-well-records-225989338968/pdfs/ExportedFolderContents_1/1923/07 - July/14503829_BECKER 1_1364616.pdf,1,1923,07 - July,early,1920s,location,location,not_found,"PLSS not found: missing section, township, range",done,,90,failed,not_found,,,,failed,exception,,done,,99,skipped,,,
14506115_SAMUEL BRIGHT 2 _1364593,s3://osu-well-records-225989338968/pdfs/ExportedFolderContents_1/1923/07 - July/14506115_SAMUEL BRIGHT 2 _1364593.pdf,1,1923,07 - July,early,1920s,location,location,not_found,"PLSS not found: missing section, township, range",done,,99,failed,not_found,,,,failed,exception,,done,,98,skipped,,,
14506116_BRIGHT 3_1364624,s3://osu-well-records-225989338968/pdfs/ExportedFolderContents_1/1923/07 - July/14506116_BRIGHT 3_1364624.pdf,1,1923,07 - July,early,1920s,location,location,not_found,"PLSS not found: missing section, township, range",done,,100,failed,not_found,,,,failed,exception,,done,,95,skipped,,,
14506117_SAM BRIGHT 4_1364606,s3://osu-well-records-225989338968/pdfs/ExportedFolderContents_1/1923/07 - July/14506117_SAM BRIGHT 4_1364606.pdf,1,1923,07 - July,early,1920s,location,location,not_found,"PLSS not found: missing section, township, range",done,,99,failed,not_found,,,,failed,exception,,done,,98,skipped,,,
14506129_MILLER 1 _1364596,s3://osu-well-records-225989338968/pdfs/ExportedFolderContents_1/1923/07 - July/14506129_MILLER 1 _1364596.pdf,1,1923,07 - July,early,1920s,location,location,not_found,"PLSS not found: missing section, township, range",done,,97,failed,not_found,,,,failed,keyword_not_found,,done,,99,skipped,,,
14506142_PARKS 1_1364585,s3://osu-well-records-225989338968/pdfs/ExportedFolderContents_1/1923/07 - July/14506142_PARKS 1_1364585.pdf,1,1923,07 - July,early,1920s,location,location,not_found,"PLSS not found: missing section, township, range",done,,95,failed,not_found,,,,failed,keyword_not_found,,failed,exception,,skipped,,,
14701830_JR DANIELS NW 1_1415328,s3://osu-well-records-225989338968/pdfs/ExportedFolderContents_1/1923/07 - July/14701830_JR DANIELS NW 1_1415328.pdf,1,1923,07 - July,early,1920s,location,location,not_found,"PLSS not found: missing section, township, range",done,,100,failed,not_found,,,,failed,keyword_not_found,,done,,99,skipped,,,
14703608_MAUD ROSS 13_1415275,s3://osu-well-records-225989338968/pdfs/ExportedFolderContents_1/1923/07 - July/14703608_MAUD ROSS 13_1415275.pdf,1,1923,07 - July,early,1920s,location,location,not_found,"PLSS not found: missing section, township, range",done,,100,failed,not_found,,,,failed,exception,,done,,72,skipped,,,
14706559_LEWIS 3_1415368,s3://osu-well-records-225989338968/pdfs/ExportedFolderContents_1/1923/07 - July/14706559_LEWIS 3_1415368.pdf,1,1923,07 - July,early,1920s,location,location,not_found,"PLSS not found: missing section, township, range",done,,98,failed,not_found,,,,failed,keyword_not_found,,done,,97,skipped,,,
14706659_M DAVIS 7_1518194,s3://osu-well-records-225989338968/pdfs/ExportedFolderContents_1/1923/07 - July/14706659_M DAVIS 7_1518194.pdf,1,1923,07 - July,early,1920s,location,location,not_found,"PLSS not found: missing section, township, range",done,,100,failed,not_found,,,,failed,exception,,done,,99,skipped,,,
14709719_EATON FEE 8-P_1415261,s3://osu-well-records-225989338968/pdfs/ExportedFolderContents_1/1923/07 - July/14709719_EATON FEE 8-P_1415261.pdf,1,1923,07 - July,early,1920s,location,location,not_found,"PLSS not found: missing section, township, range",done,,98,failed,not_found,,,,failed,exception,,done,,99,skipped,,,
35019007700000_L J WOODRUFF 26 1ST HOLE_1697128,s3://osu-well-records-225989338968/pdfs/ExportedFolderContents_1/1923/07 - July/35019007700000_L J WOODRUFF 26 1ST HOLE_1697128.pdf,1,1923,07 - July,early,1920s,location,location,not_found,"PLSS not found: missing section, township, range",done,,100,failed,not_found,,,,failed,exception,,failed,exception,,skipped,,,
35019115800000_KALISH 9_1697089,s3://osu-well-records-225989338968/pdfs/ExportedFolderContents_1/1923/07 - July/35019115800000_KALISH 9_1697089.pdf,1,1923,07 - July,early,1920s,location,location,not_found,"PLSS not found: missing section, township, range",done,,93,failed,not_found,,,,failed,exception,,done,,99,skipped,,,
35019124930000_SMITH 1_1385036,s3://osu-well-records-225989338968/pdfs/ExportedFolderContents_1/1923/07 - July/35019124930000_SMITH 1_1385036.pdf,1,1923,07 - July,early,1920s,location,location,not_found,"PLSS not found: missing section, township, range",done,,98,failed,not_found,,,,failed,exception,,done,,99,skipped,,,
35019760890000_W CARNEY 7_1697087,s3://osu-well-records-225989338968/pdfs/ExportedFolderContents_1/1923/07 - July/35019760890000_W CARNEY 7_1697087.pdf,1,1923,07 - July,early,1920s,location,location,not_found,"PLSS not found: missing section, township, range",done,,99,failed,not_found,,,,failed,keyword_not_found,,failed,exception,,skipped,,,
35019760930000_CARNEY 17_1697109,s3://osu-well-records-225989338968/pdfs/ExportedFolderContents_1/1923/07 - July/35019760930000_CARNEY 17_1697109.pdf,1,1923,07 - July,early,1920s,location,location,not_found,"PLSS not found: missing section, township, range",done,,91,failed,not_found,,,,failed,exception,,done,,95,skipped,,,
35019761290000_E STECHI 12_1697093,s3://osu-well-records-225989338968/pdfs/ExportedFolderContents_1/1923/07 - July/35019761290000_E STECHI 12_1697093.pdf,1,1923,07 - July,early,1920s,location,location,not_found,"PLSS not found: missing section, township, range",done,,99,failed,not_found,,,,failed,keyword_not_found,,done,,96,skipped,,,
35019761710000_L J WOODRUFF 21_1697107,s3://osu-well-records-225989338968/pdfs/ExportedFolderContents_1/1923/07 - July/35019761710000_L J WOODRUFF 21_1697107.pdf,1,1923,07 - July,early,1920s,location,location,not_found,"PLSS not found: missing section, township, range",done,,100,failed,not_found,,,,failed,keyword_not_found,,failed,exception,,skipped,,,
35029601280000_JACKSONS 2_1496602,s3://osu-well-records-225989338968/pdfs/ExportedFolderContents_1/1923/07 - July/35029601280000_JACKSONS 2_1496602.pdf,1,1923,07 - July,early,1920s,location,location,not_found,"PLSS not found: missing section, township, range",done,,100,failed,not_found,,,,failed,exception,,done,,99,skipped,,,
35037027680000_TAYLOR BEAR 9_2006301,s3://osu-well-records-225989338968/pdfs/ExportedFolderContents_1/1923/07 - July/35037027680000_TAYLOR BEAR 9_2006301.pdf,1,1923,07 - July,early,1920s,location,location,not_found,"PLSS not found: missing section, township, range",done,,98,failed,not_found,,,,failed,exception,,done,,100,skipped,,,
3503703764_MARY E WILSON_2006057,s3://osu-well-records-225989338968/pdfs/ExportedFolderContents_1/1923/07 - July/3503703764_MARY E WILSON_2006057.pdf,1,1923,07 - July,early,1920s,location,location,not_found,"PLSS not found: missing section, township, range",done,,98,failed,not_found,,,,failed,exception,,done,,99,skipped,,,
3503703790_LEWIS MICCO_2006214,s3://osu-well-records-225989338968/pdfs/ExportedFolderContents_1/1923/07 - July/3503703790_LEWIS MICCO_2006214.pdf,1,1923,07 - July,early,1920s,location,location,not_found,"PLSS not found: missing section, township, range",done,,100,failed,not_found,,,,failed,api_error,,failed,exception,,skipped,,,
35037037910000_MICCO LEWIS_2006211,s3://osu-well-records-225989338968/pdfs/ExportedFolderContents_1/1923/07 - July/35037037910000_MICCO LEWIS_2006211.pdf,1,1923,07 - July,early,1920s,location,location,not_found,"PLSS not found: missing section, township, range",done,,100,failed,not_found,,,,failed,keyword_not_found,,failed,exception,,skipped,,,
35037040500000_M WILSON 2_2006227,s3://osu-well-records-225989338968/pdfs/ExportedFolderContents_1/1923/07 - July/35037040500000_M WILSON 2_2006227.pdf,1,1923,07 - July,early,1920s,location,location,not_found,"PLSS not found: missing section, township, range",done,,100,failed,not_found,,,,failed,keyword_not_found,,done,,99,skipped,,,
35037040500000_M WILSON 2_2006229,s3://osu-well-records-225989338968/pdfs/ExportedFolderContents_1/1923/07 - July/35037040500000_M WILSON 2_2006229.pdf,1,1923,07 - July,early,1920s,location,location,not_found,"PLSS not found: missing section, township, range",done,,100,failed,not_found,,,,failed,exception,,done,,99,skipped,,,
35037071120000_BIG MOSQUITO 1_2006062,s3://osu-well-records-225989338968/pdfs/ExportedFolderContents_1/1923/07 - July/35037071120000_BIG MOSQUITO 1_2006062.pdf,1,1923,07 - July,early,1920s,location,location,not_found,"PLSS not found: missing section, township, range",done,,100,failed,not_found,,,,failed,keyword_not_found,,failed,exception,,skipped,,,
35037071120000_BIG MOSQUITO 1_2006160,s3://osu-well-records-225989338968/pdfs/ExportedFolderContents_1/1923/07 - July/35037071120000_BIG MOSQUITO 1_2006160.pdf,1,1923,07 - July,early,1920s,location,location,not_found,"PLSS not found: missing section, township, range",done,,100,failed,not_found,,,,failed,keyword_not_found,,done,,98,skipped,,,
35037086200000_MAXWELL 1_2006273,s3://osu-well-records-225989338968/pdfs/ExportedFolderContents_1/1923/07 - July/35037086200000_MAXWELL 1_2006273.pdf,1,1923,07 - July,early,1920s,location,location,not_found,"PLSS not found: missing section, township, range",done,,100,failed,not_found,,,,failed,keyword_not_found,,failed,exception,,skipped,,,
35037129840000_BLUFORD MILLER 1_2006262,s3://osu-well-records-225989338968/pdfs/ExportedFolderContents_1/1923/07 - July/35037129840000_BLUFORD MILLER 1_2006262.pdf,1,1923,07 - July,early,1920s,location,location,not_found,"PLSS not found: missing section, township, range",done,,100,failed,not_found,,,,failed,keyword_not_found,,done,,99,skipped,,,
35037142940000_COBB C_2006337,s3://osu-well-records-225989338968/pdfs/ExportedFolderContents_1/1923/07 - July/35037142940000_COBB C_2006337.pdf,1,1923,07 - July,early,1920s,location,location,not_found,"PLSS not found: missing section, township, range",done,,93,failed,not_found,,,,failed,exception,,done,,99,skipped,,,
35037149380000_Hepsy Givens_2006054,s3://osu-well-records-225989338968/pdfs/ExportedFolderContents_1/1923/07 - July/35037149380000_Hepsy Givens_2006054.pdf,1,1923,07 - July,early,1920s,location,location,not_found,"PLSS not found: missing section, township, range",done,,100,failed,not_found,,,,failed,keyword_not_found,,done,,99,skipped,,,
35047005080000_SEAMAN 1_8002406,s3://osu-well-records-225989338968/pdfs/ExportedFolderContents_1/1923/07 - July/35047005080000_SEAMAN 1_8002406.pdf,1,1923,07 - July,early,1920s,location,location,not_found,"PLSS not found: missing section, township, range",done,,98,failed,not_found,,,,failed,exception,,done,,99,skipped,,,
35071027280000_KENWORTHY 1_2289351,s3://osu-well-records-225989338968/pdfs/ExportedFolderContents_1/1923/07 - July/35071027280000_KENWORTHY 1_2289351.pdf,1,1923,07 - July,early,1920s,location,location,not_found,"PLSS not found: missing section, township, range",done,,96,failed,not_found,,,,failed,exception,,done,,99,skipped,,,
35071030830000_R H RHODES 2_2006320,s3://osu-well-records-225989338968/pdfs/ExportedFolderContents_1/1923/07 - July/35071030830000_R H RHODES 2_2006320.pdf,1,1923,07 - July,early,1920s,location,location,not_found,"PLSS not found: missing section, township, range",done,,100,failed,not_found,,,,failed,exception,,done,,99,skipped,,,
35071030960000_ISAAC M. CLUBB 1_2006237,s3://osu-well-records-225989338968/pdfs/ExportedFolderContents_1/1923/07 - July/35071030960000_ISAAC M. CLUBB 1_2006237.pdf,1,1923,07 - July,early,1920s,location,location,not_found,"PLSS not found: missing section, township, range",done,,99,failed,not_found,,,,failed,exception,,failed,exception,,skipped,,,
35071030960000_ISAAC M. CLUBB 1_2289311,s3://osu-well-records-225989338968/pdfs/ExportedFolderContents_1/1923/07 - July/35071030960000_ISAAC M. CLUBB 1_2289311.pdf,1,1923,07 - July,early,1920s,location,location,not_found,"PLSS not found: missing section, township, range",done,,99,failed,not_found,,,,failed,exception,,failed,exception,,skipped,,,
35071032060000_ISAAC M. CLUBB 3_2006267,s3://osu-well-records-225989338968/pdfs/ExportedFolderContents_1/1923/07 - July/35071032060000_ISAAC M. CLUBB 3_2006267.pdf,1,1923,07 - July,early,1920s,location,location,not_found,"PLSS not found: missing section, township, range",done,,100,failed,not_found,,,,failed,exception,,failed,exception,,skipped,,,
35071032060000_ISAAC M. CLUBB 3_2289323,s3://osu-well-records-225989338968/pdfs/ExportedFolderContents_1/1923/07 - July/35071032060000_ISAAC M. CLUBB 3_2289323.pdf,1,1923,07 - July,early,1920s,location,location,not_found,"PLSS not found: missing section, township, range",done,,100,failed,not_found,,,,failed,exception,,failed,exception,,skipped,,,
35079001230000_MERRIMAN 34_1443127,s3://osu-well-records-225989338968/pdfs/ExportedFolderContents_1/1923/07 - July/35079001230000_MERRIMAN 34_1443127.pdf,1,1923,07 - July,early,1920s,location,location,not_found,"PLSS not found: missing section, township, range",done,,88,failed,not_found,,,,failed,exception,,done,,98,skipped,,,
35091012630000_SAMUEL CUMBERLEDGE 4_2006226,s3://osu-well-records-225989338968/pdfs/ExportedFolderContents_1/1923/07 - July/35091012630000_SAMUEL CUMBERLEDGE 4_2006226.pdf,1,1923,07 - July,early,1920s,location,location,not_found,"PLSS not found: missing section, township, range",done,,96,failed,not_found,,,,failed,exception,,done,,99,skipped,,,
35101006910000_STEWART 1_2364759,s3://osu-well-records-225989338968/pdfs/ExportedFolderContents_1/1923/07 - July/35101006910000_STEWART 1_2364759.pdf,1,1923,07 - July,early,1920s,location,location,not_found,"PLSS not found: missing section, township, range",done,,96,failed,not_found,,,,failed,keyword_not_found,,failed,exception,,skipped,,,
35101025470000_COMMERCIAL LAND CO 5_2364714,s3://osu-well-records-225989338968/pdfs/ExportedFolderContents_1/1923/07 - July/35101025470000_COMMERCIAL LAND CO 5_2364714.pdf,1,1923,07 - July,early,1920s,location,location,not_found,"PLSS not found: missing section, township, range",done,,100,failed,not_found,,,,failed,exception,,done,,100,skipped,,,
35101033090000_TURNER 6_2364779,s3://osu-well-records-225989338968/pdfs/ExportedFolderContents_1/1923/07 - July/35101033090000_TURNER 6_2364779.pdf,1,1923,07 - July,early,1920s,location,location,not_found,"PLSS not found: missing section, township, range",done,,98,failed,not_found,,,,failed,keyword_not_found,,done,,100,skipped,,,
35103023670000_S GAUME 9_8002357,s3://osu-well-records-225989338968/pdfs/ExportedFolderContents_1/1923/07 - July/35103023670000_S GAUME 9_8002357.pdf,1,1923,07 - July,early,1920s,location,location,not_found,"PLSS not found: missing section, township, range",done,,90,failed,not_found,,,,failed,keyword_not_found,,done,,99,skipped,,,
3510302398000_MORRISON 1_2289289,s3://osu-well-records-225989338968/pdfs/ExportedFolderContents_1/1923/07 - July/3510302398000_MORRISON 1_2289289.pdf,1,1923,07 - July,early,1920s,location,location,not_found,"PLSS not found: missing section, township, range",done,,99,failed,not_found,,,,failed,keyword_not_found,,failed,exception,,skipped,,,
35103028730000_BLUBAUGH 7_8002171,s3://osu-well-records-225989338968/pdfs/ExportedFolderContents_1/1923/07 - July/35103028730000_BLUBAUGH 7_8002171.pdf,1,1923,07 - July,early,1920s,location,location,not_found,"PLSS not found: missing section, township, range",done,,99,failed,not_found,,,,failed,exception,,done,,100,skipped,,,
35103028740000_BLUBAUGH 8_8002169,s3://osu-well-records-225989338968/pdfs/ExportedFolderContents_1/1923/07 - July/35103028740000_BLUBAUGH 8_8002169.pdf,1,1923,07 - July,early,1920s,location,location,not_found,"PLSS not found: missing section, township, range",done,,100,failed,not_found,,,,failed,exception,,done,,97,skipped,,,
35103028800000_BLUBAUGH 11_8002243,s3://osu-well-records-225989338968/pdfs/ExportedFolderContents_1/1923/07 - July/35103028800000_BLUBAUGH 11_8002243.pdf,1,1923,07 - July,early,1920s,location,location,not_found,"PLSS not found: missing section, township, range",done,,100,failed,not_found,,,,failed,exception,,done,,99,skipped,,,
35103028820000_BLUBAUGH 13_8002314,s3://osu-well-records-225989338968/pdfs/ExportedFolderContents_1/1923/07 - July/35103028820000_BLUBAUGH 13_8002314.pdf,1,1923,07 - July,early,1920s,location,location,not_found,"PLSS not found: missing section, township, range",done,,100,failed,not_found,,,,failed,keyword_not_found,,done,,98,skipped,,,
35103029190000_BLUBAUGH 5-B_8002298,s3://osu-well-records-225989338968/pdfs/ExportedFolderContents_1/1923/07 - July/35103029190000_BLUBAUGH 5-B_8002298.pdf,1,1923,07 - July,early,1920s,location,location,not_found,"PLSS not found: missing section, township, range",done,,100,failed,not_found,,,,failed,exception,,done,,99,skipped,,,
35103029680000_S GAUME 10_8002397,s3://osu-well-records-225989338968/pdfs/ExportedFolderContents_1/1923/07 - July/35103029680000_S GAUME 10_8002397.pdf,1,1923,07 - July,early,1920s,location,location,not_found,"PLSS not found: missing section, township, range",done,,99,failed,not_found,,,,failed,exception,,done,,99,skipped,,,
35103029770000_S GAUME 3-A_8002308,s3://osu-well-records-225989338968/pdfs/ExportedFolderContents_1/1923/07 - July/35103029770000_S GAUME 3-A_8002308.pdf,1,1923,07 - July,early,1920s,location,location,not_found,"PLSS not found: missing section, township, range",done,,98,failed,not_found,,,,failed,exception,,done,,99,skipped,,,
35103029880000_S GAUME 1-B_3148648,s3://osu-well-records-225989338968/pdfs/ExportedFolderContents_1/1923/07 - July/35103029880000_S GAUME 1-B_3148648.pdf,1,1923,07 - July,early,1920s,location,location,not_found,"PLSS not found: missing section, township, range",done,,100,failed,not_found,,,,failed,exception,,failed,exception,,skipped,,,
35103029880000_S GAUME 1-B_8002306,s3://osu-well-records-225989338968/pdfs/ExportedFolderContents_1/1923/07 - July/35103029880000_S GAUME 1-B_8002306.pdf,1,1923,07 - July,early,1920s,location,location,not_found,"PLSS not found: missing section, township, range",done,,99,failed,not_found,,,,failed,exception,,done,,99,skipped,,,
35103030430000_LEE SHAWVER 40_3146773,s3://osu-well-records-225989338968/pdfs/ExportedFolderContents_1/1923/07 - July/35103030430000_LEE SHAWVER 40_3146773.pdf,1,1923,07 - July,early,1920s,location,location,not_found,"PLSS not found: missing section, township, range",done,,93,failed,not_found,,,,failed,exception,,failed,exception,,skipped,,,
35103030430000_LEE SHAWVER 40_8002248,s3://osu-well-records-225989338968/pdfs/ExportedFolderContents_1/1923/07 - July/35103030430000_LEE SHAWVER 40_8002248.pdf,1,1923,07 - July,early,1920s,location,location,not_found,"PLSS not found: missing section, township, range",done,,100,failed,not_found,,,,failed,keyword_not_found,,done,,97,skipped,,,
35103031420000_CARMICHAEL 8_3166634,s3://osu-well-records-225989338968/pdfs/ExportedFolderContents_1/1923/07 - July/35103031420000_CARMICHAEL 8_3166634.pdf,1,1923,07 - July,early,1920s,location,location,not_found,"PLSS not found: missing section, township, range",done,,100,failed,not_found,,,,failed,exception,,failed,exception,,skipped,,,
35103031420000_CARMICHAEL 8_8002404,s3://osu-well-records-225989338968/pdfs/ExportedFolderContents_1/1923/07 - July/35103031420000_CARMICHAEL 8_8002404.pdf,1,1923,07 - July,early,1920s,location,location,not_found,"PLSS not found: missing section, township, range",done,,100,failed,not_found,,,,failed,keyword_not_found,,done,,99,skipped,,,
35103031540000_CARMICHAEL 12_8002323,s3://osu-well-records-225989338968/pdfs/ExportedFolderContents_1/1923/07 - July/35103031540000_CARMICHAEL 12_8002323.pdf,1,1923,07 - July,early,1920s,location,location,not_found,"PLSS not found: missing section, township, range",done,,89,failed,not_found,,,,failed,keyword_not_found,,done,,99,skipped,,,
35103035780000_BLUBAUGH 10_3148642,s3://osu-well-records-225989338968/pdfs/ExportedFolderContents_1/1923/07 - July/35103035780000_BLUBAUGH 10_3148642.pdf,1,1923,07 - July,early,1920s,location,location,not_found,"PLSS not found: missing section, township, range",done,,96,failed,not_found,,,,failed,exception,,failed,exception,,skipped,,,
35103035780000_BLUBAUGH 10_8002181,s3://osu-well-records-225989338968/pdfs/ExportedFolderContents_1/1923/07 - July/35103035780000_BLUBAUGH 10_8002181.pdf,1,1923,07 - July,early,1920s,location,location,not_found,"PLSS not found: missing section, township, range",done,,99,failed,not_found,,,,failed,exception,,done,,99,skipped,,,
35105068250000_NORRIS 1_2465069,s3://osu-well-records-225989338968/pdfs/ExportedFolderContents_1/1923/07 - July/35105068250000_NORRIS 1_2465069.pdf,1,1923,07 - July,early,1920s,location,location,not_found,"PLSS not found: missing section, township, range",done,,95,failed,not_found,,,,failed,exception,,done,,98,skipped,,,
35105777810000_GEORGE MACKEY 14_2588411,s3://osu-well-records-225989338968/pdfs/ExportedFolderContents_1/1923/07 - July/35105777810000_GEORGE MACKEY 14_2588411.pdf,1,1923,07 - July,early,1920s,location,location,not_found,"PLSS not found: missing section, township, range",done,,100,failed,not_found,,,,failed,exception,,done,,99,skipped,,,
35107008800000_L GRAYSON 1_2006118,s3://osu-well-records-225989338968/pdfs/ExportedFolderContents_1/1923/07 - July/35107008800000_L GRAYSON 1_2006118.pdf,1,1923,07 - July,early,1920s,location,location,not_found,"PLSS not found: missing section, township, range",done,,86,failed,not_found,,,,failed,exception,,failed,exception,,skipped,,,
35107008930000_J SULLIVAN 1_2006236,s3://osu-well-records-225989338968/pdfs/ExportedFolderContents_1/1923/07 - July/35107008930000_J SULLIVAN 1_2006236.pdf,1,1923,07 - July,early,1920s,location,location,not_found,"PLSS not found: missing section, township, range",done,,94,failed,not_found,,,,failed,exception,,failed,exception,,skipped,,,
35107022580000_N BARNETT 8_2006286,s3://osu-well-records-225989338968/pdfs/ExportedFolderContents_1/1923/07 - July/35107022580000_N BARNETT 8_2006286.pdf,1,1923,07 - July,early,1920s,location,location,not_found,"PLSS not found: missing section, township, range",done,,100,failed,not_found,,,,failed,exception,,done,,99,skipped,,,
35107031620000_T P Camp 1_2006150,s3://osu-well-records-225989338968/pdfs/ExportedFolderContents_1/1923/07 - July/35107031620000_T P Camp 1_2006150.pdf,1,1923,07 - July,early,1920s,location,location,not_found,"PLSS not found: missing section, township, range",done,,100,failed,not_found,,,,failed,api_error,,failed,exception,,skipped,,,
35107034630000_HARJO 5_1496618,s3://osu-well-records-225989338968/pdfs/ExportedFolderContents_1/1923/07 - July/35107034630000_HARJO 5_1496618.pdf,1,1923,07 - July,early,1920s,location,location,not_found,"PLSS not found: missing section, township, range",done,,99,failed,not_found,,,,failed,api_error,,done,,99,skipped,,,
35107041720000_G BUCKLEY 1_2006179,s3://osu-well-records-225989338968/pdfs/ExportedFolderContents_1/1923/07 - July/35107041720000_G BUCKLEY 1_2006179.pdf,1,1923,07 - July,early,1920s,location,location,not_found,"PLSS not found: missing section, township, range",done,,93,failed,not_found,,,,failed,keyword_not_found,,done,,98,skipped,,,
35107052110000_GEO WIND 1_1496616,s3://osu-well-records-225989338968/pdfs/ExportedFolderContents_1/1923/07 - July/35107052110000_GEO WIND 1_1496616.pdf,1,1923,07 - July,early,1920s,location,location,not_found,"PLSS not found: missing section, township, range",done,,99,failed,not_found,,,,failed,keyword_not_found,,failed,exception,,skipped,,,
35107052110000_GEORGE WIND 1_2006274,s3://osu-well-records-225989338968/pdfs/ExportedFolderContents_1/1923/07 - July/35107052110000_GEORGE WIND 1_2006274.pdf,1,1923,07 - July,early,1920s,location,location,not_found,"PLSS not found: missing section, township, range",done,,99,failed,not_found,,,,failed,keyword_not_found,,failed,exception,,skipped,,,
35107054180000_F H KENNEDY 1_1496598,s3://osu-well-records-225989338968/pdfs/ExportedFolderContents_1/1923/07 - July/35107054180000_F H KENNEDY 1_1496598.pdf,1,1923,07 - July,early,1920s,location,location,not_found,"PLSS not found: missing section, township, range",done,,100,failed,not_found,,,,failed,exception,,failed,exception,,skipped,,,
35107054180000_F H KENNEDY 1_2006094,s3://osu-well-records-225989338968/pdfs/ExportedFolderContents_1/1923/07 - July/35107054180000_F H KENNEDY 1_2006094.pdf,1,1923,07 - July,early,1920s,location,location,not_found,"PLSS not found: missing section, township, range",done,,100,failed,not_found,,,,failed,exception,,failed,exception,,skipped,,,
35111020990000_BASSETT_1385053,s3://osu-well-records-225989338968/pdfs/ExportedFolderContents_1/1923/07 - July/35111020990000_BASSETT_1385053.pdf,1,1923,07 - July,early,1920s,location,location,not_found,"PLSS not found: missing section, township, range",done,,100,failed,not_found,,,,failed,exception,,failed,exception,,skipped,,,
35111020990000_BASSETT_2006344,s3://osu-well-records-225989338968/pdfs/ExportedFolderContents_1/1923/07 - July/35111020990000_BASSETT_2006344.pdf,1,1923,07 - July,early,1920s,location,location,not_found,"PLSS not found: missing section, township, range",done,,100,failed,not_found,,,,failed,exception,,failed,exception,,skipped,,,
35111025400000_M GRAYSON 7_2006258,s3://osu-well-records-225989338968/pdfs/ExportedFolderContents_1/1923/07 - July/35111025400000_M GRAYSON 7_2006258.pdf,1,1923,07 - July,early,1920s,location,location,not_found,"PLSS not found: missing section, township, range",done,,100,failed,not_found,,,,failed,keyword_not_found,,done,,98,skipped,,,
35111076890000_POWELL 1_2006278,s3://osu-well-records-225989338968/pdfs/ExportedFolderContents_1/1923/07 - July/35111076890000_POWELL 1_2006278.pdf,1,1923,07 - July,early,1920s,location,location,not_found,"PLSS not found: missing section, township, range",done,,100,failed,not_found,,,,failed,exception,,done,,99,skipped,,,
35111077160000_M COLEMAN 2_2006266,s3://osu-well-records-225989338968/pdfs/ExportedFolderContents_1/1923/07 - July/35111077160000_M COLEMAN 2_2006266.pdf,1,1923,07 - July,early,1920s,location,location,not_found,"PLSS not found: missing section, township, range",done,,99,failed,not_found,,,,failed,exception,,done,,99,skipped,,,
35111084270000_RANDALL 20_2006326,s3://osu-well-records-225989338968/pdfs/ExportedFolderContents_1/1923/07 - July/35111084270000_RANDALL 20_2006326.pdf,1,1923,07 - July,early,1920s,location,location,not_found,"PLSS not found: missing section, township, range",done,,90,failed,not_found,,,,failed,exception,,failed,exception,,skipped,,,
35111084270000_RANDALL 20_2006327,s3://osu-well-records-225989338968/pdfs/ExportedFolderContents_1/1923/07 - July/35111084270000_RANDALL 20_2006327.pdf,1,1923,07 - July,early,1920s,location,location,not_found,"PLSS not found: missing section, township, range",done,,90,failed,not_found,,,,failed,exception,,failed,exception,,skipped,,,
35111084520000_Rentie Laura 6_2006353,s3://osu-well-records-225989338968/pdfs/ExportedFolderContents_1/1923/07 - July/35111084520000_Rentie Laura 6_2006353.pdf,1,1923,07 - July,early,1920s,location,location,not_found,"PLSS not found: missing section, township, range",done,,100,failed,not_found,,,,failed,exception,,failed,exception,,skipped,,,
35111085280000_WEBSTER E C BEAN 4_2006174,s3://osu-well-records-225989338968/pdfs/ExportedFolderContents_1/1923/07 - July/35111085280000_WEBSTER E C BEAN 4_2006174.pdf,1,1923,07 - July,early,1920s,location,location,not_found,"PLSS not found: missing section, township, range",done,,100,failed,not_found,,,,failed,exception,,done,,98,skipped,,,
35111086320000_JENNIE WOLF 3_2006106,s3://osu-well-records-225989338968/pdfs/ExportedFolderContents_1/1923/07 - July/35111086320000_JENNIE WOLF 3_2006106.pdf,1,1923,07 - July,early,1920s,location,location,not_found,"PLSS not found: missing section, township, range",done,,95,failed,not_found,,,,failed,keyword_not_found,,done,,99,skipped,,,
X_OSAGE_2006146,s3://osu-well-records-225989338968/pdfs/ExportedFolderContents_1/1923/07 - July/X_OSAGE_2006146.pdf,1,1923,07 - July,early,1920s,location,location,not_found,"PLSS not found: missing section, township, range",done,,100,failed,not_found,,,,failed,exception,,done,,100,skipped,,,
X_OSAGE_2006234,s3://osu-well-records-225989338968/pdfs/ExportedFolderContents_1/1923/07 - July/X_OSAGE_2006234.pdf,1,1923,07 - July,early,1920s,location,location,not_found,"PLSS not found: missing section, township, range",done,,95,failed,not_found,,,,failed,exception,,done,,97,skipped,,,
X_OSAGE_2006264,s3://osu-well-records-225989338968/pdfs/ExportedFolderContents_1/1923/07 - July/X_OSAGE_2006264.pdf,1,1923,07 - July,early,1920s,location,location,not_found,"PLSS not found: missing section, township, range",done,,100,failed,not_found,,,,failed,exception,,done,,98,skipped,,,
X_OSAGE_2289326,s3://osu-well-records-225989338968/pdfs/ExportedFolderContents_1/1923/07 - July/X_OSAGE_2289326.pdf,1,1923,07 - July,early,1920s,location,location,not_found,"PLSS not found: missing section, township, range",done,,96,failed,not_found,,,,failed,exception,,failed,exception,,skipped,,,
X_OSAGE_2289331,s3://osu-well-records-225989338968/pdfs/ExportedFolderContents_1/1923/07 - July/X_OSAGE_2289331.pdf,1,1923,07 - July,early,1920s,location,location,not_found,"PLSS not found: missing section, township, range",done,,99,failed,not_found,,,,failed,exception,,failed,exception,,skipped,,,
X_R W LAHMAN 3 DD_920937,s3://osu-well-records-225989338968/pdfs/ExportedFolderContents_1/1923/07 - July/X_R W LAHMAN 3 DD_920937.pdf,1,1923,07 - July,early,1920s,location,location,not_found,"PLSS not found: missing section, township, range",done,,98,failed,not_found,,,,failed,exception,,done,,99,skipped,,,
X_ROLLER S W 1_2006243,s3://osu-well-records-225989338968/pdfs/ExportedFolderContents_1/1923/07 - July/X_ROLLER S W 1_2006243.pdf,1,1923,07 - July,early,1920s,location,location,not_found,"PLSS not found: missing section, township, range",done,,100,failed,not_found,,,,failed,keyword_not_found,,done,,99,skipped,,,
X_S. BIGGS 1_2006056,s3://osu-well-records-225989338968/pdfs/ExportedFolderContents_1/1923/07 - July/X_S. BIGGS 1_2006056.pdf,1,1923,07 - July,early,1920s,location,location,not_found,"PLSS not found: missing section, township, range",done,,98,failed,not_found,,,,failed,keyword_not_found,,failed,exception,,skipped,,,
X_SPAULDING 1_2006074,s3://osu-well-records-225989338968/pdfs/ExportedFolderContents_1/1923/07 - July/X_SPAULDING 1_2006074.pdf,1,1923,07 - July,early,1920s,location,location,not_found,"PLSS not found: missing section, township, range",done,,99,failed,not_found,,,,failed,keyword_not_found,,done,,95,skipped,,,
X_SPAULDING 1_2006075,s3://osu-well-records-225989338968/pdfs/ExportedFolderContents_1/1923/07 - July/X_SPAULDING 1_2006075.pdf,1,1923,07 - July,early,1920s,location,location,not_found,"PLSS not found: missing section, township, range",done,,99,failed,not_found,,,,failed,exception,,done,,97,skipped,,,
X_STEIFEL 12_920926,s3://osu-well-records-225989338968/pdfs/ExportedFolderContents_1/1923/07 - July/X_STEIFEL 12_920926.pdf,1,1923,07 - July,early,1920s,location,location,not_found,"PLSS not found: missing section, township, range",done,,99,failed,not_found,,,,failed,exception,,failed,exception,,skipped,,,
X_STEIFEL 12_920927,s3://osu-well-records-225989338968/pdfs/ExportedFolderContents_1/1923/07 - July/X_STEIFEL 12_920927.pdf,1,1923,07 - July,early,1920s,location,location,not_found,"PLSS not found: missing section, township, range",done,,99,failed,not_found,,,,failed,exception,,done,,99,skipped,,,
X_TAYLOR & WORD 1_1055372,s3://osu-well-records-225989338968/pdfs/ExportedFolderContents_1/1923/07 - July/X_TAYLOR & WORD 1_1055372.pdf,1,1923,07 - July,early,1920s,location,location,not_found,"PLSS not found: missing section, township, range",done,,99,failed,not_found,,,,failed,exception,,done,,98,skipped,,,
X_TWIN STATE SMITHHEISLER 1_1539696,s3://osu-well-records-225989338968/pdfs/ExportedFolderContents_1/1923/07 - July/X_TWIN STATE SMITHHEISLER 1_1539696.pdf,1,1923,07 - July,early,1920s,location,location,not_found,"PLSS not found: missing section, township, range",done,,100,failed,not_found,,,,failed,keyword_not_found,,done,,99,skipped,,,
X_VOSS 1_1844156,s3://osu-well-records-225989338968/pdfs/ExportedFolderContents_1/1923/07 - July/X_VOSS 1_1844156.pdf,1,1923,07 - July,early,1920s,location,location,not_found,"PLSS not found: missing section, township, range",done,,98,failed,not_found,,,,failed,exception,,failed,exception,,skipped,,,
X_W J NEIL 10_8002381,s3://osu-well-records-225989338968/pdfs/ExportedFolderContents_1/1923/07 - July/X_W J NEIL 10_8002381.pdf,1,1923,07 - July,early,1920s,location,location,not_found,"PLSS not found: missing section, township, range",done,not_detected,100,failed,not_found,,,,failed,keyword_not_found,,skipped,,,skipped,,,
X_WILSON 5_2006275,s3://osu-well-records-225989338968/pdfs/ExportedFolderContents_1/1923/07 - July/X_WILSON 5_2006275.pdf,1,1923,07 - July,early,1920s,location,location,not_found,"PLSS not found: missing section, township, range",done,,92,failed,not_found,,,,failed,exception,,failed,exception,,skipped,,,
X_WILSON 5_2006276,s3://osu-well-records-225989338968/pdfs/ExportedFolderContents_1/1923/07 - July/X_WILSON 5_2006276.pdf,1,1923,07 - July,early,1920s,location,location,not_found,"PLSS not found: missing section, township, range",done,,100,failed,not_found,,,,failed,exception,,done,,100,skipped,,,
X_WM CEDAR 2_2289312,s3://osu-well-records-225989338968/pdfs/ExportedFolderContents_1/1923/07 - July/X_WM CEDAR 2_2289312.pdf,1,1923,07 - July,early,1920s,location,location,not_found,"PLSS not found: missing section, township, range",done,,99,failed,not_found,,,,failed,exception,,failed,exception,,skipped,,,
X_X_2465039,s3://osu-well-records-225989338968/pdfs/ExportedFolderContents_1/1923/07 - July/X_X_2465039.pdf,1,1923,07 - July,early,1920s,location,location,not_found,"PLSS not found: missing section, township, range",done,,99,failed,not_found,,,,failed,exception,,done,,89,skipped,,,
x_C.R. SMITH 1_920935,s3://osu-well-records-225989338968/pdfs/ExportedFolderContents_1/1923/07 - July/x_C.R. SMITH 1_920935.pdf,1,1923,07 - July,early,1920s,location,location,not_found,"PLSS not found: missing section, township, range",done,,99,failed,not_found,,,,failed,exception,,done,,99,skipped,,,
x_DINGS-BLEDSOE 3_920913,s3://osu-well-records-225989338968/pdfs/ExportedFolderContents_1/1923/07 - July/x_DINGS-BLEDSOE 3_920913.pdf,1,1923,07 - July,early,1920s,location,location,not_found,"PLSS not found: missing section, township, range",done,,99,failed,not_found,,,,failed,exception,,done,,99,skipped,,,
00000000_No Data_1055656,s3://osu-well-records-225989338968/pdfs/ExportedFolderContents_1/1923/08 - August/00000000_No Data_1055656.pdf,1,1923,08 - August,early,1920s,location,location,not_found,"PLSS not found: missing section, township, range",done,,99,failed,not_found,,,,failed,keyword_not_found,,failed,exception,,skipped,,,
00000000_No Data_1055767,s3://osu-well-records-225989338968/pdfs/ExportedFolderContents_1/1923/08 - August/00000000_No Data_1055767.pdf,1,1923,08 - August,early,1920s,location,location,not_found,"PLSS not found: missing section, township, range",done,,100,failed,not_found,,,,failed,keyword_not_found,,done,,94,skipped,,,
00000000_No Data_1055794,s3://osu-well-records-225989338968/pdfs/ExportedFolderContents_1/1923/08 - August/00000000_No Data_1055794.pdf,1,1923,08 - August,early,1920s,location,location,not_found,"PLSS not found: missing section, township, range",done,,100,failed,not_found,,,,failed,exception,,done,,99,skipped,,,
00000000_No Data_1055799,s3://osu-well-records-225989338968/pdfs/ExportedFolderContents_1/1923/08 - August/00000000_No Data_1055799.pdf,1,1923,08 - August,early,1920s,location,location,not_found,"PLSS not found: missing section, township, range",done,,91,failed,not_found,,,,failed,exception,,failed,exception,,skipped,,,
00000000_No Data_1055803,s3://osu-well-records-225989338968/pdfs/ExportedFolderContents_1/1923/08 - August/00000000_No Data_1055803.pdf,1,1923,08 - August,early,1920s,location,location,not_found,"PLSS not found: missing section, township, range",done,,91,failed,not_found,,,,failed,exception,,failed,exception,,skipped,,,
00000000_No Data_1055864,s3://osu-well-records-225989338968/pdfs/ExportedFolderContents_1/1923/08 - August/00000000_No Data_1055864.pdf,1,1923,08 - August,early,1920s,location,location,not_found,"PLSS not found: missing section, township, range",done,,99,failed,not_found,,,,failed,keyword_not_found,,failed,exception,,skipped,,,
00000000_No Data_1415444,s3://osu-well-records-225989338968/pdfs/ExportedFolderContents_1/1923/08 - August/00000000_No Data_1415444.pdf,1,1923,08 - August,early,1920s,location,location,not_found,"PLSS not found: missing section, township, range",done,,100,failed,not_found,,,,failed,keyword_not_found,,done,,94,skipped,,,
00000000_No Data_1618509,s3://osu-well-records-225989338968/pdfs/ExportedFolderContents_1/1923/08 - August/00000000_No Data_1618509.pdf,1,1923,08 - August,early,1920s,location,location,not_found,"PLSS not found: missing section, township, range",done,,100,failed,not_found,,,,failed,keyword_not_found,,done,,99,skipped,,,
00000000_No Data_516760,s3://osu-well-records-225989338968/pdfs/ExportedFolderContents_1/1923/08 - August/00000000_No Data_516760.pdf,1,1923,08 - August,early,1920s,location,location,not_found,"PLSS not found: missing section, township, range",done,,99,failed,not_found,,,,failed,keyword_not_found,,failed,exception,,skipped,,,
00900162_O P SMITH 1_882021,s3://osu-well-records-225989338968/pdfs/ExportedFolderContents_1/1923/08 - August/00900162_O P SMITH 1_882021.pdf,1,1923,08 - August,early,1920s,location,location,not_found,"PLSS not found: missing section, township, range",done,,99,failed,not_found,,,,failed,keyword_not_found,,done,,98,skipped,,,
00900203_TRISSELL 1_882028,s3://osu-well-records-225989338968/pdfs/ExportedFolderContents_1/1923/08 - August/00900203_TRISSELL 1_882028.pdf,1,1923,08 - August,early,1920s,location,location,not_found,"PLSS not found: missing section, township, range",done,,92,failed,not_found,,,,failed,exception,,done,,99,skipped,,,
00935043_W O GRAY 2_882024,s3://osu-well-records-225989338968/pdfs/ExportedFolderContents_1/1923/08 - August/00935043_W O GRAY 2_882024.pdf,1,1923,08 - August,early,1920s,location,location,not_found,"PLSS not found: missing section, township, range",done,,96,failed,not_found,,,,failed,exception,,failed,exception,,skipped,,,
00935065_J D JOYCE 1_882025,s3://osu-well-records-225989338968/pdfs/ExportedFolderContents_1/1923/08 - August/00935065_J D JOYCE 1_882025.pdf,1,1923,08 - August,early,1920s,location,location,not_found,"PLSS not found: missing section, township, range",done,,94,failed,not_found,,,,failed,keyword_not_found,,done,,99,skipped,,,
00935091_M M WINDLE 1_882027,s3://osu-well-records-225989338968/pdfs/ExportedFolderContents_1/1923/08 - August/00935091_M M WINDLE 1_882027.pdf,1,1923,08 - August,early,1920s,location,location,not_found,"PLSS not found: missing section, township, range",done,,100,failed,not_found,,,,failed,exception,,failed,exception,,skipped,,,
00935092_WINDLE 1_882026,s3://osu-well-records-225989338968/pdfs/ExportedFolderContents_1/1923/08 - August/00935092_WINDLE 1_882026.pdf,1,1923,08 - August,early,1920s,location,location,not_found,"PLSS not found: missing section, township, range",done,,100,failed,not_found,,,,failed,exception,,done,,96,skipped,,,
01500413_TOWNSITE WELL 1_782442,s3://osu-well-records-225989338968/pdfs/ExportedFolderContents_1/1923/08 - August/01500413_TOWNSITE WELL 1_782442.pdf,1,1923,08 - August,early,1920s,location,location,not_found,"PLSS not found: missing section, township, range",done,,99,failed,not_found,,,,failed,exception,,done,,98,skipped,,,
01570001_ACME 1_782441,s3://osu-well-records-225989338968/pdfs/ExportedFolderContents_1/1923/08 - August/01570001_ACME 1_782441.pdf,1,1923,08 - August,early,1920s,location,location,not_found,"PLSS not found: missing section, township, range",done,,98,failed,not_found,,,,failed,exception,,failed,exception,,skipped,,,
01900762_REED 1_920990,s3://osu-well-records-225989338968/pdfs/ExportedFolderContents_1/1923/08 - August/01900762_REED 1_920990.pdf,1,1923,08 - August,early,1920s,location,location,not_found,"PLSS not found: missing section, township, range",done,,94,failed,not_found,,,,failed,exception,,done,,99,skipped,,,
01900784_ELLA CULPEPPER 1_921028,s3://osu-well-records-225989338968/pdfs/ExportedFolderContents_1/1923/08 - August/01900784_ELLA CULPEPPER 1_921028.pdf,1,1923,08 - August,early,1920s,location,location,not_found,"PLSS not found: missing section, township, range",done,,100,failed,not_found,,,,failed,keyword_not_found,,done,,99,skipped,,,
01907823_B C RICKETTS 2_921007,s3://osu-well-records-225989338968/pdfs/ExportedFolderContents_1/1923/08 - August/01907823_B C RICKETTS 2_921007.pdf,1,1923,08 - August,early,1920s,location,location,not_found,"PLSS not found: missing section, township, range",done,,100,failed,not_found,,,,failed,keyword_not_found,,failed,exception,,skipped,,,
01908105_S BAPTISTE 18_516767,s3://osu-well-records-225989338968/pdfs/ExportedFolderContents_1/1923/08 - August/01908105_S BAPTISTE 18_516767.pdf,1,1923,08 - August,early,1920s,location,location,not_found,"PLSS not found: missing section, township, range",done,,100,failed,not_found,,,,failed,exception,,done,,96,skipped,,,
01908375_J E CARTER 3-DD_921043,s3://osu-well-records-225989338968/pdfs/ExportedFolderContents_1/1923/08 - August/01908375_J E CARTER 3-DD_921043.pdf,1,1923,08 - August,early,1920s,location,location,not_found,"PLSS not found: missing section, township, range",done,,99,failed,not_found,,,,failed,keyword_not_found,,done,,98,skipped,,,
01909132_J H BENNETT 5 (S GRAHAM DEESE SAND UNIT 7-5)_921021,s3://osu-well-records-225989338968/pdfs/ExportedFolderContents_1/1923/08 - August/01909132_J H BENNETT 5 (S GRAHAM DEESE SAND UNIT 7-5)_921021.pdf,1,1923,08 - August,early,1920s,location,location,not_found,"PLSS not found: missing section, township, range",done,,95,failed,not_found,,,,failed,keyword_not_found,,failed,exception,,skipped,,,
01909133_J H BENNETT 8 (S GRAHAM DEESE SAND UNIT 1-8)_921003,s3://osu-well-records-225989338968/pdfs/ExportedFolderContents_1/1923/08 - August/01909133_J H BENNETT 8 (S GRAHAM DEESE SAND UNIT 1-8)_921003.pdf,1,1923,08 - August,early,1920s,location,location,not_found,"PLSS not found: missing section, township, range",done,,99,failed,not_found,,,,failed,exception,,failed,exception,,skipped,,,
01909133_J H BENNETT 8 (S GRAHAM DEESE SAND UNIT 1-8)_921005,s3://osu-well-records-225989338968/pdfs/ExportedFolderContents_1/1923/08 - August/01909133_J H BENNETT 8 (S GRAHAM DEESE SAND UNIT 1-8)_921005.pdf,1,1923,08 - August,early,1920s,location,location,not_found,"PLSS not found: missing section, township, range",done,,99,failed,not_found,,,,failed,keyword_not_found,,done,,96,skipped,,,
01909688_HEFNER-MILLS 10_920996,s3://osu-well-records-225989338968/pdfs/ExportedFolderContents_1/1923/08 - August/01909688_HEFNER-MILLS 10_920996.pdf,1,1923,08 - August,early,1920s,location,location,not_found,"PLSS not found: missing section, township, range",done,,92,failed,not_found,,,,failed,exception,,done,,99,skipped,,,
01909688_HEFNER-MILLS 10_920997,s3://osu-well-records-225989338968/pdfs/ExportedFolderContents_1/1923/08 - August/01909688_HEFNER-MILLS 10_920997.pdf,1,1923,08 - August,early,1920s,location,location,not_found,"PLSS not found: missing section, township, range",done,,95,failed,not_found,,,,failed,keyword_not_found,,failed,exception,,skipped,,,
01909688_HEFNER-MILLS 10_920998,s3://osu-well-records-225989338968/pdfs/ExportedFolderContents_1/1923/08 - August/01909688_HEFNER-MILLS 10_920998.pdf,1,1923,08 - August,early,1920s,location,location,not_found,"PLSS not found: missing section, township, range",done,,100,failed,not_found,,,,failed,exception,,failed,exception,,skipped,,,
01909885_L N KENNEDY 1_921015,s3://osu-well-records-225989338968/pdfs/ExportedFolderContents_1/1923/08 - August/01909885_L N KENNEDY 1_921015.pdf,1,1923,08 - August,early,1920s,location,location,not_found,"PLSS not found: missing section, township, range",done,,98,failed,not_found,,,,failed,exception,,failed,exception,,skipped,,,
01909956_LAHMAN 1_920994,s3://osu-well-records-225989338968/pdfs/ExportedFolderContents_1/1923/08 - August/01909956_LAHMAN 1_920994.pdf,1,1923,08 - August,early,1920s,location,location,not_found,"PLSS not found: missing section, township, range",done,,100,failed,not_found,,,,failed,exception,,failed,exception,,skipped,,,
01910358_B C RICKETTS 1_921006,s3://osu-well-records-225989338968/pdfs/ExportedFolderContents_1/1923/08 - August/01910358_B C RICKETTS 1_921006.pdf,1,1923,08 - August,early,1920s,location,location,not_found,"PLSS not found: missing section, township, range",done,,100,failed,not_found,,,,failed,exception,,done,,99,skipped,,,
01910962_DOBYNS 2_920984,s3://osu-well-records-225989338968/pdfs/ExportedFolderContents_1/1923/08 - August/01910962_DOBYNS 2_920984.pdf,1,1923,08 - August,early,1920s,location,location,not_found,"PLSS not found: missing section, township, range",done,,100,failed,not_found,,,,failed,exception,,done,,100,skipped,,,
01911392_DILLARD 61_921008,s3://osu-well-records-225989338968/pdfs/ExportedFolderContents_1/1923/08 - August/01911392_DILLARD 61_921008.pdf,1,1923,08 - August,early,1920s,location,location,not_found,"PLSS not found: missing section, township, range",done,,100,failed,not_found,,,,failed,exception,,done,,99,skipped,,,
01911425_J H DILLARD 105_921041,s3://osu-well-records-225989338968/pdfs/ExportedFolderContents_1/1923/08 - August/01911425_J H DILLARD 105_921041.pdf,1,1923,08 - August,early,1920s,location,location,not_found,"PLSS not found: missing section, township, range",done,,100,failed,not_found,,,,failed,exception,,done,,99,skipped,,,
01911429_DILLARD 109_921024,s3://osu-well-records-225989338968/pdfs/ExportedFolderContents_1/1923/08 - August/01911429_DILLARD 109_921024.pdf,1,1923,08 - August,early,1920s,location,location,not_found,"PLSS not found: missing section, township, range",done,,99,failed,not_found,,,,failed,exception,,done,,100,skipped,,,
01911671_E E NOBLE 37_920993,s3://osu-well-records-225989338968/pdfs/ExportedFolderContents_1/1923/08 - August/01911671_E E NOBLE 37_920993.pdf,1,1923,08 - August,early,1920s,location,location,not_found,"PLSS not found: missing section, township, range",done,,96,failed,not_found,,,,failed,exception,,failed,exception,,skipped,,,
01911784_HARTS 4_920982,s3://osu-well-records-225989338968/pdfs/ExportedFolderContents_1/1923/08 - August/01911784_HARTS 4_920982.pdf,1,1923,08 - August,early,1920s,location,location,not_found,"PLSS not found: missing section, township, range",done,,99,failed,not_found,,,,failed,exception,,done,,100,skipped,,,
01913591_HORMAN 4_920983,s3://osu-well-records-225989338968/pdfs/ExportedFolderContents_1/1923/08 - August/01913591_HORMAN 4_920983.pdf,1,1923,08 - August,early,1920s,location,location,not_found,"PLSS not found: missing section, township, range",done,,100,failed,not_found,,,,failed,exception,,done,,100,skipped,,,
01913805_PALMER 6_920992,s3://osu-well-records-225989338968/pdfs/ExportedFolderContents_1/1923/08 - August/01913805_PALMER 6_920992.pdf,1,1923,08 - August,early,1920s,location,location,not_found,"PLSS not found: missing section, township, range",done,,100,failed,not_found,,,,failed,exception,,done,,98,skipped,,,
01914255_FRANKLIN 1_921026,s3://osu-well-records-225989338968/pdfs/ExportedFolderContents_1/1923/08 - August/01914255_FRANKLIN 1_921026.pdf,1,1923,08 - August,early,1920s,location,location,not_found,"PLSS not found: missing section, township, range",done,,96,failed,not_found,,,,failed,exception,,done,,97,skipped,,,
03303483_OLIVER-PATTON 1-DD_516777,s3://osu-well-records-225989338968/pdfs/ExportedFolderContents_1/1923/08 - August/03303483_OLIVER-PATTON 1-DD_516777.pdf,1,1923,08 - August,early,1920s,location,location,not_found,"PLSS not found: missing section, township, range",done,,92,failed,not_found,,,,failed,keyword_not_found,,done,,98,skipped,,,
03700624_M MUKES 1_1055657,s3://osu-well-records-225989338968/pdfs/ExportedFolderContents_1/1923/08 - August/03700624_M MUKES 1_1055657.pdf,1,1923,08 - August,early,1920s,location,location,not_found,"PLSS not found: missing section, township, range",done,,99,failed,not_found,,,,failed,keyword_not_found,,done,,99,skipped,,,
03702417_ARCHIE WRIGHT 1_1055752,s3://osu-well-records-225989338968/pdfs/ExportedFolderContents_1/1923/08 - August/03702417_ARCHIE WRIGHT 1_1055752.pdf,1,1923,08 - August,early,1920s,location,location,not_found,"PLSS not found: missing section, township, range",done,,86,failed,not_found,,,,failed,exception,,failed,exception,,skipped,,,
03702770_TAYLOR BEAR 12_1055646,s3://osu-well-records-225989338968/pdfs/ExportedFolderContents_1/1923/08 - August/03702770_TAYLOR BEAR 12_1055646.pdf,1,1923,08 - August,early,1920s,location,location,not_found,"PLSS not found: missing section, township, range",done,,98,failed,not_found,,,,failed,exception,,done,,99,skipped,,,
03703542_HAREM 3_1055832,s3://osu-well-records-225989338968/pdfs/ExportedFolderContents_1/1923/08 - August/03703542_HAREM 3_1055832.pdf,1,1923,08 - August,early,1920s,location,location,not_found,"PLSS not found: missing section, township, range",done,,100,failed,not_found,,,,failed,exception,,failed,exception,,skipped,,,
03704171_P TIGER 2_1055871,s3://osu-well-records-225989338968/pdfs/ExportedFolderContents_1/1923/08 - August/03704171_P TIGER 2_1055871.pdf,1,1923,08 - August,early,1920s,location,location,not_found,"PLSS not found: missing section, township, range",done,,99,failed,not_found,,,,failed,keyword_not_found,,done,,99,skipped,,,
03704754_LONGFELLOW 2_1055669,s3://osu-well-records-225989338968/pdfs/ExportedFolderContents_1/1923/08 - August/03704754_LONGFELLOW 2_1055669.pdf,1,1923,08 - August,early,1920s,location,location,not_found,"PLSS not found: missing section, township, range",done,,100,failed,not_found,,,,failed,exception,,failed,exception,,skipped,,,
03705316_HARRY 2_1055641,s3://osu-well-records-225989338968/pdfs/ExportedFolderContents_1/1923/08 - August/03705316_HARRY 2_1055641.pdf,1,1923,08 - August,early,1920s,location,location,not_found,"PLSS not found: missing section, township, range",done,,100,failed,not_found,,,,failed,exception,,done,,89,skipped,,,
03705316_HARRY 2_1055644,s3://osu-well-records-225989338968/pdfs/ExportedFolderContents_1/1923/08 - August/03705316_HARRY 2_1055644.pdf,1,1923,08 - August,early,1920s,location,location,not_found,"PLSS not found: missing section, township, range",done,,100,failed,not_found,,,,failed,exception,,done,,89,skipped,,,
03706206_No Data_1055647,s3://osu-well-records-225989338968/pdfs/ExportedFolderContents_1/1923/08 - August/03706206_No Data_1055647.pdf,1,1923,08 - August,early,1920s,location,location,not_found,"PLSS not found: missing section, township, range",done,,100,failed,not_found,,,,failed,exception,,done,,99,skipped,,,
03706960_HAWKINS 1_1055698,s3://osu-well-records-225989338968/pdfs/ExportedFolderContents_1/1923/08 - August/03706960_HAWKINS 1_1055698.pdf,1,1923,08 - August,early,1920s,location,location,not_found,"PLSS not found: missing section, township, range",done,,90,failed,not_found,,,,failed,api_error,,failed,exception,,skipped,,,
03707055_C TUCKER 1_1055805,s3://osu-well-records-225989338968/pdfs/ExportedFolderContents_1/1923/08 - August/03707055_C TUCKER 1_1055805.pdf,1,1923,08 - August,early,1920s,location,location,not_found,"PLSS not found: missing section, township, range",done,,100,failed,not_found,,,,failed,exception,,done,,100,skipped,,,
03707191_DEERE 9_1055775,s3://osu-well-records-225989338968/pdfs/ExportedFolderContents_1/1923/08 - August/03707191_DEERE 9_1055775.pdf,1,1923,08 - August,early,1920s,location,location,not_found,"PLSS not found: missing section, township, range",done,,100,failed,not_found,,,,failed,exception,,failed,exception,,skipped,,,
03707228_LEON GRAYSON 2_1055749,s3://osu-well-records-225989338968/pdfs/ExportedFolderContents_1/1923/08 - August/03707228_LEON GRAYSON 2_1055749.pdf,1,1923,08 - August,early,1920s,location,location,not_found,"PLSS not found: missing section, township, range",done,,98,failed,not_found,,,,failed,keyword_not_found,,failed,exception,,skipped,,,
03707814_TIGER 1_1055824,s3://osu-well-records-225989338968/pdfs/ExportedFolderContents_1/1923/08 - August/03707814_TIGER 1_1055824.pdf,1,1923,08 - August,early,1920s,location,location,not_found,"PLSS not found: missing section, township, range",done,,100,failed,not_found,,,,failed,exception,,done,,99,skipped,,,
03710085_No Data_1055643,s3://osu-well-records-225989338968/pdfs/ExportedFolderContents_1/1923/08 - August/03710085_No Data_1055643.pdf,1,1923,08 - August,early,1920s,location,location,not_found,"PLSS not found: missing section, township, range",done,,100,failed,not_found,,,,failed,keyword_not_found,,done,,98,skipped,,,
03712706_W C NANTZ 1_1055627,s3://osu-well-records-225989338968/pdfs/ExportedFolderContents_1/1923/08 - August/03712706_W C NANTZ 1_1055627.pdf,1,1923,08 - August,early,1920s,location,location,not_found,"PLSS not found: missing section, township, range",done,,96,failed,not_found,,,,failed,exception,,failed,exception,,skipped,,,
03714391_No Data_1055800,s3://osu-well-records-225989338968/pdfs/ExportedFolderContents_1/1923/08 - August/03714391_No Data_1055800.pdf,1,1923,08 - August,early,1920s,location,location,not_found,"PLSS not found: missing section, township, range",done,,99,failed,not_found,,,,failed,exception,,failed,exception,,skipped,,,
03716473_LOUISA SCOTT 8_1055741,s3://osu-well-records-225989338968/pdfs/ExportedFolderContents_1/1923/08 - August/03716473_LOUISA SCOTT 8_1055741.pdf,1,1923,08 - August,early,1920s,location,location,not_found,"PLSS not found: missing section, township, range",done,,100,failed,not_found,,,,failed,keyword_not_found,,done,,99,skipped,,,
03717376_J B ROBERTS 2_1055784,s3://osu-well-records-225989338968/pdfs/ExportedFolderContents_1/1923/08 - August/03717376_J B ROBERTS 2_1055784.pdf,1,1923,08 - August,early,1920s,location,location,not_found,"PLSS not found: missing section, township, range",done,,98,failed,not_found,,,,failed,keyword_not_found,,failed,exception,,skipped,,,
03722915_PICKETT 1_1055691,s3://osu-well-records-225989338968/pdfs/ExportedFolderContents_1/1923/08 - August/03722915_PICKETT 1_1055691.pdf,1,1923,08 - August,early,1920s,location,location,not_found,"PLSS not found: missing section, township, range",done,,100,failed,not_found,,,,failed,exception,,failed,exception,,skipped,,,
04702226_L E CREWS 12_1539757,s3://osu-well-records-225989338968/pdfs/ExportedFolderContents_1/1923/08 - August/04702226_L E CREWS 12_1539757.pdf,1,1923,08 - August,early,1920s,location,location,not_found,"PLSS not found: missing section, township, range",done,,100,failed,not_found,,,,failed,exception,,done,,98,skipped,,,
04702977_WINDLER 10_1539831,s3://osu-well-records-225989338968/pdfs/ExportedFolderContents_1/1923/08 - August/04702977_WINDLER 10_1539831.pdf,1,1923,08 - August,early,1920s,location,location,not_found,"PLSS not found: missing section, township, range",done,,100,failed,not_found,,,,failed,keyword_not_found,,failed,exception,,skipped,,,
04900543_LULA JAMES 2_782452,s3://osu-well-records-225989338968/pdfs/ExportedFolderContents_1/1923/08 - August/04900543_LULA JAMES 2_782452.pdf,1,1923,08 - August,early,1920s,location,location,not_found,"PLSS not found: missing section, township, range",done,,99,failed,not_found,,,,failed,exception,,failed,exception,,skipped,,,
10303164_J CARMICHAEL 15-A_50981276,s3://osu-well-records-225989338968/pdfs/ExportedFolderContents_1/1923/08 - August/10303164_J CARMICHAEL 15-A_50981276.pdf,1,1923,08 - August,early,1920s,location,location,not_found,"PLSS not found: missing section, township, range",done,,99,failed,not_found,,,,failed,exception,,done,,99,skipped,,,
10303170_CARMICHAEL 17_50976336,s3://osu-well-records-225989338968/pdfs/ExportedFolderContents_1/1923/08 - August/10303170_CARMICHAEL 17_50976336.pdf,1,1923,08 - August,early,1920s,location,location,not_found,"PLSS not found: missing section, township, range",done,,93,failed,not_found,,,,failed,exception,,failed,exception,,skipped,,,
10303172_CARMICHAEL 18-A_1539742,s3://osu-well-records-225989338968/pdfs/ExportedFolderContents_1/1923/08 - August/10303172_CARMICHAEL 18-A_1539742.pdf,1,1923,08 - August,early,1920s,location,location,not_found,"PLSS not found: missing section, township, range",done,,95,failed,not_found,,,,failed,exception,,done,,100,skipped,,,
10303174_CARMICHAEL 19_1539770,s3://osu-well-records-225989338968/pdfs/ExportedFolderContents_1/1923/08 - August/10303174_CARMICHAEL 19_1539770.pdf,1,1923,08 - August,early,1920s,location,location,not_found,"PLSS not found: missing section, township, range",done,,100,failed,not_found,,,,failed,exception,,done,,99,skipped,,,
10303174_CARMICHAEL 19_50976082,s3://osu-well-records-225989338968/pdfs/ExportedFolderContents_1/1923/08 - August/10303174_CARMICHAEL 19_50976082.pdf,1,1923,08 - August,early,1920s,location,location,not_found,"PLSS not found: missing section, township, range",done,,99,failed,not_found,,,,failed,exception,,failed,exception,,skipped,,,
10303178_CARMICHAEL 20_1539829,s3://osu-well-records-225989338968/pdfs/ExportedFolderContents_1/1923/08 - August/10303178_CARMICHAEL 20_1539829.pdf,1,1923,08 - August,early,1920s,location,location,not_found,"PLSS not found: missing section, township, range",done,,96,failed,not_found,,,,failed,exception,,failed,exception,,skipped,,,
10303178_CARMICHAEL 20_50981305,s3://osu-well-records-225989338968/pdfs/ExportedFolderContents_1/1923/08 - August/10303178_CARMICHAEL 20_50981305.pdf,1,1923,08 - August,early,1920s,location,location,not_found,"PLSS not found: missing section, township, range",done,,100,failed,not_found,,,,failed,keyword_not_found,,done,,99,skipped,,,
10303179_CARMICHAEL 20-A_1539814,s3://osu-well-records-225989338968/pdfs/ExportedFolderContents_1/1923/08 - August/10303179_CARMICHAEL 20-A_1539814.pdf,1,1923,08 - August,early,1920s,location,location,not_found,"PLSS not found: missing section, township, range",done,,100,failed,not_found,,,,failed,exception,,done,,99,skipped,,,
10303179_CARMICHAEL 20-A_50981310,s3://osu-well-records-225989338968/pdfs/ExportedFolderContents_1/1923/08 - August/10303179_CARMICHAEL 20-A_50981310.pdf,1,1923,08 - August,early,1920s,location,location,not_found,"PLSS not found: missing section, township, range",done,,98,failed,not_found,,,,failed,exception,,failed,exception,,skipped,,,
10303182_CARMICHAEL 22_1539786,s3://osu-well-records-225989338968/pdfs/ExportedFolderContents_1/1923/08 - August/10303182_CARMICHAEL 22_1539786.pdf,1,1923,08 - August,early,1920s,location,location,not_found,"PLSS not found: missing section, township, range",done,,92,failed,not_found,,,,failed,api_error,,failed,exception,,skipped,,,
10303206_RUZEK 10-A_1539792,s3://osu-well-records-225989338968/pdfs/ExportedFolderContents_1/1923/08 - August/10303206_RUZEK 10-A_1539792.pdf,1,1923,08 - August,early,1920s,location,location,not_found,"PLSS not found: missing section, township, range",done,,100,failed,not_found,,,,failed,exception,,done,,100,skipped,,,
10303209_P RUZEK 11-A_1539767,s3://osu-well-records-225989338968/pdfs/ExportedFolderContents_1/1923/08 - August/10303209_P RUZEK 11-A_1539767.pdf,1,1923,08 - August,early,1920s,location,location,not_found,"PLSS not found: missing section, township, range",done,,100,failed,not_found,,,,failed,exception,,done,,99,skipped,,,
10303211_P RUZEK 12_1539832,s3://osu-well-records-225989338968/pdfs/ExportedFolderContents_1/1923/08 - August/10303211_P RUZEK 12_1539832.pdf,1,1923,08 - August,early,1920s,location,location,not_found,"PLSS not found: missing section, township, range",done,,100,failed,not_found,,,,failed,exception,,done,,99,skipped,,,
10303223_JOHN FREDERICK 1_1539758,s3://osu-well-records-225989338968/pdfs/ExportedFolderContents_1/1923/08 - August/10303223_JOHN FREDERICK 1_1539758.pdf,1,1923,08 - August,early,1920s,location,location,not_found,"PLSS not found: missing section, township, range",done,,97,failed,not_found,,,,failed,keyword_not_found,,failed,exception,,skipped,,,
10303277_D.E. EVANS 19_1539772,s3://osu-well-records-225989338968/pdfs/ExportedFolderContents_1/1923/08 - August/10303277_D.E. EVANS 19_1539772.pdf,1,1923,08 - August,early,1920s,location,location,not_found,"PLSS not found: missing section, township, range",done,,100,failed,not_found,,,,failed,exception,,failed,exception,,skipped,,,
10303278_D.E. EVANS 20_1539763,s3://osu-well-records-225989338968/pdfs/ExportedFolderContents_1/1923/08 - August/10303278_D.E. EVANS 20_1539763.pdf,1,1923,08 - August,early,1920s,location,location,not_found,"PLSS not found: missing section, township, range",done,,100,failed,not_found,,,,failed,keyword_not_found,,done,,98,skipped,,,
10303313_RENCE 2A_1539756,s3://osu-well-records-225989338968/pdfs/ExportedFolderContents_1/1923/08 - August/10303313_RENCE 2A_1539756.pdf,1,1923,08 - August,early,1920s,location,location,not_found,"PLSS not found: missing section, township, range",done,,90,failed,not_found,,,,failed,keyword_not_found,,failed,exception,,skipped,,,
10303330_RENCE 9A_1539760,s3://osu-well-records-225989338968/pdfs/ExportedFolderContents_1/1923/08 - August/10303330_RENCE 9A_1539760.pdf,1,1923,08 - August,early,1920s,location,location,not_found,"PLSS not found: missing section, township, range",done,,99,failed,not_found,,,,failed,exception,,failed,exception,,skipped,,,
10303350_SMITH 1_1539729,s3://osu-well-records-225989338968/pdfs/ExportedFolderContents_1/1923/08 - August/10303350_SMITH 1_1539729.pdf,1,1923,08 - August,early,1920s,location,location,not_found,"PLSS not found: missing section, township, range",done,,99,failed,not_found,,,,failed,exception,,done,,100,skipped,,,
10303380_OKLAHOMA 4_1539739,s3://osu-well-records-225989338968/pdfs/ExportedFolderContents_1/1923/08 - August/10303380_OKLAHOMA 4_1539739.pdf,1,1923,08 - August,early,1920s,location,location,not_found,"PLSS not found: missing section, township, range",done,,100,failed,not_found,,,,failed,exception,,done,,99,skipped,,,
10575020_TANNER 14_1676127,s3://osu-well-records-225989338968/pdfs/ExportedFolderContents_1/1923/08 - August/10575020_TANNER 14_1676127.pdf,1,1923,08 - August,early,1920s,location,location,not_found,"PLSS not found: missing section, township, range",done,,97,failed,not_found,,,,failed,exception,,done,,98,skipped,,,
10700700_W P REDDICK 1_1055795,s3://osu-well-records-225989338968/pdfs/ExportedFolderContents_1/1923/08 - August/10700700_W P REDDICK 1_1055795.pdf,1,1923,08 - August,early,1920s,location,location,not_found,"PLSS not found: missing section, township, range",done,,98,failed,not_found,,,,failed,exception,,failed,exception,,skipped,,,
10700700_W P REDDICK 1_589681,s3://osu-well-records-225989338968/pdfs/ExportedFolderContents_1/1923/08 - August/10700700_W P REDDICK 1_589681.pdf,1,1923,08 - August,early,1920s,location,location,not_found,"PLSS not found: missing section, township, range",done,,98,failed,not_found,,,,failed,exception,,failed,exception,,skipped,,,
10702978_No Data_1055823,s3://osu-well-records-225989338968/pdfs/ExportedFolderContents_1/1923/08 - August/10702978_No Data_1055823.pdf,1,1923,08 - August,early,1920s,location,location,not_found,"PLSS not found: missing section, township, range",done,,95,failed,not_found,,,,failed,exception,,failed,exception,,skipped,,,
10703889_ROOT 1_50999763,s3://osu-well-records-225989338968/pdfs/ExportedFolderContents_1/1923/08 - August/10703889_ROOT 1_50999763.pdf,1,1923,08 - August,early,1920s,location,location,not_found,"PLSS not found: missing section, township, range",done,,98,failed,not_found,,,,failed,keyword_not_found,,failed,exception,,skipped,,,
10704146_TEKE 1_1055742,s3://osu-well-records-225989338968/pdfs/ExportedFolderContents_1/1923/08 - August/10704146_TEKE 1_1055742.pdf,1,1923,08 - August,early,1920s,location,location,not_found,"PLSS not found: missing section, township, range",done,,96,failed,not_found,,,,failed,exception,,done,,99,skipped,,,
10704453_M HAWKINS 1_1055734,s3://osu-well-records-225989338968/pdfs/ExportedFolderContents_1/1923/08 - August/10704453_M HAWKINS 1_1055734.pdf,1,1923,08 - August,early,1920s,location,location,not_found,"PLSS not found: missing section, township, range",done,,100,failed,not_found,,,,failed,exception,,failed,exception,,skipped,,,
11100220_EDWARDS 3_1055811,s3://osu-well-records-225989338968/pdfs/ExportedFolderContents_1/1923/08 - August/11100220_EDWARDS 3_1055811.pdf,1,1923,08 - August,early,1920s,location,location,not_found,"PLSS not found: missing section, township, range",done,,100,failed,not_found,,,,failed,keyword_not_found,,done,,99,skipped,,,
11102326_MALLORY 1_1055696,s3://osu-well-records-225989338968/pdfs/ExportedFolderContents_1/1923/08 - August/11102326_MALLORY 1_1055696.pdf,1,1923,08 - August,early,1920s,location,location,not_found,"PLSS not found: missing section, township, range",done,,99,failed,not_found,,,,failed,exception,,done,,98,skipped,,,
11103027_HILLMAN 5_1055666,s3://osu-well-records-225989338968/pdfs/ExportedFolderContents_1/1923/08 - August/11103027_HILLMAN 5_1055666.pdf,1,1923,08 - August,early,1920s,location,location,not_found,"PLSS not found: missing section, township, range",done,,99,failed,not_found,,,,failed,keyword_not_found,,done,,99,skipped,,,
11103031_S WILLIAMS 5_1055701,s3://osu-well-records-225989338968/pdfs/ExportedFolderContents_1/1923/08 - August/11103031_S WILLIAMS 5_1055701.pdf,1,1923,08 - August,early,1920s,location,location,not_found,"PLSS not found: missing section, township, range",done,,96,failed,not_found,,,,failed,exception,,failed,exception,,skipped,,,
11103038_COLBERT 8-80A_1055706,s3://osu-well-records-225989338968/pdfs/ExportedFolderContents_1/1923/08 - August/11103038_COLBERT 8-80A_1055706.pdf,1,1923,08 - August,early,1920s,location,location,not_found,"PLSS not found: missing section, township, range",done,,99,failed,not_found,,,,failed,exception,,done,,99,skipped,,,
11103994_ANDERSON 2_1364653,s3://osu-well-records-225989338968/pdfs/ExportedFolderContents_1/1923/08 - August/11103994_ANDERSON 2_1364653.pdf,1,1923,08 - August,early,1920s,location,location,not_found,"PLSS not found: missing section, township, range",done,,95,failed,not_found,,,,failed,keyword_not_found,,done,,100,skipped,,,
11105147_K & R 1_1055836,s3://osu-well-records-225989338968/pdfs/ExportedFolderContents_1/1923/08 - August/11105147_K & R 1_1055836.pdf,1,1923,08 - August,early,1920s,location,location,not_found,"PLSS not found: missing section, township, range",done,,99,failed,not_found,,,,failed,keyword_not_found,,done,,98,skipped,,,
11106191_MILLER 1_1055847,s3://osu-well-records-225989338968/pdfs/ExportedFolderContents_1/1923/08 - August/11106191_MILLER 1_1055847.pdf,1,1923,08 - August,early,1920s,location,location,not_found,"PLSS not found: missing section, township, range",done,,100,failed,not_found,,,,failed,exception,,done,,100,skipped,,,
11106192_KEMARYE 1_1055842,s3://osu-well-records-225989338968/pdfs/ExportedFolderContents_1/1923/08 - August/11106192_KEMARYE 1_1055842.pdf,1,1923,08 - August,early,1920s,location,location,not_found,"PLSS not found: missing section, township, range",done,,99,failed,not_found,,,,failed,exception,,done,,99,skipped,,,
11107044_S C SELF 2_1055756,s3://osu-well-records-225989338968/pdfs/ExportedFolderContents_1/1923/08 - August/11107044_S C SELF 2_1055756.pdf,1,1923,08 - August,early,1920s,location,location,not_found,"PLSS not found: missing section, township, range",done,,100,failed,not_found,,,,failed,keyword_not_found,,done,,99,skipped,,,
11107046_SELF 1_1055651,s3://osu-well-records-225989338968/pdfs/ExportedFolderContents_1/1923/08 - August/11107046_SELF 1_1055651.pdf,1,1923,08 - August,early,1920s,location,location,not_found,"PLSS not found: missing section, township, range",done,,100,failed,not_found,,,,failed,keyword_not_found,,done,,84,skipped,,,
11107372_ROONEY 2_1055757,s3://osu-well-records-225989338968/pdfs/ExportedFolderContents_1/1923/08 - August/11107372_ROONEY 2_1055757.pdf,1,1923,08 - August,early,1920s,location,location,not_found,"PLSS not found: missing section, township, range",done,,100,failed,not_found,,,,failed,exception,,failed,exception,,skipped,,,
11107754_M TIGER 4_1055658,s3://osu-well-records-225989338968/pdfs/ExportedFolderContents_1/1923/08 - August/11107754_M TIGER 4_1055658.pdf,1,1923,08 - August,early,1920s,location,location,not_found,"PLSS not found: missing section, township, range",done,,100,failed,not_found,,,,failed,exception,,done,,100,skipped,,,
11108674_ALMORENCE SNEED 1_1055629,s3://osu-well-records-225989338968/pdfs/ExportedFolderContents_1/1923/08 - August/11108674_ALMORENCE SNEED 1_1055629.pdf,1,1923,08 - August,early,1920s,location,location,not_found,"PLSS not found: missing section, township, range",done,,99,failed,not_found,,,,failed,exception,,done,,99,skipped,,,
11108729_Riddle Cub 1_1055743,s3://osu-well-records-225989338968/pdfs/ExportedFolderContents_1/1923/08 - August/11108729_Riddle Cub 1_1055743.pdf,1,1923,08 - August,early,1920s,location,location,not_found,"PLSS not found: missing section, township, range",done,,100,failed,not_found,,,,failed,keyword_not_found,,done,,97,skipped,,,
11108729_Riddle Cub 1_516770,s3://osu-well-records-225989338968/pdfs/ExportedFolderContents_1/1923/08 - August/11108729_Riddle Cub 1_516770.pdf,1,1923,08 - August,early,1920s,location,location,not_found,"PLSS not found: missing section, township, range",done,,100,failed,not_found,,,,failed,keyword_not_found,,done,,97,skipped,,,
11111140_T BRUNER 5_1055736,s3://osu-well-records-225989338968/pdfs/ExportedFolderContents_1/1923/08 - August/11111140_T BRUNER 5_1055736.pdf,1,1923,08 - August,early,1920s,location,location,not_found,"PLSS not found: missing section, township, range",done,,100,failed,not_found,,,,failed,exception,,done,,100,skipped,,,
11111647_HAWKINS 5_1055859,s3://osu-well-records-225989338968/pdfs/ExportedFolderContents_1/1923/08 - August/11111647_HAWKINS 5_1055859.pdf,1,1923,08 - August,early,1920s,location,location,not_found,"PLSS not found: missing section, township, range",done,,100,failed,not_found,,,,failed,exception,,failed,exception,,skipped,,,
11112654_M ADAMS 2_1055758,s3://osu-well-records-225989338968/pdfs/ExportedFolderContents_1/1923/08 - August/11112654_M ADAMS 2_1055758.pdf,1,1923,08 - August,early,1920s,location,location,not_found,"PLSS not found: missing section, township, range",done,,100,failed,not_found,,,,failed,exception,,failed,exception,,skipped,,,
11702047_BUSH 2_1055822,s3://osu-well-records-225989338968/pdfs/ExportedFolderContents_1/1923/08 - August/11702047_BUSH 2_1055822.pdf,1,1923,08 - August,early,1920s,location,location,not_found,"PLSS not found: missing section, township, range",done,,100,failed,not_found,,,,failed,exception,,done,,97,skipped,,,
11702674_BOYLES 1_1055826,s3://osu-well-records-225989338968/pdfs/ExportedFolderContents_1/1923/08 - August/11702674_BOYLES 1_1055826.pdf,1,1923,08 - August,early,1920s,location,location,not_found,"PLSS not found: missing section, township, range",done,,91,failed,not_found,,,,failed,exception,,done,,99,skipped,,,
11702810_KLINTWORTH 1_1055724,s3://osu-well-records-225989338968/pdfs/ExportedFolderContents_1/1923/08 - August/11702810_KLINTWORTH 1_1055724.pdf,1,1923,08 - August,early,1920s,location,location,not_found,"PLSS not found: missing section, township, range",done,,90,failed,not_found,,,,failed,exception,,failed,exception,,skipped,,,
11703013_LANGSTON 3_1055744,s3://osu-well-records-225989338968/pdfs/ExportedFolderContents_1/1923/08 - August/11703013_LANGSTON 3_1055744.pdf,1,1923,08 - August,early,1920s,location,location,not_found,"PLSS not found: missing section, township, range",done,,95,failed,not_found,,,,failed,exception,,done,,99,skipped,,,
11703936_HINSHAW 2_1055816,s3://osu-well-records-225989338968/pdfs/ExportedFolderContents_1/1923/08 - August/11703936_HINSHAW 2_1055816.pdf,1,1923,08 - August,early,1920s,location,location,not_found,"PLSS not found: missing section, township, range",done,,99,failed,not_found,,,,failed,exception,,failed,exception,,skipped,,,
11704411_SCHOOL LAND 2_1055662,s3://osu-well-records-225989338968/pdfs/ExportedFolderContents_1/1923/08 - August/11704411_SCHOOL LAND 2_1055662.pdf,1,1923,08 - August,early,1920s,location,location,not_found,"PLSS not found: missing section, township, range",done,,100,failed,not_found,,,,failed,exception,,failed,exception,,skipped,,,
11903954_EDNA FALLS 1_1415392,s3://osu-well-records-225989338968/pdfs/ExportedFolderContents_1/1923/08 - August/11903954_EDNA FALLS 1_1415392.pdf,1,1923,08 - August,early,1920s,location,location,not_found,"PLSS not found: missing section, township, range",done,,100,failed,not_found,,,,failed,keyword_not_found,,done,,86,skipped,,,
11904046_CORK 1_1055841,s3://osu-well-records-225989338968/pdfs/ExportedFolderContents_1/1923/08 - August/11904046_CORK 1_1055841.pdf,1,1923,08 - August,early,1920s,location,location,not_found,"PLSS not found: missing section, township, range",done,,100,failed,not_found,,,,failed,keyword_not_found,,done,,99,skipped,,,
12100365_S CARNEY 1_555847,s3://osu-well-records-225989338968/pdfs/ExportedFolderContents_1/1923/08 - August/12100365_S CARNEY 1_555847.pdf,1,1923,08 - August,early,1920s,location,location,not_found,"PLSS not found: missing section, township, range",done,,95,failed,not_found,,,,failed,exception,,done,,98,skipped,,,
13102067_AIKEN 1_1618536,s3://osu-well-records-225989338968/pdfs/ExportedFolderContents_1/1923/08 - August/13102067_AIKEN 1_1618536.pdf,1,1923,08 - August,early,1920s,location,location,not_found,"PLSS not found: missing section, township, range",done,,99,failed,not_found,,,,failed,exception,,done,,100,skipped,,,
13306890_JOHN LONG 1_589685,s3://osu-well-records-225989338968/pdfs/ExportedFolderContents_1/1923/08 - August/13306890_JOHN LONG 1_589685.pdf,1,1923,08 - August,early,1920s,location,location,not_found,"PLSS not found: missing section, township, range",done,,100,failed,not_found,,,,failed,exception,,done,,99,skipped,,,
13306974_E P NORTHERN 3_589686,s3://osu-well-records-225989338968/pdfs/ExportedFolderContents_1/1923/08 - August/13306974_E P NORTHERN 3_589686.pdf,1,1923,08 - August,early,1920s,location,location,not_found,"PLSS not found: missing section, township, range",done,,100,failed,not_found,,,,failed,exception,,done,,99,skipped,,,
13701464_ALFRED SHORTES A-1_782450,s3://osu-well-records-225989338968/pdfs/ExportedFolderContents_1/1923/08 - August/13701464_ALFRED SHORTES A-1_782450.pdf,1,1923,08 - August,early,1920s,location,location,not_found,"PLSS not found: missing section, township, range",done,,91,failed,not_found,,,,failed,exception,,failed,exception,,skipped,,,
13701493_ROUSK 1_782451,s3://osu-well-records-225989338968/pdfs/ExportedFolderContents_1/1923/08 - August/13701493_ROUSK 1_782451.pdf,1,1923,08 - August,early,1920s,location,location,not_found,"PLSS not found: missing section, township, range",done,,100,failed,not_found,,,,failed,keyword_not_found,,failed,exception,,skipped,,,
13701628_H T MAXEY B 1 DD_782456,s3://osu-well-records-225989338968/pdfs/ExportedFolderContents_1/1923/08 - August/13701628_H T MAXEY B 1 DD_782456.pdf,1,1923,08 - August,early,1920s,location,location,not_found,"PLSS not found: missing section, township, range",done,,100,failed,not_found,,,,failed,exception,,done,,99,skipped,,,
13701769_J W WILSON 14_921027,s3://osu-well-records-225989338968/pdfs/ExportedFolderContents_1/1923/08 - August/13701769_J W WILSON 14_921027.pdf,1,1923,08 - August,early,1920s,location,location,not_found,"PLSS not found: missing section, township, range",done,,91,failed,not_found,,,,failed,keyword_not_found,,failed,exception,,skipped,,,
13710437_E JAMES 6_920987,s3://osu-well-records-225989338968/pdfs/ExportedFolderContents_1/1923/08 - August/13710437_E JAMES 6_920987.pdf,1,1923,08 - August,early,1920s,location,location,not_found,"PLSS not found: missing section, township, range",done,,100,failed,not_found,,,,failed,keyword_not_found,,failed,exception,,skipped,,,
13710449_R E FARRIS 6_921010,s3://osu-well-records-225989338968/pdfs/ExportedFolderContents_1/1923/08 - August/13710449_R E FARRIS 6_921010.pdf,1,1923,08 - August,early,1920s,location,location,not_found,"PLSS not found: missing section, township, range",done,,96,failed,not_found,,,,failed,keyword_not_found,,done,,82,skipped,,,
13710588_W A DICKEN 8_5703843,s3://osu-well-records-225989338968/pdfs/ExportedFolderContents_1/1923/08 - August/13710588_W A DICKEN 8_5703843.pdf,1,1923,08 - August,early,1920s,location,location,not_found,"PLSS not found: missing section, township, range",done,,98,failed,not_found,,,,failed,exception,,failed,exception,,skipped,,,
13710588_W A DICKENS 8_921039,s3://osu-well-records-225989338968/pdfs/ExportedFolderContents_1/1923/08 - August/13710588_W A DICKENS 8_921039.pdf,1,1923,08 - August,early,1920s,location,location,not_found,"PLSS not found: missing section, township, range",done,,100,failed,not_found,,,,failed,keyword_not_found,,done,,100,skipped,,,
13710622_J W WILSON 13_920999,s3://osu-well-records-225989338968/pdfs/ExportedFolderContents_1/1923/08 - August/13710622_J W WILSON 13_920999.pdf,1,1923,08 - August,early,1920s,location,location,not_found,"PLSS not found: missing section, township, range",done,,100,failed,not_found,,,,failed,keyword_not_found,,done,,99,skipped,,,
13710632_J W WILSON 2-DD_921037,s3://osu-well-records-225989338968/pdfs/ExportedFolderContents_1/1923/08 - August/13710632_J W WILSON 2-DD_921037.pdf,1,1923,08 - August,early,1920s,location,location,not_found,"PLSS not found: missing section, township, range",done,,91,failed,not_found,,,,failed,keyword_not_found,,done,,99,skipped,,,
13711276_F F WILSON 3_920979,s3://osu-well-records-225989338968/pdfs/ExportedFolderContents_1/1923/08 - August/13711276_F F WILSON 3_920979.pdf,1,1923,08 - August,early,1920s,location,location,not_found,"PLSS not found: missing section, township, range",done,,94,failed,not_found,,,,failed,exception,,done,,100,skipped,,,
13712372_SMITH 9_921032,s3://osu-well-records-225989338968/pdfs/ExportedFolderContents_1/1923/08 - August/13712372_SMITH 9_921032.pdf,1,1923,08 - August,early,1920s,location,location,not_found,"PLSS not found: missing section, township, range",done,,95,failed,not_found,,,,failed,exception,,failed,exception,,skipped,,,
13712372_SMITH 9_921033,s3://osu-well-records-225989338968/pdfs/ExportedFolderContents_1/1923/08 - August/13712372_SMITH 9_921033.pdf,1,1923,08 - August,early,1920s,location,location,not_found,"PLSS not found: missing section, township, range",done,,100,failed,not_found,,,,failed,keyword_not_found,,done,,100,skipped,,,
13713222_MAUD APPLEGATE 1_921001,s3://osu-well-records-225989338968/pdfs/ExportedFolderContents_1/1923/08 - August/13713222_MAUD APPLEGATE 1_921001.pdf,1,1923,08 - August,early,1920s,location,location,not_found,"PLSS not found: missing section, township, range",done,,100,failed,not_found,,,,failed,api_error,,failed,exception,,skipped,,,
13713372_KILLINGSWORTH 5_5704266,s3://osu-well-records-225989338968/pdfs/ExportedFolderContents_1/1923/08 - August/13713372_KILLINGSWORTH 5_5704266.pdf,1,1923,08 - August,early,1920s,location,location,not_found,"PLSS not found: missing section, township, range",done,,91,failed,not_found,,,,failed,exception,,failed,exception,,skipped,,,
13713372_KILLINGSWORTH 5_921000,s3://osu-well-records-225989338968/pdfs/ExportedFolderContents_1/1923/08 - August/13713372_KILLINGSWORTH 5_921000.pdf,1,1923,08 - August,early,1920s,location,location,not_found,"PLSS not found: missing section, township, range",done,,100,failed,not_found,,,,failed,exception,,done,,99,skipped,,,
14102202_CAPSHAW 2_516771,s3://osu-well-records-225989338968/pdfs/ExportedFolderContents_1/1923/08 - August/14102202_CAPSHAW 2_516771.pdf,1,1923,08 - August,early,1920s,location,location,not_found,"PLSS not found: missing section, township, range",done,,98,failed,not_found,,,,failed,keyword_not_found,,done,,96,skipped,,,
14102202_CAPSHAW 2_921011,s3://osu-well-records-225989338968/pdfs/ExportedFolderContents_1/1923/08 - August/14102202_CAPSHAW 2_921011.pdf,1,1923,08 - August,early,1920s,location,location,not_found,"PLSS not found: missing section, township, range",done,,98,failed,not_found,,,,failed,keyword_not_found,,done,,96,skipped,,,
14301340_FEE 1_516764,s3://osu-well-records-225989338968/pdfs/ExportedFolderContents_1/1923/08 - August/14301340_FEE 1_516764.pdf,1,1923,08 - August,early,1920s,location,location,not_found,"PLSS not found: missing section, township, range",done,,100,failed,not_found,,,,failed,exception,,done,,96,skipped,,,
14301627_TEEL 1_1055821,s3://osu-well-records-225989338968/pdfs/ExportedFolderContents_1/1923/08 - August/14301627_TEEL 1_1055821.pdf,1,1923,08 - August,early,1920s,location,location,not_found,"PLSS not found: missing section, township, range",done,,99,failed,not_found,,,,failed,exception,,failed,exception,,skipped,,,
14303603_HOGAN 2_1055626,s3://osu-well-records-225989338968/pdfs/ExportedFolderContents_1/1923/08 - August/14303603_HOGAN 2_1055626.pdf,1,1923,08 - August,early,1920s,location,location,not_found,"PLSS not found: missing section, township, range",done,,100,failed,not_found,,,,failed,exception,,done,,96,skipped,,,
14303789_REBER 3_1055804,s3://osu-well-records-225989338968/pdfs/ExportedFolderContents_1/1923/08 - August/14303789_REBER 3_1055804.pdf,1,1923,08 - August,early,1920s,location,location,not_found,"PLSS not found: missing section, township, range",done,,95,failed,not_found,,,,failed,exception,,done,,98,skipped,,,
14304468_No Data_1055681,s3://osu-well-records-225989338968/pdfs/ExportedFolderContents_1/1923/08 - August/14304468_No Data_1055681.pdf,1,1923,08 - August,early,1920s,location,location,not_found,"PLSS not found: missing section, township, range",done,,100,failed,not_found,,,,failed,exception,,failed,exception,,skipped,,,
14304776_No Data_1055747,s3://osu-well-records-225989338968/pdfs/ExportedFolderContents_1/1923/08 - August/14304776_No Data_1055747.pdf,1,1923,08 - August,early,1920s,location,location,not_found,"PLSS not found: missing section, township, range",done,,96,failed,not_found,,,,failed,exception,,failed,exception,,skipped,,,
14304966_REESE 1_1415467,s3://osu-well-records-225989338968/pdfs/ExportedFolderContents_1/1923/08 - August/14304966_REESE 1_1415467.pdf,1,1923,08 - August,early,1920s,location,location,not_found,"PLSS not found: missing section, township, range",done,,100,failed,not_found,,,,failed,exception,,done,,99,skipped,,,
14304980_SALESBURY 2_1415456,s3://osu-well-records-225989338968/pdfs/ExportedFolderContents_1/1923/08 - August/14304980_SALESBURY 2_1415456.pdf,1,1923,08 - August,early,1920s,location,location,not_found,"PLSS not found: missing section, township, range",done,,100,failed,not_found,,,,failed,exception,,done,,99,skipped,,,
14502265_SUMMERS 1_1364637,s3://osu-well-records-225989338968/pdfs/ExportedFolderContents_1/1923/08 - August/14502265_SUMMERS 1_1364637.pdf,1,1923,08 - August,early,1920s,location,location,not_found,"PLSS not found: missing section, township, range",done,,99,failed,not_found,,,,failed,exception,,done,,100,skipped,,,
14506139_MITCHELL 3 _1364647,s3://osu-well-records-225989338968/pdfs/ExportedFolderContents_1/1923/08 - August/14506139_MITCHELL 3 _1364647.pdf,1,1923,08 - August,early,1920s,location,location,not_found,"PLSS not found: missing section, township, range",done,,100,failed,not_found,,,,failed,exception,,done,,99,skipped,,,
14506145_VERNON 2_1364629,s3://osu-well-records-225989338968/pdfs/ExportedFolderContents_1/1923/08 - August/14506145_VERNON 2_1364629.pdf,1,1923,08 - August,early,1920s,location,location,not_found,"PLSS not found: missing section, township, range",done,,99,failed,not_found,,,,failed,keyword_not_found,,done,,99,skipped,,,
14706354_BRYANT 3_1415378,s3://osu-well-records-225989338968/pdfs/ExportedFolderContents_1/1923/08 - August/14706354_BRYANT 3_1415378.pdf,1,1923,08 - August,early,1920s,location,location,not_found,"PLSS not found: missing section, township, range",done,,99,failed,not_found,,,,failed,exception,,done,,98,skipped,,,
14707671_No Data_1415422,s3://osu-well-records-225989338968/pdfs/ExportedFolderContents_1/1923/08 - August/14707671_No Data_1415422.pdf,1,1923,08 - August,early,1920s,location,location,not_found,"PLSS not found: missing section, township, range",done,,99,failed,not_found,,,,failed,exception,,failed,exception,,skipped,,,
14707728_HAYHURST 2_1415426,s3://osu-well-records-225989338968/pdfs/ExportedFolderContents_1/1923/08 - August/14707728_HAYHURST 2_1415426.pdf,1,1923,08 - August,early,1920s,location,location,not_found,"PLSS not found: missing section, township, range",done,,100,failed,not_found,,,,failed,exception,,done,,99,skipped,,,
35033008250000_CARTER 1_1937728,s3://osu-well-records-225989338968/pdfs/ExportedFolderContents_1/1923/08 - August/35033008250000_CARTER 1_1937728.pdf,1,1923,08 - August,early,1920s,location,location,not_found,"PLSS not found: missing section, township, range",done,,91,failed,not_found,,,,failed,keyword_not_found,,failed,exception,,skipped,,,
35035004770000_NEAL 1_2364783,s3://osu-well-records-225989338968/pdfs/ExportedFolderContents_1/1923/08 - August/35035004770000_NEAL 1_2364783.pdf,1,1923,08 - August,early,1920s,location,location,not_found,"PLSS not found: missing section, township, range",done,,100,failed,not_found,,,,failed,exception,,done,,97,skipped,,,
35035004770000_NEAL 1_2465120,s3://osu-well-records-225989338968/pdfs/ExportedFolderContents_1/1923/08 - August/35035004770000_NEAL 1_2465120.pdf,1,1923,08 - August,early,1920s,location,location,not_found,"PLSS not found: missing section, township, range",done,,100,failed,not_found,,,,failed,exception,,done,,97,skipped,,,
35037005520000_L YAHOLA 3_2006447,s3://osu-well-records-225989338968/pdfs/ExportedFolderContents_1/1923/08 - August/35037005520000_L YAHOLA 3_2006447.pdf,1,1923,08 - August,early,1920s,location,location,not_found,"PLSS not found: missing section, township, range",done,,91,failed,not_found,,,,failed,exception,,done,,98,skipped,,,
3503703768_WILSON M_2006571,s3://osu-well-records-225989338968/pdfs/ExportedFolderContents_1/1923/08 - August/3503703768_WILSON M_2006571.pdf,1,1923,08 - August,early,1920s,location,location,not_found,"PLSS not found: missing section, township, range",done,,100,failed,not_found,,,,failed,keyword_not_found,,done,,100,skipped,,,
3503703798_WILDCAT WILLIE_2006586,s3://osu-well-records-225989338968/pdfs/ExportedFolderContents_1/1923/08 - August/3503703798_WILDCAT WILLIE_2006586.pdf,1,1923,08 - August,early,1920s,location,location,not_found,"PLSS not found: missing section, township, range",done,,100,failed,not_found,,,,failed,exception,,failed,exception,,skipped,,,
3503703800000_WILLIE WILDCAT_2006540,s3://osu-well-records-225989338968/pdfs/ExportedFolderContents_1/1923/08 - August/3503703800000_WILLIE WILDCAT_2006540.pdf,1,1923,08 - August,early,1920s,location,location,not_found,"PLSS not found: missing section, township, range",done,,95,failed,not_found,,,,failed,exception,,failed,exception,,skipped,,,
35037040670000_S MITCHELL 2_2006525,s3://osu-well-records-225989338968/pdfs/ExportedFolderContents_1/1923/08 - August/35037040670000_S MITCHELL 2_2006525.pdf,1,1923,08 - August,early,1920s,location,location,not_found,"PLSS not found: missing section, township, range",done,,99,failed,not_found,,,,failed,exception,,done,,99,skipped,,,
35037053250000_FRAZIER HARRY_2006402,s3://osu-well-records-225989338968/pdfs/ExportedFolderContents_1/1923/08 - August/35037053250000_FRAZIER HARRY_2006402.pdf,1,1923,08 - August,early,1920s,location,location,not_found,"PLSS not found: missing section, township, range",done,,98,failed,not_found,,,,failed,exception,,done,,100,skipped,,,
35037053250000_FRAZIER HARRY_2006412,s3://osu-well-records-225989338968/pdfs/ExportedFolderContents_1/1923/08 - August/35037053250000_FRAZIER HARRY_2006412.pdf,1,1923,08 - August,early,1920s,location,location,not_found,"PLSS not found: missing section, township, range",done,,98,failed,not_found,,,,failed,exception,,done,,100,skipped,,,
35037072010000_WILSON 1_2006485,s3://osu-well-records-225989338968/pdfs/ExportedFolderContents_1/1923/08 - August/35037072010000_WILSON 1_2006485.pdf,1,1923,08 - August,early,1920s,location,location,not_found,"PLSS not found: missing section, township, range",done,,100,failed,not_found,,,,failed,keyword_not_found,,done,,98,skipped,,,
35037072190000_CECIL CANE 1_2006501,s3://osu-well-records-225989338968/pdfs/ExportedFolderContents_1/1923/08 - August/35037072190000_CECIL CANE 1_2006501.pdf,1,1923,08 - August,early,1920s,location,location,not_found,"PLSS not found: missing section, township, range",done,,100,failed,not_found,,,,failed,exception,,failed,exception,,skipped,,,
35037073670000_BOOKER T SHOALS_2006411,s3://osu-well-records-225989338968/pdfs/ExportedFolderContents_1/1923/08 - August/35037073670000_BOOKER T SHOALS_2006411.pdf,1,1923,08 - August,early,1920s,location,location,not_found,"PLSS not found: missing section, township, range",done,,100,failed,not_found,,,,failed,keyword_not_found,,failed,exception,,skipped,,,
35037075240000_W R DUNLAP 3_2006407,s3://osu-well-records-225989338968/pdfs/ExportedFolderContents_1/1923/08 - August/35037075240000_W R DUNLAP 3_2006407.pdf,1,1923,08 - August,early,1920s,location,location,not_found,"PLSS not found: missing section, township, range",done,,100,failed,not_found,,,,failed,exception,,done,,97,skipped,,,
OSAGE_TRACT 15 13_2289428,s3://osu-well-records-225989338968/pdfs/ExportedFolderContents_1/1923/08 - August/OSAGE_TRACT 15 13_2289428.pdf,1,1923,08 - August,early,1920s,location,location,not_found,"PLSS not found: missing section, township, range",done,,100,failed,not_found,,,,failed,exception,,failed,not_found,,skipped,,,
OSAGE_TRACT 15 14_2289433,s3://osu-well-records-225989338968/pdfs/ExportedFolderContents_1/1923/08 - August/OSAGE_TRACT 15 14_2289433.pdf,1,1923,08 - August,early,1920s,location,location,not_found,"PLSS not found: missing section, township, range",done,,100,failed,not_found,,,,failed,keyword_not_found,,failed,not_found,,skipped,,,
OSAGE_TRACT 15 15_2289449,s3://osu-well-records-225989338968/pdfs/ExportedFolderContents_1/1923/08 - August/OSAGE_TRACT 15 15_2289449.pdf,1,1923,08 - August,early,1920s,location,location,not_found,"PLSS not found: missing section, township, range",done,,100,failed,not_found,,,,failed,keyword_not_found,,failed,not_found,,skipped,,,
X_BAILEY 3_2364816,s3://osu-well-records-225989338968/pdfs/ExportedFolderContents_1/1923/08 - August/X_BAILEY 3_2364816.pdf,1,1923,08 - August,early,1920s,location,location,not_found,"PLSS not found: missing section, township, range",done,,100,failed,not_found,,,,failed,exception,,done,,99,skipped,,,
X_BAKER 2_782439,s3://osu-well-records-225989338968/pdfs/ExportedFolderContents_1/1923/08 - August/X_BAKER 2_782439.pdf,1,1923,08 - August,early,1920s,location,location,not_found,"PLSS not found: missing section, township, range",done,,92,failed,not_found,,,,failed,exception,,done,,99,skipped,,,
X_BLOCK 3 1_921020,s3://osu-well-records-225989338968/pdfs/ExportedFolderContents_1/1923/08 - August/X_BLOCK 3 1_921020.pdf,1,1923,08 - August,early,1920s,location,location,not_found,"PLSS not found: missing section, township, range",done,,100,failed,not_found,,,,failed,exception,,done,,99,skipped,,,
X_C ENDICOTT 7-A_1539732,s3://osu-well-records-225989338968/pdfs/ExportedFolderContents_1/1923/08 - August/X_C ENDICOTT 7-A_1539732.pdf,1,1923,08 - August,early,1920s,location,location,not_found,"PLSS not found: missing section, township, range",done,,91,failed,not_found,,,,failed,exception,,done,,99,skipped,,,
X_C PHILLIPS 3_2006424,s3://osu-well-records-225989338968/pdfs/ExportedFolderContents_1/1923/08 - August/X_C PHILLIPS 3_2006424.pdf,1,1923,08 - August,early,1920s,location,location,not_found,"PLSS not found: missing section, township, range",done,,96,failed,not_found,,,,failed,keyword_not_found,,done,,99,skipped,,,
X_COATS 3_2006547,s3://osu-well-records-225989338968/pdfs/ExportedFolderContents_1/1923/08 - August/X_COATS 3_2006547.pdf,1,1923,08 - August,early,1920s,location,location,not_found,"PLSS not found: missing section, township, range",done,not_detected,96,failed,not_found,,,,failed,exception,,skipped,,,skipped,,,
X_EDNA FALLS 1_2289370,s3://osu-well-records-225989338968/pdfs/ExportedFolderContents_1/1923/08 - August/X_EDNA FALLS 1_2289370.pdf,1,1923,08 - August,early,1920s,location,location,not_found,"PLSS not found: missing section, township, range",done,,98,failed,not_found,,,,failed,exception,,failed,exception,,skipped,,,
X_GEIGER_2006462,s3://osu-well-records-225989338968/pdfs/ExportedFolderContents_1/1923/08 - August/X_GEIGER_2006462.pdf,1,1923,08 - August,early,1920s,location,location,not_found,"PLSS not found: missing section, township, range",done,,100,failed,not_found,,,,failed,keyword_not_found,,done,,99,skipped,,,
X_GRAYSON 1_2006515,s3://osu-well-records-225989338968/pdfs/ExportedFolderContents_1/1923/08 - August/X_GRAYSON 1_2006515.pdf,1,1923,08 - August,early,1920s,location,location,not_found,"PLSS not found: missing section, township, range",done,,98,failed,not_found,,,,failed,keyword_not_found,,failed,exception,,skipped,,,
X_J J HARDIN 8_782445,s3://osu-well-records-225989338968/pdfs/ExportedFolderContents_1/1923/08 - August/X_J J HARDIN 8_782445.pdf,1,1923,08 - August,early,1920s,location,location,not_found,"PLSS not found: missing section, township, range",done,,99,failed,not_found,,,,failed,exception,,failed,exception,,skipped,,,
X_J.E. HOMEN 4_921038,s3://osu-well-records-225989338968/pdfs/ExportedFolderContents_1/1923/08 - August/X_J.E. HOMEN 4_921038.pdf,1,1923,08 - August,early,1920s,location,location,not_found,"PLSS not found: missing section, township, range",done,,100,failed,not_found,,,,failed,keyword_not_found,,done,,98,skipped,,,
X_JIM BRANT 1_2006433,s3://osu-well-records-225989338968/pdfs/ExportedFolderContents_1/1923/08 - August/X_JIM BRANT 1_2006433.pdf,1,1923,08 - August,early,1920s,location,location,not_found,"PLSS not found: missing section, township, range",done,,100,failed,not_found,,,,failed,keyword_not_found,,done,,100,skipped,,,
X_LESTER 1_1697153,s3://osu-well-records-225989338968/pdfs/ExportedFolderContents_1/1923/08 - August/X_LESTER 1_1697153.pdf,1,1923,08 - August,early,1920s,location,location,not_found,"PLSS not found: missing section, township, range",done,,99,failed,not_found,,,,failed,exception,,done,,99,skipped,,,
X_MANNFORD 1_2006404,s3://osu-well-records-225989338968/pdfs/ExportedFolderContents_1/1923/08 - August/X_MANNFORD 1_2006404.pdf,1,1923,08 - August,early,1920s,location,location,not_found,"PLSS not found: missing section, township, range",done,,99,failed,not_found,,,,failed,exception,,failed,exception,,skipped,,,
X_MCDERMOTT 5_2006421,s3://osu-well-records-225989338968/pdfs/ExportedFolderContents_1/1923/08 - August/X_MCDERMOTT 5_2006421.pdf,1,1923,08 - August,early,1920s,location,location,not_found,"PLSS not found: missing section, township, range",done,,99,failed,not_found,,,,failed,exception,,failed,exception,,skipped,,,
X_MCDERMOTT 6_2006560,s3://osu-well-records-225989338968/pdfs/ExportedFolderContents_1/1923/08 - August/X_MCDERMOTT 6_2006560.pdf,1,1923,08 - August,early,1920s,location,location,not_found,"PLSS not found: missing section, township, range",done,,99,failed,not_found,,,,failed,exception,,done,,98,skipped,,,
X_N L AMSTER 2_921035,s3://osu-well-records-225989338968/pdfs/ExportedFolderContents_1/1923/08 - August/X_N L AMSTER 2_921035.pdf,1,1923,08 - August,early,1920s,location,location,not_found,"PLSS not found: missing section, township, range",done,,100,failed,not_found,,,,failed,keyword_not_found,,done,,99,skipped,,,
X_No Data_2289384,s3://osu-well-records-225989338968/pdfs/ExportedFolderContents_1/1923/08 - August/X_No Data_2289384.pdf,1,1923,08 - August,early,1920s,location,location,not_found,"PLSS not found: missing section, township, range",done,,88,failed,not_found,,,,failed,keyword_not_found,,done,,98,skipped,,,
X_OGG 5-W_1539815,s3://osu-well-records-225989338968/pdfs/ExportedFolderContents_1/1923/08 - August/X_OGG 5-W_1539815.pdf,1,1923,08 - August,early,1920s,location,location,not_found,"PLSS not found: missing section, township, range",done,,100,failed,not_found,,,,failed,exception,,done,,99,skipped,,,
X_OSAGE_2006408,s3://osu-well-records-225989338968/pdfs/ExportedFolderContents_1/1923/08 - August/X_OSAGE_2006408.pdf,1,1923,08 - August,early,1920s,location,location,not_found,"PLSS not found: missing section, township, range",done,,100,failed,not_found,,,,failed,keyword_not_found,,done,,99,skipped,,,
X_OSAGE_2006476,s3://osu-well-records-225989338968/pdfs/ExportedFolderContents_1/1923/08 - August/X_OSAGE_2006476.pdf,1,1923,08 - August,early,1920s,location,location,not_found,"PLSS not found: missing section, township, range",done,,100,failed,not_found,,,,failed,keyword_not_found,,failed,exception,,skipped,,,
X_OSAGE_2289381,s3://osu-well-records-225989338968/pdfs/ExportedFolderContents_1/1923/08 - August/X_OSAGE_2289381.pdf,1,1923,08 - August,early,1920s,location,location,not_found,"PLSS not found: missing section, township, range",done,,100,failed,not_found,,,,failed,exception,,done,,100,skipped,,,
X_OSAGE_2289382,s3://osu-well-records-225989338968/pdfs/ExportedFolderContents_1/1923/08 - August/X_OSAGE_2289382.pdf,1,1923,08 - August,early,1920s,location,location,not_found,"PLSS not found: missing section, township, range",done,,100,failed,not_found,,,,failed,exception,,failed,exception,,skipped,,,
X_OSAGE_2289400,s3://osu-well-records-225989338968/pdfs/ExportedFolderContents_1/1923/08 - August/X_OSAGE_2289400.pdf,1,1923,08 - August,early,1920s,location,location,not_found,"PLSS not found: missing section, township, range",done,,92,failed,not_found,,,,failed,exception,,failed,exception,,skipped,,,
X_OSAGE_2289410,s3://osu-well-records-225989338968/pdfs/ExportedFolderContents_1/1923/08 - August/X_OSAGE_2289410.pdf,1,1923,08 - August,early,1920s,location,location,not_found,"PLSS not found: missing section, township, range",done,,100,failed,not_found,,,,failed,exception,,failed,exception,,skipped,,,
X_OSAGE_2289427,s3://osu-well-records-225989338968/pdfs/ExportedFolderContents_1/1923/08 - August/X_OSAGE_2289427.pdf,1,1923,08 - August,early,1920s,location,location,not_found,"PLSS not found: missing section, township, range",done,,100,failed,not_found,,,,failed,exception,,done,,98,skipped,,,
X_PICKETT 1_2006426,s3://osu-well-records-225989338968/pdfs/ExportedFolderContents_1/1923/08 - August/X_PICKETT 1_2006426.pdf,1,1923,08 - August,early,1920s,location,location,not_found,"PLSS not found: missing section, township, range",done,,99,failed,not_found,,,,failed,exception,,failed,exception,,skipped,,,
X_SCHOOL LAND 93 1_1539796,s3://osu-well-records-225989338968/pdfs/ExportedFolderContents_1/1923/08 - August/X_SCHOOL LAND 93 1_1539796.pdf,1,1923,08 - August,early,1920s,location,location,not_found,"PLSS not found: missing section, township, range",done,,100,failed,not_found,,,,failed,exception,,failed,exception,,skipped,,,
X_SLAYTON 1_782462,s3://osu-well-records-225989338968/pdfs/ExportedFolderContents_1/1923/08 - August/X_SLAYTON 1_782462.pdf,1,1923,08 - August,early,1920s,location,location,not_found,"PLSS not found: missing section, township, range",done,,91,failed,not_found,,,,failed,exception,,done,,99,skipped,,,
X_TAYLOR & WORD 1 _589674,s3://osu-well-records-225989338968/pdfs/ExportedFolderContents_1/1923/08 - August/X_TAYLOR & WORD 1 _589674.pdf,1,1923,08 - August,early,1920s,location,location,not_found,"PLSS not found: missing section, township, range",done,,99,failed,not_found,,,,failed,exception,,done,,99,skipped,,,
X_TAYLOR & WORD 1_1055665,s3://osu-well-records-225989338968/pdfs/ExportedFolderContents_1/1923/08 - August/X_TAYLOR & WORD 1_1055665.pdf,1,1923,08 - August,early,1920s,location,location,not_found,"PLSS not found: missing section, township, range",done,,99,failed,not_found,,,,failed,exception,,done,,99,skipped,,,
X_W H BROWN 2_782459,s3://osu-well-records-225989338968/pdfs/ExportedFolderContents_1/1923/08 - August/X_W H BROWN 2_782459.pdf,1,1923,08 - August,early,1920s,location,location,not_found,"PLSS not found: missing section, township, range",done,,100,failed,not_found,,,,failed,keyword_not_found,,done,,100,skipped,,,
X_W.H. JOHNSON 3-DD_920986,s3://osu-well-records-225989338968/pdfs/ExportedFolderContents_1/1923/08 - August/X_W.H. JOHNSON 3-DD_920986.pdf,1,1923,08 - August,early,1920s,location,location,not_found,"PLSS not found: missing section, township, range",done,,100,failed,not_found,,,,failed,keyword_not_found,,failed,exception,,skipped,,,
X_WM C COOK 1_2006405,s3://osu-well-records-225989338968/pdfs/ExportedFolderContents_1/1923/08 - August/X_WM C COOK 1_2006405.pdf,1,1923,08 - August,early,1920s,location,location,not_found,"PLSS not found: missing section, township, range",done,,89,failed,not_found,,,,failed,exception,,failed,exception,,skipped,,,
X_X_2006579,s3://osu-well-records-225989338968/pdfs/ExportedFolderContents_1/1923/08 - August/X_X_2006579.pdf,1,1923,08 - August,early,1920s,location,location,not_found,"PLSS not found: missing section, township, range",done,,95,failed,not_found,,,,failed,exception,,done,,99,skipped,,,
x_BARRETT 1_589677,s3://osu-well-records-225989338968/pdfs/ExportedFolderContents_1/1923/08 - August/x_BARRETT 1_589677.pdf,1,1923,08 - August,early,1920s,location,location,not_found,"PLSS not found: missing section, township, range",done,,88,failed,not_found,,,,failed,exception,,done,,96,skipped,,,
00000000_No Data_1055888,s3://osu-well-records-225989338968/pdfs/ExportedFolderContents_1/1923/09 - September/00000000_No Data_1055888.pdf,1,1923,09 - September,early,1920s,location,location,not_found,"PLSS not found: missing section, township, range",done,,100,failed,not_found,,,,failed,exception,,done,,99,skipped,,,
00000000_No Data_1055929,s3://osu-well-records-225989338968/pdfs/ExportedFolderContents_1/1923/09 - September/00000000_No Data_1055929.pdf,1,1923,09 - September,early,1920s,location,location,not_found,"PLSS not found: missing section, township, range",done,,100,failed,not_found,,,,failed,exception,,failed,exception,,skipped,,,
00000000_No Data_1415497,s3://osu-well-records-225989338968/pdfs/ExportedFolderContents_1/1923/09 - September/00000000_No Data_1415497.pdf,1,1923,09 - September,early,1920s,location,location,not_found,"PLSS not found: missing section, township, range",done,,100,failed,not_found,,,,failed,exception,,failed,exception,,skipped,,,
00700521_C E WOOD 1_648553,s3://osu-well-records-225989338968/pdfs/ExportedFolderContents_1/1923/09 - September/00700521_C E WOOD 1_648553.pdf,1,1923,09 - September,early,1920s,location,location,not_found,"PLSS not found: missing section, township, range",done,,100,failed,not_found,,,,failed,exception,,done,,72,skipped,,,
00900136_MCGEE 1_882035,s3://osu-well-records-225989338968/pdfs/ExportedFolderContents_1/1923/09 - September/00900136_MCGEE 1_882035.pdf,1,1923,09 - September,early,1920s,location,location,not_found,"PLSS not found: missing section, township, range",done,,100,failed,not_found,,,,failed,exception,,failed,exception,,skipped,,,
01900761_B PERRY 1_921085,s3://osu-well-records-225989338968/pdfs/ExportedFolderContents_1/1923/09 - September/01900761_B PERRY 1_921085.pdf,1,1923,09 - September,early,1920s,location,location,not_found,"PLSS not found: missing section, township, range",done,,99,failed,not_found,,,,failed,exception,,failed,exception,,skipped,,,
01909551_WESLEY LESTER 4_921090,s3://osu-well-records-225989338968/pdfs/ExportedFolderContents_1/1923/09 - September/01909551_WESLEY LESTER 4_921090.pdf,1,1923,09 - September,early,1920s,location,location,not_found,"PLSS not found: missing section, township, range",done,,92,failed,not_found,,,,failed,exception,,done,,96,skipped,,,
01909955_LAHMAN 2_921096,s3://osu-well-records-225989338968/pdfs/ExportedFolderContents_1/1923/09 - September/01909955_LAHMAN 2_921096.pdf,1,1923,09 - September,early,1920s,location,location,not_found,"PLSS not found: missing section, township, range",done,,100,failed,not_found,,,,failed,keyword_not_found,,done,,99,skipped,,,
01909965_BROOKS 2_921103,s3://osu-well-records-225989338968/pdfs/ExportedFolderContents_1/1923/09 - September/01909965_BROOKS 2_921103.pdf,1,1923,09 - September,early,1920s,location,location,not_found,"PLSS not found: missing section, township, range",done,,100,failed,not_found,,,,failed,exception,,done,,99,skipped,,,
01909972_R W LAHMAN 2_921071,s3://osu-well-records-225989338968/pdfs/ExportedFolderContents_1/1923/09 - September/01909972_R W LAHMAN 2_921071.pdf,1,1923,09 - September,early,1920s,location,location,not_found,"PLSS not found: missing section, township, range",done,,100,failed,not_found,,,,failed,keyword_not_found,,done,,94,skipped,,,
01912557_J B CRINER 2_516799,s3://osu-well-records-225989338968/pdfs/ExportedFolderContents_1/1923/09 - September/01912557_J B CRINER 2_516799.pdf,1,1923,09 - September,early,1920s,location,location,not_found,"PLSS not found: missing section, township, range",done,,100,failed,not_found,,,,failed,keyword_not_found,,done,,100,skipped,,,
01913136_EDWARD G BUTLER 1_516785,s3://osu-well-records-225989338968/pdfs/ExportedFolderContents_1/1923/09 - September/01913136_EDWARD G BUTLER 1_516785.pdf,1,1923,09 - September,early,1920s,location,location,not_found,"PLSS not found: missing section, township, range",done,,100,failed,not_found,,,,failed,exception,,done,,99,skipped,,,
01913673_W M SMITH 1_921080,s3://osu-well-records-225989338968/pdfs/ExportedFolderContents_1/1923/09 - September/01913673_W M SMITH 1_921080.pdf,1,1923,09 - September,early,1920s,location,location,not_found,"PLSS not found: missing section, township, range",done,,93,failed,not_found,,,,failed,keyword_not_found,,done,,99,skipped,,,
03302740_EARNEST SOVO 1_921056,s3://osu-well-records-225989338968/pdfs/ExportedFolderContents_1/1923/09 - September/03302740_EARNEST SOVO 1_921056.pdf,1,1923,09 - September,early,1920s,location,location,not_found,"PLSS not found: missing section, township, range",done,,100,failed,not_found,,,,failed,exception,,done,,99,skipped,,,
03700823_JACOBS 1_1055959,s3://osu-well-records-225989338968/pdfs/ExportedFolderContents_1/1923/09 - September/03700823_JACOBS 1_1055959.pdf,1,1923,09 - September,early,1920s,location,location,not_found,"PLSS not found: missing section, township, range",done,,99,failed,not_found,,,,failed,keyword_not_found,,failed,exception,,skipped,,,
03700823_JACOBS 1_5662267,s3://osu-well-records-225989338968/pdfs/ExportedFolderContents_1/1923/09 - September/03700823_JACOBS 1_5662267.pdf,1,1923,09 - September,early,1920s,location,location,not_found,"PLSS not found: missing section, township, range",done,,100,failed,not_found,,,,failed,exception,,done,,98,skipped,,,
03701744_LENA YAHOLA 5_1055889,s3://osu-well-records-225989338968/pdfs/ExportedFolderContents_1/1923/09 - September/03701744_LENA YAHOLA 5_1055889.pdf,1,1923,09 - September,early,1920s,location,location,not_found,"PLSS not found: missing section, township, range",done,,91,failed,not_found,,,,failed,keyword_not_found,,failed,exception,,skipped,,,
03703263_HARRY KERNAL A 2_1055922,s3://osu-well-records-225989338968/pdfs/ExportedFolderContents_1/1923/09 - September/03703263_HARRY KERNAL A 2_1055922.pdf,1,1923,09 - September,early,1920s,location,location,not_found,"PLSS not found: missing section, township, range",done,,100,failed,not_found,,,,failed,exception,,failed,exception,,skipped,,,
03703773_ROBERSON 4_1055887,s3://osu-well-records-225989338968/pdfs/ExportedFolderContents_1/1923/09 - September/03703773_ROBERSON 4_1055887.pdf,1,1923,09 - September,early,1920s,location,location,not_found,"PLSS not found: missing section, township, range",done,,98,failed,not_found,,,,failed,exception,,done,,99,skipped,,,
03704185_JOE WISENER 2_1055917,s3://osu-well-records-225989338968/pdfs/ExportedFolderContents_1/1923/09 - September/03704185_JOE WISENER 2_1055917.pdf,1,1923,09 - September,early,1920s,location,location,not_found,"PLSS not found: missing section, township, range",done,,90,failed,not_found,,,,failed,exception,,done,,98,skipped,,,
03704186_JOE WISENER 1_1055937,s3://osu-well-records-225989338968/pdfs/ExportedFolderContents_1/1923/09 - September/03704186_JOE WISENER 1_1055937.pdf,1,1923,09 - September,early,1920s,location,location,not_found,"PLSS not found: missing section, township, range",done,,90,failed,not_found,,,,failed,exception,,done,,99,skipped,,,
03705355_RAFORD MCINTOSH 2_1055968,s3://osu-well-records-225989338968/pdfs/ExportedFolderContents_1/1923/09 - September/03705355_RAFORD MCINTOSH 2_1055968.pdf,1,1923,09 - September,early,1920s,location,location,not_found,"PLSS not found: missing section, township, range",done,,100,failed,not_found,,,,failed,exception,,failed,exception,,skipped,,,
03705358_BROWN STEWART 1_1055932,s3://osu-well-records-225989338968/pdfs/ExportedFolderContents_1/1923/09 - September/03705358_BROWN STEWART 1_1055932.pdf,1,1923,09 - September,early,1920s,location,location,not_found,"PLSS not found: missing section, township, range",done,,97,failed,not_found,,,,failed,keyword_not_found,,done,,99,skipped,,,
03707190_DEERE 10_1055882,s3://osu-well-records-225989338968/pdfs/ExportedFolderContents_1/1923/09 - September/03707190_DEERE 10_1055882.pdf,1,1923,09 - September,early,1920s,location,location,not_found,"PLSS not found: missing section, township, range",done,,93,failed,not_found,,,,failed,api_error,,failed,exception,,skipped,,,
03714005_ATTEBERRY 1_1055881,s3://osu-well-records-225989338968/pdfs/ExportedFolderContents_1/1923/09 - September/03714005_ATTEBERRY 1_1055881.pdf,1,1923,09 - September,early,1920s,location,location,not_found,"PLSS not found: missing section, township, range",done,,98,failed,not_found,,,,failed,keyword_not_found,,failed,exception,,skipped,,,
03714299_No Data_1055935,s3://osu-well-records-225989338968/pdfs/ExportedFolderContents_1/1923/09 - September/03714299_No Data_1055935.pdf,1,1923,09 - September,early,1920s,location,location,not_found,"PLSS not found: missing section, township, range",done,,99,failed,not_found,,,,failed,exception,,failed,exception,,skipped,,,
03716098_HAWKINS 11_1055988,s3://osu-well-records-225989338968/pdfs/ExportedFolderContents_1/1923/09 - September/03716098_HAWKINS 11_1055988.pdf,1,1923,09 - September,early,1920s,location,location,not_found,"PLSS not found: missing section, township, range",done,,100,failed,not_found,,,,failed,exception,,done,,99,skipped,,,
03716265_S S MUSSELLEM 14-DD_1055901,s3://osu-well-records-225989338968/pdfs/ExportedFolderContents_1/1923/09 - September/03716265_S S MUSSELLEM 14-DD_1055901.pdf,1,1923,09 - September,early,1920s,location,location,not_found,"PLSS not found: missing section, township, range",done,,100,failed,not_found,,,,failed,exception,,done,,99,skipped,,,
03719440_ELLA CHARCOTETENNA 1_1055967,s3://osu-well-records-225989338968/pdfs/ExportedFolderContents_1/1923/09 - September/03719440_ELLA CHARCOTETENNA 1_1055967.pdf,1,1923,09 - September,early,1920s,location,location,not_found,"PLSS not found: missing section, township, range",done,,100,failed,not_found,,,,failed,keyword_not_found,,done,,99,skipped,,,
04702243_LAURA CREWS NORTH 11_1539878,s3://osu-well-records-225989338968/pdfs/ExportedFolderContents_1/1923/09 - September/04702243_LAURA CREWS NORTH 11_1539878.pdf,1,1923,09 - September,early,1920s,location,location,not_found,"PLSS not found: missing section, township, range",done,,98,failed,not_found,,,,failed,keyword_not_found,,done,,99,skipped,,,
04702270_KISNER EAST 6_1539837,s3://osu-well-records-225989338968/pdfs/ExportedFolderContents_1/1923/09 - September/04702270_KISNER EAST 6_1539837.pdf,1,1923,09 - September,early,1920s,location,location,not_found,"PLSS not found: missing section, township, range",done,,99,failed,not_found,,,,failed,exception,,done,,99,skipped,,,
04702978_LOUIS WINDLER 11_1539887,s3://osu-well-records-225989338968/pdfs/ExportedFolderContents_1/1923/09 - September/04702978_LOUIS WINDLER 11_1539887.pdf,1,1923,09 - September,early,1920s,location,location,not_found,"PLSS not found: missing section, township, range",done,,99,failed,not_found,,,,failed,keyword_not_found,,done,,98,skipped,,,
04702998_WALTERS 1_1539870,s3://osu-well-records-225989338968/pdfs/ExportedFolderContents_1/1923/09 - September/04702998_WALTERS 1_1539870.pdf,1,1923,09 - September,early,1920s,location,location,not_found,"PLSS not found: missing section, township, range",done,,98,failed,not_found,,,,failed,keyword_not_found,,failed,exception,,skipped,,,
04703053_M AUSTIN 4_1539849,s3://osu-well-records-225989338968/pdfs/ExportedFolderContents_1/1923/09 - September/04703053_M AUSTIN 4_1539849.pdf,1,1923,09 - September,early,1920s,location,location,not_found,"PLSS not found: missing section, township, range",done,,100,failed,not_found,,,,failed,keyword_not_found,,done,,99,skipped,,,
04900700_NEWBERRY 1_782483,s3://osu-well-records-225989338968/pdfs/ExportedFolderContents_1/1923/09 - September/04900700_NEWBERRY 1_782483.pdf,1,1923,09 - September,early,1920s,location,location,not_found,"PLSS not found: missing section, township, range",done,,92,failed,not_found,,,,failed,keyword_not_found,,done,,97,skipped,,,
04901089_WALTER ORR 8_782470,s3://osu-well-records-225989338968/pdfs/ExportedFolderContents_1/1923/09 - September/04901089_WALTER ORR 8_782470.pdf,1,1923,09 - September,early,1920s,location,location,not_found,"PLSS not found: missing section, township, range",done,,90,failed,not_found,,,,failed,exception,,done,,97,skipped,,,
13712241_TONEY-RINGER 4_921093,s3://osu-well-records-225989338968/pdfs/ExportedFolderContents_1/1923/09 - September/13712241_TONEY-RINGER 4_921093.pdf,1,1923,09 - September,early,1920s,location,location,not_found,"PLSS not found: missing section, township, range",done,,100,failed,not_found,,,,failed,keyword_not_found,,done,,99,skipped,,,
13712241_TONEY-RINGER 4_921094,s3://osu-well-records-225989338968/pdfs/ExportedFolderContents_1/1923/09 - September/13712241_TONEY-RINGER 4_921094.pdf,1,1923,09 - September,early,1920s,location,location,not_found,"PLSS not found: missing section, township, range",done,,86,failed,not_found,,,,failed,exception,,done,,99,skipped,,,
13712300_TONEY-FRENSLEY 1-DD_921062,s3://osu-well-records-225989338968/pdfs/ExportedFolderContents_1/1923/09 - September/13712300_TONEY-FRENSLEY 1-DD_921062.pdf,1,1923,09 - September,early,1920s,location,location,not_found,"PLSS not found: missing section, township, range",done,,99,failed,not_found,,,,failed,exception,,done,,99,skipped,,,
13712637_P D CATES 1_921053,s3://osu-well-records-225989338968/pdfs/ExportedFolderContents_1/1923/09 - September/13712637_P D CATES 1_921053.pdf,1,1923,09 - September,early,1920s,location,location,not_found,"PLSS not found: missing section, township, range",done,,98,failed,not_found,,,,failed,exception,,failed,exception,,skipped,,,
13712637_P D CATES 1_921055,s3://osu-well-records-225989338968/pdfs/ExportedFolderContents_1/1923/09 - September/13712637_P D CATES 1_921055.pdf,1,1923,09 - September,early,1920s,location,location,not_found,"PLSS not found: missing section, township, range",done,,100,failed,not_found,,,,failed,exception,,done,,99,skipped,,,
13713358_CITY OF COMANCHE 1_921082,s3://osu-well-records-225989338968/pdfs/ExportedFolderContents_1/1923/09 - September/13713358_CITY OF COMANCHE 1_921082.pdf,1,1923,09 - September,early,1920s,location,location,not_found,"PLSS not found: missing section, township, range",done,,100,failed,not_found,,,,failed,exception,,done,,99,skipped,,,
14102185_B W OWENS 1_516789,s3://osu-well-records-225989338968/pdfs/ExportedFolderContents_1/1923/09 - September/14102185_B W OWENS 1_516789.pdf,1,1923,09 - September,early,1920s,location,location,not_found,"PLSS not found: missing section, township, range",done,,99,failed,not_found,,,,failed,keyword_not_found,,failed,exception,,skipped,,,
14102185_B W OWENS 1_921081,s3://osu-well-records-225989338968/pdfs/ExportedFolderContents_1/1923/09 - September/14102185_B W OWENS 1_921081.pdf,1,1923,09 - September,early,1920s,location,location,not_found,"PLSS not found: missing section, township, range",done,,99,failed,not_found,,,,failed,keyword_not_found,,failed,exception,,skipped,,,
14320544_HENRY HORNECKER 1_1056002,s3://osu-well-records-225989338968/pdfs/ExportedFolderContents_1/1923/09 - September/14320544_HENRY HORNECKER 1_1056002.pdf,1,1923,09 - September,early,1920s,location,location,not_found,"PLSS not found: missing section, township, range",done,,96,failed,not_found,,,,failed,keyword_not_found,,done,,97,skipped,,,
14320544_HENRY HORNECKER 1_516798,s3://osu-well-records-225989338968/pdfs/ExportedFolderContents_1/1923/09 - September/14320544_HENRY HORNECKER 1_516798.pdf,1,1923,09 - September,early,1920s,location,location,not_found,"PLSS not found: missing section, township, range",done,,96,failed,not_found,,,,failed,keyword_not_found,,done,,97,skipped,,,
14502630_GRAVES 1_1364673,s3://osu-well-records-225989338968/pdfs/ExportedFolderContents_1/1923/09 - September/14502630_GRAVES 1_1364673.pdf,1,1923,09 - September,early,1920s,location,location,not_found,"PLSS not found: missing section, township, range",done,,95,failed,not_found,,,,failed,api_error,,done,,98,skipped,,,
14703232_HILDEBRAND 16_516788,s3://osu-well-records-225989338968/pdfs/ExportedFolderContents_1/1923/09 - September/14703232_HILDEBRAND 16_516788.pdf,1,1923,09 - September,early,1920s,location,location,not_found,"PLSS not found: missing section, township, range",done,,97,failed,not_found,,,,failed,exception,,done,,98,skipped,,,
35019090480000_L J WOODRUFF 32_1697266,s3://osu-well-records-225989338968/pdfs/ExportedFolderContents_1/1923/09 - September/35019090480000_L J WOODRUFF 32_1697266.pdf,1,1923,09 - September,early,1920s,location,location,not_found,"PLSS not found: missing section, township, range",done,,100,failed,not_found,,,,failed,keyword_not_found,,done,,99,skipped,,,
3503703766_WILSON M_2006666,s3://osu-well-records-225989338968/pdfs/ExportedFolderContents_1/1923/09 - September/3503703766_WILSON M_2006666.pdf,1,1923,09 - September,early,1920s,location,location,not_found,"PLSS not found: missing section, township, range",done,,100,failed,not_found,,,,failed,exception,,done,,99,skipped,,,
3503703767_WILSON M_2006688,s3://osu-well-records-225989338968/pdfs/ExportedFolderContents_1/1923/09 - September/3503703767_WILSON M_2006688.pdf,1,1923,09 - September,early,1920s,location,location,not_found,"PLSS not found: missing section, township, range",done,,98,failed,not_found,,,,failed,exception,,done,,100,skipped,,,
35037040630000_AMANDA VASSAR 1_2006682,s3://osu-well-records-225989338968/pdfs/ExportedFolderContents_1/1923/09 - September/35037040630000_AMANDA VASSAR 1_2006682.pdf,1,1923,09 - September,early,1920s,location,location,not_found,"PLSS not found: missing section, township, range",done,,91,failed,not_found,,,,failed,exception,,done,,99,skipped,,,
35037043390000_B MARSHALL 1_2006660,s3://osu-well-records-225989338968/pdfs/ExportedFolderContents_1/1923/09 - September/35037043390000_B MARSHALL 1_2006660.pdf,1,1923,09 - September,early,1920s,location,location,not_found,"PLSS not found: missing section, township, range",done,,100,failed,not_found,,,,failed,exception,,done,,98,skipped,,,
35037075420000_LIZA HARRIS 1_2006630,s3://osu-well-records-225989338968/pdfs/ExportedFolderContents_1/1923/09 - September/35037075420000_LIZA HARRIS 1_2006630.pdf,1,1923,09 - September,early,1920s,location,location,not_found,"PLSS not found: missing section, township, range",done,,97,failed,not_found,,,,failed,exception,,done,,99,skipped,,,
35037194450000_WILLIAM WALKER 1_2006627,s3://osu-well-records-225989338968/pdfs/ExportedFolderContents_1/1923/09 - September/35037194450000_WILLIAM WALKER 1_2006627.pdf,1,1923,09 - September,early,1920s,location,location,not_found,"PLSS not found: missing section, township, range",done,,89,failed,not_found,,,,failed,exception,,failed,exception,,skipped,,,
35071026870000_R. SANDS 4_2006636,s3://osu-well-records-225989338968/pdfs/ExportedFolderContents_1/1923/09 - September/35071026870000_R. SANDS 4_2006636.pdf,1,1923,09 - September,early,1920s,location,location,not_found,"PLSS not found: missing section, township, range",done,,98,failed,not_found,,,,failed,keyword_not_found,,done,,98,skipped,,,
35071026870000_R. SANDS 4_2289461,s3://osu-well-records-225989338968/pdfs/ExportedFolderContents_1/1923/09 - September/35071026870000_R. SANDS 4_2289461.pdf,1,1923,09 - September,early,1920s,location,location,not_found,"PLSS not found: missing section, township, range",done,,98,failed,not_found,,,,failed,keyword_not_found,,done,,98,skipped,,,
35071031300000_H. BARNUM 2_2006634,s3://osu-well-records-225989338968/pdfs/ExportedFolderContents_1/1923/09 - September/35071031300000_H. BARNUM 2_2006634.pdf,1,1923,09 - September,early,1920s,location,location,not_found,"PLSS not found: missing section, township, range",done,,100,failed,not_found,,,,failed,exception,,done,,99,skipped,,,
35071031300000_H. BARNUM 2_2289459,s3://osu-well-records-225989338968/pdfs/ExportedFolderContents_1/1923/09 - September/35071031300000_H. BARNUM 2_2289459.pdf,1,1923,09 - September,early,1920s,location,location,not_found,"PLSS not found: missing section, township, range",done,,100,failed,not_found,,,,failed,exception,,done,,99,skipped,,,
35079001210000_J P MCDOW 36_1443130,s3://osu-well-records-225989338968/pdfs/ExportedFolderContents_1/1923/09 - September/35079001210000_J P MCDOW 36_1443130.pdf,1,1923,09 - September,early,1920s,location,location,not_found,"PLSS not found: missing section, township, range",done,,90,failed,not_found,,,,failed,exception,,failed,exception,,skipped,,,
35103028610000_BLUBAUGH 1_8002713,s3://osu-well-records-225989338968/pdfs/ExportedFolderContents_1/1923/09 - September/35103028610000_BLUBAUGH 1_8002713.pdf,1,1923,09 - September,early,1920s,location,location,not_found,"PLSS not found: missing section, township, range",done,,97,failed,not_found,,,,failed,keyword_not_found,,done,,99,skipped,,,
35103028880000_BLUBAUGH 19_8002765,s3://osu-well-records-225989338968/pdfs/ExportedFolderContents_1/1923/09 - September/35103028880000_BLUBAUGH 19_8002765.pdf,1,1923,09 - September,early,1920s,location,location,not_found,"PLSS not found: missing section, township, range",done,,99,failed,not_found,,,,failed,keyword_not_found,,done,,100,skipped,,,
35103028970000_BLUBAUGH 5-A_8002701,s3://osu-well-records-225989338968/pdfs/ExportedFolderContents_1/1923/09 - September/35103028970000_BLUBAUGH 5-A_8002701.pdf,1,1923,09 - September,early,1920s,location,location,not_found,"PLSS not found: missing section, township, range",done,,90,failed,not_found,,,,failed,exception,,done,,99,skipped,,,
35103029020000_BLUBAUGH 10-B_8002731,s3://osu-well-records-225989338968/pdfs/ExportedFolderContents_1/1923/09 - September/35103029020000_BLUBAUGH 10-B_8002731.pdf,1,1923,09 - September,early,1920s,location,location,not_found,"PLSS not found: missing section, township, range",done,,100,failed,not_found,,,,failed,exception,,done,,98,skipped,,,
35103029100000_BLUBAUGH 18-A_8002696,s3://osu-well-records-225989338968/pdfs/ExportedFolderContents_1/1923/09 - September/35103029100000_BLUBAUGH 18-A_8002696.pdf,1,1923,09 - September,early,1920s,location,location,not_found,"PLSS not found: missing section, township, range",done,,99,failed,not_found,,,,failed,exception,,done,,100,skipped,,,
35103029220000_BLUBAUGH 9-B_8002754,s3://osu-well-records-225989338968/pdfs/ExportedFolderContents_1/1923/09 - September/35103029220000_BLUBAUGH 9-B_8002754.pdf,1,1923,09 - September,early,1920s,location,location,not_found,"PLSS not found: missing section, township, range",done,,94,failed,not_found,,,,failed,exception,,done,,99,skipped,,,
35103029250000_BLUBAUGH 13-B_8002769,s3://osu-well-records-225989338968/pdfs/ExportedFolderContents_1/1923/09 - September/35103029250000_BLUBAUGH 13-B_8002769.pdf,1,1923,09 - September,early,1920s,location,location,not_found,"PLSS not found: missing section, township, range",done,,98,failed,not_found,,,,failed,exception,,done,,99,skipped,,,
35103760020000_BLUBAUGH 13-A_8002704,s3://osu-well-records-225989338968/pdfs/ExportedFolderContents_1/1923/09 - September/35103760020000_BLUBAUGH 13-A_8002704.pdf,1,1923,09 - September,early,1920s,location,location,not_found,"PLSS not found: missing section, township, range",done,,90,failed,not_found,,,,failed,exception,,done,,99,skipped,,,
35103760040000_BLUBAUGH 10-A_8002762,s3://osu-well-records-225989338968/pdfs/ExportedFolderContents_1/1923/09 - September/35103760040000_BLUBAUGH 10-A_8002762.pdf,1,1923,09 - September,early,1920s,location,location,not_found,"PLSS not found: missing section, township, range",done,,98,failed,not_found,,,,failed,exception,,done,,98,skipped,,,
35103760070000_J CARMICHAEL 18-B_3167733,s3://osu-well-records-225989338968/pdfs/ExportedFolderContents_1/1923/09 - September/35103760070000_J CARMICHAEL 18-B_3167733.pdf,1,1923,09 - September,early,1920s,location,location,not_found,"PLSS not found: missing section, township, range",done,,99,failed,not_found,,,,failed,exception,,failed,exception,,skipped,,,
35103760070000_J CARMICHAEL 18-B_8002647,s3://osu-well-records-225989338968/pdfs/ExportedFolderContents_1/1923/09 - September/35103760070000_J CARMICHAEL 18-B_8002647.pdf,1,1923,09 - September,early,1920s,location,location,not_found,"PLSS not found: missing section, township, range",done,,99,failed,not_found,,,,failed,keyword_not_found,,failed,exception,,skipped,,,
35105041410000_No Data_2364859,s3://osu-well-records-225989338968/pdfs/ExportedFolderContents_1/1923/09 - September/35105041410000_No Data_2364859.pdf,1,1923,09 - September,early,1920s,location,location,not_found,"PLSS not found: missing section, township, range",done,,100,failed,not_found,,,,failed,keyword_not_found,,done,,99,skipped,,,
35105041410000_No Data_2465266,s3://osu-well-records-225989338968/pdfs/ExportedFolderContents_1/1923/09 - September/35105041410000_No Data_2465266.pdf,1,1923,09 - September,early,1920s,location,location,not_found,"PLSS not found: missing section, township, range",done,,100,failed,not_found,,,,failed,keyword_not_found,,done,,99,skipped,,,
35107008910000_HARJOCHEE_2006665,s3://osu-well-records-225989338968/pdfs/ExportedFolderContents_1/1923/09 - September/35107008910000_HARJOCHEE_2006665.pdf,1,1923,09 - September,early,1920s,location,location,not_found,"PLSS not found: missing section, township, range",done,,91,failed,not_found,,,,failed,api_error,,done,,98,skipped,,,
35107030920000_R S PAYNE 1_2006669,s3://osu-well-records-225989338968/pdfs/ExportedFolderContents_1/1923/09 - September/35107030920000_R S PAYNE 1_2006669.pdf,1,1923,09 - September,early,1920s,location,location,not_found,"PLSS not found: missing section, township, range",done,,99,failed,not_found,,,,failed,keyword_not_found,,done,,100,skipped,,,
35111047150000_KIMBLE & READING 1_2006653,s3://osu-well-records-225989338968/pdfs/ExportedFolderContents_1/1923/09 - September/35111047150000_KIMBLE & READING 1_2006653.pdf,1,1923,09 - September,early,1920s,location,location,not_found,"PLSS not found: missing section, township, range",done,,100,failed,not_found,,,,failed,keyword_not_found,,done,,99,skipped,,,
35111057050000_BRUNER LONEY 1_1385090,s3://osu-well-records-225989338968/pdfs/ExportedFolderContents_1/1923/09 - September/35111057050000_BRUNER LONEY 1_1385090.pdf,1,1923,09 - September,early,1920s,location,location,not_found,"PLSS not found: missing section, township, range",done,,93,failed,not_found,,,,failed,keyword_not_found,,done,,77,skipped,,,
35111057050000_LONEY BRUNER 1_2006735,s3://osu-well-records-225989338968/pdfs/ExportedFolderContents_1/1923/09 - September/35111057050000_LONEY BRUNER 1_2006735.pdf,1,1923,09 - September,early,1920s,location,location,not_found,"PLSS not found: missing section, township, range",done,,93,failed,not_found,,,,failed,keyword_not_found,,done,,77,skipped,,,
35111076840000_KORNDORFER 1_2006605,s3://osu-well-records-225989338968/pdfs/ExportedFolderContents_1/1923/09 - September/35111076840000_KORNDORFER 1_2006605.pdf,1,1923,09 - September,early,1920s,location,location,not_found,"PLSS not found: missing section, township, range",done,,100,failed,not_found,,,,failed,keyword_not_found,,done,,100,skipped,,,
35111081300000_J. SMITH 3_1385076,s3://osu-well-records-225989338968/pdfs/ExportedFolderContents_1/1923/09 - September/35111081300000_J. SMITH 3_1385076.pdf,1,1923,09 - September,early,1920s,location,location,not_found,"PLSS not found: missing section, township, range",done,,99,failed,not_found,,,,failed,exception,,done,,99,skipped,,,
35111081300000_J. SMITH 3_2006620,s3://osu-well-records-225989338968/pdfs/ExportedFolderContents_1/1923/09 - September/35111081300000_J. SMITH 3_2006620.pdf,1,1923,09 - September,early,1920s,location,location,not_found,"PLSS not found: missing section, township, range",done,,99,failed,not_found,,,,failed,exception,,done,,99,skipped,,,
35111082020000_MORTEN 1_1385082,s3://osu-well-records-225989338968/pdfs/ExportedFolderContents_1/1923/09 - September/35111082020000_MORTEN 1_1385082.pdf,1,1923,09 - September,early,1920s,location,location,not_found,"PLSS not found: missing section, township, range",done,,100,failed,not_found,,,,failed,exception,,done,,99,skipped,,,
35111082020000_MORTEN 1_2006683,s3://osu-well-records-225989338968/pdfs/ExportedFolderContents_1/1923/09 - September/35111082020000_MORTEN 1_2006683.pdf,1,1923,09 - September,early,1920s,location,location,not_found,"PLSS not found: missing section, township, range",done,,100,failed,not_found,,,,failed,exception,,done,,99,skipped,,,
35111085760000_M HAGGERTY 5_2006702,s3://osu-well-records-225989338968/pdfs/ExportedFolderContents_1/1923/09 - September/35111085760000_M HAGGERTY 5_2006702.pdf,1,1923,09 - September,early,1920s,location,location,not_found,"PLSS not found: missing section, township, range",done,,99,failed,not_found,,,,failed,api_error,,done,,99,skipped,,,
35113099930000_I STRIKEAXE 1_2289460,s3://osu-well-records-225989338968/pdfs/ExportedFolderContents_1/1923/09 - September/35113099930000_I STRIKEAXE 1_2289460.pdf,1,1923,09 - September,early,1920s,location,location,not_found,"PLSS not found: missing section, township, range",done,,86,failed,not_found,,,,failed,exception,,failed,exception,,skipped,,,
35131021670000_C J STRANGE 1_2465262,s3://osu-well-records-225989338968/pdfs/ExportedFolderContents_1/1923/09 - September/35131021670000_C J STRANGE 1_2465262.pdf,1,1923,09 - September,early,1920s,location,location,not_found,"PLSS not found: missing section, township, range",done,,100,failed,not_found,,,,failed,exception,,done,,100,skipped,,,
35131028760000_EATON 1_2465251,s3://osu-well-records-225989338968/pdfs/ExportedFolderContents_1/1923/09 - September/35131028760000_EATON 1_2465251.pdf,1,1923,09 - September,early,1920s,location,location,not_found,"PLSS not found: missing section, township, range",done,,99,failed,not_found,,,,failed,exception,,done,,99,skipped,,,
35137015250000_T J NICHOLS 1_1697370,s3://osu-well-records-225989338968/pdfs/ExportedFolderContents_1/1923/09 - September/35137015250000_T J NICHOLS 1_1697370.pdf,1,1923,09 - September,early,1920s,location,location,not_found,"PLSS not found: missing section, township, range",done,,100,failed,not_found,,,,failed,exception,,done,,99,skipped,,,
35137108630000_J H COLLINGSWORTH 3_1697318,s3://osu-well-records-225989338968/pdfs/ExportedFolderContents_1/1923/09 - September/35137108630000_J H COLLINGSWORTH 3_1697318.pdf,1,1923,09 - September,early,1920s,location,location,not_found,"PLSS not found: missing section, township, range",done,,100,failed,not_found,,,,failed,exception,,done,,98,skipped,,,
35137109550000_ANDREA A-2_1697352,s3://osu-well-records-225989338968/pdfs/ExportedFolderContents_1/1923/09 - September/35137109550000_ANDREA A-2_1697352.pdf,1,1923,09 - September,early,1920s,location,location,not_found,"PLSS not found: missing section, township, range",done,,93,failed,not_found,,,,failed,exception,,done,,99,skipped,,,
35141003770000_HOUSTON_1385075,s3://osu-well-records-225989338968/pdfs/ExportedFolderContents_1/1923/09 - September/35141003770000_HOUSTON_1385075.pdf,1,1923,09 - September,early,1920s,location,location,not_found,"PLSS not found: missing section, township, range",done,,100,failed,not_found,,,,failed,exception,,failed,exception,,skipped,,,
35141003770000_HOUSTON_1697264,s3://osu-well-records-225989338968/pdfs/ExportedFolderContents_1/1923/09 - September/35141003770000_HOUSTON_1697264.pdf,1,1923,09 - September,early,1920s,location,location,not_found,"PLSS not found: missing section, township, range",done,,100,failed,not_found,,,,failed,exception,,failed,exception,,skipped,,,
35143045390000_MARY PARTRIDGE 1_2006701,s3://osu-well-records-225989338968/pdfs/ExportedFolderContents_1/1923/09 - September/35143045390000_MARY PARTRIDGE 1_2006701.pdf,1,1923,09 - September,early,1920s,location,location,not_found,"PLSS not found: missing section, township, range",done,,91,failed,not_found,,,,failed,keyword_not_found,,done,,99,skipped,,,
35143049240000_PATTERSON 1_2289455,s3://osu-well-records-225989338968/pdfs/ExportedFolderContents_1/1923/09 - September/35143049240000_PATTERSON 1_2289455.pdf,1,1923,09 - September,early,1920s,location,location,not_found,"PLSS not found: missing section, township, range",done,,100,failed,not_found,,,,failed,exception,,failed,exception,,skipped,,,
35145023050000_BRUNER 1_2364879,s3://osu-well-records-225989338968/pdfs/ExportedFolderContents_1/1923/09 - September/35145023050000_BRUNER 1_2364879.pdf,1,1923,09 - September,early,1920s,location,location,not_found,"PLSS not found: missing section, township, range",done,,99,failed,not_found,,,,failed,exception,,done,,98,skipped,,,
35147010580000_RABINOVITZ J 3_2289475,s3://osu-well-records-225989338968/pdfs/ExportedFolderContents_1/1923/09 - September/35147010580000_RABINOVITZ J 3_2289475.pdf,1,1923,09 - September,early,1920s,location,location,not_found,"PLSS not found: missing section, township, range",done,,100,failed,not_found,,,,failed,exception,,failed,exception,,skipped,,,
OSAGE_OSAGE_2289452,s3://osu-well-records-225989338968/pdfs/ExportedFolderContents_1/1923/09 - September/OSAGE_OSAGE_2289452.pdf,1,1923,09 - September,early,1920s,location,location,not_found,"PLSS not found: missing section, township, range",done,,99,failed,not_found,,,,failed,exception,,failed,exception,,skipped,,,
OSAGE_R G JENNINGS_2289470,s3://osu-well-records-225989338968/pdfs/ExportedFolderContents_1/1923/09 - September/OSAGE_R G JENNINGS_2289470.pdf,1,1923,09 - September,early,1920s,location,location,not_found,"PLSS not found: missing section, township, range",done,,100,failed,not_found,,,,failed,keyword_not_found,,done,,99,skipped,,,
XX_GEO. SUTTON 1_1496641,s3://osu-well-records-225989338968/pdfs/ExportedFolderContents_1/1923/09 - September/XX_GEO. SUTTON 1_1496641.pdf,1,1923,09 - September,early,1920s,location,location,not_found,"PLSS not found: missing section, township, range",done,,94,failed,not_found,,,,failed,exception,,failed,exception,,skipped,,,
XX_GEO. SUTTON 1_2006631,s3://osu-well-records-225989338968/pdfs/ExportedFolderContents_1/1923/09 - September/XX_GEO. SUTTON 1_2006631.pdf,1,1923,09 - September,early,1920s,location,location,not_found,"PLSS not found: missing section, township, range",done,,94,failed,not_found,,,,failed,exception,,failed,exception,,skipped,,,
X_A. PARRIS 3_2364875,s3://osu-well-records-225989338968/pdfs/ExportedFolderContents_1/1923/09 - September/X_A. PARRIS 3_2364875.pdf,1,1923,09 - September,early,1920s,location,location,not_found,"PLSS not found: missing section, township, range",done,,100,failed,not_found,,,,failed,keyword_not_found,,done,,99,skipped,,,
X_A. PARRIS 3_2465296,s3://osu-well-records-225989338968/pdfs/ExportedFolderContents_1/1923/09 - September/X_A. PARRIS 3_2465296.pdf,1,1923,09 - September,early,1920s,location,location,not_found,"PLSS not found: missing section, township, range",done,,100,failed,not_found,,,,failed,keyword_not_found,,done,,99,skipped,,,
X_BURGESS M 1_2364848,s3://osu-well-records-225989338968/pdfs/ExportedFolderContents_1/1923/09 - September/X_BURGESS M 1_2364848.pdf,1,1923,09 - September,early,1920s,location,location,not_found,"PLSS not found: missing section, township, range",done,,99,failed,not_found,,,,failed,keyword_not_found,,done,,99,skipped,,,
X_D BARTLEY 4_921067,s3://osu-well-records-225989338968/pdfs/ExportedFolderContents_1/1923/09 - September/X_D BARTLEY 4_921067.pdf,1,1923,09 - September,early,1920s,location,location,not_found,"PLSS not found: missing section, township, range",done,,100,failed,not_found,,,,failed,keyword_not_found,,done,,99,skipped,,,
X_D J GARDNER_2364857,s3://osu-well-records-225989338968/pdfs/ExportedFolderContents_1/1923/09 - September/X_D J GARDNER_2364857.pdf,1,1923,09 - September,early,1920s,location,location,not_found,"PLSS not found: missing section, township, range",done,,93,failed,not_found,,,,failed,exception,,failed,exception,,skipped,,,
X_F E TUCKER 3_921070,s3://osu-well-records-225989338968/pdfs/ExportedFolderContents_1/1923/09 - September/X_F E TUCKER 3_921070.pdf,1,1923,09 - September,early,1920s,location,location,not_found,"PLSS not found: missing section, township, range",done,,98,failed,not_found,,,,failed,exception,,done,,98,skipped,,,
X_FARM 3-1_1415520,s3://osu-well-records-225989338968/pdfs/ExportedFolderContents_1/1923/09 - September/X_FARM 3-1_1415520.pdf,1,1923,09 - September,early,1920s,location,location,not_found,"PLSS not found: missing section, township, range",done,,91,failed,not_found,,,,failed,exception,,failed,exception,,skipped,,,
X_FOSTER 1_2006719,s3://osu-well-records-225989338968/pdfs/ExportedFolderContents_1/1923/09 - September/X_FOSTER 1_2006719.pdf,1,1923,09 - September,early,1920s,location,location,not_found,"PLSS not found: missing section, township, range",done,,90,failed,not_found,,,,failed,exception,,done,,99,skipped,,,
X_LAHMAN 3_921049,s3://osu-well-records-225989338968/pdfs/ExportedFolderContents_1/1923/09 - September/X_LAHMAN 3_921049.pdf,1,1923,09 - September,early,1920s,location,location,not_found,"PLSS not found: missing section, township, range",done,,90,failed,not_found,,,,failed,keyword_not_found,,failed,exception,,skipped,,,
X_No Data_1055986,s3://osu-well-records-225989338968/pdfs/ExportedFolderContents_1/1923/09 - September/X_No Data_1055986.pdf,1,1923,09 - September,early,1920s,location,location,not_found,"PLSS not found: missing section, township, range",done,,99,failed,not_found,,,,failed,exception,,done,,99,skipped,,,
X_OSAGE_2006635,s3://osu-well-records-225989338968/pdfs/ExportedFolderContents_1/1923/09 - September/X_OSAGE_2006635.pdf,1,1923,09 - September,early,1920s,location,location,not_found,"PLSS not found: missing section, township, range",done,,92,failed,not_found,,,,failed,keyword_not_found,,done,,99,skipped,,,
X_R W LAHMAN 3_921048,s3://osu-well-records-225989338968/pdfs/ExportedFolderContents_1/1923/09 - September/X_R W LAHMAN 3_921048.pdf,1,1923,09 - September,early,1920s,location,location,not_found,"PLSS not found: missing section, township, range",done,,100,failed,not_found,,,,failed,exception,,failed,exception,,skipped,,,
X_SCHOOL LAND 1_1539918,s3://osu-well-records-225989338968/pdfs/ExportedFolderContents_1/1923/09 - September/X_SCHOOL LAND 1_1539918.pdf,1,1923,09 - September,early,1920s,location,location,not_found,"PLSS not found: missing section, township, range",done,,100,failed,not_found,,,,failed,exception,,failed,exception,,skipped,,,
X_SCHOOL LAND _1539881,s3://osu-well-records-225989338968/pdfs/ExportedFolderContents_1/1923/09 - September/X_SCHOOL LAND _1539881.pdf,1,1923,09 - September,early,1920s,location,location,not_found,"PLSS not found: missing section, township, range",done,,94,failed,not_found,,,,failed,exception,,failed,exception,,skipped,,,
X_STATE 1_1841274,s3://osu-well-records-225989338968/pdfs/ExportedFolderContents_1/1923/09 - September/X_STATE 1_1841274.pdf,1,1923,09 - September,early,1920s,location,location,not_found,"PLSS not found: missing section, township, range",done,,99,failed,not_found,,,,failed,exception,,done,,100,skipped,,,
X_STATE 1_1841275,s3://osu-well-records-225989338968/pdfs/ExportedFolderContents_1/1923/09 - September/X_STATE 1_1841275.pdf,1,1923,09 - September,early,1920s,location,location,not_found,"PLSS not found: missing section, township, range",done,,99,failed,not_found,,,,failed,exception,,done,,99,skipped,,,
X_UNKNOWN 1_1055966,s3://osu-well-records-225989338968/pdfs/ExportedFolderContents_1/1923/09 - September/X_UNKNOWN 1_1055966.pdf,1,1923,09 - September,early,1920s,location,location,not_found,"PLSS not found: missing section, township, range",done,,100,failed,not_found,,,,failed,exception,,done,,99,skipped,,,
X_W E MORRISON 5_2289456,s3://osu-well-records-225989338968/pdfs/ExportedFolderContents_1/1923/09 - September/X_W E MORRISON 5_2289456.pdf,1,1923,09 - September,early,1920s,location,location,not_found,"PLSS not found: missing section, township, range",done,,90,failed,not_found,,,,failed,exception,,done,,100,skipped,,,
X_W.M. MILLER 8_2289484,s3://osu-well-records-225989338968/pdfs/ExportedFolderContents_1/1923/09 - September/X_W.M. MILLER 8_2289484.pdf,1,1923,09 - September,early,1920s,location,location,not_found,"PLSS not found: missing section, township, range",done,,98,failed,not_found,,,,failed,exception,,failed,exception,,skipped,,,
x_HUGHES 1_2006689,s3://osu-well-records-225989338968/pdfs/ExportedFolderContents_1/1923/09 - September/x_HUGHES 1_2006689.pdf,1,1923,09 - September,early,1920s,location,location,not_found,"PLSS not found: missing section, township, range",done,,99,failed,not_found,,,,failed,exception,,failed,exception,,skipped,,,
x_JACOBS 1_589697,s3://osu-well-records-225989338968/pdfs/ExportedFolderContents_1/1923/09 - September/x_JACOBS 1_589697.pdf,1,1923,09 - September,early,1920s,location,location,not_found,"PLSS not found: missing section, township, range",done,,100,failed,not_found,,,,failed,exception,,done,,96,skipped,,,
07900210_HILL 39_1017395,s3://osu-well-records-225989338968/pdfs/ExportedFolderContents_1/1923/11 - November/07900210_HILL 39_1017395.pdf,1,1923,11 - November,early,1920s,location,location,not_found,"PLSS not found: missing section, township, range",done,,97,failed,not_found,,,,failed,exception,,done,,99,skipped,,,
07900214_SPARKS 40_1017396,s3://osu-well-records-225989338968/pdfs/ExportedFolderContents_1/1923/11 - November/07900214_SPARKS 40_1017396.pdf,1,1923,11 - November,early,1920s,location,location,not_found,"PLSS not found: missing section, township, range",done,,99,failed,not_found,,,,done,exception,Le Flore County,done,,99,skipped,,,
10102010_SCOTT 2_1364715,s3://osu-well-records-225989338968/pdfs/ExportedFolderContents_1/1923/11 - November/10102010_SCOTT 2_1364715.pdf,1,1923,11 - November,early,1920s,location,location,not_found,"PLSS not found: missing section, township, range",done,,100,failed,not_found,,,,failed,exception,,failed,not_found,,skipped,,,
10102011_SCOTT 1_1364702,s3://osu-well-records-225989338968/pdfs/ExportedFolderContents_1/1923/11 - November/10102011_SCOTT 1_1364702.pdf,1,1923,11 - November,early,1920s,location,location,not_found,"PLSS not found: missing section, township, range",done,,88,failed,not_found,,,,failed,exception,,done,,95,skipped,,,
10102525_Borovetz 1_1364706,s3://osu-well-records-225989338968/pdfs/ExportedFolderContents_1/1923/11 - November/10102525_Borovetz 1_1364706.pdf,1,1923,11 - November,early,1920s,location,location,not_found,"PLSS not found: missing section, township, range",done,,100,failed,not_found,,,,failed,keyword_not_found,,done,,98,skipped,,,
10302371_CARMICHAEL 6-A_1540003,s3://osu-well-records-225989338968/pdfs/ExportedFolderContents_1/1923/11 - November/10302371_CARMICHAEL 6-A_1540003.pdf,1,1923,11 - November,early,1920s,location,location,not_found,"PLSS not found: missing section, township, range",done,,95,failed,not_found,,,,failed,exception,,done,,99,skipped,,,
10302889_BLUBAUGH 20_1539990,s3://osu-well-records-225989338968/pdfs/ExportedFolderContents_1/1923/11 - November/10302889_BLUBAUGH 20_1539990.pdf,1,1923,11 - November,early,1920s,location,location,not_found,"PLSS not found: missing section, township, range",done,,99,failed,not_found,,,,failed,exception,,done,,99,skipped,,,
10302913_B F BLUBAUGH 21-A_1540010,s3://osu-well-records-225989338968/pdfs/ExportedFolderContents_1/1923/11 - November/10302913_B F BLUBAUGH 21-A_1540010.pdf,1,1923,11 - November,early,1920s,location,location,not_found,"PLSS not found: missing section, township, range",done,,90,failed,not_found,,,,failed,keyword_not_found,,done,,99,skipped,,,
10302920_BLUBAUGH 7-B_1539996,s3://osu-well-records-225989338968/pdfs/ExportedFolderContents_1/1923/11 - November/10302920_BLUBAUGH 7-B_1539996.pdf,1,1923,11 - November,early,1920s,location,location,not_found,"PLSS not found: missing section, township, range",done,,100,failed,not_found,,,,failed,keyword_not_found,,done,,99,skipped,,,
10302946_BLUBAUGH C-2A_1539992,s3://osu-well-records-225989338968/pdfs/ExportedFolderContents_1/1923/11 - November/10302946_BLUBAUGH C-2A_1539992.pdf,1,1923,11 - November,early,1920s,location,location,not_found,"PLSS not found: missing section, township, range",done,,100,failed,not_found,,,,failed,exception,,done,,99,skipped,,,
10303081_LEE SHAWVER 77_1540012,s3://osu-well-records-225989338968/pdfs/ExportedFolderContents_1/1923/11 - November/10303081_LEE SHAWVER 77_1540012.pdf,1,1923,11 - November,early,1920s,location,location,not_found,"PLSS not found: missing section, township, range",done,,99,failed,not_found,,,,failed,keyword_not_found,,done,,99,skipped,,,
10303081_LEE SHAWVER 77_50900737,s3://osu-well-records-225989338968/pdfs/ExportedFolderContents_1/1923/11 - November/10303081_LEE SHAWVER 77_50900737.pdf,1,1923,11 - November,early,1920s,location,location,not_found,"PLSS not found: missing section, township, range",done,,100,failed,not_found,,,,failed,exception,,failed,exception,,skipped,,,
10303124_CARMICHAEL 2_1539985,s3://osu-well-records-225989338968/pdfs/ExportedFolderContents_1/1923/11 - November/10303124_CARMICHAEL 2_1539985.pdf,1,1923,11 - November,early,1920s,location,location,not_found,"PLSS not found: missing section, township, range",done,,96,failed,not_found,,,,failed,keyword_not_found,,done,,98,skipped,,,
10303124_CARMICHAEL 2_50976423,s3://osu-well-records-225989338968/pdfs/ExportedFolderContents_1/1923/11 - November/10303124_CARMICHAEL 2_50976423.pdf,1,1923,11 - November,early,1920s,location,location,not_found,"PLSS not found: missing section, township, range",done,,100,failed,not_found,,,,failed,keyword_not_found,,done,,99,skipped,,,
10303181_J CARMICHAEL 21-A_1539981,s3://osu-well-records-225989338968/pdfs/ExportedFolderContents_1/1923/11 - November/10303181_J CARMICHAEL 21-A_1539981.pdf,1,1923,11 - November,early,1920s,location,location,not_found,"PLSS not found: missing section, township, range",done,,93,failed,not_found,,,,failed,keyword_not_found,,done,,99,skipped,,,
10303181_J CARMICHAEL 21-A_50976083,s3://osu-well-records-225989338968/pdfs/ExportedFolderContents_1/1923/11 - November/10303181_J CARMICHAEL 21-A_50976083.pdf,1,1923,11 - November,early,1920s,location,location,not_found,"PLSS not found: missing section, township, range",done,,100,failed,not_found,,,,failed,exception,,failed,exception,,skipped,,,
10303185_J CARMICHAEL 23-A_1539977,s3://osu-well-records-225989338968/pdfs/ExportedFolderContents_1/1923/11 - November/10303185_J CARMICHAEL 23-A_1539977.pdf,1,1923,11 - November,early,1920s,location,location,not_found,"PLSS not found: missing section, township, range",done,,98,failed,not_found,,,,failed,exception,,done,,99,skipped,,,
10303186_CARMICHAEL 24_50981323,s3://osu-well-records-225989338968/pdfs/ExportedFolderContents_1/1923/11 - November/10303186_CARMICHAEL 24_50981323.pdf,1,1923,11 - November,early,1920s,location,location,not_found,"PLSS not found: missing section, township, range",done,,99,failed,not_found,,,,failed,keyword_not_found,,done,,99,skipped,,,
10303187_CARMICHAEL 24-A_1540006,s3://osu-well-records-225989338968/pdfs/ExportedFolderContents_1/1923/11 - November/10303187_CARMICHAEL 24-A_1540006.pdf,1,1923,11 - November,early,1920s,location,location,not_found,"PLSS not found: missing section, township, range",done,,97,failed,not_found,,,,failed,exception,,done,,99,skipped,,,
10303213_P RUZEK 13_1539983,s3://osu-well-records-225989338968/pdfs/ExportedFolderContents_1/1923/11 - November/10303213_P RUZEK 13_1539983.pdf,1,1923,11 - November,early,1920s,location,location,not_found,"PLSS not found: missing section, township, range",done,,91,failed,not_found,,,,failed,keyword_not_found,,failed,exception,,skipped,,,
10303243_JOS A NOVOTNY 9_1539994,s3://osu-well-records-225989338968/pdfs/ExportedFolderContents_1/1923/11 - November/10303243_JOS A NOVOTNY 9_1539994.pdf,1,1923,11 - November,early,1920s,location,location,not_found,"PLSS not found: missing section, township, range",done,,100,failed,not_found,,,,failed,exception,,done,,98,skipped,,,
10303280_D.E. EVANS 22_1540009,s3://osu-well-records-225989338968/pdfs/ExportedFolderContents_1/1923/11 - November/10303280_D.E. EVANS 22_1540009.pdf,1,1923,11 - November,early,1920s,location,location,not_found,"PLSS not found: missing section, township, range",done,,91,failed,not_found,,,,failed,exception,,done,,95,skipped,,,
10303327_RENCE 8B_1539998,s3://osu-well-records-225989338968/pdfs/ExportedFolderContents_1/1923/11 - November/10303327_RENCE 8B_1539998.pdf,1,1923,11 - November,early,1920s,location,location,not_found,"PLSS not found: missing section, township, range",done,,99,failed,not_found,,,,failed,exception,,failed,exception,,skipped,,,
10303332_RENCE 11_1539980,s3://osu-well-records-225989338968/pdfs/ExportedFolderContents_1/1923/11 - November/10303332_RENCE 11_1539980.pdf,1,1923,11 - November,early,1920s,location,location,not_found,"PLSS not found: missing section, township, range",done,,99,failed,not_found,,,,failed,keyword_not_found,,failed,exception,,skipped,,,
10303337_RENCE 12A_1539999,s3://osu-well-records-225989338968/pdfs/ExportedFolderContents_1/1923/11 - November/10303337_RENCE 12A_1539999.pdf,1,1923,11 - November,early,1920s,location,location,not_found,"PLSS not found: missing section, township, range",done,,99,failed,not_found,,,,failed,keyword_not_found,,failed,exception,,skipped,,,
10303339_RENCE 13_1539979,s3://osu-well-records-225989338968/pdfs/ExportedFolderContents_1/1923/11 - November/10303339_RENCE 13_1539979.pdf,1,1923,11 - November,early,1920s,location,location,not_found,"PLSS not found: missing section, township, range",done,,91,failed,not_found,,,,failed,keyword_not_found,,failed,exception,,skipped,,,
10501774_HARTMAN 2_1618662,s3://osu-well-records-225989338968/pdfs/ExportedFolderContents_1/1923/11 - November/10501774_HARTMAN 2_1618662.pdf,1,1923,11 - November,early,1920s,location,location,not_found,"PLSS not found: missing section, township, range",done,,87,failed,not_found,,,,failed,keyword_not_found,,done,,99,skipped,,,
10503201_C A LINDSTROM 1_1618653,s3://osu-well-records-225989338968/pdfs/ExportedFolderContents_1/1923/11 - November/10503201_C A LINDSTROM 1_1618653.pdf,1,1923,11 - November,early,1920s,location,location,not_found,"PLSS not found: missing section, township, range",done,,100,failed,not_found,,,,failed,exception,,done,,98,skipped,,,
10700772_NANCY JOHNSON 1_1056199,s3://osu-well-records-225989338968/pdfs/ExportedFolderContents_1/1923/11 - November/10700772_NANCY JOHNSON 1_1056199.pdf,1,1923,11 - November,early,1920s,location,location,not_found,"PLSS not found: missing section, township, range",done,,100,failed,not_found,,,,failed,keyword_not_found,,done,,91,skipped,,,
10700782_NELLY YAHOLA 1_1056192,s3://osu-well-records-225989338968/pdfs/ExportedFolderContents_1/1923/11 - November/10700782_NELLY YAHOLA 1_1056192.pdf,1,1923,11 - November,early,1920s,location,location,not_found,"PLSS not found: missing section, township, range",done,,100,failed,not_found,,,,failed,exception,,failed,exception,,skipped,,,
10700825_HARJOCHE 1_1056144,s3://osu-well-records-225989338968/pdfs/ExportedFolderContents_1/1923/11 - November/10700825_HARJOCHE 1_1056144.pdf,1,1923,11 - November,early,1920s,location,location,not_found,"PLSS not found: missing section, township, range",done,,99,failed,not_found,,,,failed,exception,,done,,99,skipped,,,
10704570_A J ROSS 1_1056193,s3://osu-well-records-225989338968/pdfs/ExportedFolderContents_1/1923/11 - November/10704570_A J ROSS 1_1056193.pdf,1,1923,11 - November,early,1920s,location,location,not_found,"PLSS not found: missing section, township, range",done,,100,failed,not_found,,,,failed,api_error,,done,,98,skipped,,,
10704751_W M CURRY 1_1056236,s3://osu-well-records-225989338968/pdfs/ExportedFolderContents_1/1923/11 - November/10704751_W M CURRY 1_1056236.pdf,1,1923,11 - November,early,1920s,location,location,not_found,"PLSS not found: missing section, township, range",done,,100,failed,not_found,,,,failed,exception,,done,,99,skipped,,,
11103772_J BURNETT 6_1364721,s3://osu-well-records-225989338968/pdfs/ExportedFolderContents_1/1923/11 - November/11103772_J BURNETT 6_1364721.pdf,1,1923,11 - November,early,1920s,location,location,not_found,"PLSS not found: missing section, township, range",done,,100,failed,not_found,,,,failed,exception,,done,,99,skipped,,,
11107615_No Data_1056179,s3://osu-well-records-225989338968/pdfs/ExportedFolderContents_1/1923/11 - November/11107615_No Data_1056179.pdf,1,1923,11 - November,early,1920s,location,location,not_found,"PLSS not found: missing section, township, range",done,,86,failed,not_found,,,,failed,exception,,done,,99,skipped,,,
11107752_MINNIE TIGER 6_1056282,s3://osu-well-records-225989338968/pdfs/ExportedFolderContents_1/1923/11 - November/11107752_MINNIE TIGER 6_1056282.pdf,1,1923,11 - November,early,1920s,location,location,not_found,"PLSS not found: missing section, township, range",done,,90,failed,not_found,,,,failed,exception,,done,,99,skipped,,,
11109912_Tucker 1_1056220,s3://osu-well-records-225989338968/pdfs/ExportedFolderContents_1/1923/11 - November/11109912_Tucker 1_1056220.pdf,1,1923,11 - November,early,1920s,location,location,not_found,"PLSS not found: missing section, township, range",done,,98,failed,not_found,,,,failed,exception,,done,,99,skipped,,,
11701346_SCHOOL LAND 23 4_1056226,s3://osu-well-records-225989338968/pdfs/ExportedFolderContents_1/1923/11 - November/11701346_SCHOOL LAND 23 4_1056226.pdf,1,1923,11 - November,early,1920s,location,location,not_found,"PLSS not found: missing section, township, range",done,,99,failed,not_found,,,,failed,keyword_not_found,,done,,92,skipped,,,
11701526_A TRUESDELL 2_1056256,s3://osu-well-records-225989338968/pdfs/ExportedFolderContents_1/1923/11 - November/11701526_A TRUESDELL 2_1056256.pdf,1,1923,11 - November,early,1920s,location,location,not_found,"PLSS not found: missing section, township, range",done,,99,failed,not_found,,,,failed,keyword_not_found,,failed,exception,,skipped,,,
11902353_No Data_1056152,s3://osu-well-records-225989338968/pdfs/ExportedFolderContents_1/1923/11 - November/11902353_No Data_1056152.pdf,1,1923,11 - November,early,1920s,location,location,not_found,"PLSS not found: missing section, township, range",done,,99,failed,not_found,,,,failed,keyword_not_found,,done,,99,skipped,,,
12300539_GRAHAM 1 _589731,s3://osu-well-records-225989338968/pdfs/ExportedFolderContents_1/1923/11 - November/12300539_GRAHAM 1 _589731.pdf,1,1923,11 - November,early,1920s,location,location,not_found,"PLSS not found: missing section, township, range",done,,100,failed,not_found,,,,failed,keyword_not_found,,done,,99,skipped,,,
12304507_MANDY SHIELDS 3_589719,s3://osu-well-records-225989338968/pdfs/ExportedFolderContents_1/1923/11 - November/12304507_MANDY SHIELDS 3_589719.pdf,1,1923,11 - November,early,1920s,location,location,not_found,"PLSS not found: missing section, township, range",done,,100,failed,not_found,,,,failed,keyword_not_found,,done,,99,skipped,,,
13302521_BETSEY FOSTER 5_589727,s3://osu-well-records-225989338968/pdfs/ExportedFolderContents_1/1923/11 - November/13302521_BETSEY FOSTER 5_589727.pdf,1,1923,11 - November,early,1920s,location,location,not_found,"PLSS not found: missing section, township, range",done,,98,failed,not_found,,,,failed,exception,,done,,99,skipped,,,
13306866_V V HARRIS 1_589728,s3://osu-well-records-225989338968/pdfs/ExportedFolderContents_1/1923/11 - November/13306866_V V HARRIS 1_589728.pdf,1,1923,11 - November,early,1920s,location,location,not_found,"PLSS not found: missing section, township, range",done,,87,failed,not_found,,,,failed,exception,,done,,99,skipped,,,
13306959_LUCY OSBORN 1_589717,s3://osu-well-records-225989338968/pdfs/ExportedFolderContents_1/1923/11 - November/13306959_LUCY OSBORN 1_589717.pdf,1,1923,11 - November,early,1920s,location,location,not_found,"PLSS not found: missing section, township, range",done,,87,failed,not_found,,,,failed,keyword_not_found,,failed,exception,,skipped,,,
13306976_E P NORTHERN 5_589726,s3://osu-well-records-225989338968/pdfs/ExportedFolderContents_1/1923/11 - November/13306976_E P NORTHERN 5_589726.pdf,1,1923,11 - November,early,1920s,location,location,not_found,"PLSS not found: missing section, township, range",done,,100,failed,not_found,,,,failed,exception,,done,,99,skipped,,,
13308907_No Data_589733,s3://osu-well-records-225989338968/pdfs/ExportedFolderContents_1/1923/11 - November/13308907_No Data_589733.pdf,1,1923,11 - November,early,1920s,location,location,not_found,"PLSS not found: missing section, township, range",done,,99,failed,not_found,,,,failed,exception,,done,,100,skipped,,,
13701565_NATTIE M CHANDLER 3_921179,s3://osu-well-records-225989338968/pdfs/ExportedFolderContents_1/1923/11 - November/13701565_NATTIE M CHANDLER 3_921179.pdf,1,1923,11 - November,early,1920s,location,location,not_found,"PLSS not found: missing section, township, range",done,,100,failed,not_found,,,,failed,keyword_not_found,,done,,99,skipped,,,
13701572_G E CARTER 5_921160,s3://osu-well-records-225989338968/pdfs/ExportedFolderContents_1/1923/11 - November/13701572_G E CARTER 5_921160.pdf,1,1923,11 - November,early,1920s,location,location,not_found,"PLSS not found: missing section, township, range",done,,95,failed,not_found,,,,failed,exception,,done,,73,skipped,,,
13701578_G S BROWN 3_921170,s3://osu-well-records-225989338968/pdfs/ExportedFolderContents_1/1923/11 - November/13701578_G S BROWN 3_921170.pdf,1,1923,11 - November,early,1920s,location,location,not_found,"PLSS not found: missing section, township, range",done,,90,failed,not_found,,,,failed,keyword_not_found,,failed,exception,,skipped,,,
13701588_MARX RUBY 1_921156,s3://osu-well-records-225989338968/pdfs/ExportedFolderContents_1/1923/11 - November/13701588_MARX RUBY 1_921156.pdf,1,1923,11 - November,early,1920s,location,location,not_found,"PLSS not found: missing section, township, range",done,,94,failed,not_found,,,,failed,exception,,failed,exception,,skipped,,,
13709810_J R FUNK 5_782513,s3://osu-well-records-225989338968/pdfs/ExportedFolderContents_1/1923/11 - November/13709810_J R FUNK 5_782513.pdf,1,1923,11 - November,early,1920s,location,location,not_found,"PLSS not found: missing section, township, range",done,,98,failed,not_found,,,,failed,keyword_not_found,,done,,99,skipped,,,
13709831_HENRY T MAXEY 6_782519,s3://osu-well-records-225989338968/pdfs/ExportedFolderContents_1/1923/11 - November/13709831_HENRY T MAXEY 6_782519.pdf,1,1923,11 - November,early,1920s,location,location,not_found,"PLSS not found: missing section, township, range",done,,89,failed,not_found,,,,failed,keyword_not_found,,done,,99,skipped,,,
13710523_MYRTLE DILLARD 8_5765147,s3://osu-well-records-225989338968/pdfs/ExportedFolderContents_1/1923/11 - November/13710523_MYRTLE DILLARD 8_5765147.pdf,1,1923,11 - November,early,1920s,location,location,not_found,"PLSS not found: missing section, township, range",done,,99,failed,not_found,,,,failed,keyword_not_found,,failed,exception,,skipped,,,
13710523_MYRTLE DILLARD 8_921188,s3://osu-well-records-225989338968/pdfs/ExportedFolderContents_1/1923/11 - November/13710523_MYRTLE DILLARD 8_921188.pdf,1,1923,11 - November,early,1920s,location,location,not_found,"PLSS not found: missing section, township, range",done,,100,failed,not_found,,,,failed,exception,,failed,exception,,skipped,,,
13710528_CORBIN DILLARD 3_5765152,s3://osu-well-records-225989338968/pdfs/ExportedFolderContents_1/1923/11 - November/13710528_CORBIN DILLARD 3_5765152.pdf,1,1923,11 - November,early,1920s,location,location,not_found,"PLSS not found: missing section, township, range",done,,90,failed,not_found,,,,failed,exception,,failed,exception,,skipped,,,
13710528_CORBIN DILLARD 3_921157,s3://osu-well-records-225989338968/pdfs/ExportedFolderContents_1/1923/11 - November/13710528_CORBIN DILLARD 3_921157.pdf,1,1923,11 - November,early,1920s,location,location,not_found,"PLSS not found: missing section, township, range",done,,100,failed,not_found,,,,failed,exception,,done,,98,skipped,,,
13710727_CHAPMAN DOAK 6_921183,s3://osu-well-records-225989338968/pdfs/ExportedFolderContents_1/1923/11 - November/13710727_CHAPMAN DOAK 6_921183.pdf,1,1923,11 - November,early,1920s,location,location,not_found,"PLSS not found: missing section, township, range",done,,100,failed,not_found,,,,failed,keyword_not_found,,done,,96,skipped,,,
13712725_D BARTLEY 2-DD_921201,s3://osu-well-records-225989338968/pdfs/ExportedFolderContents_1/1923/11 - November/13712725_D BARTLEY 2-DD_921201.pdf,1,1923,11 - November,early,1920s,location,location,not_found,"PLSS not found: missing section, township, range",done,,96,failed,not_found,,,,failed,keyword_not_found,,done,,97,skipped,,,
13712725_DOLLIE BARTLEY 2_921192,s3://osu-well-records-225989338968/pdfs/ExportedFolderContents_1/1923/11 - November/13712725_DOLLIE BARTLEY 2_921192.pdf,1,1923,11 - November,early,1920s,location,location,not_found,"PLSS not found: missing section, township, range",done,,98,failed,not_found,,,,failed,keyword_not_found,,done,,99,skipped,,,
13712750_BRITTAIN 6_921162,s3://osu-well-records-225989338968/pdfs/ExportedFolderContents_1/1923/11 - November/13712750_BRITTAIN 6_921162.pdf,1,1923,11 - November,early,1920s,location,location,not_found,"PLSS not found: missing section, township, range",done,,99,failed,not_found,,,,failed,exception,,done,,99,skipped,,,
14102058_HOLLAND 1_1027470,s3://osu-well-records-225989338968/pdfs/ExportedFolderContents_1/1923/11 - November/14102058_HOLLAND 1_1027470.pdf,1,1923,11 - November,early,1920s,location,location,not_found,"PLSS not found: missing section, township, range",done,,100,failed,not_found,,,,failed,keyword_not_found,,done,,100,skipped,,,
14102141_GOEHLER 2_516820,s3://osu-well-records-225989338968/pdfs/ExportedFolderContents_1/1923/11 - November/14102141_GOEHLER 2_516820.pdf,1,1923,11 - November,early,1920s,location,location,not_found,"PLSS not found: missing section, township, range",done,,93,failed,not_found,,,,failed,exception,,done,,99,skipped,,,
14102141_GOEHLER 2_921180,s3://osu-well-records-225989338968/pdfs/ExportedFolderContents_1/1923/11 - November/14102141_GOEHLER 2_921180.pdf,1,1923,11 - November,early,1920s,location,location,not_found,"PLSS not found: missing section, township, range",done,,93,failed,not_found,,,,failed,exception,,done,,99,skipped,,,
14301535_No Data_516815,s3://osu-well-records-225989338968/pdfs/ExportedFolderContents_1/1923/11 - November/14301535_No Data_516815.pdf,1,1923,11 - November,early,1920s,location,location,not_found,"PLSS not found: missing section, township, range",done,,100,failed,not_found,,,,failed,exception,,done,,99,skipped,,,
14301625_DOUGLAS 1_1056247,s3://osu-well-records-225989338968/pdfs/ExportedFolderContents_1/1923/11 - November/14301625_DOUGLAS 1_1056247.pdf,1,1923,11 - November,early,1920s,location,location,not_found,"PLSS not found: missing section, township, range",done,,99,failed,not_found,,,,failed,exception,,done,,99,skipped,,,
14303586_T C DURR 4_1056239,s3://osu-well-records-225989338968/pdfs/ExportedFolderContents_1/1923/11 - November/14303586_T C DURR 4_1056239.pdf,1,1923,11 - November,early,1920s,location,location,not_found,"PLSS not found: missing section, township, range",done,,98,failed,not_found,,,,failed,exception,,done,,99,skipped,,,
14303627_BEN MEIERS 2_1056198,s3://osu-well-records-225989338968/pdfs/ExportedFolderContents_1/1923/11 - November/14303627_BEN MEIERS 2_1056198.pdf,1,1923,11 - November,early,1920s,location,location,not_found,"PLSS not found: missing section, township, range",done,,100,failed,not_found,,,,failed,keyword_not_found,,done,,98,skipped,,,
14307187_PERRYMAN 1_1056240,s3://osu-well-records-225989338968/pdfs/ExportedFolderContents_1/1923/11 - November/14307187_PERRYMAN 1_1056240.pdf,1,1923,11 - November,early,1920s,location,location,not_found,"PLSS not found: missing section, township, range",done,,91,failed,not_found,,,,failed,exception,,done,,99,skipped,,,
14502226_SOMMERS 1_1364703,s3://osu-well-records-225989338968/pdfs/ExportedFolderContents_1/1923/11 - November/14502226_SOMMERS 1_1364703.pdf,1,1923,11 - November,early,1920s,location,location,not_found,"PLSS not found: missing section, township, range",done,,97,failed,not_found,,,,failed,exception,,done,,99,skipped,,,
14707931_MORGAN 1_1415615,s3://osu-well-records-225989338968/pdfs/ExportedFolderContents_1/1923/11 - November/14707931_MORGAN 1_1415615.pdf,1,1923,11 - November,early,1920s,location,location,not_found,"PLSS not found: missing section, township, range",done,,100,failed,not_found,,,,failed,keyword_not_found,,done,,84,skipped,,,
35019002530000_S A GEORGE 1_1385117,s3://osu-well-records-225989338968/pdfs/ExportedFolderContents_1/1923/11 - November/35019002530000_S A GEORGE 1_1385117.pdf,1,1923,11 - November,early,1920s,location,location,not_found,"PLSS not found: missing section, township, range",done,,87,failed,not_found,,,,failed,exception,,failed,exception,,skipped,,,
35019100930000_CARPENTER 1_1697536,s3://osu-well-records-225989338968/pdfs/ExportedFolderContents_1/1923/11 - November/35019100930000_CARPENTER 1_1697536.pdf,1,1923,11 - November,early,1920s,location,location,not_found,"PLSS not found: missing section, township, range",done,,99,failed,not_found,,,,failed,keyword_not_found,,done,,99,skipped,,,
35019761540000_L J WOODRUFF 18_1697585,s3://osu-well-records-225989338968/pdfs/ExportedFolderContents_1/1923/11 - November/35019761540000_L J WOODRUFF 18_1697585.pdf,1,1923,11 - November,early,1920s,location,location,not_found,"PLSS not found: missing section, township, range",done,,100,failed,not_found,,,,failed,keyword_not_found,,failed,exception,,skipped,,,
35037040580000_L YAHOLA 2_2006915,s3://osu-well-records-225989338968/pdfs/ExportedFolderContents_1/1923/11 - November/35037040580000_L YAHOLA 2_2006915.pdf,1,1923,11 - November,early,1920s,location,location,not_found,"PLSS not found: missing section, township, range",done,,99,failed,not_found,,,,failed,keyword_not_found,,done,,99,skipped,,,
35037072040000_JOE ABRAHAM 2_2006970,s3://osu-well-records-225989338968/pdfs/ExportedFolderContents_1/1923/11 - November/35037072040000_JOE ABRAHAM 2_2006970.pdf,1,1923,11 - November,early,1920s,location,location,not_found,"PLSS not found: missing section, township, range",done,,100,failed,not_found,,,,failed,exception,,failed,exception,,skipped,,,
35037072210000_A WILSON 3_2006864,s3://osu-well-records-225989338968/pdfs/ExportedFolderContents_1/1923/11 - November/35037072210000_A WILSON 3_2006864.pdf,1,1923,11 - November,early,1920s,location,location,not_found,"PLSS not found: missing section, township, range",done,,100,failed,not_found,,,,failed,exception,,failed,exception,,skipped,,,
3503707222...._A WILSON 2_2006865,s3://osu-well-records-225989338968/pdfs/ExportedFolderContents_1/1923/11 - November/3503707222...._A WILSON 2_2006865.pdf,1,1923,11 - November,early,1920s,location,location,not_found,"PLSS not found: missing section, township, range",done,,100,failed,not_found,,,,failed,exception,,done,,98,skipped,,,
35037102060000_J WACOCHE 1_2006874,s3://osu-well-records-225989338968/pdfs/ExportedFolderContents_1/1923/11 - November/35037102060000_J WACOCHE 1_2006874.pdf,1,1923,11 - November,early,1920s,location,location,not_found,"PLSS not found: missing section, township, range",done,,100,failed,not_found,,,,failed,exception,,done,,98,skipped,,,
35037125520000_E. SMITH 2_2006866,s3://osu-well-records-225989338968/pdfs/ExportedFolderContents_1/1923/11 - November/35037125520000_E. SMITH 2_2006866.pdf,1,1923,11 - November,early,1920s,location,location,not_found,"PLSS not found: missing section, township, range",done,,100,failed,not_found,,,,failed,exception,,done,,99,skipped,,,
35037137910000_CROSBIE 1_2006946,s3://osu-well-records-225989338968/pdfs/ExportedFolderContents_1/1923/11 - November/35037137910000_CROSBIE 1_2006946.pdf,1,1923,11 - November,early,1920s,location,location,not_found,"PLSS not found: missing section, township, range",done,,91,failed,not_found,,,,failed,exception,,failed,exception,,skipped,,,
35037143580000_IDA WASHINGTON 1_2006930,s3://osu-well-records-225989338968/pdfs/ExportedFolderContents_1/1923/11 - November/35037143580000_IDA WASHINGTON 1_2006930.pdf,1,1923,11 - November,early,1920s,location,location,not_found,"PLSS not found: missing section, township, range",done,,89,failed,not_found,,,,failed,exception,,failed,exception,,skipped,,,
35037159510000_LARNEY 1_2006919,s3://osu-well-records-225989338968/pdfs/ExportedFolderContents_1/1923/11 - November/35037159510000_LARNEY 1_2006919.pdf,1,1923,11 - November,early,1920s,location,location,not_found,"PLSS not found: missing section, township, range",done,,100,failed,not_found,,,,failed,exception,,done,,99,skipped,,,
35037193810000_HAWKINS 1_2006948,s3://osu-well-records-225989338968/pdfs/ExportedFolderContents_1/1923/11 - November/35037193810000_HAWKINS 1_2006948.pdf,1,1923,11 - November,early,1920s,location,location,not_found,"PLSS not found: missing section, township, range",done,,100,failed,not_found,,,,failed,keyword_not_found,,done,,80,skipped,,,
35079002100000_HILL 39_1443135,s3://osu-well-records-225989338968/pdfs/ExportedFolderContents_1/1923/11 - November/35079002100000_HILL 39_1443135.pdf,1,1923,11 - November,early,1920s,location,location,not_found,"PLSS not found: missing section, township, range",done,,99,failed,not_found,,,,failed,exception,,done,,99,skipped,,,
35079002140000_SPARKS 40_1443136,s3://osu-well-records-225989338968/pdfs/ExportedFolderContents_1/1923/11 - November/35079002140000_SPARKS 40_1443136.pdf,1,1923,11 - November,early,1920s,location,location,not_found,"PLSS not found: missing section, township, range",done,,100,failed,not_found,,,,failed,exception,,done,,99,skipped,,,
35101010010000_SLATTERY 4_2364946,s3://osu-well-records-225989338968/pdfs/ExportedFolderContents_1/1923/11 - November/35101010010000_SLATTERY 4_2364946.pdf,1,1923,11 - November,early,1920s,location,location,not_found,"PLSS not found: missing section, township, range",done,,100,failed,not_found,,,,failed,exception,,done,,100,skipped,,,
35101024070000_KELLY 1_2364931,s3://osu-well-records-225989338968/pdfs/ExportedFolderContents_1/1923/11 - November/35101024070000_KELLY 1_2364931.pdf,1,1923,11 - November,early,1920s,location,location,not_found,"PLSS not found: missing section, township, range",done,,99,failed,not_found,,,,failed,keyword_not_found,,done,,99,skipped,,,
35103024520000_G.L. MILLES_2289565,s3://osu-well-records-225989338968/pdfs/ExportedFolderContents_1/1923/11 - November/35103024520000_G.L. MILLES_2289565.pdf,1,1923,11 - November,early,1920s,location,location,not_found,"PLSS not found: missing section, township, range",done,,89,failed,not_found,,,,failed,keyword_not_found,,failed,exception,,skipped,,,
35103028930000_B F BLUBAUGH 24_8002901,s3://osu-well-records-225989338968/pdfs/ExportedFolderContents_1/1923/11 - November/35103028930000_B F BLUBAUGH 24_8002901.pdf,1,1923,11 - November,early,1920s,location,location,not_found,"PLSS not found: missing section, township, range",done,,99,failed,not_found,,,,failed,exception,,done,,99,skipped,,,
35103029080000_BLUBAUGH 16-A_8002910,s3://osu-well-records-225989338968/pdfs/ExportedFolderContents_1/1923/11 - November/35103029080000_BLUBAUGH 16-A_8002910.pdf,1,1923,11 - November,early,1920s,location,location,not_found,"PLSS not found: missing section, township, range",done,,91,failed,not_found,,,,failed,keyword_not_found,,done,,99,skipped,,,
01909698_JOHNSON 3 FEE_921266,s3://osu-well-records-225989338968/pdfs/ExportedFolderContents_1/1923/12 - December/01909698_JOHNSON 3 FEE_921266.pdf,1,1923,12 - December,early,1920s,location,location,not_found,"PLSS not found: missing section, township, range",done,,92,failed,not_found,,,,failed,exception,,failed,exception,,skipped,,,
01909883_M T PIERCE 1_921260,s3://osu-well-records-225989338968/pdfs/ExportedFolderContents_1/1923/12 - December/01909883_M T PIERCE 1_921260.pdf,1,1923,12 - December,early,1920s,location,location,not_found,"PLSS not found: missing section, township, range",done,,87,failed,not_found,,,,failed,keyword_not_found,,failed,exception,,skipped,,,
01909981_DOLMAN 3_921274,s3://osu-well-records-225989338968/pdfs/ExportedFolderContents_1/1923/12 - December/01909981_DOLMAN 3_921274.pdf,1,1923,12 - December,early,1920s,location,location,not_found,"PLSS not found: missing section, township, range",done,,100,failed,not_found,,,,failed,exception,,done,,99,skipped,,,
01910047_JOHN LAHMAN 2_921283,s3://osu-well-records-225989338968/pdfs/ExportedFolderContents_1/1923/12 - December/01910047_JOHN LAHMAN 2_921283.pdf,1,1923,12 - December,early,1920s,location,location,not_found,"PLSS not found: missing section, township, range",done,,100,failed,not_found,,,,failed,exception,,done,,96,skipped,,,
01910679_HAZEL VOORHEES 2A_921233,s3://osu-well-records-225989338968/pdfs/ExportedFolderContents_1/1923/12 - December/01910679_HAZEL VOORHEES 2A_921233.pdf,1,1923,12 - December,early,1920s,location,location,not_found,"PLSS not found: missing section, township, range",done,,93,failed,not_found,,,,failed,exception,,failed,exception,,skipped,,,
01910779_HICKS PALMER 1_921225,s3://osu-well-records-225989338968/pdfs/ExportedFolderContents_1/1923/12 - December/01910779_HICKS PALMER 1_921225.pdf,1,1923,12 - December,early,1920s,location,location,not_found,"PLSS not found: missing section, township, range",done,,99,failed,not_found,,,,failed,keyword_not_found,,done,,100,skipped,,,
01910859_RICHARDS 2_988090,s3://osu-well-records-225989338968/pdfs/ExportedFolderContents_1/1923/12 - December/01910859_RICHARDS 2_988090.pdf,1,1923,12 - December,early,1920s,location,location,not_found,"PLSS not found: missing section, township, range",done,,98,failed,not_found,,,,failed,keyword_not_found,,done,,98,skipped,,,
01910980_PALMER 7_921236,s3://osu-well-records-225989338968/pdfs/ExportedFolderContents_1/1923/12 - December/01910980_PALMER 7_921236.pdf,1,1923,12 - December,early,1920s,location,location,not_found,"PLSS not found: missing section, township, range",done,,100,failed,not_found,,,,failed,keyword_not_found,,failed,exception,,skipped,,,
01912052_JOHNSON 5_987856,s3://osu-well-records-225989338968/pdfs/ExportedFolderContents_1/1923/12 - December/01912052_JOHNSON 5_987856.pdf,1,1923,12 - December,early,1920s,location,location,not_found,"PLSS not found: missing section, township, range",done,,100,failed,not_found,,,,failed,exception,,done,,100,skipped,,,
01912053_JOHNSON 6_988150,s3://osu-well-records-225989338968/pdfs/ExportedFolderContents_1/1923/12 - December/01912053_JOHNSON 6_988150.pdf,1,1923,12 - December,early,1920s,location,location,not_found,"PLSS not found: missing section, township, range",done,,100,failed,not_found,,,,failed,exception,,done,,96,skipped,,,
01913513_ELLIS 2_921268,s3://osu-well-records-225989338968/pdfs/ExportedFolderContents_1/1923/12 - December/01913513_ELLIS 2_921268.pdf,1,1923,12 - December,early,1920s,location,location,not_found,"PLSS not found: missing section, township, range",done,,100,failed,not_found,,,,failed,exception,,done,,99,skipped,,,
01913755_W W WOODWORTH 6-DD_921262,s3://osu-well-records-225989338968/pdfs/ExportedFolderContents_1/1923/12 - December/01913755_W W WOODWORTH 6-DD_921262.pdf,1,1923,12 - December,early,1920s,location,location,not_found,"PLSS not found: missing section, township, range",done,,100,failed,not_found,,,,failed,exception,,failed,exception,,skipped,,,
01914092_SPARKS B -7_921253,s3://osu-well-records-225989338968/pdfs/ExportedFolderContents_1/1923/12 - December/01914092_SPARKS B -7_921253.pdf,1,1923,12 - December,early,1920s,location,location,not_found,"PLSS not found: missing section, township, range",done,,100,failed,not_found,,,,failed,exception,,failed,exception,,skipped,,,
01914145_B C RICKETS 2_921244,s3://osu-well-records-225989338968/pdfs/ExportedFolderContents_1/1923/12 - December/01914145_B C RICKETS 2_921244.pdf,1,1923,12 - December,early,1920s,location,location,not_found,"PLSS not found: missing section, township, range",done,,98,failed,not_found,,,,failed,exception,,failed,exception,,skipped,,,
03300662_D S BABER 1_516851,s3://osu-well-records-225989338968/pdfs/ExportedFolderContents_1/1923/12 - December/03300662_D S BABER 1_516851.pdf,1,1923,12 - December,early,1920s,location,location,not_found,"PLSS not found: missing section, township, range",done,,100,failed,not_found,,,,failed,keyword_not_found,,failed,exception,,skipped,,,
03300662_D S BABER 1_921267,s3://osu-well-records-225989338968/pdfs/ExportedFolderContents_1/1923/12 - December/03300662_D S BABER 1_921267.pdf,1,1923,12 - December,early,1920s,location,location,not_found,"PLSS not found: missing section, township, range",done,,100,failed,not_found,,,,failed,keyword_not_found,,failed,exception,,skipped,,,
03700863_SINDOCHEE BRUNER 1_1056342,s3://osu-well-records-225989338968/pdfs/ExportedFolderContents_1/1923/12 - December/03700863_SINDOCHEE BRUNER 1_1056342.pdf,1,1923,12 - December,early,1920s,location,location,not_found,"PLSS not found: missing section, township, range",done,,100,failed,not_found,,,,failed,exception,,done,,98,skipped,,,
03702942_FREEMAN KERNAL 3_1056348,s3://osu-well-records-225989338968/pdfs/ExportedFolderContents_1/1923/12 - December/03702942_FREEMAN KERNAL 3_1056348.pdf,1,1923,12 - December,early,1920s,location,location,not_found,"PLSS not found: missing section, township, range",done,,100,failed,not_found,,,,failed,exception,,done,,99,skipped,,,
03703267_O OWENS 2_1056364,s3://osu-well-records-225989338968/pdfs/ExportedFolderContents_1/1923/12 - December/03703267_O OWENS 2_1056364.pdf,1,1923,12 - December,early,1920s,location,location,not_found,"PLSS not found: missing section, township, range",done,,86,failed,not_found,,,,failed,exception,,done,,100,skipped,,,
03703326_T BEAVER 6_1056316,s3://osu-well-records-225989338968/pdfs/ExportedFolderContents_1/1923/12 - December/03703326_T BEAVER 6_1056316.pdf,1,1923,12 - December,early,1920s,location,location,not_found,"PLSS not found: missing section, township, range",done,,90,failed,not_found,,,,failed,exception,,done,,99,skipped,,,
03704173_PALMER TIGER 1_1056317,s3://osu-well-records-225989338968/pdfs/ExportedFolderContents_1/1923/12 - December/03704173_PALMER TIGER 1_1056317.pdf,1,1923,12 - December,early,1920s,location,location,not_found,"PLSS not found: missing section, township, range",done,,100,failed,not_found,,,,failed,keyword_not_found,,done,,96,skipped,,,
03707236_No Data_1056356,s3://osu-well-records-225989338968/pdfs/ExportedFolderContents_1/1923/12 - December/03707236_No Data_1056356.pdf,1,1923,12 - December,early,1920s,location,location,not_found,"PLSS not found: missing section, township, range",done,,95,failed,not_found,,,,failed,exception,,done,,99,skipped,,,
03707283_L CANADY 5B_1056404,s3://osu-well-records-225989338968/pdfs/ExportedFolderContents_1/1923/12 - December/03707283_L CANADY 5B_1056404.pdf,1,1923,12 - December,early,1920s,location,location,not_found,"PLSS not found: missing section, township, range",done,,95,failed,not_found,,,,failed,exception,,done,,99,skipped,,,
03709955_THOMAS CONNOR 5-DD_1056419,s3://osu-well-records-225989338968/pdfs/ExportedFolderContents_1/1923/12 - December/03709955_THOMAS CONNOR 5-DD_1056419.pdf,1,1923,12 - December,early,1920s,location,location,not_found,"PLSS not found: missing section, township, range",done,,100,failed,not_found,,,,failed,exception,,done,,88,skipped,,,
03710633_C WASHINGTON 1_1056380,s3://osu-well-records-225989338968/pdfs/ExportedFolderContents_1/1923/12 - December/03710633_C WASHINGTON 1_1056380.pdf,1,1923,12 - December,early,1920s,location,location,not_found,"PLSS not found: missing section, township, range",done,,100,failed,not_found,,,,failed,exception,,done,,99,skipped,,,
03715587_H KOCH 1_1056388,s3://osu-well-records-225989338968/pdfs/ExportedFolderContents_1/1923/12 - December/03715587_H KOCH 1_1056388.pdf,1,1923,12 - December,early,1920s,location,location,not_found,"PLSS not found: missing section, township, range",done,,99,failed,not_found,,,,failed,exception,,done,,96,skipped,,,
03715587_H KOCH 1_1056393,s3://osu-well-records-225989338968/pdfs/ExportedFolderContents_1/1923/12 - December/03715587_H KOCH 1_1056393.pdf,1,1923,12 - December,early,1920s,location,location,not_found,"PLSS not found: missing section, township, range",done,,99,failed,not_found,,,,failed,keyword_not_found,,failed,exception,,skipped,,,
04900782_R J MAULDIN A-3_782526,s3://osu-well-records-225989338968/pdfs/ExportedFolderContents_1/1923/12 - December/04900782_R J MAULDIN A-3_782526.pdf,1,1923,12 - December,early,1920s,location,location,not_found,"PLSS not found: missing section, township, range",done,,90,failed,not_found,,,,failed,exception,,failed,exception,,skipped,,,
04900790_THOMAS PERNELL A-1-DD_782522,s3://osu-well-records-225989338968/pdfs/ExportedFolderContents_1/1923/12 - December/04900790_THOMAS PERNELL A-1-DD_782522.pdf,1,1923,12 - December,early,1920s,location,location,not_found,"PLSS not found: missing section, township, range",done,,100,failed,not_found,,,,failed,keyword_not_found,,done,,100,skipped,,,
04935449_NEWBERRY 4_782531,s3://osu-well-records-225989338968/pdfs/ExportedFolderContents_1/1923/12 - December/04935449_NEWBERRY 4_782531.pdf,1,1923,12 - December,early,1920s,location,location,not_found,"PLSS not found: missing section, township, range",done,,100,failed,not_found,,,,failed,exception,,failed,exception,,skipped,,,
04936381_COSDEN-DERDEYN 2 ACCT 2_782524,s3://osu-well-records-225989338968/pdfs/ExportedFolderContents_1/1923/12 - December/04936381_COSDEN-DERDEYN 2 ACCT 2_782524.pdf,1,1923,12 - December,early,1920s,location,location,not_found,"PLSS not found: missing section, township, range",done,,92,failed,not_found,,,,failed,exception,,done,,100,skipped,,,
05100231_A J WOODS 1_782532,s3://osu-well-records-225989338968/pdfs/ExportedFolderContents_1/1923/12 - December/05100231_A J WOODS 1_782532.pdf,1,1923,12 - December,early,1920s,location,location,not_found,"PLSS not found: missing section, township, range",done,,87,failed,not_found,,,,failed,exception,,done,,96,skipped,,,
05136657_T P DUKE 1_782530,s3://osu-well-records-225989338968/pdfs/ExportedFolderContents_1/1923/12 - December/05136657_T P DUKE 1_782530.pdf,1,1923,12 - December,early,1920s,location,location,not_found,"PLSS not found: missing section, township, range",done,,100,failed,not_found,,,,failed,exception,,done,,73,skipped,,,
05300366_SNOUFFER 1_1540022,s3://osu-well-records-225989338968/pdfs/ExportedFolderContents_1/1923/12 - December/05300366_SNOUFFER 1_1540022.pdf,1,1923,12 - December,early,1920s,location,location,not_found,"PLSS not found: missing section, township, range",done,,99,failed,not_found,,,,failed,keyword_not_found,,done,,99,skipped,,,
05301552_WILLIAM NELSON 1_1540046,s3://osu-well-records-225989338968/pdfs/ExportedFolderContents_1/1923/12 - December/05301552_WILLIAM NELSON 1_1540046.pdf,1,1923,12 - December,early,1920s,location,location,not_found,"PLSS not found: missing section, township, range",done,,100,failed,not_found,,,,failed,keyword_not_found,,done,,98,skipped,,,
06303283_No Data_1056347,s3://osu-well-records-225989338968/pdfs/ExportedFolderContents_1/1923/12 - December/06303283_No Data_1056347.pdf,1,1923,12 - December,early,1920s,location,location,not_found,"PLSS not found: missing section, township, range",done,,100,failed,not_found,,,,failed,exception,,done,,98,skipped,,,
06303283_No Data_589744,s3://osu-well-records-225989338968/pdfs/ExportedFolderContents_1/1923/12 - December/06303283_No Data_589744.pdf,1,1923,12 - December,early,1920s,location,location,not_found,"PLSS not found: missing section, township, range",done,,100,failed,not_found,,,,failed,exception,,done,,98,skipped,,,
06701894_SPRING 1_921218,s3://osu-well-records-225989338968/pdfs/ExportedFolderContents_1/1923/12 - December/06701894_SPRING 1_921218.pdf,1,1923,12 - December,early,1920s,location,location,not_found,"PLSS not found: missing section, township, range",done,,97,failed,not_found,,,,failed,keyword_not_found,,done,,94,skipped,,,
07103782_C W KLINK 1_1415676,s3://osu-well-records-225989338968/pdfs/ExportedFolderContents_1/1923/12 - December/07103782_C W KLINK 1_1415676.pdf,1,1923,12 - December,early,1920s,location,location,not_found,"PLSS not found: missing section, township, range",done,,100,failed,not_found,,,,failed,exception,,failed,exception,,skipped,,,
07103804_A H DENTON 1_1415654,s3://osu-well-records-225989338968/pdfs/ExportedFolderContents_1/1923/12 - December/07103804_A H DENTON 1_1415654.pdf,1,1923,12 - December,early,1920s,location,location,not_found,"PLSS not found: missing section, township, range",done,,100,failed,not_found,,,,failed,exception,,done,,99,skipped,,,
07103808_STEVENS 1_1056406,s3://osu-well-records-225989338968/pdfs/ExportedFolderContents_1/1923/12 - December/07103808_STEVENS 1_1056406.pdf,1,1923,12 - December,early,1920s,location,location,not_found,"PLSS not found: missing section, township, range",done,,100,failed,not_found,,,,failed,exception,,done,,99,skipped,,,
07103947_C W GOLTRY 2_1540028,s3://osu-well-records-225989338968/pdfs/ExportedFolderContents_1/1923/12 - December/07103947_C W GOLTRY 2_1540028.pdf,1,1923,12 - December,early,1920s,location,location,not_found,"PLSS not found: missing section, township, range",done,,99,failed,not_found,,,,failed,exception,,done,,99,skipped,,,
07104007_W F MCDANIELS 7-B_1540026,s3://osu-well-records-225989338968/pdfs/ExportedFolderContents_1/1923/12 - December/07104007_W F MCDANIELS 7-B_1540026.pdf,1,1923,12 - December,early,1920s,location,location,not_found,"PLSS not found: missing section, township, range",done,,99,failed,not_found,,,,failed,exception,,done,,99,skipped,,,
07104058_F A BEVERLIN 16_1540015,s3://osu-well-records-225989338968/pdfs/ExportedFolderContents_1/1923/12 - December/07104058_F A BEVERLIN 16_1540015.pdf,1,1923,12 - December,early,1920s,location,location,not_found,"PLSS not found: missing section, township, range",done,,99,failed,not_found,,,,failed,exception,,done,,99,skipped,,,
07104088_C C ENDICOTT 3-C_1540035,s3://osu-well-records-225989338968/pdfs/ExportedFolderContents_1/1923/12 - December/07104088_C C ENDICOTT 3-C_1540035.pdf,1,1923,12 - December,early,1920s,location,location,not_found,"PLSS not found: missing section, township, range",done,,90,failed,not_found,,,,failed,exception,,done,,99,skipped,,,
07104112_C C ENDICOTT 9_1540044,s3://osu-well-records-225989338968/pdfs/ExportedFolderContents_1/1923/12 - December/07104112_C C ENDICOTT 9_1540044.pdf,1,1923,12 - December,early,1920s,location,location,not_found,"PLSS not found: missing section, township, range",done,,100,failed,not_found,,,,failed,keyword_not_found,,done,,98,skipped,,,
07104253_C R OGG 1_1540049,s3://osu-well-records-225989338968/pdfs/ExportedFolderContents_1/1923/12 - December/07104253_C R OGG 1_1540049.pdf,1,1923,12 - December,early,1920s,location,location,not_found,"PLSS not found: missing section, township, range",done,,100,failed,not_found,,,,failed,exception,,done,,99,skipped,,,
10302890_BLUBAUGH 21_1540024,s3://osu-well-records-225989338968/pdfs/ExportedFolderContents_1/1923/12 - December/10302890_BLUBAUGH 21_1540024.pdf,1,1923,12 - December,early,1920s,location,location,not_found,"PLSS not found: missing section, township, range",done,,99,failed,not_found,,,,failed,exception,,failed,exception,,skipped,,,
10302969_S GAUME 11_1540017,s3://osu-well-records-225989338968/pdfs/ExportedFolderContents_1/1923/12 - December/10302969_S GAUME 11_1540017.pdf,1,1923,12 - December,early,1920s,location,location,not_found,"PLSS not found: missing section, township, range",done,,98,failed,not_found,,,,failed,api_error,,failed,exception,,skipped,,,
10302974_S GAUME 16_1540029,s3://osu-well-records-225989338968/pdfs/ExportedFolderContents_1/1923/12 - December/10302974_S GAUME 16_1540029.pdf,1,1923,12 - December,early,1920s,location,location,not_found,"PLSS not found: missing section, township, range",done,,99,failed,not_found,,,,failed,exception,,done,,100,skipped,,,
10303078_LEE SHAWVER 74_1540047,s3://osu-well-records-225989338968/pdfs/ExportedFolderContents_1/1923/12 - December/10303078_LEE SHAWVER 74_1540047.pdf,1,1923,12 - December,early,1920s,location,location,not_found,"PLSS not found: missing section, township, range",done,,100,failed,not_found,,,,failed,keyword_not_found,,done,,98,skipped,,,
10303110_RUZEK 7_50980063,s3://osu-well-records-225989338968/pdfs/ExportedFolderContents_1/1923/12 - December/10303110_RUZEK 7_50980063.pdf,1,1923,12 - December,early,1920s,location,location,not_found,"PLSS not found: missing section, township, range",done,,99,failed,not_found,,,,failed,keyword_not_found,,done,,99,skipped,,,
10303214_P RUZEK 13-A_1540031,s3://osu-well-records-225989338968/pdfs/ExportedFolderContents_1/1923/12 - December/10303214_P RUZEK 13-A_1540031.pdf,1,1923,12 - December,early,1920s,location,location,not_found,"PLSS not found: missing section, township, range",done,,99,failed,not_found,,,,failed,exception,,done,,99,skipped,,,
10303222_HAYS 3_1540039,s3://osu-well-records-225989338968/pdfs/ExportedFolderContents_1/1923/12 - December/10303222_HAYS 3_1540039.pdf,1,1923,12 - December,early,1920s,location,location,not_found,"PLSS not found: missing section, township, range",done,,99,failed,not_found,,,,failed,exception,,done,,98,skipped,,,
10303257_JOSEPH A NOVOTNY A 7_1540038,s3://osu-well-records-225989338968/pdfs/ExportedFolderContents_1/1923/12 - December/10303257_JOSEPH A NOVOTNY A 7_1540038.pdf,1,1923,12 - December,early,1920s,location,location,not_found,"PLSS not found: missing section, township, range",done,,100,failed,not_found,,,,failed,exception,,done,,99,skipped,,,
10303326_RENCE 8A_1540018,s3://osu-well-records-225989338968/pdfs/ExportedFolderContents_1/1923/12 - December/10303326_RENCE 8A_1540018.pdf,1,1923,12 - December,early,1920s,location,location,not_found,"PLSS not found: missing section, township, range",done,,98,failed,not_found,,,,failed,exception,,failed,exception,,skipped,,,
10303389_SL 13 7_1540037,s3://osu-well-records-225989338968/pdfs/ExportedFolderContents_1/1923/12 - December/10303389_SL 13 7_1540037.pdf,1,1923,12 - December,early,1920s,location,location,not_found,"PLSS not found: missing section, township, range",done,,100,failed,not_found,,,,failed,exception,,done,,99,skipped,,,
10303428_M L ROBERTSON 15_1540033,s3://osu-well-records-225989338968/pdfs/ExportedFolderContents_1/1923/12 - December/10303428_M L ROBERTSON 15_1540033.pdf,1,1923,12 - December,early,1920s,location,location,not_found,"PLSS not found: missing section, township, range",done,,98,failed,not_found,,,,failed,keyword_not_found,,failed,exception,,skipped,,,
10501775_PARKS 2_1618688,s3://osu-well-records-225989338968/pdfs/ExportedFolderContents_1/1923/12 - December/10501775_PARKS 2_1618688.pdf,1,1923,12 - December,early,1920s,location,location,not_found,"PLSS not found: missing section, township, range",done,,97,failed,not_found,,,,failed,exception,,failed,exception,,skipped,,,
10501775_PARKS 2_50911978,s3://osu-well-records-225989338968/pdfs/ExportedFolderContents_1/1923/12 - December/10501775_PARKS 2_50911978.pdf,1,1923,12 - December,early,1920s,location,location,not_found,"PLSS not found: missing section, township, range",done,,98,failed,not_found,,,,failed,exception,,done,,98,skipped,,,
10508028_STAND 9_1618684,s3://osu-well-records-225989338968/pdfs/ExportedFolderContents_1/1923/12 - December/10508028_STAND 9_1618684.pdf,1,1923,12 - December,early,1920s,location,location,not_found,"PLSS not found: missing section, township, range",done,,95,failed,not_found,,,,failed,exception,,failed,exception,,skipped,,,
10704292_WILLIAM RIPPETOE 7_1056336,s3://osu-well-records-225989338968/pdfs/ExportedFolderContents_1/1923/12 - December/10704292_WILLIAM RIPPETOE 7_1056336.pdf,1,1923,12 - December,early,1920s,location,location,not_found,"PLSS not found: missing section, township, range",done,,99,failed,not_found,,,,failed,exception,,done,,99,skipped,,,
10704354_1_1056345,s3://osu-well-records-225989338968/pdfs/ExportedFolderContents_1/1923/12 - December/10704354_1_1056345.pdf,1,1923,12 - December,early,1920s,location,location,not_found,"PLSS not found: missing section, township, range",done,,100,failed,not_found,,,,failed,keyword_not_found,,done,,99,skipped,,,
11103029_HELMAN 1_1056387,s3://osu-well-records-225989338968/pdfs/ExportedFolderContents_1/1923/12 - December/11103029_HELMAN 1_1056387.pdf,1,1923,12 - December,early,1920s,location,location,not_found,"PLSS not found: missing section, township, range",done,,99,failed,not_found,,,,failed,exception,,failed,exception,,skipped,,,
11103352_HARRIS 3_516833,s3://osu-well-records-225989338968/pdfs/ExportedFolderContents_1/1923/12 - December/11103352_HARRIS 3_516833.pdf,1,1923,12 - December,early,1920s,location,location,not_found,"PLSS not found: missing section, township, range",done,,100,failed,not_found,,,,failed,keyword_not_found,,done,,95,skipped,,,
11103941_PETTINGER 4_1364739,s3://osu-well-records-225989338968/pdfs/ExportedFolderContents_1/1923/12 - December/11103941_PETTINGER 4_1364739.pdf,1,1923,12 - December,early,1920s,location,location,not_found,"PLSS not found: missing section, township, range",done,,99,failed,not_found,,,,failed,exception,,done,,99,skipped,,,
11104018_FOWLER 13_1056431,s3://osu-well-records-225989338968/pdfs/ExportedFolderContents_1/1923/12 - December/11104018_FOWLER 13_1056431.pdf,1,1923,12 - December,early,1920s,location,location,not_found,"PLSS not found: missing section, township, range",done,,100,failed,not_found,,,,failed,exception,,done,,99,skipped,,,
11105001_MCINTOSH 1_1056300,s3://osu-well-records-225989338968/pdfs/ExportedFolderContents_1/1923/12 - December/11105001_MCINTOSH 1_1056300.pdf,1,1923,12 - December,early,1920s,location,location,not_found,"PLSS not found: missing section, township, range",done,,100,failed,not_found,,,,failed,exception,,failed,exception,,skipped,,,
11105374_CULP & LEVINE 2_1056428,s3://osu-well-records-225989338968/pdfs/ExportedFolderContents_1/1923/12 - December/11105374_CULP & LEVINE 2_1056428.pdf,1,1923,12 - December,early,1920s,location,location,not_found,"PLSS not found: missing section, township, range",done,,99,failed,not_found,,,,failed,keyword_not_found,,done,,97,skipped,,,
11105995_J SPENCER 1_1056325,s3://osu-well-records-225989338968/pdfs/ExportedFolderContents_1/1923/12 - December/11105995_J SPENCER 1_1056325.pdf,1,1923,12 - December,early,1920s,location,location,not_found,"PLSS not found: missing section, township, range",done,,94,failed,not_found,,,,failed,keyword_not_found,,failed,exception,,skipped,,,
11106604_L GRAYSON 29_1056386,s3://osu-well-records-225989338968/pdfs/ExportedFolderContents_1/1923/12 - December/11106604_L GRAYSON 29_1056386.pdf,1,1923,12 - December,early,1920s,location,location,not_found,"PLSS not found: missing section, township, range",done,,100,failed,not_found,,,,failed,keyword_not_found,,done,,98,skipped,,,
11106685_HART 1_1056298,s3://osu-well-records-225989338968/pdfs/ExportedFolderContents_1/1923/12 - December/11106685_HART 1_1056298.pdf,1,1923,12 - December,early,1920s,location,location,not_found,"PLSS not found: missing section, township, range",done,,100,failed,not_found,,,,failed,exception,,done,,100,skipped,,,
11109896_Hawkins James 1_1056305,s3://osu-well-records-225989338968/pdfs/ExportedFolderContents_1/1923/12 - December/11109896_Hawkins James 1_1056305.pdf,1,1923,12 - December,early,1920s,location,location,not_found,"PLSS not found: missing section, township, range",done,,88,failed,not_found,,,,failed,exception,,done,,97,skipped,,,
11109973_CHILES 1_1056314,s3://osu-well-records-225989338968/pdfs/ExportedFolderContents_1/1923/12 - December/11109973_CHILES 1_1056314.pdf,1,1923,12 - December,early,1920s,location,location,not_found,"PLSS not found: missing section, township, range",done,,99,failed,not_found,,,,failed,exception,,done,,99,skipped,,,
11110129_KNUTTER & SCHMIDT 1_1056395,s3://osu-well-records-225989338968/pdfs/ExportedFolderContents_1/1923/12 - December/11110129_KNUTTER & SCHMIDT 1_1056395.pdf,1,1923,12 - December,early,1920s,location,location,not_found,"PLSS not found: missing section, township, range",done,,91,failed,not_found,,,,failed,exception,,done,,99,skipped,,,
11110251_M SAMPSON 1_1364736,s3://osu-well-records-225989338968/pdfs/ExportedFolderContents_1/1923/12 - December/11110251_M SAMPSON 1_1364736.pdf,1,1923,12 - December,early,1920s,location,location,not_found,"PLSS not found: missing section, township, range",done,,94,failed,not_found,,,,failed,keyword_not_found,,done,,97,skipped,,,
11110331_No Data_1056350,s3://osu-well-records-225989338968/pdfs/ExportedFolderContents_1/1923/12 - December/11110331_No Data_1056350.pdf,1,1923,12 - December,early,1920s,location,location,not_found,"PLSS not found: missing section, township, range",done,,100,failed,not_found,,,,failed,exception,,done,,99,skipped,,,
11701347_SCHOOL LAND 23 6_1056423,s3://osu-well-records-225989338968/pdfs/ExportedFolderContents_1/1923/12 - December/11701347_SCHOOL LAND 23 6_1056423.pdf,1,1923,12 - December,early,1920s,location,location,not_found,"PLSS not found: missing section, township, range",done,,100,failed,not_found,,,,failed,exception,,failed,exception,,skipped,,,
11702038_PRICE 2_1056346,s3://osu-well-records-225989338968/pdfs/ExportedFolderContents_1/1923/12 - December/11702038_PRICE 2_1056346.pdf,1,1923,12 - December,early,1920s,location,location,not_found,"PLSS not found: missing section, township, range",done,,100,failed,not_found,,,,failed,exception,,failed,exception,,skipped,,,
11704358_JOHN WATERS 1_1056405,s3://osu-well-records-225989338968/pdfs/ExportedFolderContents_1/1923/12 - December/11704358_JOHN WATERS 1_1056405.pdf,1,1923,12 - December,early,1920s,location,location,not_found,"PLSS not found: missing section, township, range",done,,98,failed,not_found,,,,failed,keyword_not_found,,done,,99,skipped,,,
11704358_JOHN WATERS 1_1415667,s3://osu-well-records-225989338968/pdfs/ExportedFolderContents_1/1923/12 - December/11704358_JOHN WATERS 1_1415667.pdf,1,1923,12 - December,early,1920s,location,location,not_found,"PLSS not found: missing section, township, range",done,,98,failed,not_found,,,,failed,keyword_not_found,,done,,99,skipped,,,
11902725_CLARA BALLARD 3_1415663,s3://osu-well-records-225989338968/pdfs/ExportedFolderContents_1/1923/12 - December/11902725_CLARA BALLARD 3_1415663.pdf,1,1923,12 - December,early,1920s,location,location,not_found,"PLSS not found: missing section, township, range",done,,100,failed,not_found,,,,failed,exception,,failed,exception,,skipped,,,
12523465_PRUITT 1_1056370,s3://osu-well-records-225989338968/pdfs/ExportedFolderContents_1/1923/12 - December/12523465_PRUITT 1_1056370.pdf,1,1923,12 - December,early,1920s,location,location,not_found,"PLSS not found: missing section, township, range",done,,95,failed,not_found,,,,failed,exception,,done,,99,skipped,,,
13102857_ROBERT LEE 1_1675897,s3://osu-well-records-225989338968/pdfs/ExportedFolderContents_1/1923/12 - December/13102857_ROBERT LEE 1_1675897.pdf,1,1923,12 - December,early,1920s,location,location,not_found,"PLSS not found: missing section, township, range",done,,87,failed,not_found,,,,failed,exception,,done,,98,skipped,,,
13102858_ROBERT LEE 2_1676378,s3://osu-well-records-225989338968/pdfs/ExportedFolderContents_1/1923/12 - December/13102858_ROBERT LEE 2_1676378.pdf,1,1923,12 - December,early,1920s,location,location,not_found,"PLSS not found: missing section, township, range",done,,88,failed,not_found,,,,failed,exception,,failed,exception,,skipped,,,
13102859_ROBERT LEE 3_1676021,s3://osu-well-records-225989338968/pdfs/ExportedFolderContents_1/1923/12 - December/13102859_ROBERT LEE 3_1676021.pdf,1,1923,12 - December,early,1920s,location,location,not_found,"PLSS not found: missing section, township, range",done,,92,failed,not_found,,,,failed,exception,,done,,99,skipped,,,
13102860_ROBERT LEE 5_1676003,s3://osu-well-records-225989338968/pdfs/ExportedFolderContents_1/1923/12 - December/13102860_ROBERT LEE 5_1676003.pdf,1,1923,12 - December,early,1920s,location,location,not_found,"PLSS not found: missing section, township, range",done,,100,failed,not_found,,,,failed,exception,,done,,98,skipped,,,
13102861_ROBERT LEE 6_1675896,s3://osu-well-records-225989338968/pdfs/ExportedFolderContents_1/1923/12 - December/13102861_ROBERT LEE 6_1675896.pdf,1,1923,12 - December,early,1920s,location,location,not_found,"PLSS not found: missing section, township, range",done,,100,failed,not_found,,,,failed,exception,,done,,99,skipped,,,
13304321_HARJO 1_589746,s3://osu-well-records-225989338968/pdfs/ExportedFolderContents_1/1923/12 - December/13304321_HARJO 1_589746.pdf,1,1923,12 - December,early,1920s,location,location,not_found,"PLSS not found: missing section, township, range",done,,100,failed,not_found,,,,failed,keyword_not_found,,done,,100,skipped,,,
13304323_BILLY MINGO 1_589743,s3://osu-well-records-225989338968/pdfs/ExportedFolderContents_1/1923/12 - December/13304323_BILLY MINGO 1_589743.pdf,1,1923,12 - December,early,1920s,location,location,not_found,"PLSS not found: missing section, township, range",done,,100,failed,not_found,,,,failed,keyword_not_found,,done,,99,skipped,,,
13306865_L FOSTER 4_589748,s3://osu-well-records-225989338968/pdfs/ExportedFolderContents_1/1923/12 - December/13306865_L FOSTER 4_589748.pdf,1,1923,12 - December,early,1920s,location,location,not_found,"PLSS not found: missing section, township, range",done,,92,failed,not_found,,,,failed,keyword_not_found,,done,,98,skipped,,,
13306870_J LONG 3-A_589747,s3://osu-well-records-225989338968/pdfs/ExportedFolderContents_1/1923/12 - December/13306870_J LONG 3-A_589747.pdf,1,1923,12 - December,early,1920s,location,location,not_found,"PLSS not found: missing section, township, range",done,,86,failed,not_found,,,,failed,exception,,done,,99,skipped,,,
13306886_D A LONG 2_589750,s3://osu-well-records-225989338968/pdfs/ExportedFolderContents_1/1923/12 - December/13306886_D A LONG 2_589750.pdf,1,1923,12 - December,early,1920s,location,location,not_found,"PLSS not found: missing section, township, range",done,,100,failed,not_found,,,,failed,exception,,done,,98,skipped,,,
13306887_D A LONG 3_589740,s3://osu-well-records-225989338968/pdfs/ExportedFolderContents_1/1923/12 - December/13306887_D A LONG 3_589740.pdf,1,1923,12 - December,early,1920s,location,location,not_found,"PLSS not found: missing section, township, range",done,,99,failed,not_found,,,,failed,keyword_not_found,,done,,99,skipped,,,
13720200_QUINN A-1_984864,s3://osu-well-records-225989338968/pdfs/ExportedFolderContents_10/1990/02 - February/13720200_QUINN A-1_984864.pdf,10,1990,02 - February,mid,1990s,location,location,not_found,"PLSS not found: missing section, township, range",done,not_detected,99,failed,not_found,,,,done,,Stephens County,skipped,,,skipped,,,
13724816_GRAY 1-22_839335,s3://osu-well-records-225989338968/pdfs/ExportedFolderContents_10/1990/02 - February/13724816_GRAY 1-22_839335.pdf,10,1990,02 - February,mid,1990s,location,location,not_found,"PLSS not found: missing section, township, range",done,not_detected,98,failed,not_found,,,,done,,Stephens County,skipped,,,skipped,,,
13724829_E VELMA W BLOCK SIMS SAND UNIT 311_984883,s3://osu-well-records-225989338968/pdfs/ExportedFolderContents_10/1990/02 - February/13724829_E VELMA W BLOCK SIMS SAND UNIT 311_984883.pdf,10,1990,02 - February,mid,1990s,location,location,not_found,"PLSS not found: missing section, township, range",done,not_detected,100,failed,not_found,,,,done,,Stephens County,skipped,,,skipped,,,
13724835_N ALMA PENN UNIT 114_984816,s3://osu-well-records-225989338968/pdfs/ExportedFolderContents_10/1990/02 - February/13724835_N ALMA PENN UNIT 114_984816.pdf,10,1990,02 - February,mid,1990s,location,location,not_found,"PLSS not found: missing section, township, range",done,not_detected,97,failed,not_found,,,,failed,exception,,skipped,,,skipped,,,
13724837_N ALMA PENN UNIT 116_984872,s3://osu-well-records-225989338968/pdfs/ExportedFolderContents_10/1990/02 - February/13724837_N ALMA PENN UNIT 116_984872.pdf,10,1990,02 - February,mid,1990s,location,location,not_found,"PLSS not found: missing section, township, range",done,not_detected,100,failed,not_found,,,,done,,Stephens County,skipped,,,skipped,,,
13724845_WILDHORSE UNIT 23-16_984794,s3://osu-well-records-225989338968/pdfs/ExportedFolderContents_10/1990/02 - February/13724845_WILDHORSE UNIT 23-16_984794.pdf,10,1990,02 - February,mid,1990s,location,location,not_found,"PLSS not found: missing section, township, range",done,not_detected,100,failed,not_found,,,,done,,Stephens County,skipped,,,skipped,,,
13920928_DUDGEON A-1 (POSTLE KEYES 503-S)_754754,s3://osu-well-records-225989338968/pdfs/ExportedFolderContents_10/1990/02 - February/13920928_DUDGEON A-1 (POSTLE KEYES 503-S)_754754.pdf,10,1990,02 - February,mid,1990s,location,location,not_found,"PLSS not found: missing section, township, range",done,not_detected,96,failed,not_found,,,,done,,Texas County,skipped,,,skipped,,,
13921121_BONNER A-2_754741,s3://osu-well-records-225989338968/pdfs/ExportedFolderContents_10/1990/02 - February/13921121_BONNER A-2_754741.pdf,10,1990,02 - February,mid,1990s,location,location,not_found,"PLSS not found: missing section, township, range",done,not_detected,100,failed,not_found,,,,done,,Texas County,skipped,,,skipped,,,
13922316_NW FLATS UNIT TR 9 11_754758,s3://osu-well-records-225989338968/pdfs/ExportedFolderContents_10/1990/02 - February/13922316_NW FLATS UNIT TR 9 11_754758.pdf,10,1990,02 - February,mid,1990s,location,location,not_found,"PLSS not found: missing section, township, range",done,not_detected,98,failed,not_found,,,,done,,Texas County,skipped,,,skipped,,,
13922321_INTERSTATE A-18_754732,s3://osu-well-records-225989338968/pdfs/ExportedFolderContents_10/1990/02 - February/13922321_INTERSTATE A-18_754732.pdf,10,1990,02 - February,mid,1990s,location,location,not_found,"PLSS not found: missing section, township, range",done,not_detected,100,failed,not_found,,,,done,,Texas County,skipped,,,skipped,,,
13922328_DUNBAR A-1_754735,s3://osu-well-records-225989338968/pdfs/ExportedFolderContents_10/1990/02 - February/13922328_DUNBAR A-1_754735.pdf,10,1990,02 - February,mid,1990s,location,location,not_found,"PLSS not found: missing section, township, range",done,not_detected,100,failed,not_found,,,,done,,Texas County,skipped,,,skipped,,,
14726193_ROBERT NEWTON 2_1514262,s3://osu-well-records-225989338968/pdfs/ExportedFolderContents_10/1990/02 - February/14726193_ROBERT NEWTON 2_1514262.pdf,10,1990,02 - February,mid,1990s,location,location,not_found,"PLSS not found: missing section, township, range",done,,86,failed,not_found,,,,done,no_match,Osage County,failed,exception,,skipped,,,
14920594_NUTLEY 2-30_902947,s3://osu-well-records-225989338968/pdfs/ExportedFolderContents_10/1990/02 - February/14920594_NUTLEY 2-30_902947.pdf,10,1990,02 - February,mid,1990s,location,location,not_found,"PLSS not found: missing section, township, range",done,not_detected,100,failed,not_found,,,,done,no_match,Garvin County,skipped,,,skipped,,,
14920594_NUTLEY 2-30_902948,s3://osu-well-records-225989338968/pdfs/ExportedFolderContents_10/1990/02 - February/14920594_NUTLEY 2-30_902948.pdf,10,1990,02 - February,mid,1990s,location,location,not_found,"PLSS not found: missing section, township, range",done,not_detected,97,failed,not_found,,,,done,,Washita County,skipped,,,skipped,,,
15121775_OSHEL 2-30_1701973,s3://osu-well-records-225989338968/pdfs/ExportedFolderContents_10/1990/02 - February/15121775_OSHEL 2-30_1701973.pdf,10,1990,02 - February,mid,1990s,location,location,not_found,"PLSS not found: missing section, township, range",done,not_detected,98,failed,not_found,,,,done,,Woods County,skipped,,,skipped,,,
15121807_ALICE SEIVERT 1-13_1702031,s3://osu-well-records-225989338968/pdfs/ExportedFolderContents_10/1990/02 - February/15121807_ALICE SEIVERT 1-13_1702031.pdf,10,1990,02 - February,mid,1990s,location,location,not_found,"PLSS not found: missing section, township, range",done,not_detected,99,failed,not_found,,,,done,,Woods County,skipped,,,skipped,,,
15121808_LITZENBERGER 1-36_1701998,s3://osu-well-records-225989338968/pdfs/ExportedFolderContents_10/1990/02 - February/15121808_LITZENBERGER 1-36_1701998.pdf,10,1990,02 - February,mid,1990s,location,location,not_found,"PLSS not found: missing section, township, range",done,not_detected,100,failed,not_found,,,,done,,Woods County,skipped,,,skipped,,,
15121812_WOLFE A-1_1585742,s3://osu-well-records-225989338968/pdfs/ExportedFolderContents_10/1990/02 - February/15121812_WOLFE A-1_1585742.pdf,10,1990,02 - February,mid,1990s,location,location,not_found,"PLSS not found: missing section, township, range",done,not_detected,100,failed,not_found,,,,done,,Woods County,skipped,,,skipped,,,
15121823_DEBBIE 1_1585674,s3://osu-well-records-225989338968/pdfs/ExportedFolderContents_10/1990/02 - February/15121823_DEBBIE 1_1585674.pdf,10,1990,02 - February,mid,1990s,location,location,not_found,"PLSS not found: missing section, township, range",done,not_detected,100,failed,not_found,,,,done,,Woods County,skipped,,,skipped,,,
11920748_LAFON 1-8_1318127,s3://osu-well-records-225989338968/pdfs/ExportedFolderContents_10/1990/04 - April/11920748_LAFON 1-8_1318127.pdf,10,1990,04 - April,mid,1990s,location,location,not_found,"PLSS not found: missing section, township, range",done,not_detected,99,failed,not_found,,,,done,,Payne County,skipped,,,skipped,,,
12121508_TOMLIN 1_565621,s3://osu-well-records-225989338968/pdfs/ExportedFolderContents_10/1990/04 - April/12121508_TOMLIN 1_565621.pdf,10,1990,04 - April,mid,1990s,location,location,not_found,"PLSS not found: missing section, township, range",done,not_detected,97,failed,not_found,,,,done,,Pittsburg County,skipped,,,skipped,,,
12121555_DOROTHY SILVA 1_565661,s3://osu-well-records-225989338968/pdfs/ExportedFolderContents_10/1990/04 - April/12121555_DOROTHY SILVA 1_565661.pdf,10,1990,04 - April,mid,1990s,location,location,not_found,"PLSS not found: missing section, township, range",done,not_detected,100,failed,not_found,,,,done,,Pittsburg County,skipped,,,skipped,,,
12121557_ROUSE 3_565656,s3://osu-well-records-225989338968/pdfs/ExportedFolderContents_10/1990/04 - April/12121557_ROUSE 3_565656.pdf,10,1990,04 - April,mid,1990s,location,location,not_found,"PLSS not found: missing section, township, range",done,not_detected,99,failed,not_found,,,,done,,Pittsburg County,skipped,,,skipped,,,
12921496_MALES 8-3_499164,s3://osu-well-records-225989338968/pdfs/ExportedFolderContents_10/1990/04 - April/12921496_MALES 8-3_499164.pdf,10,1990,04 - April,mid,1990s,location,location,not_found,"PLSS not found: missing section, township, range",done,not_detected,98,failed,not_found,,,,done,,Roger Mills County,skipped,,,skipped,,,
12921496_MIDWAY DOUGLAS SAND UNIT MALES 8-3_503454,s3://osu-well-records-225989338968/pdfs/ExportedFolderContents_10/1990/04 - April/12921496_MIDWAY DOUGLAS SAND UNIT MALES 8-3_503454.pdf,10,1990,04 - April,mid,1990s,location,location,not_found,"PLSS not found: missing section, township, range",done,not_detected,98,failed,not_found,,,,done,,Roger Mills County,skipped,,,skipped,,,
13124473_BLEDSOE 4_1673472,s3://osu-well-records-225989338968/pdfs/ExportedFolderContents_10/1990/04 - April/13124473_BLEDSOE 4_1673472.pdf,10,1990,04 - April,mid,1990s,location,location,not_found,"PLSS not found: missing section, township, range",done,,100,failed,not_found,,,,done,,Rogers County,done,,99,skipped,,,
13320840_HARJO A-1_683567,s3://osu-well-records-225989338968/pdfs/ExportedFolderContents_10/1990/04 - April/13320840_HARJO A-1_683567.pdf,10,1990,04 - April,mid,1990s,location,location,not_found,"PLSS not found: missing section, township, range",done,not_detected,98,failed,not_found,,,,done,,Seminole County,skipped,,,skipped,,,
13322431_GARRETT 4_683769,s3://osu-well-records-225989338968/pdfs/ExportedFolderContents_10/1990/04 - April/13322431_GARRETT 4_683769.pdf,10,1990,04 - April,mid,1990s,location,location,not_found,"PLSS not found: missing section, township, range",done,not_detected,99,failed,not_found,,,,done,,Seminole County,skipped,,,skipped,,,
13323599_NW WEWOKA BOOCH SAND UNIT 3312_683633,s3://osu-well-records-225989338968/pdfs/ExportedFolderContents_10/1990/04 - April/13323599_NW WEWOKA BOOCH SAND UNIT 3312_683633.pdf,10,1990,04 - April,mid,1990s,location,location,not_found,"PLSS not found: missing section, township, range",done,not_detected,100,failed,not_found,,,,done,,Seminole County,skipped,,,skipped,,,
13323813_COOK 1_683709,s3://osu-well-records-225989338968/pdfs/ExportedFolderContents_10/1990/04 - April/13323813_COOK 1_683709.pdf,10,1990,04 - April,mid,1990s,location,location,not_found,"PLSS not found: missing section, township, range",done,not_detected,97,failed,not_found,,,,done,,Seminole County,skipped,,,skipped,,,
13323814_PAYDAY 1-30_683726,s3://osu-well-records-225989338968/pdfs/ExportedFolderContents_10/1990/04 - April/13323814_PAYDAY 1-30_683726.pdf,10,1990,04 - April,mid,1990s,location,location,not_found,"PLSS not found: missing section, township, range",done,not_detected,99,failed,not_found,,,,done,,Seminole County,skipped,,,skipped,,,
13323816_HTR BERRY 1_683710,s3://osu-well-records-225989338968/pdfs/ExportedFolderContents_10/1990/04 - April/13323816_HTR BERRY 1_683710.pdf,10,1990,04 - April,mid,1990s,location,location,not_found,"PLSS not found: missing section, township, range",done,not_detected,100,failed,not_found,,,,done,,Seminole County,skipped,,,skipped,,,
13704222_J M ROBBERSON 6_985240,s3://osu-well-records-225989338968/pdfs/ExportedFolderContents_10/1990/04 - April/13704222_J M ROBBERSON 6_985240.pdf,10,1990,04 - April,mid,1990s,location,location,not_found,"PLSS not found: missing section, township, range",done,not_detected,99,failed,not_found,,,,failed,exception,,skipped,,,skipped,,,
13724878_ANDERSON 5_985223,s3://osu-well-records-225989338968/pdfs/ExportedFolderContents_10/1990/04 - April/13724878_ANDERSON 5_985223.pdf,10,1990,04 - April,mid,1990s,location,location,not_found,"PLSS not found: missing section, township, range",done,not_detected,98,failed,not_found,,,,done,,Stephens County,skipped,,,skipped,,,
13922326_HILDA HILL 1_754971,s3://osu-well-records-225989338968/pdfs/ExportedFolderContents_10/1990/04 - April/13922326_HILDA HILL 1_754971.pdf,10,1990,04 - April,mid,1990s,location,location,not_found,"PLSS not found: missing section, township, range",done,not_detected,99,failed,not_found,,,,done,,Texas County,skipped,,,skipped,,,
13922333_CARTHAGE I UNIT CB-3A_755017,s3://osu-well-records-225989338968/pdfs/ExportedFolderContents_10/1990/04 - April/13922333_CARTHAGE I UNIT CB-3A_755017.pdf,10,1990,04 - April,mid,1990s,location,location,not_found,"PLSS not found: missing section, township, range",done,not_detected,99,failed,not_found,,,,done,,Texas County,skipped,,,skipped,,,
15121821_KASSIK 2_1586067,s3://osu-well-records-225989338968/pdfs/ExportedFolderContents_10/1990/04 - April/15121821_KASSIK 2_1586067.pdf,10,1990,04 - April,mid,1990s,location,location,not_found,"PLSS not found: missing section, township, range",done,not_detected,97,failed,not_found,,,,done,,Woods County,skipped,,,skipped,,,
35133052760000_PIERCE 1-A_2111831,s3://osu-well-records-225989338968/pdfs/ExportedFolderContents_10/1990/04 - April/35133052760000_PIERCE 1-A_2111831.pdf,10,1990,04 - April,mid,1990s,location,location,not_found,"PLSS not found: missing section, township, range",done,not_detected,96,failed,not_found,,,,done,,Seminole County,skipped,,,skipped,,,
13323880_CANADIAN RIVER 2_685511,s3://osu-well-records-225989338968/pdfs/ExportedFolderContents_10/1990/10 - October/13323880_CANADIAN RIVER 2_685511.pdf,10,1990,10 - October,mid,1990s,location,location,not_found,"PLSS not found: missing section, township, range",done,not_detected,98,failed,not_found,,,,done,,Seminole County,skipped,,,skipped,,,
13705252_MILROY UNIT 2-2 (HEFNER B-2)_985943,s3://osu-well-records-225989338968/pdfs/ExportedFolderContents_10/1990/10 - October/13705252_MILROY UNIT 2-2 (HEFNER B-2)_985943.pdf,10,1990,10 - October,mid,1990s,location,location,not_found,"PLSS not found: missing section, township, range",done,not_detected,100,failed,not_found,,,,done,,Stephens County,skipped,,,skipped,,,
13705314_MILROY UNIT 14-1 (A M WEST 1)_986097,s3://osu-well-records-225989338968/pdfs/ExportedFolderContents_10/1990/10 - October/13705314_MILROY UNIT 14-1 (A M WEST 1)_986097.pdf,10,1990,10 - October,mid,1990s,location,location,not_found,"PLSS not found: missing section, township, range",done,not_detected,99,failed,not_found,,,,done,,Stephens County,skipped,,,skipped,,,
13705323_MILROY UNIT 13-15_986007,s3://osu-well-records-225989338968/pdfs/ExportedFolderContents_10/1990/10 - October/13705323_MILROY UNIT 13-15_986007.pdf,10,1990,10 - October,mid,1990s,location,location,not_found,"PLSS not found: missing section, township, range",done,not_detected,98,failed,not_found,,,,done,,Stephens County,skipped,,,skipped,,,
13705330_MILROY UNIT 12-19 (GIBSON BOWERS 19)_986004,s3://osu-well-records-225989338968/pdfs/ExportedFolderContents_10/1990/10 - October/13705330_MILROY UNIT 12-19 (GIBSON BOWERS 19)_986004.pdf,10,1990,10 - October,mid,1990s,location,location,not_found,"PLSS not found: missing section, township, range",done,not_detected,96,failed,not_found,,,,done,,Stephens County,skipped,,,skipped,,,
13705351_MILROY UNIT 13-18 (M SIMS 18)_986101,s3://osu-well-records-225989338968/pdfs/ExportedFolderContents_10/1990/10 - October/13705351_MILROY UNIT 13-18 (M SIMS 18)_986101.pdf,10,1990,10 - October,mid,1990s,location,location,not_found,"PLSS not found: missing section, township, range",done,not_detected,98,failed,not_found,,,,done,,Stephens County,skipped,,,skipped,,,
13705358_MILROY UNIT 26-2_986087,s3://osu-well-records-225989338968/pdfs/ExportedFolderContents_10/1990/10 - October/13705358_MILROY UNIT 26-2_986087.pdf,10,1990,10 - October,mid,1990s,location,location,not_found,"PLSS not found: missing section, township, range",done,not_detected,96,failed,not_found,,,,done,,Stephens County,skipped,,,skipped,,,
13705359_MILROY UNIT 25-1 (QUEEN HARRIS 1)_986066,s3://osu-well-records-225989338968/pdfs/ExportedFolderContents_10/1990/10 - October/13705359_MILROY UNIT 25-1 (QUEEN HARRIS 1)_986066.pdf,10,1990,10 - October,mid,1990s,location,location,not_found,"PLSS not found: missing section, township, range",done,not_detected,99,failed,not_found,,,,done,,Stephens County,skipped,,,skipped,,,
13705363_MILROY UNIT 18-2A (FISHER 2-A)_986100,s3://osu-well-records-225989338968/pdfs/ExportedFolderContents_10/1990/10 - October/13705363_MILROY UNIT 18-2A (FISHER 2-A)_986100.pdf,10,1990,10 - October,mid,1990s,location,location,not_found,"PLSS not found: missing section, township, range",done,not_detected,98,failed,not_found,,,,done,,Stephens County,skipped,,,skipped,,,
13705372_MILROY UNIT 12-20_986008,s3://osu-well-records-225989338968/pdfs/ExportedFolderContents_10/1990/10 - October/13705372_MILROY UNIT 12-20_986008.pdf,10,1990,10 - October,mid,1990s,location,location,not_found,"PLSS not found: missing section, township, range",done,not_detected,99,failed,not_found,,,,done,,Stephens County,skipped,,,skipped,,,
13705390_MILROY UNIT 11-1_986005,s3://osu-well-records-225989338968/pdfs/ExportedFolderContents_10/1990/10 - October/13705390_MILROY UNIT 11-1_986005.pdf,10,1990,10 - October,mid,1990s,location,location,not_found,"PLSS not found: missing section, township, range",done,not_detected,99,failed,not_found,,,,done,,Stephens County,skipped,,,skipped,,,
13705408_MILROY UNIT 16-4 (A H CHILTON 4)_986102,s3://osu-well-records-225989338968/pdfs/ExportedFolderContents_10/1990/10 - October/13705408_MILROY UNIT 16-4 (A H CHILTON 4)_986102.pdf,10,1990,10 - October,mid,1990s,location,location,not_found,"PLSS not found: missing section, township, range",done,not_detected,99,failed,not_found,,,,done,,Stephens County,skipped,,,skipped,,,
13705611_MILROY UNIT 32-25 (HARLEY A-25)_986059,s3://osu-well-records-225989338968/pdfs/ExportedFolderContents_10/1990/10 - October/13705611_MILROY UNIT 32-25 (HARLEY A-25)_986059.pdf,10,1990,10 - October,mid,1990s,location,location,not_found,"PLSS not found: missing section, township, range",done,not_detected,99,failed,not_found,,,,done,,Stephens County,skipped,,,skipped,,,
13724930_HARLEY A-46_986086,s3://osu-well-records-225989338968/pdfs/ExportedFolderContents_10/1990/10 - October/13724930_HARLEY A-46_986086.pdf,10,1990,10 - October,mid,1990s,location,location,not_found,"PLSS not found: missing section, township, range",done,not_detected,97,failed,not_found,,,,done,,Stephens County,skipped,,,skipped,,,
13724943_PACE 5_986076,s3://osu-well-records-225989338968/pdfs/ExportedFolderContents_10/1990/10 - October/13724943_PACE 5_986076.pdf,10,1990,10 - October,mid,1990s,location,location,not_found,"PLSS not found: missing section, township, range",done,not_detected,98,failed,not_found,,,,done,,Stephens County,skipped,,,skipped,,,
13920880_HAMPY A-2_755655,s3://osu-well-records-225989338968/pdfs/ExportedFolderContents_10/1990/10 - October/13920880_HAMPY A-2_755655.pdf,10,1990,10 - October,mid,1990s,location,location,not_found,"PLSS not found: missing section, township, range",done,not_detected,97,failed,not_found,,,,done,,Texas County,skipped,,,skipped,,,
13921294_L C SLEEPER 1_755678,s3://osu-well-records-225989338968/pdfs/ExportedFolderContents_10/1990/10 - October/13921294_L C SLEEPER 1_755678.pdf,10,1990,10 - October,mid,1990s,location,location,not_found,"PLSS not found: missing section, township, range",done,not_detected,97,failed,not_found,,,,done,,Texas County,skipped,,,skipped,,,
13921691_L C CHRISTIAN 2_755758,s3://osu-well-records-225989338968/pdfs/ExportedFolderContents_10/1990/10 - October/13921691_L C CHRISTIAN 2_755758.pdf,10,1990,10 - October,mid,1990s,location,location,not_found,"PLSS not found: missing section, township, range",done,not_detected,99,failed,not_found,,,,failed,exception,,skipped,,,skipped,,,
13922345_G LUNDGRIN 1-A_755757,s3://osu-well-records-225989338968/pdfs/ExportedFolderContents_10/1990/10 - October/13922345_G LUNDGRIN 1-A_755757.pdf,10,1990,10 - October,mid,1990s,location,location,not_found,"PLSS not found: missing section, township, range",done,not_detected,98,failed,not_found,,,,done,,Texas County,skipped,,,skipped,,,
13922357_TAYNOR R-1_755779,s3://osu-well-records-225989338968/pdfs/ExportedFolderContents_10/1990/10 - October/13922357_TAYNOR R-1_755779.pdf,10,1990,10 - October,mid,1990s,location,location,not_found,"PLSS not found: missing section, township, range",done,not_detected,97,failed,not_found,,,,done,,Texas County,skipped,,,skipped,,,
14323713A_BROWN 11-B_50808668,s3://osu-well-records-225989338968/pdfs/ExportedFolderContents_10/1990/10 - October/14323713A_BROWN 11-B_50808668.pdf,10,1990,10 - October,mid,1990s,location,location,not_found,"PLSS not found: missing section, township, range",done,not_detected,99,failed,not_found,,,,done,,Tulsa County,skipped,,,skipped,,,
14522751_GATEWOOD-FULLER E 1-E_1394691,s3://osu-well-records-225989338968/pdfs/ExportedFolderContents_10/1990/10 - October/14522751_GATEWOOD-FULLER E 1-E_1394691.pdf,10,1990,10 - October,mid,1990s,location,location,not_found,"PLSS not found: missing section, township, range",done,not_detected,99,failed,not_found,,,,done,,Wagoner County,skipped,,,skipped,,,
14522760_RITCHIE 1_1394682,s3://osu-well-records-225989338968/pdfs/ExportedFolderContents_10/1990/10 - October/14522760_RITCHIE 1_1394682.pdf,10,1990,10 - October,mid,1990s,location,location,not_found,"PLSS not found: missing section, township, range",done,not_detected,100,failed,not_found,,,,done,,Wagoner County,skipped,,,skipped,,,
14726244_TUCKER 16_1515715,s3://osu-well-records-225989338968/pdfs/ExportedFolderContents_10/1990/10 - October/14726244_TUCKER 16_1515715.pdf,10,1990,10 - October,mid,1990s,location,location,not_found,"PLSS not found: missing section, township, range",done,not_detected,97,failed,not_found,,,,done,,Washington County,skipped,,,skipped,,,
14726245_WISER WI-2_1515541,s3://osu-well-records-225989338968/pdfs/ExportedFolderContents_10/1990/10 - October/14726245_WISER WI-2_1515541.pdf,10,1990,10 - October,mid,1990s,location,location,not_found,"PLSS not found: missing section, township, range",done,not_detected,99,failed,not_found,,,,done,,Washington County,skipped,,,skipped,,,
14726251_PAINTER E-WI-3_1515666,s3://osu-well-records-225989338968/pdfs/ExportedFolderContents_10/1990/10 - October/14726251_PAINTER E-WI-3_1515666.pdf,10,1990,10 - October,mid,1990s,location,location,not_found,"PLSS not found: missing section, township, range",done,not_detected,100,failed,not_found,,,,done,,Washington County,skipped,,,skipped,,,
14726252_PAINTER E-WI-4_1515621,s3://osu-well-records-225989338968/pdfs/ExportedFolderContents_10/1990/10 - October/14726252_PAINTER E-WI-4_1515621.pdf,10,1990,10 - October,mid,1990s,location,location,not_found,"PLSS not found: missing section, township, range",done,not_detected,98,failed,not_found,,,,done,no_match,Dewey County,skipped,,,skipped,,,
14726256_PAINTER E-WI-8_1515639,s3://osu-well-records-225989338968/pdfs/ExportedFolderContents_10/1990/10 - October/14726256_PAINTER E-WI-8_1515639.pdf,10,1990,10 - October,mid,1990s,location,location,not_found,"PLSS not found: missing section, township, range",done,not_detected,99,failed,not_found,,,,done,no_match,Dewey County,skipped,,,skipped,,,
14726268_TALLY 4_1515734,s3://osu-well-records-225989338968/pdfs/ExportedFolderContents_10/1990/10 - October/14726268_TALLY 4_1515734.pdf,10,1990,10 - October,mid,1990s,location,location,not_found,"PLSS not found: missing section, township, range",done,not_detected,98,failed,not_found,,,,done,,Washington County,skipped,,,skipped,,,
14726268_TALLY 4_1515747,s3://osu-well-records-225989338968/pdfs/ExportedFolderContents_10/1990/10 - October/14726268_TALLY 4_1515747.pdf,10,1990,10 - October,mid,1990s,location,location,not_found,"PLSS not found: missing section, township, range",done,not_detected,98,failed,not_found,,,,done,,Washington County,skipped,,,skipped,,,
14726268_TALLY 4_547587,s3://osu-well-records-225989338968/pdfs/ExportedFolderContents_10/1990/10 - October/14726268_TALLY 4_547587.pdf,10,1990,10 - October,mid,1990s,location,location,not_found,"PLSS not found: missing section, township, range",done,not_detected,98,failed,not_found,,,,done,,Washington County,skipped,,,skipped,,,
15121798_HODGDEN TRUST 4-1_1587332,s3://osu-well-records-225989338968/pdfs/ExportedFolderContents_10/1990/10 - October/15121798_HODGDEN TRUST 4-1_1587332.pdf,10,1990,10 - October,mid,1990s,location,location,not_found,"PLSS not found: missing section, township, range",done,not_detected,99,failed,not_found,,,,done,,Woods County,skipped,,,skipped,,,
15321818_RUTTMAN 2-6_1702800,s3://osu-well-records-225989338968/pdfs/ExportedFolderContents_10/1990/10 - October/15321818_RUTTMAN 2-6_1702800.pdf,10,1990,10 - October,mid,1990s,location,location,not_found,"PLSS not found: missing section, township, range",done,not_detected,99,failed,not_found,,,,done,,Woodward County,skipped,,,skipped,,,
35137056020000_MILROY UNIT 30-2_1935566,s3://osu-well-records-225989338968/pdfs/ExportedFolderContents_10/1990/10 - October/35137056020000_MILROY UNIT 30-2_1935566.pdf,10,1990,10 - October,mid,1990s,location,location,not_found,"PLSS not found: missing section, township, range",done,not_detected,97,failed,not_found,,,,done,,Stephens County,skipped,,,skipped,,,
12523167A_W HARJO 2_1516260,s3://osu-well-records-225989338968/pdfs/ExportedFolderContents_10/1991/01 - January/12523167A_W HARJO 2_1516260.pdf,10,1991,01 - January,mid,1990s,location,location,not_found,"PLSS not found: missing section, township, range",done,not_detected,100,failed,not_found,,,,done,,Pottawatomie County,skipped,,,skipped,,,
12921553_EULA 1_492268,s3://osu-well-records-225989338968/pdfs/ExportedFolderContents_10/1991/01 - January/12921553_EULA 1_492268.pdf,10,1991,01 - January,mid,1990s,location,location,not_found,"PLSS not found: missing section, township, range",done,not_detected,99,failed,not_found,,,,done,,Roger Mills County,skipped,,,skipped,,,
13303645_JUMPER CREEK THURMAN SAND UNIT 382 (WOODS 2)_686246,s3://osu-well-records-225989338968/pdfs/ExportedFolderContents_10/1991/01 - January/13303645_JUMPER CREEK THURMAN SAND UNIT 382 (WOODS 2)_686246.pdf,10,1991,01 - January,mid,1990s,location,location,not_found,"PLSS not found: missing section, township, range",done,not_detected,99,failed,not_found,,,,done,,Seminole County,skipped,,,skipped,,,
13323914_JEREMIAH 1_686303,s3://osu-well-records-225989338968/pdfs/ExportedFolderContents_10/1991/01 - January/13323914_JEREMIAH 1_686303.pdf,10,1991,01 - January,mid,1990s,location,location,not_found,"PLSS not found: missing section, township, range",done,not_detected,100,failed,not_found,,,,failed,exception,,skipped,,,skipped,,,
13723871_E VELMA W BLOCK HUMPHREYS SAND UNIT 606_986342,s3://osu-well-records-225989338968/pdfs/ExportedFolderContents_10/1991/01 - January/13723871_E VELMA W BLOCK HUMPHREYS SAND UNIT 606_986342.pdf,10,1991,01 - January,mid,1990s,location,location,not_found,"PLSS not found: missing section, township, range",done,not_detected,100,failed,not_found,,,,done,,Stephens County,skipped,,,skipped,,,
13724870_DALEY 1-15_842005,s3://osu-well-records-225989338968/pdfs/ExportedFolderContents_10/1991/01 - January/13724870_DALEY 1-15_842005.pdf,10,1991,01 - January,mid,1990s,location,location,not_found,"PLSS not found: missing section, township, range",done,not_detected,100,failed,not_found,,,,failed,exception,,skipped,,,skipped,,,
13724960_RINGER 2-P_986417,s3://osu-well-records-225989338968/pdfs/ExportedFolderContents_10/1991/01 - January/13724960_RINGER 2-P_986417.pdf,10,1991,01 - January,mid,1990s,location,location,not_found,"PLSS not found: missing section, township, range",done,not_detected,100,failed,not_found,,,,failed,exception,,skipped,,,skipped,,,
14323774_MATHEY 1_1216561,s3://osu-well-records-225989338968/pdfs/ExportedFolderContents_10/1991/01 - January/14323774_MATHEY 1_1216561.pdf,10,1991,01 - January,mid,1990s,location,location,not_found,"PLSS not found: missing section, township, range",done,not_detected,97,failed,not_found,,,,done,,Tulsa County,skipped,,,skipped,,,
14726280_CAPPS 11_1516219,s3://osu-well-records-225989338968/pdfs/ExportedFolderContents_10/1991/01 - January/14726280_CAPPS 11_1516219.pdf,10,1991,01 - January,mid,1990s,location,location,not_found,"PLSS not found: missing section, township, range",done,not_detected,95,failed,not_found,,,,done,,Washington County,skipped,,,skipped,,,
14726298_SCUDDER A AG-23_1516228,s3://osu-well-records-225989338968/pdfs/ExportedFolderContents_10/1991/01 - January/14726298_SCUDDER A AG-23_1516228.pdf,10,1991,01 - January,mid,1990s,location,location,not_found,"PLSS not found: missing section, township, range",done,not_detected,100,failed,not_found,,,,done,,Washington County,skipped,,,skipped,,,
14726299_SCUDDER A AG-24_1516239,s3://osu-well-records-225989338968/pdfs/ExportedFolderContents_10/1991/01 - January/14726299_SCUDDER A AG-24_1516239.pdf,10,1991,01 - January,mid,1990s,location,location,not_found,"PLSS not found: missing section, township, range",done,not_detected,100,failed,not_found,,,,done,,Washington County,skipped,,,skipped,,,
14726320_MILLIGAN 5_1516285,s3://osu-well-records-225989338968/pdfs/ExportedFolderContents_10/1991/01 - January/14726320_MILLIGAN 5_1516285.pdf,10,1991,01 - January,mid,1990s,location,location,not_found,"PLSS not found: missing section, township, range",done,not_detected,97,failed,not_found,,,,done,,Washington County,skipped,,,skipped,,,
15121841_EDEN 2-8_1703030,s3://osu-well-records-225989338968/pdfs/ExportedFolderContents_10/1991/01 - January/15121841_EDEN 2-8_1703030.pdf,10,1991,01 - January,mid,1990s,location,location,not_found,"PLSS not found: missing section, township, range",done,not_detected,100,failed,not_found,,,,done,,Woods County,skipped,,,skipped,,,
15121847_DANNAR 11-1_1587934,s3://osu-well-records-225989338968/pdfs/ExportedFolderContents_10/1991/01 - January/15121847_DANNAR 11-1_1587934.pdf,10,1991,01 - January,mid,1990s,location,location,not_found,"PLSS not found: missing section, township, range",done,not_detected,99,failed,not_found,,,,done,,Woods County,skipped,,,skipped,,,
15121847_DANNAR 11-1_1587938,s3://osu-well-records-225989338968/pdfs/ExportedFolderContents_10/1991/01 - January/15121847_DANNAR 11-1_1587938.pdf,10,1991,01 - January,mid,1990s,location,location,not_found,"PLSS not found: missing section, township, range",done,not_detected,98,failed,not_found,,,,done,,Woods County,skipped,,,skipped,,,
15121858_HALEY 1-2_1588038,s3://osu-well-records-225989338968/pdfs/ExportedFolderContents_10/1991/01 - January/15121858_HALEY 1-2_1588038.pdf,10,1991,01 - January,mid,1990s,location,location,not_found,"PLSS not found: missing section, township, range",done,not_detected,98,failed,not_found,,,,done,,Woods County,skipped,,,skipped,,,
15321824_RUTTMAN 2-6A_1703071,s3://osu-well-records-225989338968/pdfs/ExportedFolderContents_10/1991/01 - January/15321824_RUTTMAN 2-6A_1703071.pdf,10,1991,01 - January,mid,1990s,location,location,not_found,"PLSS not found: missing section, township, range",done,not_detected,99,failed,not_found,,,,done,,Woodward County,skipped,,,skipped,,,
01121758_GOFORTH 1_1321171,s3://osu-well-records-225989338968/pdfs/ExportedFolderContents_10/1991/02 - February/01121758_GOFORTH 1_1321171.pdf,10,1991,02 - February,mid,1990s,location,location,not_found,"PLSS not found: missing section, township, range",done,,97,failed,not_found,,,,failed,exception,,failed,not_found,,skipped,,,
13720983_STATE D-2_986836,s3://osu-well-records-225989338968/pdfs/ExportedFolderContents_10/1991/05 - May/13720983_STATE D-2_986836.pdf,10,1991,05 - May,mid,1990s,location,location,not_found,"PLSS not found: missing section, township, range",done,not_detected,100,failed,not_found,,,,done,,Stephens County,skipped,,,skipped,,,
13724903_HEFNER 25_986832,s3://osu-well-records-225989338968/pdfs/ExportedFolderContents_10/1991/05 - May/13724903_HEFNER 25_986832.pdf,10,1991,05 - May,mid,1990s,location,location,not_found,"PLSS not found: missing section, township, range",done,not_detected,99,failed,not_found,,,,done,,Stephens County,skipped,,,skipped,,,
13724975_RUSSELL 1-7_842857,s3://osu-well-records-225989338968/pdfs/ExportedFolderContents_10/1991/05 - May/13724975_RUSSELL 1-7_842857.pdf,10,1991,05 - May,mid,1990s,location,location,not_found,"PLSS not found: missing section, township, range",done,not_detected,100,failed,not_found,,,,done,,Stephens County,skipped,,,skipped,,,
13724997_CORNER 1_842753,s3://osu-well-records-225989338968/pdfs/ExportedFolderContents_10/1991/05 - May/13724997_CORNER 1_842753.pdf,10,1991,05 - May,mid,1990s,location,location,not_found,"PLSS not found: missing section, township, range",done,not_detected,99,failed,not_found,,,,done,,Stephens County,skipped,,,skipped,,,
13725006_WOODWARD 3_986866,s3://osu-well-records-225989338968/pdfs/ExportedFolderContents_10/1991/05 - May/13725006_WOODWARD 3_986866.pdf,10,1991,05 - May,mid,1990s,location,location,not_found,"PLSS not found: missing section, township, range",done,not_detected,98,failed,not_found,,,,done,,Stephens County,skipped,,,skipped,,,
13922352B_W HOUGH MORROW UNIT 100_756552,s3://osu-well-records-225989338968/pdfs/ExportedFolderContents_10/1991/05 - May/13922352B_W HOUGH MORROW UNIT 100_756552.pdf,10,1991,05 - May,mid,1990s,location,location,not_found,"PLSS not found: missing section, township, range",done,not_detected,100,failed,not_found,,,,done,,Texas County,skipped,,,skipped,,,
13935107_W HOUGH MORROW UNIT 32_756543,s3://osu-well-records-225989338968/pdfs/ExportedFolderContents_10/1991/05 - May/13935107_W HOUGH MORROW UNIT 32_756543.pdf,10,1991,05 - May,mid,1990s,location,location,not_found,"PLSS not found: missing section, township, range",done,not_detected,98,failed,not_found,,,,done,,Texas County,skipped,,,skipped,,,
14120331_WHITWORTH 3_1029770,s3://osu-well-records-225989338968/pdfs/ExportedFolderContents_10/1991/05 - May/14120331_WHITWORTH 3_1029770.pdf,10,1991,05 - May,mid,1990s,location,location,not_found,"PLSS not found: missing section, township, range",done,not_detected,99,failed,not_found,,,,done,,Tillman County,skipped,,,skipped,,,
14120332B_GOEHLER 30_51096286,s3://osu-well-records-225989338968/pdfs/ExportedFolderContents_10/1991/05 - May/14120332B_GOEHLER 30_51096286.pdf,10,1991,05 - May,mid,1990s,location,location,not_found,"PLSS not found: missing section, township, range",done,,87,failed,not_found,,,,failed,keyword_not_found,,failed,exception,,skipped,,,
14120334_CAPSHAW 2_2866226,s3://osu-well-records-225989338968/pdfs/ExportedFolderContents_10/1991/05 - May/14120334_CAPSHAW 2_2866226.pdf,10,1991,05 - May,mid,1990s,location,location,not_found,"PLSS not found: missing section, township, range",done,,90,failed,not_found,,,,done,no_match,Tillman County,failed,exception,,skipped,,,
14323775_BIRD CREEK UNIT TR 22 25_1516735,s3://osu-well-records-225989338968/pdfs/ExportedFolderContents_10/1991/05 - May/14323775_BIRD CREEK UNIT TR 22 25_1516735.pdf,10,1991,05 - May,mid,1990s,location,location,not_found,"PLSS not found: missing section, township, range",done,not_detected,98,failed,not_found,,,,done,,Tulsa County,skipped,,,skipped,,,
14920620_BYRD 1-23_903808,s3://osu-well-records-225989338968/pdfs/ExportedFolderContents_10/1991/05 - May/14920620_BYRD 1-23_903808.pdf,10,1991,05 - May,mid,1990s,location,location,not_found,"PLSS not found: missing section, township, range",done,not_detected,100,failed,not_found,,,,done,,Washita County,skipped,,,skipped,,,
14920620_BYRD 1-23_903811,s3://osu-well-records-225989338968/pdfs/ExportedFolderContents_10/1991/05 - May/14920620_BYRD 1-23_903811.pdf,10,1991,05 - May,mid,1990s,location,location,not_found,"PLSS not found: missing section, township, range",done,not_detected,100,failed,not_found,,,,done,,Washita County,skipped,,,skipped,,,
14920632_BROWN FOUNDATION 3-14_500405,s3://osu-well-records-225989338968/pdfs/ExportedFolderContents_10/1991/05 - May/14920632_BROWN FOUNDATION 3-14_500405.pdf,10,1991,05 - May,mid,1990s,location,location,not_found,"PLSS not found: missing section, township, range",done,not_detected,98,failed,not_found,,,,done,,Washita County,skipped,,,skipped,,,
15121866A_OAKDALE RED FORK UNIT 4-23_1588541,s3://osu-well-records-225989338968/pdfs/ExportedFolderContents_10/1991/05 - May/15121866A_OAKDALE RED FORK UNIT 4-23_1588541.pdf,10,1991,05 - May,mid,1990s,location,location,not_found,"PLSS not found: missing section, township, range",done,not_detected,98,failed,not_found,,,,done,,Woods County,skipped,,,skipped,,,
15121866A_OAKDALE RED FORK UNIT 4-23_1588542,s3://osu-well-records-225989338968/pdfs/ExportedFolderContents_10/1991/05 - May/15121866A_OAKDALE RED FORK UNIT 4-23_1588542.pdf,10,1991,05 - May,mid,1990s,location,location,not_found,"PLSS not found: missing section, township, range",done,not_detected,98,failed,not_found,,,,failed,exception,,skipped,,,skipped,,,
15321837_COWAN 1-26_1703493,s3://osu-well-records-225989338968/pdfs/ExportedFolderContents_10/1991/05 - May/15321837_COWAN 1-26_1703493.pdf,10,1991,05 - May,mid,1990s,location,location,not_found,"PLSS not found: missing section, township, range",done,not_detected,99,failed,not_found,,,,done,,Woodward County,skipped,,,skipped,,,
13323906_SHARBER 1_688077,s3://osu-well-records-225989338968/pdfs/ExportedFolderContents_10/1991/09 - September/13323906_SHARBER 1_688077.pdf,10,1991,09 - September,mid,1990s,location,location,not_found,"PLSS not found: missing section, township, range",done,not_detected,97,failed,not_found,,,,done,,Seminole County,skipped,,,skipped,,,
13922396_THARP B-2_757089,s3://osu-well-records-225989338968/pdfs/ExportedFolderContents_10/1991/09 - September/13922396_THARP B-2_757089.pdf,10,1991,09 - September,mid,1990s,location,location,not_found,"PLSS not found: missing section, township, range",done,not_detected,99,failed,not_found,,,,done,,Texas County,skipped,,,skipped,,,
13922396_THARP B-2_757093,s3://osu-well-records-225989338968/pdfs/ExportedFolderContents_10/1991/09 - September/13922396_THARP B-2_757093.pdf,10,1991,09 - September,mid,1990s,location,location,not_found,"PLSS not found: missing section, township, range",done,not_detected,100,failed,not_found,,,,done,,Texas County,skipped,,,skipped,,,
14323801_ANDERSON 1_1219199,s3://osu-well-records-225989338968/pdfs/ExportedFolderContents_10/1991/09 - September/14323801_ANDERSON 1_1219199.pdf,10,1991,09 - September,mid,1990s,location,location,not_found,"PLSS not found: missing section, township, range",done,not_detected,100,failed,not_found,,,,done,,Tulsa County,skipped,,,skipped,,,
14323801_ANDERSON 1_548183,s3://osu-well-records-225989338968/pdfs/ExportedFolderContents_10/1991/09 - September/14323801_ANDERSON 1_548183.pdf,10,1991,09 - September,mid,1990s,location,location,not_found,"PLSS not found: missing section, township, range",done,not_detected,100,failed,not_found,,,,done,,Tulsa County,skipped,,,skipped,,,
14726367_WISER WI-7_1517367,s3://osu-well-records-225989338968/pdfs/ExportedFolderContents_10/1991/09 - September/14726367_WISER WI-7_1517367.pdf,10,1991,09 - September,mid,1990s,location,location,not_found,"PLSS not found: missing section, township, range",done,not_detected,99,failed,not_found,,,,done,,Washington County,skipped,,,skipped,,,
14726368_WISER WI-8_1517365,s3://osu-well-records-225989338968/pdfs/ExportedFolderContents_10/1991/09 - September/14726368_WISER WI-8_1517365.pdf,10,1991,09 - September,mid,1990s,location,location,not_found,"PLSS not found: missing section, township, range",done,not_detected,97,failed,not_found,,,,done,,Washington County,skipped,,,skipped,,,
14920179_KROEKER 19-1_471768,s3://osu-well-records-225989338968/pdfs/ExportedFolderContents_10/1991/09 - September/14920179_KROEKER 19-1_471768.pdf,10,1991,09 - September,mid,1990s,location,location,not_found,"PLSS not found: missing section, township, range",done,not_detected,100,failed,not_found,,,,done,,Washita County,skipped,,,skipped,,,
14920582_FINNELL 3_903985,s3://osu-well-records-225989338968/pdfs/ExportedFolderContents_10/1991/09 - September/14920582_FINNELL 3_903985.pdf,10,1991,09 - September,mid,1990s,location,location,not_found,"PLSS not found: missing section, township, range",done,not_detected,93,failed,not_found,,,,done,,Washita County,skipped,,,skipped,,,
14920635_ROB 1-35_904008,s3://osu-well-records-225989338968/pdfs/ExportedFolderContents_10/1991/09 - September/14920635_ROB 1-35_904008.pdf,10,1991,09 - September,mid,1990s,location,location,not_found,"PLSS not found: missing section, township, range",done,not_detected,97,failed,not_found,,,,done,,Washita County,skipped,,,skipped,,,
15121889_NELLIE 19-8_1703834,s3://osu-well-records-225989338968/pdfs/ExportedFolderContents_10/1991/09 - September/15121889_NELLIE 19-8_1703834.pdf,10,1991,09 - September,mid,1990s,location,location,not_found,"PLSS not found: missing section, township, range",done,not_detected,99,failed,not_found,,,,done,no_match,Haskell County,skipped,,,skipped,,,
15121891_MOORE 1-21_1703861,s3://osu-well-records-225989338968/pdfs/ExportedFolderContents_10/1991/09 - September/15121891_MOORE 1-21_1703861.pdf,10,1991,09 - September,mid,1990s,location,location,not_found,"PLSS not found: missing section, township, range",done,not_detected,97,failed,not_found,,,,done,,Woods County,skipped,,,skipped,,,
15321843_JANIE GLITSCH 1-18_1703813,s3://osu-well-records-225989338968/pdfs/ExportedFolderContents_10/1991/09 - September/15321843_JANIE GLITSCH 1-18_1703813.pdf,10,1991,09 - September,mid,1990s,location,location,not_found,"PLSS not found: missing section, township, range",done,not_detected,97,failed,not_found,,,,done,,Woodward County,skipped,,,skipped,,,
